contract_id,vendor_id,item_name,negotiated_price,valid_from
C001960,V02900,Communities,888.12,2025-02-24
C001369,V03799,Channels,3717.1,2026-03-25
C004832,V02993,Convergence,3054.3,2024-07-30
C004317,V02067,Users,3520.68,2024-01-20
C003307,V04410,E-tailers,3561.33,2024-12-19
C003163,V00397,Infrastructures,1697.72,2024-10-14
C004637,V04094,Users,4239.84,2023-08-09
C000008,V02851,Partnerships,2446.23,08/02/2025
C002747,V00636,Methodologies,1471.48,2024-05-17
C002328,V04260,Infrastructures,4074.88,2024-05-17
C001534,V04908,Relationships,4931.69,2025-11-22
C002606,V02605,E-business,4751.77,2025-01-11
C000624,V00142,Networks,2403.19,2024-04-30
C003166,V01001,,2179.15,2026-04-06
C002688,V04827,E-services,2257.5,2024-01-01
C002469,V00999,Metrics,1249.98,2025-05-11
C001641,V01249,E-tailers,1295.71,2024-02-11
C004378,V04730,Info-mediaries,4254.55,2024-08-17
C003073,V04651,Services,1107.62,2023-09-07
C000059,V01377,Architectures,2293.76,2023-08-24
C002531,V02807,,2049.72,09/21/2024
C001108,V03354,Paradigms,861.04,2024-11-19
C004436,V01114,E-services,3050.73,2023-09-04
C003286,V00400,Systems,3568.02,2024-02-15
C002341,V03615,Info-mediaries,4892.72,2025-05-26
C000668,V00757,Metrics,3392.24,09/17/2023
C004955,V04442,Schemas,1285.74,2024-12-08
C002942,V01274,Bandwidth,4174.05,2023-09-07
C000344,V02245,Models,719.76,2025-08-23
C000863,V01239,E-services,4884.94,2025-04-17
C003862,V04594,Paradigms,216.29,2023-07-20
C002374,V00638,Infrastructures,1712.19,2025-08-05
C003528,V00708,Convergence,1184.98,2024-10-09
C002068,V01675,Methodologies,3591.84,2026-02-21
C001400,V04661,Solutions,-1585.11,2023-11-26
C003195,V03650,Services,1233.54,2025-02-14
C002297,V03181,Functionalities,31.58,2025-11-08
C003184,V00735,Niches,540.83,2024-11-01
C001550,V02448,E-services,16.53,2024-05-04
C004383,V01440,Networks,454.17,2024-08-24
C002886,V02312,Experiences,3941.33,02/06/2024
C001754,V01322,Niches,4034.87,2025-09-17
C003211,V02669,E-tailers,170.64,2026-04-08
C004562,V00810,Niches,4816.7,2025-01-08
C002894,V00546,Bandwidth,3017.35,2024-07-10
C004778,V00928,Metrics,2272.35,02/07/2024
C004273,V04376,E-services,1241.35,2025-09-01
C002882,V02442,Functionalities,391.75,2023-05-05
C000540,V01400,Metrics,1388.37,2024-05-18
C000368,V00738,Solutions,1301.22,2026-04-13
C000909,V04391,Users,4553.02,2024-09-24
C001717,V00118,Info-mediaries,2567.54,2023-09-25
C002805,V03530,Architectures,505.5,2023-09-27
C004497,V01434,Info-mediaries,1311.69,2025-12-21
C002128,V04936,Services,275.61,2024-07-11
C002162,V04299,Bandwidth,384.76,2025-04-22
C001233,V03991,Platforms,434.53,2025-04-26
C002736,V04200,Communities,764.73,2025-03-02
C003036,V02691,Schemas,4480.13,2024-02-02
C002204,V01370,Web-readiness,3197.97,2024-05-23
C001944,V02713,Metrics,1055.87,2023-06-03
C004041,V00771,Paradigms,2763.77,2024-01-25
C003017,V03650,Services,206.74,2025-09-18
C002979,V01681,Systems,101.24,2024-11-25
C001120,V01833,E-services,573.9,2025-11-22
C003095,V04677,Relationships,2572.03,2023-09-28
C000439,V02274,E-services,3884.86,2024-12-22
C003782,V02753,Schemas,3579.49,2024-05-15
C004285,V01926,Convergence,2110.46,2024-05-23
C004043,V01319,Platforms,3084.23,2023-10-25
C000001,V04273,Solutions,1745.93,04/25/2024
C002666,V00062,E-services,3066.21,2023-10-08
C001608,V03338,Solutions,2488.3,2024-06-23
C002576,V03836,Niches,2172.52,2025-06-07
C004564,V04125,E-services,-3077.59,2024-10-17
C000603,V01882,E-markets,3290.96,01/06/2026
C003059,V04845,Users,293.91,2023-11-18
C002091,V02831,Channels,3235.59,2024-01-09
C003374,V04729,E-tailers,4868.13,2023-11-14
C001373,V03294,E-services,2159.65,2026-01-02
C002181,V04299,Schemas,1361.77,2025-10-21
C001124,V04490,Channels,4586.99,2024-05-05
C000459,V03015,Niches,479.78,2023-09-02
C000386,V04133,Action-items,386.83,2024-08-13
C003671,V03257,Solutions,3476.73,2025-08-20
C004708,V00655,Models,897.9,2025-04-21
C001327,V01585,Convergence,1543.58,2024-11-16
C004072,V01954,Web-readiness,903.54,2025-07-25
C003033,V03107,Schemas,4361.21,2025-07-06
C000498,V00563,Web-readiness,2427.52,2025-08-26
C001074,V04045,Methodologies,2832.17,2025-07-22
C000533,V02416,Markets,2001.52,2023-07-27
C000548,V04535,Experiences,1137.39,2025-01-30
C002421,V00207,E-services,2859.11,2024-08-17
C002731,V04597,E-services,2250.02,2025-12-28
C000573,V01525,Architectures,1908.87,09/12/2024
C004685,V02303,E-tailers,2704.31,2023-12-18
C000818,V02676,Markets,1512.96,2025-02-01
C004247,V01964,E-tailers,4584.63,2023-07-03
C001677,V02766,Web-readiness,210.34,2026-02-27
C000613,V04636,Channels,3938.59,2025-09-06
C000640,V00790,Paradigms,3334.86,2025-02-20
C001388,V00192,Roi,1972.47,2023-08-04
C003148,V00865,Relationships,1619.4,2026-03-23
C001157,V02434,Functionalities,1247.9,2024-03-27
C004051,V00307,E-business,3691.93,2024-02-15
C000371,V03474,Channels,3216.16,2024-07-01
C003976,V03672,Action-items,3981.68,2025-06-01
C000572,V02652,Experiences,-4020.42,2023-12-02
C001566,V04066,Networks,3002.57,2023-12-05
C003623,V02557,Action-items,1267.89,2024-05-19
C004751,V01448,Methodologies,3306.0,02/14/2025
C001863,V03999,Markets,2346.62,2023-06-25
C001560,V01241,Convergence,4979.27,11/18/2023
C001880,V03494,Niches,4058.31,2025-05-16
C004452,V02232,Infrastructures,4592.0,2023-06-13
C004486,V01733,Users,1683.32,2024-03-06
C003468,V02412,Info-mediaries,337.35,2026-03-18
C003758,V03364,Metrics,481.51,2023-07-05
C004984,V00762,Markets,2771.71,2023-12-03
C002333,V00546,Paradigms,3490.22,2024-12-30
C002696,V02557,Experiences,945.12,2026-03-17
C002161,V00300,Users,2424.86,2024-08-27
C003903,V03186,Users,4720.15,2023-11-17
C000117,V00716,E-tailers,686.52,2024-11-25
C000611,V04410,Roi,3672.99,2024-03-18
C004668,V03542,Markets,3778.93,2025-10-25
C001647,V00964,,1561.65,2025-01-22
C003504,V00635,Communities,1465.27,2023-10-29
C004622,V03970,Markets,4126.97,2025-11-23
C003665,V04323,E-markets,435.39,2025-02-24
C003815,V02693,Action-items,228.54,2024-11-25
C003026,V01333,Users,2881.52,2023-08-31
C003126,V01419,Metrics,2841.79,2025-03-31
C003907,V04088,Services,3116.89,2026-04-02
C001665,V04686,E-services,1744.53,12/18/2023
C002749,V01608,Users,3866.23,2024-10-27
C001713,V02992,Relationships,-4326.37,2026-01-22
C002759,V04287,Relationships,4976.69,2023-07-29
C000100,V04997,Models,3914.46,2025-12-08
C000298,V04381,E-commerce,2131.32,2024-05-22
C000431,V03657,Schemas,2445.14,2025-01-09
C004971,V02146,E-services,3119.22,2023-12-15
C000712,V04663,Systems,508.21,2024-02-12
C000120,V00368,Roi,2360.5,2024-09-29
C004876,V01894,Networks,646.83,2025-01-11
C002944,V03273,Communities,4933.19,2023-05-08
C000476,V02334,Channels,2591.79,2025-06-16
C003023,V00806,Networks,2654.21,2024-04-19
C004865,V00383,E-services,464.73,2024-12-31
C004884,V01925,Relationships,2105.68,2025-03-26
C002283,V01531,Paradigms,4797.76,2025-07-23
C003063,V03834,E-tailers,4736.78,2025-11-08
C000896,V01022,Models,4567.86,2024-04-15
C000176,V04146,Networks,2773.33,2023-10-28
C000444,V04245,E-tailers,4339.56,2026-03-30
C003208,V04352,Users,656.1,2024-08-15
C001825,V01522,Experiences,161.89,2026-04-11
C002131,V01049,E-tailers,1879.54,2023-06-04
C002005,V03139,Paradigms,2206.45,2025-12-23
C004956,V03818,Systems,1207.12,2024-10-27
C001353,V03268,Solutions,4015.92,2024-01-25
C003863,V02949,Users,4223.77,2024-07-31
C004917,V02959,Schemas,3404.82,2023-11-01
C004376,V01273,Metrics,2745.56,2024-12-07
C003916,V03259,E-services,2277.48,2025-12-31
C004926,V01187,Channels,1338.53,2023-12-27
C001762,V03560,Solutions,3586.03,2023-09-15
C004942,V04102,E-services,2756.2,2026-01-09
C004598,V02783,E-services,618.39,2023-04-30
C004758,V03076,Functionalities,4957.08,2024-10-29
C002477,V02034,Users,2674.71,2024-07-28
C001724,V03668,Roi,2175.73,2023-05-23
C003931,V01892,Solutions,3760.44,2026-02-03
C002291,V03909,Platforms,3209.78,2024-05-23
C003696,V02988,Channels,654.0,2025-08-15
C004499,V01639,Experiences,1469.32,2024-09-09
C004928,V00844,Roi,2266.65,2026-02-09
C000034,V03652,Infrastructures,933.25,2023-08-06
C003740,V00977,E-commerce,2326.37,2025-07-11
C000726,V01488,Roi,377.83,2025-12-21
C004498,V04080,Communities,2876.56,2024-12-01
C000501,V04219,Bandwidth,287.93,2025-03-13
C003855,V04976,Experiences,4529.17,12/11/2023
C002919,V02422,Schemas,2237.4,2024-02-20
C000293,V03321,Architectures,153.62,2024-03-18
C003994,V02458,Channels,1656.95,2025-10-27
C002872,V00611,E-business,-3964.63,06/03/2023
C001600,V04162,Systems,2121.88,2024-04-19
C003599,V00022,Infrastructures,4669.51,2024-02-01
C003827,V01126,E-markets,4080.48,2024-06-19
C004260,V04152,Paradigms,4707.74,2024-11-30
C002437,V00990,Solutions,4651.36,2024-11-30
C000069,V04411,Models,4895.44,2025-12-22
C002355,V00591,Communities,1056.08,2023-05-31
C000870,V04982,Bandwidth,3794.52,2025-06-23
C003965,V04453,,3779.92,2025-01-07
C002991,V03810,E-services,4026.74,2024-04-15
C004614,V00325,Networks,1940.33,2024-08-17
C001878,V01670,Users,155.45,2024-06-20
C004053,V02041,Users,4105.02,2023-12-18
C002672,V04895,Markets,3391.47,2025-07-30
C002045,V01666,Schemas,3690.13,2024-07-15
C003409,V02638,Models,3434.28,2026-04-15
C002427,V02127,Solutions,19.15,2023-11-13
C000618,V01733,Solutions,368.99,2024-09-05
C003048,V04935,Networks,4597.5,2024-10-30
C001869,V04954,Users,4625.7,2023-06-17
C003720,V02577,Niches,2776.57,2024-03-15
C004752,V01030,Channels,3537.5,2023-08-18
C004226,V00366,E-markets,3450.63,2024-01-13
C003509,V04151,Schemas,3822.64,07/09/2024
C002472,V02906,E-services,3270.78,2023-05-26
C001712,V04742,Markets,1676.9,2025-03-25
C004981,V02892,Web-readiness,4367.6,2024-06-28
C000283,V03248,Metrics,3417.88,2026-03-22
C004448,V01959,Users,3639.03,2025-09-14
C002118,V04801,E-tailers,237.05,2025-03-14
C001389,V01797,Roi,3874.9,2025-07-12
C002568,V04260,Solutions,958.25,2023-05-31
C001622,V03366,Models,2125.57,2024-03-09
C004211,V02948,Partnerships,2617.02,2024-03-14
C000742,V00346,E-markets,1695.89,2023-11-27
C001726,V03888,Platforms,194.22,2026-03-14
C001848,V04808,E-markets,3288.11,2024-10-09
C002993,V01261,Services,3092.33,2025-02-19
C001082,V02842,Markets,2985.38,2026-03-12
C002373,V00332,Web-readiness,1124.08,2025-08-14
C004910,V01191,Communities,1061.6,2024-01-08
C003692,V04988,Relationships,707.88,2026-04-08
C002742,V01745,Action-items,220.04,2025-02-06
C002378,V00992,Functionalities,-3401.08,2025-08-21
C000996,V00336,,2152.08,2026-03-27
C000747,V02863,Communities,4452.95,2024-06-25
C001992,V03160,Functionalities,2523.63,2023-10-28
C003054,V04379,Schemas,571.4,2025-05-12
C004073,V02749,Channels,4943.38,2026-01-14
C000783,V01989,Paradigms,4323.5,2025-07-09
C004433,V04276,Users,2558.93,2023-09-14
C001069,V01208,Services,1861.18,2025-09-30
C003733,V03311,Metrics,712.57,2024-06-21
C001515,V01347,E-markets,968.02,06/05/2024
C002899,V04294,Convergence,728.43,2023-08-28
C003485,V00946,Channels,2785.23,2024-12-25
C000367,V04530,Metrics,328.98,2026-01-01
C000075,V04202,Schemas,1467.74,2024-11-26
C002487,V02256,Communities,4665.89,2024-11-20
C004957,V00258,E-tailers,10.62,2026-01-05
C001667,V02679,Niches,447.08,2026-03-19
C004332,V03632,Relationships,4252.26,2025-04-30
C003831,V00427,Convergence,655.77,2024-12-16
C001668,V03226,Schemas,2817.65,2026-04-10
C003373,V04680,Systems,4442.08,2026-02-16
C004418,V00770,Metrics,4780.33,2023-07-20
C000303,V01719,Info-mediaries,1620.35,2024-03-27
C001056,V01670,Paradigms,3827.25,2025-05-22
C003472,V03583,Architectures,1153.75,2023-06-27
C003948,V03614,E-tailers,2498.43,2023-07-16
C000988,V01115,Models,206.18,2025-08-14
C001678,V00063,Users,2013.25,2023-09-03
C003417,V00744,E-tailers,305.65,2025-10-20
C002694,V01481,Metrics,416.1,2025-08-02
C004655,V00997,Channels,1763.29,2024-06-09
C001643,V00945,E-services,473.69,2025-11-23
C001682,V04003,Convergence,2014.51,2025-01-02
C000823,V02251,Models,2008.76,2023-11-09
C004508,V03225,E-tailers,4386.27,2024-01-25
C001743,V04378,Convergence,1459.01,2025-10-22
C003834,V03009,Relationships,591.71,2025-09-15
C003934,V03502,Functionalities,678.32,2026-03-13
C004090,V02604,Roi,81.15,2023-12-16
C003210,V00900,Users,-2818.97,2024-09-07
C001465,V01233,Partnerships,1073.9,2026-01-14
C002364,V01399,Action-items,3646.2,2023-10-31
C000319,V00079,Communities,1823.77,2023-09-07
C002415,V00810,Niches,-882.45,2026-03-22
C002975,V00995,Systems,470.66,2024-02-26
C001981,V01493,E-services,3940.48,2025-12-16
C002888,V04234,E-markets,257.64,2024-12-04
C002753,V01966,Markets,2091.42,2023-07-10
C000026,V00482,Infrastructures,308.27,2024-03-25
C001505,V03128,Markets,1182.84,2026-01-26
C000087,V01409,Methodologies,4580.73,2025-11-05
C001190,V00554,E-services,823.54,2024-02-13
C000050,V03865,Web-readiness,1787.49,2026-03-26
C003338,V01362,Niches,2367.97,2023-08-25
C004953,V00765,Schemas,704.64,2024-05-31
C003928,V00400,E-services,4917.86,2024-04-24
C003957,V00988,Niches,4817.31,2026-03-24
C003284,V03850,Markets,1964.63,2025-08-06
C000221,V01883,Bandwidth,1465.95,2023-11-06
C004601,V01713,Platforms,358.88,2024-10-12
C004940,V01466,Infrastructures,4229.46,2023-09-22
C003705,V04603,Models,-1940.64,2024-06-19
C000843,V01160,Web-readiness,876.65,2025-10-03
C003008,V01608,E-business,567.36,2024-11-03
C004722,V00990,Users,1859.5,2023-07-26
C001836,V03144,Users,-2552.06,2025-09-10
C002167,V00399,Paradigms,3546.68,2024-11-28
C000939,V03532,Roi,2886.77,2023-08-27
C002535,V03690,E-business,2175.75,2023-10-03
C004938,V04851,E-services,4335.25,2025-08-13
C002648,V03637,Roi,4197.99,2024-05-15
C001001,V04605,Partnerships,3550.23,2025-11-02
C000126,V02604,Solutions,3504.04,2023-12-06
C000415,V02741,Experiences,1142.8,2023-08-10
C002714,V01087,E-tailers,1669.51,2023-06-08
C001106,V01832,,3407.76,2024-01-16
C001195,V03416,Systems,2563.14,2026-03-02
C000631,V03776,Solutions,3505.57,2023-04-22
C000086,V03968,Platforms,2652.89,2023-12-03
C001273,V03943,E-tailers,54.24,2025-07-14
C000853,V03096,Schemas,200.94,2024-06-18
C002444,V01265,Partnerships,3040.31,2023-08-18
C003520,V03815,Schemas,3131.51,2024-11-23
C002232,V01057,E-business,3760.05,2026-01-08
C000646,V02570,Paradigms,1637.46,2025-10-21
C004743,V04190,Niches,236.58,2024-09-12
C000809,V04181,Infrastructures,2981.21,2026-03-06
C003598,V01215,E-services,4385.92,2025-09-12
C000399,V04344,Metrics,1331.51,2024-12-24
C001305,V01323,Services,1915.31,2025-02-01
C000837,V01764,Methodologies,1534.69,2024-07-21
C000067,V02314,Users,1376.61,2024-11-15
C001246,V04421,Functionalities,4307.87,2026-01-11
C002611,V02091,E-commerce,1155.99,2023-08-14
C001057,V02540,Solutions,985.88,2024-12-05
C000103,V03378,Relationships,341.48,2024-11-27
C003427,V02565,E-services,1918.25,2024-12-17
C004255,V03351,Networks,1625.0,2025-05-30
C003478,V02280,Functionalities,180.55,2025-01-10
C000997,V00133,Niches,4980.2,2024-04-08
C004322,V03095,Systems,1212.57,2024-01-27
C001720,V00821,E-markets,2502.97,2024-01-16
C004321,V01872,Niches,4014.09,2024-11-23
C002309,V03676,Bandwidth,2532.82,2025-10-15
C000392,V01087,Niches,2831.05,2025-09-27
C003219,V00565,E-services,143.86,2025-01-18
C001979,V04930,Relationships,4456.22,2024-08-12
C001873,V03158,E-services,4928.0,2025-08-25
C002488,V03808,E-services,807.47,2026-03-13
C004087,V00100,Infrastructures,1847.43,2025-08-30
C003539,V03361,E-markets,4693.3,2024-07-05
C001004,V04894,,506.96,2025-06-14
C004490,V02908,E-services,4253.86,2026-04-06
C004130,V04442,E-services,86.93,2024-02-04
C002391,V00569,Solutions,2550.64,2024-01-29
C000351,V02166,E-services,2274.24,2023-06-02
C003321,V01264,Platforms,1814.46,2025-10-26
C001554,V02658,Info-mediaries,3730.38,2025-07-14
C001248,V00143,E-tailers,2904.19,2024-07-01
C000036,V02338,Users,1453.49,2025-12-27
C001911,V00771,Markets,3361.26,2024-04-08
C000998,V00924,Web-readiness,24.07,2026-02-09
C003247,V00378,E-tailers,4175.08,2023-06-27
C004171,V02664,Infrastructures,-1878.67,2024-07-28
C001459,V01376,Users,4640.57,2024-12-17
C002389,V04946,Niches,4853.07,2024-09-06
C002183,V04694,Architectures,1451.21,2023-12-30
C000569,V01160,Functionalities,3749.07,2026-01-01
C000808,V02118,Services,2973.56,2023-12-29
C002711,V04850,Communities,3524.24,2024-09-10
C003505,V03088,,197.28,2024-03-21
C004897,V03788,Roi,2078.46,2024-01-12
C003288,V03613,Relationships,2267.12,2024-08-01
C002124,V02201,Services,4956.03,2025-07-30
C000377,V03212,,693.18,2026-03-09
C001033,V01600,Niches,641.96,2025-08-10
C001824,V01382,Web-readiness,2015.49,2024-03-27
C002269,V00599,Markets,3537.28,2024-04-29
C001031,V04670,Niches,3437.43,2024-01-21
C001449,V01753,Solutions,3728.17,2025-12-03
C002555,V04650,Experiences,4119.77,2025-03-20
C003617,V04769,Niches,2816.65,2025-03-28
C003989,V00509,E-services,1329.49,2025-09-10
C003131,V03942,Niches,2244.25,2025-04-17
C002148,V02316,Paradigms,2492.78,2025-06-13
C003006,V01594,Users,2167.44,2025-11-27
C002854,V02058,Paradigms,2871.09,2023-10-23
C003728,V00672,Infrastructures,2232.25,2026-02-10
C000134,V02418,Channels,4976.98,2024-06-09
C000296,V01133,Niches,2634.56,2024-02-13
C004978,V00059,,1681.59,2024-12-06
C003313,V02854,Paradigms,60.01,2023-08-20
C004682,V03253,Action-items,3674.32,2024-06-09
C004912,V04760,Info-mediaries,4048.34,2023-06-02
C003743,V00491,Roi,2684.81,2025-01-31
C000209,V02115,Methodologies,3832.03,2025-07-06
C001241,V02992,Architectures,2524.1,2023-05-12
C001807,V03997,E-business,2759.03,2023-05-22
C002757,V01294,Web-readiness,4291.07,2024-10-30
C003277,V01816,Bandwidth,2885.14,2025-03-13
C004301,V04890,Roi,4753.55,2023-05-14
C003278,V00079,Solutions,4275.78,2024-02-12
C003383,V03952,E-tailers,569.05,2025-01-25
C000347,V03917,E-services,1823.75,2023-05-04
C000806,V00511,Partnerships,3498.02,2023-05-04
C004052,V01446,E-tailers,1085.5,2024-05-06
C004463,V00694,Roi,1461.49,2023-08-20
C000090,V00770,Infrastructures,1055.55,2025-08-03
C003694,V02036,Methodologies,4914.19,03/18/2024
C002039,V01748,Schemas,3164.53,2026-03-17
C001077,V04380,Action-items,2164.01,2025-07-10
C004557,V01751,Architectures,302.43,06/09/2023
C002287,V02921,Services,-2042.59,2025-11-26
C000421,V00948,Channels,4944.62,2025-01-26
C000460,V02762,Networks,1489.69,2023-05-30
C004780,V03508,E-services,2919.2,2023-12-18
C001771,V04480,Users,1962.0,2025-08-18
C004858,V02535,Bandwidth,2929.84,2025-12-11
C002907,V01417,E-tailers,1062.17,2026-01-08
C000583,V03648,Users,4696.99,2024-01-15
C003461,V02081,Communities,4514.54,2025-11-30
C001821,V03488,Schemas,182.5,2025-12-24
C001204,V03103,E-services,3149.68,2023-06-29
C000190,V03274,Relationships,4021.1,2024-02-13
C004062,V04001,Paradigms,3795.3,2025-09-14
C000333,V02131,Action-items,1786.6,2023-08-15
C000506,V02272,Users,715.1,2025-04-27
C001535,V04088,E-services,4148.09,2023-10-15
C002310,V00607,Bandwidth,1007.35,2024-05-07
C000077,V01651,Action-items,533.35,2023-10-13
C002038,V03977,Partnerships,3446.25,2025-02-27
C001239,V03835,E-services,3540.36,2024-08-22
C000815,V00776,Networks,2880.29,2024-11-28
C000102,V02911,Schemas,1664.17,2024-08-17
C004684,V00964,Infrastructures,1251.05,2024-05-09
C001744,V03397,E-markets,695.85,2024-02-12
C000597,V01267,,3770.79,2026-04-08
C001186,V02562,Partnerships,3191.78,2024-07-07
C000862,V00423,Users,2996.09,2024-12-26
C001242,V01194,Solutions,3855.01,2025-12-07
C001316,V02057,,4875.71,08/24/2023
C001347,V01972,,4747.89,2025-07-06
C001435,V03795,Roi,723.95,08/28/2024
C004553,V00442,Solutions,4213.19,2024-12-07
C000683,V02216,E-commerce,4743.43,2023-12-05
C004156,V02469,Bandwidth,1393.66,2025-05-08
C000249,V02121,E-services,709.64,2024-02-02
C004838,V04386,Channels,444.77,2025-07-29
C000301,V01101,Niches,13.37,2023-10-24
C002109,V03897,Web-readiness,3339.43,2024-11-11
C004919,V03778,Systems,1921.39,2024-07-20
C000670,V01298,Info-mediaries,3506.64,2026-03-18
C001363,V00665,Functionalities,4538.65,2024-12-07
C000568,V04937,Infrastructures,3842.59,2024-12-04
C001519,V02632,Niches,-73.7,2026-01-13
C002428,V02801,Markets,228.36,2025-11-03
C004958,V00382,Paradigms,726.9,2025-08-06
C004167,V01541,Methodologies,219.4,2023-10-21
C000943,V02329,Convergence,4672.97,2024-03-30
C002626,V02312,Web-readiness,4723.29,2025-10-18
C004462,V03163,Systems,4946.42,2024-04-11
C000858,V04332,Niches,2401.05,2024-03-01
C000122,V02609,Roi,2267.33,2024-10-30
C000277,V04588,Architectures,3483.41,2023-11-12
C001955,V01695,Infrastructures,3973.88,2023-12-17
C004165,V00046,Schemas,2194.45,2026-02-10
C004114,V01758,E-markets,3741.09,2026-03-27
C001690,V04110,Web-readiness,3803.6,03/11/2025
C003624,V01862,E-services,-1048.7,2025-04-04
C003625,V00175,Services,2405.25,2025-04-06
C002530,V00935,Users,4677.51,2025-01-27
C003497,V00922,Architectures,3436.06,2026-04-02
C001653,V02077,Schemas,1159.71,2025-06-02
C000959,V01757,Systems,689.7,2026-03-19
C000714,V01613,Niches,1252.35,2024-09-19
C000279,V04680,Infrastructures,293.75,2025-11-20
C003922,V03904,Methodologies,4491.95,2025-12-02
C001794,V02558,Experiences,4384.93,2025-08-31
C003787,V02436,E-tailers,1858.84,2023-07-16
C000424,V04615,Solutions,814.54,2024-05-18
C004325,V03556,Niches,3280.87,2024-03-10
C000542,V01453,Roi,4192.5,2023-12-31
C000167,V01374,E-services,2466.22,2023-10-30
C000679,V04749,Partnerships,2213.73,2024-02-10
C000394,V01314,Architectures,2435.6,2023-10-04
C003465,V02127,Methodologies,1873.88,2024-10-06
C004155,V03135,Users,1595.06,2023-12-10
C002054,V04341,Markets,4351.11,2023-07-03
C001827,V04269,Users,4343.19,2023-06-07
C003357,V03105,E-services,2983.24,2024-01-18
C001517,V03327,Users,1678.22,10/24/2023
C002966,V04784,Solutions,2169.86,2025-07-08
C001399,V01966,Partnerships,3576.1,11/15/2025
C004829,V04028,Networks,4406.82,2024-05-31
C001790,V01889,Convergence,3981.52,2025-11-27
C001445,V01721,Models,1985.21,2025-09-21
C000967,V02685,Services,3029.02,2024-01-13
C003961,V02821,Niches,1536.74,2024-11-06
C000388,V04225,Infrastructures,511.74,2023-08-06
C001872,V04310,Niches,3467.32,2025-01-17
C003736,V04514,Paradigms,-3316.43,2024-06-24
C002028,V02929,Metrics,3752.36,2025-11-14
C001452,V02745,Convergence,3597.77,2026-02-21
C003160,V02200,E-services,2487.49,2025-05-04
C003020,V00268,Paradigms,3017.66,2023-05-24
C003664,V03312,Infrastructures,4361.66,2025-06-07
C003204,V04756,Solutions,4831.33,2026-01-27
C004923,V02591,Users,2762.27,2023-05-13
C001198,V02279,Action-items,-2708.78,2023-08-11
C003386,V02072,Users,1042.63,08/18/2023
C002808,V03893,E-services,330.83,2026-03-10
C001287,V04391,Info-mediaries,660.85,2025-01-22
C001436,V00282,Architectures,2220.88,2024-05-26
C004841,V00989,Relationships,3068.98,2023-12-27
C003396,V02048,E-markets,3585.88,2025-10-17
C002871,V01875,Solutions,949.74,2023-06-27
C003312,V01817,E-markets,4661.7,2024-10-16
C004432,V04981,Metrics,3993.08,2025-05-27
C001109,V01194,Platforms,4136.78,2024-06-07
C003354,V00699,E-markets,1079.14,2023-07-10
C000928,V03480,Bandwidth,4247.55,2025-05-28
C002476,V01277,Action-items,1384.54,2025-09-23
C001689,V02411,Convergence,4052.86,2023-06-06
C002902,V04845,Models,1854.38,2023-06-30
C004943,V04501,E-markets,187.04,2025-12-31
C002107,V01589,Services,3024.31,2023-08-26
C003415,V02936,Solutions,292.87,2023-07-03
C004447,V02700,Partnerships,4721.49,2025-07-22
C004835,V01009,Models,440.79,2023-07-17
C000282,V02787,E-services,4759.68,2026-02-27
C001612,V02399,E-services,2741.62,2026-01-14
C004724,V04728,Solutions,1855.64,2025-11-22
C003904,V02247,Metrics,3418.21,2024-10-02
C002870,V03048,Methodologies,1599.82,2023-10-13
C003806,V03428,Paradigms,855.67,2023-12-25
C001849,V02096,Users,3003.55,2024-11-15
C001708,V00344,E-business,428.97,2025-07-28
C002737,V01692,Solutions,753.4,2025-04-23
C001634,V04690,E-tailers,2941.3,09/08/2023
C000854,V04443,Functionalities,2778.76,2024-07-03
C003129,V00678,Paradigms,4762.1,2023-11-15
C002889,V03836,E-services,394.05,2023-09-09
C001010,V00465,Paradigms,807.39,2024-09-23
C000393,V02110,Functionalities,3694.01,2024-07-06
C001094,V01555,Platforms,2479.14,2025-12-05
C003809,V02009,,4806.38,2025-01-22
C000295,V03674,Infrastructures,2658.54,2024-10-20
C002014,V04010,Architectures,2635.67,2024-08-21
C002395,V01657,E-services,4693.45,2024-06-02
C004623,V01201,Functionalities,1011.19,2024-12-19
C002691,V00064,Metrics,4594.91,2023-06-04
C000248,V04564,Platforms,2351.02,2026-03-14
C004820,V01300,Web-readiness,4471.38,2026-01-27
C003536,V04090,Channels,824.99,2023-11-05
C004541,V04802,Platforms,-21.88,2025-02-22
C004083,V03229,Platforms,2953.68,2024-11-10
C003169,V03174,Metrics,3492.88,2023-10-15
C003410,V03634,,4319.51,2024-02-09
C004580,V03817,E-markets,2963.68,2023-08-18
C003256,V03932,Schemas,4145.11,2024-01-27
C003002,V01064,Methodologies,124.03,2026-03-12
C002019,V03568,Methodologies,1774.67,2025-11-18
C000166,V04423,Users,1890.15,2024-01-30
C000865,V04639,E-markets,3618.86,2023-10-03
C004961,V01275,Platforms,-2492.27,2025-03-02
C002620,V00342,Infrastructures,-2561.15,2025-04-30
C001404,V03654,Niches,1483.07,2024-08-03
C001270,V01339,Channels,4855.07,2023-11-05
C002450,V01658,Platforms,4216.45,2025-07-31
C002478,V04584,Systems,2401.58,2023-11-15
C004788,V00207,Architectures,4223.82,2024-07-15
C002258,V01331,E-tailers,724.85,2025-03-07
C003119,V03301,Roi,3677.53,2024-12-28
C000048,V04116,E-services,1245.11,2023-05-30
C000517,V04703,Systems,4575.0,2025-11-27
C002331,V00298,Metrics,3611.93,2025-06-19
C000016,V01248,Paradigms,1500.17,2024-05-27
C004443,V00797,Channels,269.27,2025-02-13
C001259,V00679,Services,2200.49,2025-10-23
C000343,V00753,Users,2462.44,2025-01-09
C000331,V04905,Channels,4022.87,2025-01-08
C001597,V00557,E-services,4341.69,2025-06-24
C003456,V03621,E-services,384.6,2023-09-10
C004554,V01391,Channels,875.88,2024-10-08
C000851,V01343,Users,3774.01,2023-09-11
C004534,V02026,E-tailers,4339.48,2025-09-05
C003866,V03100,E-services,3696.93,2024-05-17
C002532,V02885,Infrastructures,1833.33,2026-04-10
C004000,V03401,E-commerce,2276.83,2024-06-26
C003764,V01975,E-services,702.52,2023-11-06
C000799,V01360,Platforms,867.54,2024-10-04
C002600,V02459,Roi,889.97,2024-10-25
C001277,V02047,Relationships,3991.23,2023-12-26
C003103,V04951,Niches,3547.51,2024-08-25
C001903,V00457,E-services,2560.77,2025-06-15
C001822,V02976,Partnerships,1048.76,2026-01-09
C004769,V02147,Web-readiness,4334.46,2023-08-08
C000551,V03060,Metrics,2532.36,2024-11-21
C000763,V04505,Paradigms,-1671.78,2023-11-05
C002540,V00282,Convergence,1342.92,2025-11-17
C000041,V01603,Users,4804.79,2023-12-29
C001412,V01647,E-services,824.33,2024-05-02
C002862,V00649,E-services,4280.38,2023-05-13
C001915,V03422,Niches,2180.97,2024-07-07
C002550,V02348,Niches,3641.86,10/18/2023
C000586,V00078,Action-items,-1447.3,2024-01-30
C004075,V01793,Roi,2761.33,2023-10-24
C002330,V03001,Markets,4293.29,2025-08-29
C003446,V02676,Systems,1891.89,2025-06-12
C004725,V03238,Channels,2854.85,2024-03-30
C001680,V02577,E-services,1236.69,2023-10-10
C003655,V01897,Schemas,455.91,2025-05-16
C001053,V04447,Relationships,2923.5,2025-05-25
C004994,V02428,,2574.53,09/19/2023
C001990,V02119,Paradigms,3650.56,2026-02-16
C000576,V01097,Solutions,4054.66,2024-07-18
C004692,V03487,Schemas,4332.09,2026-03-26
C003099,V04723,Niches,4574.69,2024-07-17
C001047,V01257,Paradigms,2536.34,2023-08-17
C001956,V04840,Users,1687.74,2025-02-28
C004691,V04024,Channels,4398.2,2023-07-22
C000430,V02770,Markets,4335.0,2025-07-28
C002339,V01190,Web-readiness,4632.82,2024-06-23
C003217,V02963,Services,3395.95,2025-07-06
C000592,V01783,E-tailers,2658.91,2025-09-10
C004898,V00586,Schemas,949.5,2024-06-22
C003896,V02035,Solutions,61.98,2023-09-02
C002646,V03141,Convergence,1956.44,2025-06-08
C003010,V01999,Relationships,3036.13,2024-11-14
C003466,V02097,Metrics,2546.19,2024-04-30
C004086,V01549,Convergence,2396.51,2023-09-08
C001520,V00289,Relationships,3888.91,2025-04-06
C002046,V02501,Solutions,4701.9,2023-09-23
C004481,V02831,Niches,470.29,2025-08-11
C000758,V01058,Platforms,3579.86,2025-03-15
C000493,V04705,Niches,3266.57,2024-07-12
C000737,V00914,Networks,2423.41,2025-10-08
C000900,V04980,E-markets,3670.85,2024-04-29
C003587,V02757,Solutions,4995.83,2023-04-28
C000942,V04143,Relationships,-689.87,2024-01-23
C004728,V00162,Channels,4228.83,2023-05-30
C003231,V01158,Communities,3025.29,2023-10-14
C003490,V01581,Web-readiness,4967.06,2023-08-10
C001249,V04288,Partnerships,997.52,2023-08-31
C003799,V01326,Relationships,1169.76,2025-07-30
C002982,V00891,Niches,2278.35,2025-09-11
C002150,V00059,Functionalities,660.88,2025-02-25
C002700,V01094,Users,4903.57,2024-10-18
C001494,V01741,Methodologies,72.48,2025-10-13
C004995,V02994,Functionalities,4611.23,2023-11-05
C001776,V02435,E-markets,2594.26,2024-08-06
C001382,V01758,E-tailers,3299.31,2025-06-26
C004531,V03345,Web-readiness,4181.37,2023-04-19
C000920,V01897,E-services,2006.03,2025-01-02
C001564,V00565,E-tailers,3633.73,2024-04-29
C000658,V04335,E-services,2435.06,2024-11-25
C003027,V02271,E-services,997.36,2023-11-10
C001860,V02581,Action-items,1814.87,2025-02-20
C000112,V01947,E-tailers,1302.36,2023-07-02
C003116,V04640,Schemas,4917.1,2023-07-04
C003275,V04157,E-services,4339.6,2023-06-17
C001006,V04220,E-tailers,2042.01,2026-01-19
C000762,V01906,Niches,1626.68,2026-02-23
C004414,V00228,Functionalities,2477.18,2025-08-14
C004039,V02938,E-services,4246.88,2023-10-19
C001879,V02901,Channels,2655.26,2023-09-04
C000195,V00671,Info-mediaries,807.12,2023-07-26
C002803,V00713,Roi,4315.49,2023-11-10
C002640,V04733,Relationships,1347.47,2023-11-02
C002066,V02849,Paradigms,1271.88,2026-03-23
C004693,V03298,Action-items,2603.82,2024-01-12
C000199,V02998,Partnerships,3557.7,2023-12-14
C001636,V02756,Systems,2666.16,2024-02-20
C001216,V00471,Systems,1260.07,2024-12-20
C003888,V00757,Paradigms,3931.37,2025-03-22
C003555,V04604,Partnerships,328.08,2024-08-08
C000321,V01282,Roi,1961.23,2026-03-07
C001763,V04918,Infrastructures,3218.7,2024-04-07
C003962,V03634,Architectures,1282.09,02/19/2026
C003457,V00597,Markets,2812.07,2024-03-26
C000777,V03342,Infrastructures,4343.53,2026-04-08
C001924,V04837,Users,3667.9,2023-10-12
C003771,V00343,Bandwidth,3335.13,2024-04-30
C003684,V00328,Roi,4080.22,2025-08-28
C002745,V01188,Metrics,1217.56,2024-06-24
C003973,V03850,Methodologies,4982.2,2025-09-09
C002692,V02110,Services,2392.58,2024-02-09
C004683,V02359,Schemas,1693.17,2023-09-19
C000225,V04057,Convergence,2616.98,2024-03-15
C002246,V02170,Infrastructures,2527.97,2025-08-14
C002017,V01098,E-services,957.69,2024-05-18
C000294,V02110,E-services,4335.2,2024-03-07
C000848,V00637,E-markets,4045.29,2024-07-17
C002869,V03868,E-services,498.0,2024-11-27
C003309,V02229,Markets,3934.02,2025-03-15
C002361,V01486,Users,442.07,2025-05-09
C003024,V01325,Roi,3142.76,2023-10-31
C003710,V01889,,1259.5,2023-09-14
C001425,V00166,Systems,251.53,01/04/2025
C002548,V00467,Functionalities,2242.71,2023-12-22
C003467,V04511,E-services,4740.54,2024-11-18
C001208,V02057,Architectures,4882.82,2024-09-17
C004001,V04448,Web-readiness,3897.62,2023-10-31
C001810,V00785,E-tailers,2395.74,2023-11-05
C003542,V00813,Platforms,4772.43,2025-07-30
C001218,V03017,Systems,-315.04,2023-09-02
C002173,V04305,E-markets,3553.46,2023-09-07
C002961,V03471,Info-mediaries,311.99,2025-10-22
C001604,V02734,Action-items,1194.26,2023-07-21
C001378,V01612,Solutions,4748.44,2023-12-06
C001348,V03118,E-services,1853.95,2024-02-29
C002271,V00640,E-tailers,1296.56,2025-01-08
C001645,V00729,Roi,4662.0,2023-04-25
C003580,V03313,Platforms,2250.83,2023-09-02
C000792,V03346,Metrics,2152.49,2024-04-12
C001458,V00138,Platforms,2962.79,2023-09-23
C004468,V01150,Users,2193.51,2026-01-24
C003995,V00341,E-services,1254.54,2025-06-07
C002356,V03461,Solutions,1552.06,2025-09-15
C003875,V03097,Architectures,4552.65,2024-08-05
C001466,V01738,Convergence,3747.44,2025-04-15
C004356,V03882,Partnerships,4676.6,2024-09-02
C001301,V00123,Users,4141.41,2025-08-05
C001355,V00978,Paradigms,-3469.99,2023-09-20
C000786,V01395,Info-mediaries,2486.79,2024-05-30
C004510,V01575,E-services,2267.46,2023-10-28
C000989,V03306,Networks,3187.02,2023-05-13
C002816,V01029,E-markets,4128.37,2025-08-04
C000883,V02289,Metrics,2487.69,2025-12-18
C004284,V03837,Bandwidth,3566.0,2025-07-25
C002577,V00043,Infrastructures,4577.68,2024-05-12
C004068,V03571,Markets,2087.6,2023-09-26
C000881,V01294,E-tailers,3461.29,2024-01-26
C000488,V00696,Infrastructures,1892.68,2023-11-25
C002912,V00382,Schemas,3661.18,2025-01-11
C002441,V04679,E-commerce,791.5,2023-10-11
C000155,V04803,Relationships,1139.54,2025-01-14
C003830,V02499,,1164.89,2024-12-09
C004477,V04197,Infrastructures,779.61,2025-07-26
C002375,V04523,E-business,691.61,2023-04-22
C000119,V02242,Platforms,2765.55,2026-01-01
C001728,V02313,E-services,3655.73,2025-12-14
C004677,V01431,Solutions,3591.59,2026-02-20
C000811,V01972,Users,2305.97,2023-08-18
C004980,V00839,Paradigms,928.21,2025-07-25
C002076,V02606,E-services,1432.38,2025-03-10
C000269,V04311,Partnerships,4924.91,2024-04-27
C002215,V00192,Communities,2178.4,2024-05-07
C000163,V00017,Action-items,2095.75,2025-12-12
C002353,V02792,Relationships,619.53,2024-07-10
C000844,V01932,Functionalities,97.07,2024-08-31
C000589,V00941,Services,4354.42,2023-11-23
C001649,V04847,Relationships,1348.66,2023-08-24
C004037,V04999,Experiences,451.84,2024-11-09
C001475,V01557,Convergence,522.59,2025-09-10
C002276,V03685,Action-items,3717.09,2023-04-18
C002764,V01060,Models,2336.57,2025-03-17
C000648,V02978,Users,1688.07,2025-08-10
C001815,V02950,E-tailers,-2402.64,2023-10-01
C004569,V00845,Niches,2318.61,2024-02-21
C003039,V04738,E-services,1596.07,2024-07-31
C001390,V02271,E-commerce,4983.76,2024-03-22
C004544,V00170,Niches,2500.0,2024-07-23
C002454,V03883,E-tailers,3307.35,01/31/2025
C003774,V02150,Architectures,3088.03,2023-06-21
C001262,V00710,E-services,4452.4,2025-09-06
C002376,V03886,Niches,682.52,2024-12-30
C000173,V02395,Convergence,3391.62,2024-12-16
C000627,V03688,Metrics,4194.14,2026-02-02
C004665,V00730,Markets,4481.01,2023-11-30
C002774,V04511,Infrastructures,3382.61,2024-04-26
C002370,V03290,Partnerships,1201.7,2025-08-14
C002628,V04382,Niches,4272.49,2025-07-22
C001961,V01156,E-markets,2232.11,2023-12-05
C000987,V01005,Solutions,2797.51,2024-07-09
C000994,V03730,Bandwidth,465.96,06/09/2023
C003618,V03334,,2027.02,2024-11-12
C003192,V03391,Solutions,2665.75,2023-06-07
C002129,V00813,Niches,4306.63,2026-02-08
C002519,V01591,E-markets,1683.96,2023-06-01
C000299,V01354,Systems,3499.19,2025-10-16
C001315,V03481,Architectures,4987.32,2023-10-19
C002609,V00079,Solutions,3095.82,2026-01-04
C000741,V04377,Systems,3953.34,2025-12-16
C004289,V00321,Services,2695.21,2024-09-02
C003577,V00128,,3930.31,2023-05-09
C003606,V01984,Platforms,2805.4,2024-01-03
C002859,V01539,Infrastructures,4762.3,2024-04-09
C003317,V00310,E-services,1398.51,2024-03-02
C000511,V03965,Services,2020.8,2025-01-09
C000217,V03279,E-services,4454.36,2023-12-20
C000514,V01984,Communities,4415.15,2024-04-15
C002876,V04416,Solutions,2422.82,2026-02-24
C002290,V03740,E-markets,751.47,2023-11-17
C001819,V00644,Metrics,3907.9,2023-12-20
C002383,V02008,Users,896.71,2025-03-05
C004005,V01077,Schemas,3494.52,2024-07-04
C001501,V00485,Action-items,4438.35,2023-11-27
C004716,V04969,,1365.99,2024-07-29
C004816,V00820,Partnerships,4218.64,2024-11-30
C001990,V02119,Paradigms,3650.56,2026-02-16
C004800,V01915,E-tailers,365.52,2025-10-04
C003954,V01733,Experiences,1662.15,2024-05-27
C003882,V00336,Users,571.23,2023-05-01
C004017,V04878,Convergence,2407.32,2024-09-29
C001967,V03392,Systems,2558.61,2024-04-25
C000596,V00206,Systems,1917.13,2025-12-09
C003395,V01294,Web-readiness,2891.95,2026-03-19
C002186,V03599,Architectures,3056.15,2025-02-03
C000373,V02265,Metrics,4549.41,2023-10-20
C001197,V03071,Systems,3126.53,2025-09-30
C002210,V02901,Metrics,3594.83,2025-02-09
C004759,V02905,E-tailers,2502.35,2025-08-23
C004261,V02320,Functionalities,3650.96,2023-06-16
C000765,V02835,Action-items,1151.14,2023-11-17
C001397,V04090,Solutions,2819.51,2023-10-31
C004198,V01087,Communities,4089.43,2026-01-13
C001487,V03074,Models,1838.12,2024-03-15
C004328,V01701,Infrastructures,1135.14,2023-07-03
C004126,V01332,E-markets,3697.54,2024-12-29
C002905,V04192,Channels,2877.64,2025-01-31
C003372,V00090,Models,1911.46,2023-08-24
C003399,V02660,Niches,2616.29,12/27/2025
C004592,V00445,Markets,2161.27,2024-03-02
C001684,V01578,Users,4701.48,2023-11-05
C000976,V01296,Functionalities,2345.13,2023-06-18
C002786,V02805,Models,2907.36,2024-12-07
C004067,V03536,Niches,546.0,2024-04-03
C004252,V01565,Metrics,3486.9,2024-02-03
C003400,V01162,Models,4259.7,12/02/2025
C002438,V00223,Niches,1705.69,2026-04-01
C004901,V01094,Info-mediaries,3197.82,2024-03-10
C003533,V00711,Users,699.19,2024-11-27
C000228,V01680,E-tailers,4205.57,2024-05-13
C003689,V01256,E-markets,1960.29,2024-04-19
C004640,V00256,Paradigms,1675.62,2023-10-23
C002466,V03445,Platforms,4871.62,2025-11-04
C003848,V02067,Experiences,3440.32,2024-12-18
C003224,V03611,Users,4860.9,2025-01-17
C000054,V02665,Methodologies,4246.49,2024-08-30
C003262,V03271,Partnerships,4032.04,2025-02-26
C000477,V01692,Paradigms,521.61,2025-08-19
C001624,V04345,Systems,4103.66,2023-09-10
C003770,V00407,Users,40.2,2023-09-25
C000260,V02403,Users,1299.28,2024-07-12
C002765,V04437,Users,4664.85,2026-04-16
C004587,V01211,E-business,2720.57,2025-09-18
C004767,V04464,E-tailers,-1716.78,03/26/2024
C003990,V01606,E-services,818.2,2025-04-20
C004814,V01911,E-services,1362.79,2025-09-18
C001237,V01510,Paradigms,2154.99,2025-02-08
C002868,V01333,Info-mediaries,4603.62,2025-02-20
C002435,V00342,Users,390.56,2024-05-04
C004385,V01973,Roi,2855.67,2025-09-17
C001792,V02159,Methodologies,4145.82,2025-05-01
C004077,V00710,Users,3196.73,2025-07-20
C004673,V01485,E-services,4269.23,2025-11-13
C002593,V00022,Architectures,1116.23,2025-09-02
C002037,V03450,E-services,3657.74,2025-10-21
C000822,V02804,Solutions,1306.44,2024-08-23
C000505,V01117,Solutions,2565.62,2024-04-20
C004021,V03414,Info-mediaries,856.38,2023-11-25
C002350,V00562,E-markets,4838.39,2023-06-06
C000878,V00251,Users,-1964.72,2025-05-20
C004435,V02844,Systems,1475.79,2026-02-08
C003352,V04255,Architectures,-961.35,2026-03-12
C002357,V01743,Web-readiness,4103.2,01/23/2025
C001974,V04851,Communities,2737.44,06/04/2024
C003041,V03838,Methodologies,2220.17,2025-08-24
C004132,V00093,E-markets,141.18,2025-04-14
C000490,V04580,Info-mediaries,2925.37,2024-03-10
C001278,V03053,E-business,1630.97,2023-11-16
C001702,V02999,Communities,316.82,2025-09-22
C003069,V01590,Channels,4411.11,2026-01-13
C002546,V00046,E-services,3458.03,2026-03-01
C003306,V04636,Systems,776.35,07/04/2023
C004265,V03436,,400.36,2023-10-28
C002329,V02452,Services,2906.2,2024-08-28
C003895,V00848,Metrics,972.11,2023-10-17
C003816,V04092,Convergence,-4538.12,2025-11-17
C003182,V01494,E-services,4278.21,08/21/2023
C001240,V02049,Users,3734.47,06/28/2023
C002033,V01516,Paradigms,-4065.14,2026-01-18
C003517,V04204,Platforms,1513.39,2024-12-17
C002083,V00559,E-commerce,4854.1,2023-11-20
C001307,V03682,E-tailers,1072.3,2024-08-22
C001936,V01863,Solutions,4973.95,2024-10-20
C001330,V02882,Web-readiness,1215.2,2025-10-14
C002003,V02822,Architectures,3481.69,2025-09-08
C002241,V04618,Schemas,1324.67,2026-01-05
C004862,V01805,Metrics,2941.15,2023-05-13
C004297,V01583,Users,2160.72,2023-12-11
C003043,V01360,Roi,2840.46,2025-09-22
C000246,V01419,,4620.05,2024-09-27
C001032,V02189,Markets,1239.62,2024-04-17
C001377,V03565,Infrastructures,125.81,2025-01-19
C003064,V04837,E-tailers,219.77,2024-01-30
C001263,V02183,E-services,-2571.79,2023-07-20
C001294,V01808,Solutions,3284.0,2023-11-18
C003879,V02722,Action-items,2338.73,09/15/2025
C004224,V01796,Methodologies,3618.65,2025-11-10
C002906,V01472,E-tailers,3042.9,2025-08-19
C003762,V02301,Functionalities,1081.84,2024-03-23
C001371,V01670,E-markets,2265.57,2025-02-03
C002918,V03233,E-commerce,711.39,2023-04-23
C001381,V00862,Markets,3857.25,2024-11-07
C004874,V03672,Infrastructures,1672.32,2024-02-18
C002543,V01735,Platforms,4693.16,2023-07-10
C002750,V02884,Solutions,4150.71,2024-05-28
C000123,V04921,Schemas,586.15,2025-06-27
C003298,V04108,Bandwidth,500.22,2023-06-30
C001828,V02031,Schemas,3170.17,2024-05-09
C002409,V00145,Networks,2530.38,2025-03-02
C001488,V00588,Info-mediaries,4888.38,2025-01-16
C002008,V00529,Niches,2505.67,2025-09-25
C002130,V00303,Architectures,579.02,2025-06-15
C004565,V02444,Solutions,1989.63,2024-08-18
C003877,V01861,Roi,2936.45,2024-02-04
C003914,V02510,E-services,4454.93,2025-06-25
C003477,V02474,E-services,4491.38,2023-07-19
C001866,V02031,Communities,3796.64,2023-10-19
C004945,V04924,Roi,2230.75,2025-05-26
C000169,V04468,Niches,1435.42,2023-07-21
C004588,V04275,E-tailers,3643.14,2026-04-03
C001995,V01548,Experiences,2502.37,2023-05-18
C003135,V04252,,3571.4,09/03/2025
C002436,V03291,Metrics,-2583.89,2026-04-04
C003658,V01192,Web-readiness,3428.93,2024-11-06
C004844,V01347,E-markets,353.31,2025-11-19
C002042,V04294,Solutions,1573.71,2024-12-01
C003893,V01192,Models,532.54,2023-11-13
C003646,V02569,Users,1829.65,2025-11-17
C001038,V04383,Users,1985.67,2024-02-16
C000261,V04517,E-services,1429.72,2025-06-22
C000084,V03398,Methodologies,62.01,2023-08-28
C002762,V00468,E-tailers,3960.98,2025-12-05
C003971,V04778,Methodologies,976.26,2024-12-14
C001107,V04543,Platforms,15.86,2024-10-01
C004338,V03139,Roi,3871.22,2023-07-13
C000220,V00264,,259.09,2025-01-29
C001561,V00023,Schemas,4448.34,2025-10-04
C002984,V01777,E-services,3056.97,2025-01-06
C004277,V02573,E-business,1478.42,2024-01-27
C004624,V03322,Schemas,2173.42,2024-10-10
C002587,V03806,E-services,2161.61,2025-04-24
C004870,V04638,Niches,3234.92,2023-05-03
C003087,V03716,Niches,155.99,2025-10-16
C004311,V02527,Bandwidth,340.39,2025-09-13
C003058,V01829,E-services,51.07,2026-02-23
C002212,V01657,E-services,2189.72,2025-05-24
C002302,V00850,E-tailers,2279.32,2025-12-11
C004641,V02493,Methodologies,4362.79,2024-12-22
C004949,V01122,Metrics,156.48,2023-09-29
C003402,V02263,E-tailers,1410.01,2023-06-06
C004153,V02091,E-services,3706.86,2023-06-13
C002661,V02364,E-services,3984.52,2025-04-12
C000234,V02079,Metrics,2387.69,2025-12-24
C004670,V02644,Paradigms,3324.92,2025-06-03
C003979,V01583,E-services,1374.14,2024-12-31
C003086,V01925,E-services,2331.97,2025-06-21
C002582,V00767,E-tailers,448.77,2023-07-20
C001497,V03522,Partnerships,4327.41,2024-08-01
C001786,V01134,E-markets,2572.31,2023-07-10
C001035,V02326,Markets,2709.61,2025-03-13
C001408,V04870,Platforms,-48.86,2024-11-23
C000992,V03269,Info-mediaries,3412.57,2023-06-15
C001093,V02986,Bandwidth,892.65,2024-11-29
C001851,V04246,Schemas,2505.5,2025-02-06
C004242,V04857,E-services,1180.14,2024-10-12
C001258,V03399,Platforms,4764.71,04/03/2026
C001164,V03397,Solutions,4274.03,2024-11-12
C003846,V02463,E-commerce,3612.13,2024-11-10
C003090,V01447,Methodologies,4376.22,2023-07-09
C002843,V04657,Users,1888.1,2025-09-14
C000561,V00365,Roi,4574.49,2023-09-04
C002207,V03013,E-markets,4376.73,2025-02-03
C003109,V03317,Models,4476.17,2023-11-23
C004375,V00281,Architectures,3400.95,2024-11-05
C001630,V03393,E-markets,2736.15,10/15/2025
C003367,V04890,Users,623.98,2026-04-07
C000153,V04003,Infrastructures,730.55,2024-03-05
C001964,V00668,Methodologies,739.72,2025-10-12
C001231,V00174,Users,2216.92,2024-03-16
C000005,V00259,E-commerce,4058.43,2025-08-09
C001179,V02250,Bandwidth,2658.4,2025-09-01
C002829,V04651,,3831.76,2025-07-06
C003234,V04053,Niches,3371.4,2025-12-12
C004875,V00113,Info-mediaries,1741.81,2024-05-16
C002756,V04710,Methodologies,4848.47,2025-07-27
C003754,V02879,Architectures,2247.88,2023-11-02
C003127,V00199,Info-mediaries,1494.43,2024-01-09
C002790,V02760,Partnerships,2528.12,2025-02-07
C004878,V01861,Metrics,1513.52,2025-03-03
C003452,V00495,Paradigms,3208.29,08/08/2025
C002029,V01160,E-markets,1326.05,2025-07-18
C001063,V03925,Services,4685.72,2025-06-11
C003811,V01696,Convergence,1347.11,03/18/2026
C001370,V04733,Schemas,3601.88,2024-03-27
C000009,V03078,Metrics,370.11,2025-08-22
C001500,V03104,Networks,3314.66,2025-08-20
C001548,V04554,Roi,4880.33,2023-07-13
C001468,V04190,Users,4850.29,2023-07-25
C001671,V00198,Metrics,4853.01,2025-04-11
C004674,V04439,Users,3505.85,2025-04-28
C000699,V01628,Niches,2545.71,2025-02-20
C001896,V02693,Services,3352.18,2023-10-03
C001755,V01051,Web-readiness,3872.31,2025-10-30
C001972,V01369,Roi,2879.21,2023-06-06
C001573,V04338,Communities,2659.23,2023-07-11
C001882,V03984,Metrics,2978.06,2025-02-04
C001088,V04418,E-services,3304.57,2024-06-09
C002647,V00861,Channels,395.33,2024-09-02
C002514,V01519,E-commerce,4997.91,2024-08-25
C002458,V04664,E-tailers,1010.04,2026-01-18
C003233,V01126,E-services,1509.7,2023-09-01
C004491,V03857,Metrics,551.55,2026-03-29
C004450,V00388,Metrics,1358.64,2025-03-23
C004267,V03373,Users,3949.28,2024-12-23
C001220,V04882,Partnerships,50.72,2024-07-17
C003442,V00787,E-services,4681.67,2023-06-05
C002360,V03477,Infrastructures,2712.4,2025-04-17
C004193,V02884,Markets,3791.8,2025-06-30
C002782,V00128,Schemas,1541.2,2025-06-22
C003737,V02115,Paradigms,1047.7,2026-01-29
C002601,V01198,Users,1662.82,2025-03-07
C000654,V00723,Users,4810.0,2023-09-10
C003845,V03256,Convergence,2615.0,2025-08-30
C003205,V01551,E-services,3220.4,2023-08-30
C004583,V04307,E-services,2705.67,2025-09-12
C003340,V01627,E-commerce,3525.23,2025-04-05
C001933,V04177,E-business,1788.97,2025-07-21
C004187,V03669,Platforms,1059.77,2024-02-19
C003899,V01314,Solutions,4070.29,2024-05-19
C004727,V03798,Infrastructures,2411.61,2023-07-11
C002189,V03841,Users,3229.28,2023-12-07
C004990,V04503,Users,1529.9,2025-03-19
C000934,V01001,Architectures,4159.04,2024-11-05
C000587,V03546,Niches,2098.36,2024-03-29
C001611,V02850,E-tailers,2472.36,2024-12-10
C002934,V00296,Users,4946.15,2026-03-23
C002095,V00391,,2814.42,2023-07-12
C001724,V03668,Roi,2175.73,2023-05-23
C004645,V02672,Functionalities,4762.73,2024-05-01
C003111,V00169,E-commerce,-2428.73,2024-11-08
C002697,V00466,Solutions,2950.08,2024-01-06
C003032,V01610,,1923.91,2025-12-23
C003963,V01033,Networks,3214.98,2025-07-17
C000860,V01172,Users,1061.78,05/10/2024
C000410,V02357,Paradigms,935.99,2024-03-17
C000924,V02716,Architectures,2407.55,2025-04-30
C000315,V00835,E-services,754.68,2025-11-15
C001075,V01143,Systems,96.69,2024-08-24
C001675,V00928,E-services,1085.69,2023-10-13
C004666,V03063,Markets,3862.6,2024-03-31
C004394,V04247,Channels,3360.23,06/06/2024
C001980,V02665,Niches,144.05,2024-09-12
C001028,V04801,E-commerce,590.27,2025-03-03
C002718,V02580,E-tailers,1653.36,2024-09-03
C004882,V00171,Metrics,4287.02,2026-02-22
C004299,V03444,E-business,150.51,2023-12-24
C003098,V00655,Schemas,4113.56,2026-03-10
C002624,V00134,Models,2288.62,2024-10-06
C003719,V02754,Functionalities,2755.18,2025-08-21
C000738,V04554,E-business,3593.41,2025-03-06
C000901,V04632,Platforms,4443.07,2023-10-13
C004243,V04424,Platforms,1490.82,2023-06-10
C000718,V03522,,968.7,2024-11-20
C000567,V02786,Infrastructures,3087.03,2025-10-03
C000620,V04073,Infrastructures,2832.97,2026-02-10
C002101,V02743,Schemas,3032.64,2025-12-22
C001585,V01696,Functionalities,1797.5,2025-07-01
C002635,V04020,Infrastructures,4050.24,2024-11-10
C002160,V02273,Metrics,2926.51,2025-04-23
C000053,V03370,Partnerships,1507.73,2023-08-25
C002408,V00570,Channels,27.96,2025-08-18
C001618,V04871,Metrics,4710.15,2025-04-01
C003670,V02947,E-commerce,1594.37,2025-08-19
C001666,V01236,Solutions,515.4,2023-10-18
C004700,V03962,E-tailers,687.57,2025-07-01
C004817,V02793,E-services,4284.79,2025-10-08
C002951,V02799,E-services,3333.25,2026-04-15
C000991,V01332,Communities,4226.32,2023-11-01
C004706,V03394,E-services,2661.13,2024-11-13
C002120,V03416,Users,3318.8,2023-10-08
C001121,V02843,Paradigms,4503.28,2024-07-17
C004620,V02585,E-tailers,29.84,2025-09-19
C003055,V00683,Infrastructures,4154.34,2025-03-27
C000599,V03009,Experiences,1237.0,2025-08-31
C000653,V00275,Infrastructures,1319.45,2024-06-04
C000222,V02542,Niches,4390.1,2024-11-10
C000791,V03685,Niches,4823.69,2025-03-23
C003391,V04517,Platforms,1396.97,2024-01-27
C003911,V00818,Systems,3206.31,2023-12-09
C004739,V01351,Channels,3087.84,2025-07-17
C001209,V00573,Users,4369.59,2025-10-08
C003666,V02993,Models,372.73,03/11/2024
C002752,V03294,E-tailers,1373.39,2025-02-10
C002978,V03592,Platforms,3225.36,2023-11-22
C001557,V04727,Infrastructures,-4386.86,2024-03-15
C002557,V02147,Roi,2095.92,2025-04-30
C002305,V01233,Roi,3837.28,2024-07-26
C002030,V01578,Schemas,4745.4,2025-05-22
C003969,V03715,Systems,4091.75,2024-11-12
C003258,V00364,Architectures,2229.05,2025-04-14
C004605,V02053,Convergence,3369.85,2023-12-24
C001060,V03286,Metrics,1655.4,2025-12-11
C003480,V00050,Users,2610.31,2025-09-18
C001357,V03766,Channels,-3427.89,2024-08-01
C002209,V02844,Web-readiness,4212.52,2024-10-19
C001021,V00657,Infrastructures,3656.88,2025-12-15
C004574,V02755,E-tailers,1134.18,2025-09-11
C004720,V01335,Solutions,1079.67,2024-08-02
C001840,V04744,Communities,3211.23,2025-02-03
C003044,V03587,E-tailers,-4994.64,2024-11-10
C004660,V04866,Services,4320.96,2026-03-03
C004500,V00652,Schemas,1929.12,2024-08-09
C001104,V04120,E-markets,2787.66,2024-06-25
C004556,V00317,Channels,3997.0,2026-03-25
C000528,V04618,Bandwidth,4769.62,2023-06-30
C002137,V04473,Users,3975.38,2025-07-27
C004906,V04761,Systems,4990.97,2025-10-07
C000382,V01817,Infrastructures,858.8,2024-10-06
C003356,V03299,,164.95,2026-04-13
C002594,V02040,Solutions,1066.6,2023-11-02
C004930,V02795,Niches,4237.78,07/15/2024
C004929,V02889,Markets,4317.22,2023-11-09
C000562,V01686,Markets,4207.51,2025-07-07
C002140,V00181,Metrics,2871.13,2023-10-21
C000894,V01811,Platforms,1262.8,2025-11-15
C003514,V04269,Schemas,3126.98,2024-04-01
C004196,V04466,Users,4335.69,2023-05-29
C003282,V02126,Niches,2590.21,2024-05-12
C004732,V03511,Systems,2566.72,2023-11-15
C002112,V00619,Architectures,4164.57,2025-11-28
C000626,V01070,Action-items,1380.23,2023-11-19
C001909,V03483,,2141.42,2023-07-10
C003567,V01943,Models,1216.53,2024-10-22
C002504,V02549,Roi,2232.32,2025-02-04
C004781,V04311,Systems,4809.24,2026-02-22
C000184,V03705,Bandwidth,3866.82,2024-01-18
C004487,V00044,E-services,225.74,2025-12-23
C002948,V01699,Roi,1615.95,2024-07-25
C003115,V01186,Platforms,3365.71,2023-05-16
C004192,V04330,Models,4440.83,2023-12-13
C000139,V04027,Partnerships,3017.69,2026-02-08
C003678,V02518,Partnerships,385.76,2025-04-17
C001163,V04391,Info-mediaries,1637.26,2026-03-19
C001633,V02099,Channels,3392.55,2023-05-25
C003817,V03477,,-3152.02,2023-06-20
C001141,V04570,E-services,880.78,2023-08-19
C003579,V02732,Users,2121.54,2023-10-16
C003420,V04587,Roi,4631.26,2026-01-12
C002311,V02538,Users,3282.75,2024-10-24
C003857,V03793,Infrastructures,2548.75,2025-09-19
C003784,V02270,Channels,288.26,2024-02-18
C001959,V04570,E-business,1700.51,2024-12-19
C003657,V03167,E-services,2539.72,2026-03-19
C002396,V02285,Solutions,1020.62,2025-08-13
C004813,V01261,E-services,4899.56,2023-11-22
C002623,V00886,Metrics,1494.08,2025-02-14
C000508,V03959,Platforms,4533.69,2025-08-19
C001644,V01445,Roi,3050.83,2024-02-16
C001841,V00303,Niches,2873.97,2024-08-08
C004015,V00763,Convergence,4443.01,2025-06-15
C002950,V03004,Solutions,1308.9,2023-09-05
C001196,V02168,Paradigms,4337.05,2025-06-21
C003707,V04839,Services,502.55,2024-08-13
C001358,V03455,Markets,3250.26,2024-07-02
C001070,V03917,,4847.93,2024-02-16
C002249,V02743,Infrastructures,3658.49,2025-11-23
C000241,V00419,Niches,766.61,2024-02-01
C004989,V02451,E-business,3854.18,2024-02-03
C000146,V04338,Users,3871.62,2023-06-22
C003151,V03123,Services,-2798.24,2024-04-25
C004709,V00856,Paradigms,2468.34,2025-10-13
C000761,V00291,Niches,1287.07,2025-01-16
C000756,V01868,Metrics,1725.51,2023-12-26
C001061,V00567,E-services,3477.35,2025-09-26
C004607,V01010,Infrastructures,3614.52,2025-01-19
C003592,V02414,Bandwidth,4910.58,2024-09-17
C003610,V00960,Platforms,4441.68,2024-04-25
C004963,V04261,Solutions,1990.36,2026-03-05
C004659,V03620,Paradigms,835.05,2025-07-12
C001709,V01022,E-tailers,2948.4,2023-05-08
C002494,V04162,E-services,1611.12,2025-05-29
C003956,V01493,Schemas,4250.56,2023-06-10
C000208,V00393,Systems,3496.6,2024-01-08
C000908,V03315,Users,2637.57,2023-06-02
C004055,V01639,Roi,2455.46,2023-10-15
C002763,V02474,Action-items,2781.31,2024-03-20
C001572,V01791,Action-items,4828.43,2024-12-24
C002358,V04372,Schemas,545.49,2025-01-01
C003802,V02700,E-business,4025.42,2023-08-06
C002708,V02733,Experiences,1243.82,2024-05-05
C003133,V04300,Schemas,1210.97,2025-06-07
C003153,V02994,Niches,1240.95,2023-11-15
C003723,V00810,Markets,2400.52,2025-07-29
C002621,V03781,E-services,2423.9,2024-09-30
C004163,V02233,Solutions,4257.83,2024-08-26
C000888,V02064,Users,4615.91,2024-01-09
C004231,V02584,Solutions,4394.94,2026-03-26
C002103,V02845,Info-mediaries,2086.78,2025-12-18
C004638,V01578,Markets,49.74,2024-08-04
C001005,V00741,E-services,1457.85,2024-07-14
C004982,V04891,E-services,4362.09,2024-05-17
C002453,V00101,Solutions,4062.57,2024-03-04
C000284,V03016,Solutions,2222.97,2024-09-27
C001669,V01264,E-commerce,4272.5,2025-04-02
C002521,V03026,E-services,4541.16,2023-11-07
C003798,V03314,E-services,3720.62,2025-11-22
C002953,V01744,Markets,2987.8,2024-06-29
C001319,V04549,Schemas,3528.19,2024-09-15
C004360,V04452,Metrics,506.18,08/07/2023
C001507,V00924,Users,424.99,2026-04-13
C001721,V00810,Users,2330.05,2023-09-21
C002741,V01525,Info-mediaries,455.77,07/31/2023
C002846,V01120,Paradigms,2496.89,2025-06-29
C003469,V02926,Users,1095.47,2025-09-14
C003137,V03780,Roi,2341.84,2024-09-08
C000471,V04224,Channels,847.73,2024-05-16
C000309,V00162,Info-mediaries,206.5,2025-03-24
C003698,V02002,Users,1245.21,2025-11-18
C003974,V01565,E-commerce,3439.78,2026-03-01
C003519,V01764,Methodologies,306.0,2025-03-30
C002767,V00710,Action-items,4242.34,2023-10-01
C001470,V04657,E-commerce,2558.81,03/20/2026
C002928,V02257,Experiences,4554.38,2025-10-17
C002873,V02595,Users,489.68,2025-06-15
C000816,V04496,Metrics,2092.11,2023-10-09
C004504,V01081,Niches,4294.08,2026-02-25
C001699,V01711,,1520.25,2024-03-15
C004007,V03279,Networks,4175.76,2023-05-22
C000935,V00303,Roi,3819.11,2023-04-21
C001323,V04152,Metrics,2055.13,2023-06-18
C001803,V00043,Metrics,103.16,2023-08-28
C002455,V02758,E-markets,4557.41,2024-08-18
C001957,V01882,E-tailers,244.93,2024-05-16
C002327,V00383,Users,4200.01,2023-06-25
C001206,V00148,Systems,1129.04,2025-07-06
C001782,V00526,E-markets,4807.77,2023-12-16
C002484,V04698,Metrics,3390.38,2023-06-29
C003859,V02497,Systems,2112.64,2024-12-19
C001281,V02593,Users,-3870.49,2025-02-11
C003608,V03929,E-commerce,3732.59,2023-06-29
C001000,V03239,Channels,2869.91,2025-02-18
C000949,V02791,Niches,249.07,2023-08-29
C002554,V02282,Bandwidth,1889.51,2024-01-24
C001267,V01258,Metrics,455.74,2023-04-28
C003078,V00834,Systems,1259.6,2025-02-22
C003563,V00617,Platforms,3461.15,2026-01-11
C003178,V00802,Paradigms,311.37,2023-08-29
C002206,V04938,Metrics,1981.2,2025-10-06
C001749,V02084,Schemas,1755.21,2023-07-29
C000215,V02954,Networks,4693.14,2025-01-10
C000632,V02123,Methodologies,4626.64,2024-10-04
C002748,V02471,Markets,495.42,2026-02-21
C003155,V03293,Schemas,360.52,2023-08-08
C002508,V03869,,610.66,2024-09-27
C000916,V00685,Metrics,3517.09,2025-10-18
C003791,V00026,Users,3908.65,2025-03-01
C003185,V04496,Roi,1705.69,2024-04-05
C002775,V02771,Niches,3985.82,2026-01-11
C001787,V01966,Metrics,3458.25,2025-02-02
C003992,V02339,E-tailers,3351.8,2024-12-18
C000051,V03299,Methodologies,1860.92,2023-05-25
C004480,V00183,Users,3522.29,2026-01-19
C000713,V01331,Niches,2317.23,2025-11-23
C002418,V00589,Relationships,218.98,2024-09-27
C001200,V03153,Solutions,3283.13,2025-05-04
C004939,V02691,Metrics,2351.21,2025-04-05
C002734,V01843,Bandwidth,3445.34,2023-08-03
C001694,V02213,Partnerships,3751.88,2025-07-18
C004964,V03707,Platforms,3654.48,2025-04-15
C001615,V02816,E-business,1112.77,2025-09-25
C003637,V00934,Schemas,4747.51,08/20/2025
C001149,V00152,E-services,1648.18,2024-01-19
C000971,V04967,Web-readiness,241.2,2024-09-07
C002522,V04346,Methodologies,4552.33,04/28/2024
C001498,V02555,E-markets,2139.04,2024-04-19
C004530,V02481,E-services,3073.24,2023-07-04
C001845,V02108,Convergence,618.57,2025-03-05
C003227,V02297,Solutions,2016.88,2025-10-28
C004036,V02626,Niches,4277.7,2024-04-24
C000010,V03414,Roi,1475.89,2023-08-25
C001411,V03440,E-business,1107.82,2025-07-03
C003569,V02650,Methodologies,1988.57,2023-04-26
C003484,V01876,Niches,3244.12,2023-05-17
C003473,V03309,Roi,2842.75,2024-10-30
C000716,V01478,Systems,3542.12,2023-07-01
C000093,V04861,E-tailers,588.87,2025-05-19
C004047,V03037,E-markets,3172.46,2024-06-02
C000286,V00472,Channels,3179.6,2024-07-11
C001360,V02798,Systems,3395.91,2025-07-11
C001018,V00861,Niches,4455.56,2024-07-01
C004730,V03881,Functionalities,3293.61,2024-10-21
C001527,V04968,Paradigms,3106.04,2023-05-18
C000037,V00650,Solutions,386.19,2025-08-14
C000912,V00750,Services,3095.0,2025-03-16
C000479,V02595,E-commerce,1428.55,2025-02-23
C004704,V00779,Partnerships,3498.49,2025-12-22
C002972,V02043,Web-readiness,934.25,2025-02-13
C003096,V03946,E-commerce,1637.87,2025-08-24
C002923,V02363,Systems,1340.25,2024-01-26
C004890,V04858,Convergence,774.93,2025-04-30
C002447,V04032,Paradigms,238.68,2023-07-23
C000358,V00415,Functionalities,110.69,2023-11-02
C000644,V02383,E-services,3905.31,2023-12-02
C000066,V03415,Schemas,2375.18,2026-01-17
C000401,V00219,Niches,938.46,2025-04-28
C003257,V04467,Communities,4270.08,2023-08-02
C001448,V00145,Bandwidth,765.34,2023-11-25
C002089,V00988,Niches,772.62,2025-04-02
C001086,V01837,Solutions,1437.5,2023-07-07
C003304,V03951,,769.04,2024-06-20
C003544,V02445,Schemas,2344.89,2024-01-28
C002885,V04429,Roi,3224.88,2024-07-19
C001579,V04726,Roi,4741.34,2024-06-03
C002728,V00859,Services,3420.51,2023-05-06
C000201,V04389,Metrics,663.64,2023-07-28
C002223,V01729,Users,2636.72,2024-03-31
C002432,V01472,Niches,2726.29,2026-03-20
C001325,V04293,Paradigms,3869.34,2023-12-16
C004092,V03368,Roi,3643.5,2024-11-01
C000795,V01249,Roi,2810.83,2024-08-18
C000833,V02535,Solutions,4580.11,2025-03-13
C004867,V03994,E-services,1809.92,2023-10-02
C002924,V02776,Communities,4283.05,04/23/2023
C002675,V02272,E-business,1068.61,2026-03-12
C000307,V02790,E-business,4786.76,2023-09-11
C003434,V03193,Bandwidth,4166.08,2024-02-27
C003884,V02530,Communities,856.05,2026-01-17
C001181,V00350,E-services,4080.92,2023-05-12
C001835,V02221,E-business,4444.21,05/28/2025
C004894,V01105,E-tailers,2756.74,2024-08-19
C001469,V00927,Action-items,4924.68,2025-03-28
C004861,V04247,Users,4444.24,2023-11-15
C002430,V02911,Convergence,2560.45,2024-01-23
C002573,V01573,E-markets,1008.39,2023-09-20
C001734,V02130,E-business,2353.68,2026-02-13
C004461,V01788,Info-mediaries,4673.36,2025-05-08
C000803,V03156,Networks,3070.78,2025-08-11
C004888,V04654,Networks,905.76,2025-02-09
C001071,V03148,E-tailers,3843.12,2025-05-24
C000723,V03017,Schemas,2416.13,2024-06-24
C000029,V01725,E-tailers,3994.17,2023-09-03
C002171,V03434,Roi,3831.3,2025-10-29
C000584,V00146,Schemas,4058.9,2024-02-07
C002890,V02990,Action-items,4064.36,2024-07-09
C000794,V02313,Roi,3483.0,2023-11-10
C000316,V04558,Schemas,4105.99,02/20/2024
C003553,V04238,Channels,1414.44,2024-03-22
C002794,V01528,Systems,3406.14,2023-12-14
C004401,V01582,E-tailers,4354.83,2025-02-11
C001483,V02682,Users,238.08,2023-12-15
C001130,V04677,Solutions,735.33,2024-06-09
C002867,V04267,Architectures,2132.89,2025-04-03
C001620,V01085,E-services,4802.31,2024-10-07
C003714,V03104,Services,79.91,2025-04-27
C003883,V00052,E-tailers,1404.53,2024-07-30
C000466,V00116,Roi,4195.47,2024-08-27
C004207,V02840,Paradigms,4204.86,2025-11-28
C004026,V04124,Paradigms,3192.95,2024-12-24
C002087,V02691,Web-readiness,3952.48,2023-07-06
C000039,V04280,E-markets,4265.87,08/29/2024
C002667,V03677,Architectures,2055.6,2023-11-21
C001012,V03070,Solutions,1527.76,2025-06-21
C004303,V02790,Infrastructures,2941.81,2023-09-29
C003753,V02960,Niches,685.74,2023-05-08
C001887,V01469,Paradigms,2977.44,2025-06-28
C000152,V01402,Roi,831.07,2025-01-08
C000245,V04993,Niches,4020.92,2024-11-11
C000376,V03675,Solutions,2218.84,2025-12-07
C002163,V02965,E-markets,4422.71,2026-02-16
C002866,V03014,Info-mediaries,731.02,2024-12-07
C001748,V00469,Roi,1027.16,2024-11-29
C002061,V03518,Solutions,2315.18,2024-01-13
C001927,V01471,E-tailers,815.39,2023-05-26
C001985,V03409,Solutions,2034.25,2023-10-15
C003978,V04422,Roi,4048.76,2025-03-22
C001943,V03035,Users,1117.69,2025-05-27
C002827,V03968,Niches,4373.77,2025-03-16
C000891,V02186,E-tailers,3178.08,2024-09-27
C002864,V03885,Schemas,1363.46,2026-03-27
C001523,V04282,Users,3069.35,2023-12-24
C003947,V01577,Niches,4035.13,2026-02-16
C000873,V02894,Platforms,-3369.76,2023-08-12
C000127,V03697,Niches,3798.26,01/06/2025
C002470,V03327,E-markets,1157.89,04/29/2023
C003940,V01758,Communities,4253.12,2024-09-25
C001191,V01980,E-tailers,62.73,2024-08-06
C002663,V03314,E-services,2738.51,2023-11-30
C000797,V04090,E-commerce,1508.89,2024-01-09
C002025,V03097,Infrastructures,4935.17,2025-11-01
C002289,V02345,Partnerships,4920.94,2025-02-23
C000407,V01061,Infrastructures,1910.1,2024-02-14
C000518,V01108,Channels,4294.86,2023-10-27
C000455,V00305,Platforms,3287.74,2024-10-30
C000693,V00592,Convergence,-2560.93,2025-04-30
C001962,V02466,E-services,3838.19,2023-08-18
C000243,V04738,Services,1590.11,2024-04-07
C000107,V04953,Info-mediaries,1958.23,2025-02-21
C003495,V00385,Info-mediaries,3516.15,2024-05-30
C002064,V01316,Services,956.05,2024-01-27
C003769,V01080,E-services,689.8,2026-04-02
C001592,V04195,E-services,3546.99,2024-03-10
C000186,V02139,Infrastructures,3135.58,2025-04-22
C000290,V02383,Niches,4311.47,2024-07-13
C001619,V03164,Roi,525.06,2023-07-30
C003124,V04196,Communities,413.96,2024-06-18
C001211,V01585,Infrastructures,686.18,2024-06-09
C000717,V00108,Niches,1167.21,2023-07-29
C002642,V00258,Schemas,3284.74,2026-02-24
C002523,V01161,Web-readiness,477.05,2024-11-12
C002656,V01927,Infrastructures,3287.72,2024-08-04
C003662,V03541,Channels,4146.37,2023-09-30
C002308,V03276,Niches,26.5,2023-10-10
C002411,V03008,Paradigms,2220.71,2025-06-13
C002740,V02060,Channels,3405.85,2025-06-24
C000602,V03551,Markets,2050.11,2024-12-26
C003418,V03230,Solutions,4541.25,2026-02-28
C000454,V00957,Platforms,968.63,02/27/2024
C004717,V00610,Platforms,842.66,2024-06-23
C003763,V03928,E-markets,4246.38,2023-11-07
C003725,V02811,Metrics,4499.17,2025-12-14
C003853,V04903,Bandwidth,2768.56,2026-04-10
C002659,V03295,E-services,387.95,2024-07-04
C001365,V00163,Convergence,2786.09,2025-12-06
C002123,V02216,Schemas,4105.94,2023-05-22
C001301,V00123,Users,4141.41,2025-08-05
C002027,V03717,Platforms,1641.83,2024-12-21
C002147,V00024,Action-items,1705.32,2025-03-02
C003264,V01412,Niches,4936.34,2025-07-10
C003716,V04033,Users,3029.06,2023-04-19
C001998,V03802,E-markets,1032.72,2025-10-13
C003889,V02964,Systems,1589.32,02/06/2024
C004843,V03203,Roi,45.96,2025-09-02
C000326,V02893,Convergence,3934.88,2025-01-06
C002335,V03052,Users,2959.85,2026-04-09
C003849,V01531,Networks,935.77,2025-04-02
C002784,V00131,Communities,1244.82,2024-05-18
C004757,V02758,Experiences,3040.73,2024-05-27
C003060,V01071,Partnerships,3786.79,2025-05-15
C001393,V02041,Infrastructures,1067.57,2023-09-29
C002213,V02376,E-markets,860.48,2025-08-22
C003518,V03249,,4533.87,2025-05-19
C004705,V04189,Networks,2412.3,2025-01-18
C002439,V00207,Users,412.09,2023-06-26
C000874,V01834,E-markets,4770.14,2023-05-09
C003515,V01529,Action-items,840.68,2023-05-19
C002856,V04570,Convergence,1278.29,2023-10-16
C004811,V03302,Users,2706.88,2026-01-23
C004078,V00843,Users,411.95,2024-10-22
C003852,V00032,E-services,953.97,2024-04-15
C002875,V01187,Solutions,534.88,2025-10-31
C000380,V00640,E-markets,3882.81,2024-11-09
C001339,V03478,E-commerce,1691.72,2024-08-23
C004204,V04556,E-markets,3816.17,2024-10-03
C001437,V04022,E-services,2276.16,2024-11-02
C001159,V04504,Partnerships,948.38,2024-03-28
C000049,V01058,Roi,3312.74,2026-02-13
C001628,V02586,Relationships,4436.96,2025-09-30
C004581,V02676,Experiences,1913.51,2023-10-05
C001066,V03833,Partnerships,1631.39,2023-11-05
C001176,V00951,Web-readiness,4121.16,2025-07-02
C004756,V00173,Roi,3085.55,2023-08-02
C002156,V04771,Networks,4472.23,2024-05-25
C002781,V00162,E-commerce,3488.65,2025-06-06
C001243,V04622,Convergence,3800.86,2024-06-03
C003932,V04975,E-business,597.08,2025-11-06
C003228,V04692,E-commerce,4659.06,2024-05-21
C004191,V03874,Users,2931.86,2024-10-14
C000162,V00703,,1517.33,2023-05-14
C000419,V03341,E-business,480.0,2024-09-19
C003001,V04539,Schemas,2781.06,2025-07-17
C003609,V04865,Channels,1827.88,2024-04-10
C002404,V03206,E-services,1122.37,2025-10-07
C002684,V02856,Info-mediaries,827.59,2024-07-16
C001326,V03487,Roi,2497.08,08/06/2024
C001068,V04586,Paradigms,1937.15,2025-06-27
C003003,V02203,Solutions,945.13,2026-02-06
C004827,V04828,Convergence,2233.62,2023-07-27
C000151,V04540,E-tailers,1927.02,2023-07-09
C000287,V03954,Roi,3901.25,2026-03-19
C000292,V02912,E-markets,3339.66,2024-02-29
C003269,V04757,Infrastructures,3063.67,2025-07-19
C000257,V01430,Channels,-1337.41,2024-08-08
C001804,V00271,Platforms,1425.45,2025-02-15
C002627,V02491,Communities,1071.25,2024-12-07
C002325,V04110,Paradigms,1238.0,2024-02-01
C000582,V02862,Systems,1704.61,2024-02-14
C002630,V04834,Metrics,3151.45,2025-04-03
C003612,V02266,Niches,1222.31,2026-02-23
C004216,V01829,E-services,2253.38,2026-01-06
C002591,V03561,,3710.98,2025-05-04
C000500,V01362,Networks,4498.55,2025-07-15
C000940,V02173,Relationships,2207.19,02/04/2026
C002142,V04871,Metrics,3045.59,2024-10-22
C003527,V04510,Relationships,2787.41,2025-12-26
C004202,V02335,Metrics,4072.99,2025-05-09
C000143,V00576,Web-readiness,2097.09,2024-01-07
C004348,V04629,E-commerce,800.22,2026-02-20
C004790,V02300,Experiences,246.01,2024-06-02
C000417,V00132,Infrastructures,3222.81,2025-03-19
C000703,V02273,E-commerce,4792.72,2023-07-24
C000927,V02441,E-tailers,859.4,2025-01-02
C001234,V00911,Paradigms,3095.72,2025-07-10
C001214,V03731,,3691.76,2024-11-03
C001895,V01980,Architectures,4931.8,2023-06-04
C003727,V00124,Roi,354.78,2023-11-14
C000171,V02621,Channels,386.59,2023-06-29
C004438,V03492,Markets,618.69,2024-08-07
C003967,V02430,E-markets,4429.2,2024-11-18
C002336,V02460,Channels,1431.04,2023-05-22
C003501,V01580,E-markets,1369.07,2024-06-05
C001900,V01423,Platforms,2013.37,2025-04-06
C000253,V03168,E-services,3314.45,2026-02-19
C001036,V04173,Paradigms,3672.06,2024-12-14
C001761,V04060,Schemas,2648.06,2023-05-14
C000635,V04729,Networks,4905.76,2023-10-18
C003538,V04869,E-commerce,1719.77,2024-01-28
C004495,V04800,Partnerships,-4190.33,2025-11-09
C002916,V04639,E-services,2813.67,2023-09-16
C001383,V00086,Convergence,2218.09,2026-04-15
C004457,V03743,Models,1887.14,2023-08-11
C004538,V02524,Bandwidth,19.85,2024-08-10
C001447,V02299,Schemas,442.82,2024-09-04
C002457,V03427,E-services,367.89,2025-01-15
C004259,V03336,Users,2825.3,2024-02-22
C001576,V02867,E-markets,2401.25,2024-01-12
C004559,V01036,E-services,1801.93,2024-09-12
C003913,V02566,Infrastructures,1933.21,2026-03-08
C004612,V02308,E-services,402.82,2024-04-16
C003925,V01663,Schemas,-1708.44,2025-01-10
C001029,V04941,Infrastructures,48.73,2023-09-07
C001588,V04787,,1082.86,2025-09-17
C000273,V03992,Infrastructures,-651.39,2025-07-01
C000849,V04441,Roi,957.34,2025-06-18
C000543,V01740,Metrics,1274.35,2025-01-02
C000178,V03409,Metrics,3379.11,2025-07-18
C002681,V04508,Schemas,2751.58,2024-03-03
C003342,V03652,Users,3229.34,2024-12-10
C002850,V04647,Users,2391.98,2025-08-30
C000244,V02025,Solutions,637.65,2026-03-02
C003997,V04143,E-services,1729.31,2023-07-25
C004701,V01854,Paradigms,4515.56,2024-10-09
C003341,V01586,Relationships,4007.25,2025-06-14
C000744,V03882,Markets,2090.14,2024-11-10
C004744,V03738,Systems,4474.55,10/08/2025
C002031,V01884,E-services,695.57,2026-01-04
C003174,V04981,Networks,2197.08,2024-01-19
C004314,V00760,Action-items,1014.72,2026-03-17
C004419,V00407,,886.67,2025-04-28
C002874,V04857,Web-readiness,3212.88,2025-12-23
C001025,V04355,Services,1632.44,2023-06-12
C002151,V00882,Services,148.17,2023-05-05
C001958,V03603,E-services,3506.33,2025-02-25
C002386,V04857,Users,4628.2,2025-06-29
C000027,V00411,Roi,1038.59,2026-04-07
C000657,V01406,Niches,1839.93,2025-09-23
C001482,V03000,Communities,831.49,2024-01-11
C001772,V04051,Markets,894.83,2024-09-06
C001478,V04766,Relationships,417.28,2024-02-01
C001045,V02733,Schemas,4605.3,2024-06-18
C004606,V03873,Niches,3224.15,2025-04-05
C003268,V04674,Solutions,3075.4,2025-01-30
C003411,V04067,Infrastructures,258.21,2023-11-04
C001059,V04675,E-markets,4843.21,2023-12-06
C004441,V04645,E-commerce,1155.61,2025-09-21
C003638,V00385,Infrastructures,1183.35,2023-04-27
C004326,V04763,E-services,1959.55,2024-11-15
C001193,V04453,Partnerships,1380.19,12/11/2025
C001312,V04134,E-tailers,2757.5,2023-11-04
C001351,V03662,Convergence,3241.99,2025-02-07
C001559,V03203,Services,2963.58,2024-09-06
C003382,V04251,E-services,3429.13,2023-12-19
C002570,V02519,E-tailers,1933.89,2023-08-18
C003051,V04656,Roi,1255.26,2024-08-18
C004475,V01926,Convergence,4911.82,2025-09-29
C001923,V04120,Bandwidth,4633.02,2024-01-14
C004359,V04555,Methodologies,2325.16,2026-02-06
C000981,V01817,Metrics,2825.98,2024-06-08
C002244,V00732,Users,3562.37,2024-11-22
C002253,V00867,Models,3070.77,2025-03-21
C002678,V02337,Partnerships,4870.59,2025-03-18
C003607,V03488,E-business,144.59,2024-12-21
C003475,V02565,Users,1025.29,2023-08-05
C002693,V02272,Platforms,1119.08,2025-08-27
C000523,V03504,Communities,1760.15,2025-03-19
C003868,V03257,Services,4748.83,2026-01-31
C002835,V00769,Web-readiness,593.69,2023-10-10
C001254,V01782,Markets,1378.99,2024-12-02
C001994,V04754,Paradigms,4168.37,2023-06-15
C002324,V02472,Solutions,612.81,2024-09-29
C000055,V04328,Users,1975.1,2023-12-30
C003639,V03170,Relationships,4185.51,2024-01-24
C002032,V03581,Users,964.28,2024-03-30
C003460,V00305,Roi,4125.83,2025-11-28
C004763,V02713,Partnerships,4026.61,2026-04-02
C000124,V03441,Convergence,1600.24,2024-06-18
C000446,V04393,Systems,2995.19,2023-10-15
C004775,V03911,Markets,3299.89,2024-02-29
C002709,V00207,Infrastructures,2851.22,2023-06-21
C003964,V00243,E-services,2003.48,2025-06-01
C000960,V04430,Experiences,4920.41,2024-06-02
C000847,V00239,Solutions,217.26,2024-12-22
C003680,V04556,Paradigms,1973.8,2026-04-15
C003149,V03491,Niches,679.48,2024-05-28
C000905,V04139,Networks,1581.17,2026-03-11
C004411,V02738,,3346.39,2025-10-21
C000229,V04217,Action-items,782.29,2023-08-23
C003084,V03739,Roi,3927.88,2025-04-28
C002724,V04302,Bandwidth,1129.73,2024-04-08
C001484,V02903,Niches,3002.26,2025-09-29
C004444,V01557,Systems,3323.57,2025-12-06
C000302,V02356,Niches,539.8,2024-12-21
C001306,V02874,Functionalities,311.15,2024-11-03
C004585,V01147,E-services,2447.96,2024-10-25
C002529,V00710,Communities,1129.51,2024-01-29
C000541,V02835,Systems,3524.81,2025-10-09
C000661,V01517,Functionalities,1074.89,2025-12-22
C003627,V03421,Functionalities,3180.9,2026-04-01
C002211,V04817,Markets,2998.88,2023-06-25
C002410,V02329,Niches,1548.67,2024-08-14
C004406,V00074,Architectures,214.27,2023-09-06
C003376,V02078,Niches,3265.19,2025-02-26
C001968,V04554,Niches,1580.18,2023-11-18
C004484,V03540,Info-mediaries,2264.96,2024-04-20
C000813,V00827,Solutions,338.22,2023-12-27
C001359,V00227,Web-readiness,4952.43,2025-07-03
C002772,V02894,Convergence,2226.78,2026-02-21
C004089,V04714,Metrics,4020.87,08/24/2024
C000826,V02041,E-tailers,1393.11,2025-08-13
C000903,V03422,Users,358.11,2024-01-18
C002887,V03126,Platforms,2515.93,2024-11-16
C001784,V00073,Networks,4105.75,2023-11-22
C004063,V04997,Metrics,3998.63,2025-01-18
C000553,V04132,E-services,1058.09,2024-07-21
C003573,V02550,E-services,3082.56,2025-01-20
C002467,V02152,E-services,4736.27,2023-07-13
C004239,V00646,Metrics,3097.13,2025-02-09
C000416,V01604,Markets,4760.92,2024-04-25
C004548,V04118,Metrics,4535.56,2025-03-17
C002507,V04706,E-services,3241.32,2025-03-06
C003835,V00805,Markets,3484.7,2023-08-22
C001832,V04045,Users,4284.58,2025-11-30
C003929,V01317,Metrics,2929.34,2024-08-13
C004594,V00295,Architectures,1738.58,2026-04-01
C002903,V01430,Platforms,1718.47,2025-05-06
C001826,V00322,Platforms,1193.92,2024-07-04
C004521,V01640,Platforms,-1467.36,2024-11-25
C003403,V04610,Channels,3190.49,2025-02-26
C004771,V01297,Users,1525.5,2025-08-07
C001272,V04218,Roi,4959.48,2025-06-24
C000288,V02450,E-services,4557.69,2026-01-04
C000950,V03053,Paradigms,4091.7,2024-12-19
C001953,V00491,Experiences,2328.15,2025-11-15
C001289,V00814,Architectures,4964.2,2025-08-02
C004022,V03077,E-services,3617.67,2024-08-31
C004209,V00691,Infrastructures,2573.74,2026-02-05
C003327,V04450,Action-items,4995.1,2023-06-23
C003487,V00958,Solutions,1232.98,2025-02-11
C003936,V02951,Roi,949.49,2024-05-31
C004218,V03840,Systems,1645.36,2025-03-05
C000617,V01332,Metrics,2470.17,2024-03-25
C004154,V03761,Architectures,3173.71,2023-05-27
C001506,V02324,Roi,2799.96,2024-11-02
C001621,V01733,Metrics,4817.5,2023-12-27
C001269,V03157,E-commerce,3710.18,2024-10-29
C003462,V03067,E-markets,2673.62,2024-01-13
C000810,V01877,Users,3397.06,2023-09-22
C001362,V03638,Platforms,1911.86,2024-12-03
C002689,V04587,Architectures,4361.74,2025-05-17
C000728,V03062,E-business,1610.59,2023-08-09
C001076,V01615,Paradigms,4745.0,2026-03-11
C004143,V02728,Experiences,4204.23,2025-02-28
C001098,V01521,Platforms,4468.97,2025-09-18
C000619,V01164,Metrics,2022.48,2026-02-22
C003120,V04867,Schemas,4013.07,2024-03-24
C001368,V01648,Markets,4035.26,2025-06-02
C002679,V00474,Platforms,3968.14,2025-02-27
C001820,V01115,Networks,4502.12,2026-03-16
C000930,V01236,Networks,1151.77,2025-01-06
C004372,V03524,Bandwidth,2506.11,2025-09-20
C002860,V03364,Functionalities,4824.4,2024-01-15
C003521,V04692,Niches,3896.27,2023-12-18
C004206,V01021,Relationships,442.33,2024-11-18
C002302,V00850,E-tailers,2279.32,2025-12-11
C004341,V00920,Users,1647.74,2026-03-15
C001695,V00054,Systems,132.5,2025-02-25
C004662,V01525,Paradigms,2114.81,2026-04-08
C001462,V03462,Platforms,4308.96,2024-01-25
C004162,V04037,E-services,644.62,2024-02-01
C000438,V01224,Infrastructures,1220.94,2025-05-21
C004934,V03389,E-commerce,105.61,2025-02-28
C000297,V02855,Channels,3913.76,2025-07-13
C003850,V02863,Channels,141.15,2023-06-20
C003648,V03109,Channels,2451.13,2024-01-08
C002266,V03690,E-commerce,2689.69,2023-12-22
C001801,V03019,E-tailers,4317.66,2023-07-22
C001745,V00415,Bandwidth,-4529.27,2026-04-10
C002362,V04902,Niches,1508.16,2023-07-28
C003244,V02446,Infrastructures,4577.08,2023-06-12
C001391,V02599,Functionalities,2526.98,2024-01-11
C002067,V02285,Solutions,291.31,2025-06-26
C004386,V02955,Action-items,3533.4,2023-08-08
C001490,V04773,Niches,1614.25,2023-09-21
C004334,V00823,Niches,3352.53,2023-07-30
C000832,V01215,Convergence,3575.75,2024-03-22
C000157,V01265,Users,2432.01,2025-11-27
C004619,V02738,E-markets,1452.76,2025-09-03
C003121,V00960,Systems,2863.01,2026-04-15
C001441,V01352,E-markets,3047.66,2025-05-08
C004937,V04073,Niches,3811.63,2026-02-07
C004597,V03047,Action-items,623.83,2025-04-10
C004362,V00112,Metrics,2502.6,2024-12-06
C000531,V04090,Infrastructures,3680.71,2025-09-10
C003511,V04567,Info-mediaries,3058.62,2025-10-06
C001401,V02567,Platforms,973.18,2026-01-14
C002097,V03321,Experiences,91.84,2026-02-07
C002622,V04212,Experiences,3464.4,2024-04-06
C001580,V01758,Solutions,4982.61,08/25/2025
C001344,V03716,Roi,1842.0,2024-09-27
C003091,V03829,Users,320.72,2024-06-01
C004398,V01094,Schemas,3522.46,2026-02-26
C003106,V03426,,2776.71,2023-10-31
C000484,V03765,Solutions,1055.55,2025-05-10
C002520,V00205,Networks,4905.6,2025-02-06
C002070,V03296,Convergence,2706.63,10/28/2025
C002483,V02222,Users,4490.23,2024-01-20
C004253,V02229,Relationships,1158.86,2024-12-12
C004199,V02506,Methodologies,57.95,2024-02-01
C003303,V01382,Solutions,2138.94,2025-03-08
C001221,V01676,Schemas,4001.58,2025-03-22
C000722,V00444,Niches,1230.27,2026-01-19
C004168,V01776,Experiences,1400.18,2025-02-06
C004248,V04477,Action-items,3311.56,2025-08-21
C003570,V03274,Channels,1570.88,2026-01-01
C004262,V04823,Models,3935.59,2023-09-18
C003838,V02088,Systems,954.2,01/29/2025
C003926,V02265,Infrastructures,3397.1,2023-12-03
C000969,V01577,Roi,3803.0,2025-09-20
C000948,V04552,Architectures,-283.25,2023-12-21
C003760,V02942,Niches,4101.66,2026-04-03
C004012,V02094,Platforms,3080.3,2024-09-14
C003328,V03626,Action-items,2384.52,2025-05-23
C002088,V04655,Metrics,3898.02,2025-06-26
C001674,V01300,Platforms,104.54,2023-07-10
C002855,V04478,Roi,4524.43,2023-06-26
C000839,V04575,Channels,2589.19,2024-06-02
C004819,V04369,E-services,3095.24,2023-12-11
C004680,V01294,E-tailers,1152.59,2025-07-07
C002398,V03490,Schemas,4649.07,2025-11-30
C004102,V03365,Schemas,2822.25,2026-01-22
C001114,V04050,Systems,2373.04,2025-04-02
C001083,V03638,Models,22.2,12/14/2025
C000549,V03693,Niches,4579.73,2025-12-13
C003847,V01406,E-tailers,3411.35,2025-01-25
C004336,V02010,,3625.52,10/13/2023
C000440,V00782,Channels,2992.53,2025-02-11
C003486,V02045,Architectures,4775.42,2025-09-21
C001788,V03453,Functionalities,3313.75,2023-10-26
C004839,V04885,Services,3038.12,2024-11-07
C003983,V03637,Communities,2546.73,2024-09-20
C001230,V04090,Infrastructures,1092.62,2025-12-05
C002633,V03867,Platforms,766.29,2025-12-30
C004960,V04401,Niches,4418.74,2025-07-29
C004988,V01010,Networks,-1236.86,2025-12-17
C001692,V03308,Bandwidth,2370.67,2024-10-01
C002901,V03584,Niches,1270.63,2025-06-18
C002898,V03750,Services,468.73,2026-01-07
C001596,V03262,Users,2580.95,2026-02-17
C002164,V04827,Web-readiness,1533.62,2023-09-10
C003687,V02690,Users,1944.33,2023-07-05
C000941,V03884,Platforms,4364.84,2024-01-08
C000278,V01752,Relationships,2995.38,2025-04-10
C000372,V00159,Channels,4681.28,2025-10-29
C001297,V01231,Solutions,3571.03,2025-06-18
C003250,V04661,Channels,3059.0,2025-09-06
C004542,V01372,Niches,1183.18,2025-05-28
C003631,V01590,Infrastructures,2107.28,2025-03-09
C000734,V01232,Services,4972.78,2025-12-20
C001224,V02927,Functionalities,1458.87,2024-09-08
C002145,V00944,E-markets,1260.01,2024-04-14
C003525,V04232,Users,3455.46,2024-03-21
C003536,V04090,Channels,824.99,2023-11-05
C000043,V03167,Web-readiness,3212.29,2024-06-20
C002416,V02369,E-commerce,2608.12,2023-09-05
C003673,V03802,Infrastructures,3257.56,2025-10-18
C003220,V04784,Experiences,1204.31,2025-10-25
C000821,V01042,Roi,736.79,2026-02-21
C001661,V01670,Networks,2339.79,2023-12-08
C004323,V01213,Channels,3381.98,2025-12-02
C002927,V01811,E-commerce,2827.61,2024-09-10
C003431,V04236,Models,51.34,2024-03-18
C003958,V03648,Communities,2058.99,2024-04-26
C001891,V01337,Models,374.47,2025-03-13
C001199,V02374,Users,1408.22,2023-10-10
C001870,V01385,Roi,118.1,2024-03-04
C003299,V04294,Systems,2827.52,2024-09-12
C004254,V00550,E-services,1799.02,2025-11-16
C002347,V02364,Markets,4972.89,2025-02-12
C003474,V00463,E-business,932.76,2024-12-10
C004025,V00994,Info-mediaries,2205.4,2024-11-30
C000099,V01599,Paradigms,197.17,2025-06-04
C002159,V01203,Bandwidth,3496.52,2025-01-27
C003292,V01214,Communities,407.85,2024-12-02
C003261,V03228,Roi,4145.07,2024-10-28
C003908,V01346,Action-items,751.76,2024-08-27
C002853,V04357,Channels,4676.81,2023-11-30
C004158,V02038,Platforms,4468.25,2024-01-19
C004833,V04295,E-services,2042.56,2024-03-05
C003552,V03068,Solutions,2924.59,2023-12-06
C001255,V00777,Systems,4774.53,2025-11-29
C004859,V03922,Networks,2097.44,2024-04-15
C001939,V01696,Metrics,1294.72,2026-04-14
C004745,V01575,Roi,224.09,2024-09-23
C000154,V00966,Web-readiness,4243.13,2024-04-25
C003881,V00370,E-services,3859.15,2024-10-03
C001768,V04275,Web-readiness,1388.21,2024-02-08
C003355,V04542,Channels,4831.38,2026-03-19
C003097,V01100,Relationships,-3076.08,2024-10-07
C004812,V04862,Schemas,4003.06,2024-08-17
C003999,V00507,Bandwidth,912.39,2024-03-07
C004723,V01958,,1200.27,2023-12-04
C002653,V01389,Roi,2588.98,2026-03-02
C004761,V04329,Users,4950.17,2024-02-05
C003872,V01877,E-services,3332.1,2024-12-16
C001616,V02020,Communities,1324.9,08/28/2024
C002144,V00799,Systems,1463.15,2025-06-23
C001463,V00412,Channels,3086.59,2025-02-28
C003481,V00970,Niches,2365.66,2025-10-01
C000098,V01950,E-tailers,1909.02,2024-07-09
C000258,V02033,E-markets,4932.2,2025-01-15
C002644,V02757,Web-readiness,2904.67,2026-04-01
C001292,V03699,Niches,2437.2,2024-07-24
C000879,V02575,E-services,1106.6,10/18/2025
C003102,V01872,Users,39.02,2023-06-27
C001663,V01432,Paradigms,4903.62,2023-10-14
C004080,V03067,Channels,2007.88,11/24/2023
C002705,V01689,E-tailers,3821.9,2023-07-31
C004223,V01761,Niches,2675.96,2025-07-07
C004657,V00269,E-services,2096.43,2024-05-31
C004516,V00199,Action-items,3754.6,2023-08-03
C001396,V04591,E-services,1571.92,2023-07-24
C004268,V03933,Metrics,3850.37,2023-09-19
C004234,V02114,,437.73,2024-10-18
C001718,V04530,Web-readiness,-2185.67,2023-12-06
C002572,V02126,,1609.77,2024-06-27
C004613,V02148,Paradigms,1606.01,2023-08-17
C001541,V04993,Roi,4269.81,2023-04-22
C000906,V02853,Roi,2257.68,2024-08-24
C003074,V00721,Niches,3743.71,2025-11-18
C001257,V02123,Systems,3555.07,2023-10-24
C002158,V02811,Infrastructures,2610.87,2023-06-29
C002838,V01779,Niches,3332.73,08/18/2025
C000141,V02765,Relationships,1664.48,2024-11-06
C000136,V01555,Functionalities,4111.88,2024-04-05
C000135,V01568,Users,1117.37,2025-06-20
C000328,V04294,Schemas,2176.54,2024-08-31
C001524,V00920,E-commerce,4889.26,2024-12-18
C001284,V01964,Bandwidth,4382.6,2024-09-03
C004229,V01640,Services,1813.84,2024-11-02
C003122,V02175,Metrics,1023.29,2024-09-30
C001276,V01034,Architectures,4287.63,2025-01-01
C002908,V02405,Info-mediaries,4804.86,2023-11-18
C002456,V00621,Platforms,1273.14,2024-05-08
C004524,V04757,Users,214.66,2025-09-08
C003142,V01451,Networks,1480.08,2025-05-11
C001421,V03417,E-services,2922.75,2023-05-25
C002443,V03180,,562.21,2025-04-24
C001638,V00320,Markets,4411.03,2024-06-21
C003159,V03944,Schemas,4610.61,2023-04-27
C004998,V02074,Users,3767.68,2023-06-30
C003864,V00710,E-markets,3390.66,2025-10-06
C001356,V01236,Users,2912.45,2024-07-02
C000445,V01417,Schemas,947.47,2023-09-14
C002201,V00610,Niches,520.85,2024-10-19
C004324,V03232,Solutions,1206.46,2024-09-23
C004096,V00662,Platforms,3319.18,2025-02-18
C000825,V01541,Web-readiness,3113.64,2025-05-27
C000188,V03963,Channels,2489.69,2024-05-08
C000922,V01774,Methodologies,-4042.54,2023-10-19
C004774,V01705,Solutions,2175.42,2023-07-01
C002897,V03254,Users,4460.68,2024-04-30
C004038,V02241,Communities,1644.25,2025-10-18
C004159,V04145,Bandwidth,-4843.87,11/02/2023
C002172,V00521,Functionalities,2931.83,2025-01-03
C000268,V03776,Platforms,2854.97,2024-11-10
C004517,V03528,E-services,1329.75,2024-10-15
C002274,V01549,Models,4467.52,2025-08-14
C003900,V01111,Info-mediaries,3598.86,2024-03-19
C003704,V01233,Services,1817.92,2025-06-16
C001477,V05000,Services,3953.86,10/08/2025
C003285,V04100,E-markets,945.11,06/07/2025
C001660,V04519,Solutions,1284.69,2025-12-26
C002518,V04010,Systems,343.06,2025-11-18
C002777,V04423,Experiences,770.65,2023-10-26
C004035,V01534,Functionalities,2772.15,2023-11-16
C000698,V02702,Models,931.07,2025-06-24
C000911,V03704,Experiences,1345.97,2025-09-23
C002445,V04588,Platforms,3685.98,2025-02-02
C002798,V04863,Convergence,369.09,2024-08-05
C002818,V00332,Bandwidth,4697.03,2024-05-14
C003556,V02304,Systems,2381.52,2024-09-13
C000983,V00122,Niches,1099.91,2025-02-13
C002177,V01322,E-services,4388.86,2023-12-19
C000752,V04801,E-services,1016.56,2025-03-05
C000625,V04245,Info-mediaries,3277.99,2025-07-04
C000468,V03973,Architectures,1006.17,2023-09-20
C003273,V00390,Niches,4755.19,2025-08-12
C000280,V00671,,339.17,2026-04-05
C004502,V01533,E-services,4310.63,2023-06-04
C000252,V04475,Channels,1458.43,2023-05-24
C000995,V03766,Action-items,2571.21,2025-11-13
C004846,V00689,E-services,502.2,2025-02-01
C002065,V00467,Schemas,4120.32,2024-03-10
C002086,V03511,Roi,1077.88,2025-04-12
C003613,V00301,Channels,1762.01,2024-01-21
C000842,V00524,Users,1577.15,2024-01-05
C000413,V04397,E-tailers,1090.09,2025-06-11
C002588,V01002,Solutions,259.19,2025-10-18
C002015,V02110,E-markets,1533.4,2024-01-10
C003095,V04677,Relationships,2572.03,2023-09-28
C000627,V03688,Metrics,4194.14,2026-02-02
C001547,V03776,E-business,950.56,2023-12-25
C001192,V03376,Services,4700.68,2025-12-18
C003207,V02168,E-services,3221.33,2025-09-25
C000796,V00637,E-markets,1735.68,2024-10-24
C001510,V04624,Schemas,3817.68,2025-08-04
C000895,V02204,Users,1181.18,2025-02-26
C001834,V02619,Methodologies,818.25,2025-01-06
C000970,V02417,Info-mediaries,2541.41,2023-11-19
C001808,V02688,Networks,3977.23,2025-01-17
C003858,V01340,,917.7,2025-06-21
C001290,V03606,E-services,3758.8,2025-03-04
C004011,V03103,Systems,1596.42,2025-09-23
C001453,V00794,Metrics,4803.79,2025-03-22
C001429,V00628,E-services,386.13,2025-03-26
C004549,V02781,Partnerships,1496.05,2024-08-10
C004552,V03662,Models,1729.42,2024-02-24
C001847,V00295,Channels,1167.79,2026-03-04
C003218,V01448,Channels,1122.54,2025-04-14
C000149,V01710,Roi,561.95,2025-12-13
C001983,V01135,Bandwidth,4585.2,2023-05-26
C001178,V01340,Communities,2503.53,12/08/2024
C000961,V00034,E-tailers,786.15,2025-01-06
C000160,V04730,Platforms,4293.6,2025-12-03
C002294,V00459,Markets,999.0,2023-12-09
C003819,V03289,Bandwidth,2067.75,2025-10-08
C000032,V02731,Infrastructures,997.63,2025-12-13
C000595,V02670,E-business,124.92,2025-01-10
C003767,V03124,Models,1128.58,2024-10-26
C003887,V02965,Infrastructures,4238.57,2024-01-02
C003113,V03801,Niches,1810.03,2023-04-18
C002192,V01219,Infrastructures,1704.63,2025-10-02
C004698,V02102,Metrics,3800.62,2024-09-06
C004127,V02557,Info-mediaries,274.84,2026-03-12
C000213,V01688,E-markets,1944.61,2026-02-17
C002785,V04472,Communities,1464.19,2025-08-02
C000206,V03786,E-services,678.43,2026-03-06
C004342,V00926,E-services,1213.1,2025-05-20
C003221,V00897,Niches,3750.1,2025-08-27
C003744,V01273,Systems,4345.06,2024-10-28
C002574,V03442,Paradigms,1363.76,2023-09-08
C000275,V03596,E-tailers,1604.95,2024-06-18
C003565,V00966,Partnerships,2037.87,2026-03-04
C004493,V03967,Roi,4060.75,2024-02-27
C004924,V01400,E-business,586.02,2023-09-06
C002125,V01972,Paradigms,4566.6,2025-06-08
C004909,V00089,Models,2477.26,2025-05-14
C000539,V03181,,2026.54,2025-03-21
C001003,V02575,Schemas,4292.06,2024-05-11
C000689,V04063,Methodologies,4883.96,2025-12-15
C000685,V03889,Relationships,2151.53,2025-10-16
C003138,V01492,Users,1579.25,2024-06-25
C003281,V04959,,756.38,2024-03-23
C003022,V02014,Channels,1046.96,2025-10-27
C004977,V01268,Networks,3661.27,2024-10-02
C001436,V00282,Architectures,2220.88,2024-05-26
C001704,V04847,Markets,2358.8,2025-02-16
C004391,V04554,Niches,1572.71,2024-11-10
C002079,V03339,Channels,1939.16,2024-06-01
C004088,V04489,E-services,1780.33,2024-06-27
C003294,V04551,Solutions,1186.69,2024-07-23
C003667,V03657,E-services,3227.44,2025-07-27
C000007,V03895,Metrics,4499.23,2024-04-27
C000956,V02058,Infrastructures,1319.37,2025-08-02
C004576,V04457,E-commerce,1919.41,2025-11-30
C002132,V00362,Niches,1174.85,2023-08-05
C001601,V00652,Services,3711.29,2026-01-02
C002134,V00729,Web-readiness,567.4,2024-12-27
C003729,V04824,Metrics,3319.14,2023-12-15
C004250,V02775,Roi,1577.22,2023-06-27
C002649,V02150,Users,4319.13,2024-10-31
C004520,V02291,Paradigms,225.24,2025-05-12
C000330,V03813,E-markets,4506.45,2023-06-17
C003365,V04033,E-commerce,595.05,2024-08-19
C004887,V01669,E-tailers,2732.26,2025-02-25
C003560,V04067,,3237.18,2023-06-06
C003918,V01728,Platforms,2952.26,2025-07-25
C003443,V04093,Roi,1243.7,2024-03-16
C004421,V03594,Niches,2290.74,2023-11-16
C001331,V00572,Users,3878.62,2026-01-17
C000398,V01629,Niches,2650.14,2024-04-11
C000787,V01957,Metrics,654.34,2023-07-31
C000775,V03814,Paradigms,3618.56,2023-12-24
C000130,V02007,Users,4532.89,2023-10-25
C002496,V02338,Roi,-3751.17,2023-07-04
C004460,V01466,Paradigms,4554.46,2025-05-19
C001067,V00896,Platforms,4532.7,2024-08-27
C001949,V01318,Platforms,872.38,2024-09-17
C000746,V04105,E-services,669.76,2026-01-02
C003837,V00282,Users,2904.31,2023-10-19
C004269,V03922,Infrastructures,1371.53,2024-10-19
C003818,V04424,Users,4423.55,2023-12-21
C001914,V00736,E-tailers,2344.26,2023-07-01
C002909,V04656,Functionalities,1609.89,2024-02-14
C004172,V02798,Relationships,4552.9,2024-04-04
C002227,V01267,Experiences,4473.6,2023-10-01
C002955,V04018,Infrastructures,1944.12,2025-03-12
C003951,V04955,,4201.92,2024-04-18
C000227,V02907,Users,4611.65,2024-08-10
C000309,V00162,Info-mediaries,206.5,2025-03-24
C001153,V01850,Metrics,4906.13,2025-09-27
C000590,V04891,Info-mediaries,1966.79,2025-02-13
C000776,V00814,Methodologies,1384.38,2025-09-12
C002636,V04258,Users,994.16,2024-06-02
C003876,V02075,Markets,4937.85,2025-11-12
C004288,V00660,Infrastructures,2844.92,2024-02-23
C001912,V00072,E-business,1147.07,2024-09-14
C003803,V01346,Platforms,482.24,2026-03-15
C002334,V04661,Convergence,716.82,2024-09-15
C002564,V02267,E-tailers,3580.02,2024-08-20
C001043,V04078,Roi,3845.28,2025-11-29
C003543,V03963,Markets,651.81,2024-05-17
C004122,V01199,E-markets,3611.12,2025-03-21
C003458,V02654,Users,1914.94,01/27/2026
C000396,V00143,Users,579.56,2024-07-14
C000696,V04013,Paradigms,1308.25,2023-04-28
C000944,V01072,E-business,2680.22,12/20/2025
C001806,V04128,E-business,3357.85,2025-10-21
C002707,V04683,Functionalities,246.54,2024-12-09
C003347,V03324,Action-items,4579.98,2023-11-25
C001922,V04998,Paradigms,3933.93,2024-12-30
C001722,V03842,Infrastructures,2947.46,2023-09-04
C001948,V03187,E-services,755.39,04/26/2023
C000364,V01719,Infrastructures,734.8,2024-11-24
C000850,V02215,Action-items,3728.36,2023-06-23
C001742,V00867,Models,577.54,2023-05-14
C000664,V01652,Experiences,4048.69,2023-05-11
C003955,V02184,Relationships,2709.24,2024-02-26
C001039,V01663,Architectures,30.32,2025-08-02
C002645,V04261,,1972.31,2024-04-13
C000605,V01358,Relationships,3446.95,2025-03-28
C004799,V04482,E-tailers,-2966.52,2025-03-18
C002958,V04424,Metrics,2315.19,2023-09-21
C002733,V00314,Platforms,4502.01,2025-06-25
C000464,V04581,Systems,1432.19,2025-03-25
C004390,V03002,Users,867.46,2023-07-31
C002819,V00619,Systems,2273.03,2024-01-14
C003025,V02353,Experiences,904.76,2023-05-22
C003387,V00145,Infrastructures,4326.1,2024-08-26
C001857,V01501,Channels,1565.38,2023-11-16
C000070,V01131,Methodologies,927.88,2025-11-12
C002896,V04438,E-services,21.52,2026-01-21
C001930,V04584,Infrastructures,1839.25,2025-02-21
C001635,V00359,Niches,2806.98,2024-07-31
C002892,V02007,Niches,4984.5,2024-04-17
C000177,V03918,Partnerships,3314.28,2025-08-28
C002634,V04066,Users,4679.31,2024-01-05
C001329,V04012,Infrastructures,4760.66,2024-04-08
C000681,V03905,Users,3370.99,2024-12-27
C002417,V03268,Methodologies,1054.59,2024-09-07
C002262,V04170,Users,3489.34,2024-09-24
C004275,V02101,Experiences,4513.86,2025-09-04
C000829,V03979,E-tailers,4671.93,2024-11-22
C004054,V01386,Niches,3907.22,2025-01-22
C000525,V02667,Systems,4257.02,2026-03-31
C000337,V02126,Platforms,4224.24,2025-05-28
C000023,V02200,E-services,2338.12,2025-05-18
C001854,V00749,Services,1602.23,2024-05-12
C004880,V02588,E-services,3563.71,2026-03-28
C001065,V00256,Paradigms,4783.19,2023-12-13
C001375,V02014,Systems,3143.47,2024-07-15
C000778,V04049,Architectures,3701.21,2025-11-07
C002194,V00467,Methodologies,4898.66,2025-04-28
C002182,V02674,Bandwidth,1333.04,2024-06-11
C004145,V04728,Users,3238.29,2023-07-24
C000836,V04555,Roi,767.91,2025-08-11
C004529,V04518,Metrics,2595.63,2023-04-28
C003788,V00533,Users,4648.23,2024-10-04
C003576,V03720,Niches,206.75,2024-04-29
C001407,V01964,Partnerships,2665.95,2023-07-18
C002474,V01393,Metrics,4050.3,2026-01-31
C000711,V02224,Communities,3416.56,2026-02-19
C002264,V00896,E-services,846.97,2024-12-07
C004729,V01341,Architectures,2941.81,2023-11-23
C002200,V04688,Niches,2129.46,2025-10-18
C003029,V04119,Schemas,2312.22,2026-04-11
C001719,V00832,Niches,4074.76,2024-06-29
C000739,V02660,Users,265.61,2026-01-09
C002479,V02883,Infrastructures,1010.85,07/25/2024
C000938,V02921,Systems,2271.64,2023-11-27
C002959,V00030,Communities,1761.52,12/27/2024
C000702,V02500,Paradigms,22.89,2024-12-12
C004962,V00252,Services,-520.0,2023-12-13
C003562,V04852,Solutions,874.98,2023-06-18
C002813,V02371,E-tailers,-983.1,2023-06-13
C001883,V04519,Methodologies,4208.99,2025-06-28
C000600,V04375,E-business,3559.38,2025-04-21
C002178,V00522,E-commerce,4861.74,2025-06-19
C003118,V01297,E-tailers,4839.19,12/24/2025
C003202,V01906,Markets,3924.88,2024-05-20
C002096,V02269,Solutions,1553.39,2023-12-20
C003721,V03513,E-services,3844.34,11/28/2025
C003924,V02307,Action-items,1961.73,2025-12-10
C001341,V02187,Niches,3467.7,2024-03-06
C000917,V02855,Functionalities,447.07,2025-08-11
C001785,V03611,Infrastructures,3100.21,2025-05-05
C000958,V02876,Experiences,2100.76,2023-09-27
C001793,V01822,E-commerce,2720.29,2024-04-10
C001937,V03237,E-services,4817.32,2025-03-12
C004489,V04362,Paradigms,3090.75,2025-09-22
C001511,V04270,E-tailers,894.56,2024-02-27
C002671,V02176,Platforms,1587.3,2024-07-04
C000537,V02294,Experiences,2921.92,2024-01-25
C000420,V01374,Platforms,629.15,2024-09-23
C004586,V01871,Networks,3261.94,2023-11-17
C002527,V04844,E-markets,3729.62,2023-11-07
C003167,V03237,,1378.47,2023-07-18
C000038,V03152,Methodologies,2127.83,2023-08-20
C002787,V02287,Solutions,3534.85,2025-12-09
C004634,V04351,Models,2966.16,2024-03-26
C001314,V03377,Info-mediaries,1809.32,2025-11-27
C000426,V03913,Systems,3102.86,2026-04-02
C003455,V04647,Niches,235.84,2025-11-25
C000058,V01192,E-tailers,4619.66,2023-08-21
C000745,V01328,E-commerce,4611.62,2024-03-25
C001219,V02650,Paradigms,690.11,2024-09-04
C002169,V01692,Channels,3138.81,2023-08-28
C000622,V02643,Systems,2382.25,2024-10-31
C001461,V03766,E-markets,-554.16,2025-08-18
C001991,V04986,Convergence,1943.72,2025-04-13
C001648,V03600,Solutions,1900.48,2025-04-17
C001599,V01333,Bandwidth,4527.27,2024-01-29
C001654,V00383,Channels,3564.37,2023-09-09
C001874,V00133,Services,4755.67,2024-04-09
C002277,V04957,Infrastructures,392.82,2025-06-06
C000890,V01622,E-commerce,1095.37,2025-08-13
C002468,V03923,Convergence,2007.91,2024-11-26
C001009,V04924,Users,3656.73,2025-11-13
C003346,V00013,Models,1056.4,2023-05-17
C001725,V04577,Paradigms,1957.81,2025-09-01
C004069,V02150,Solutions,4224.71,2026-03-10
C000593,V00752,Info-mediaries,3489.31,2025-09-03
C004563,V01643,Roi,3027.91,2024-05-01
C002792,V03133,Action-items,965.03,2025-07-15
C001732,V02975,Communities,3039.99,2023-05-01
C003082,V04347,Solutions,2963.43,2023-11-22
C003326,V02563,Partnerships,3550.19,2023-10-01
C001244,V04054,Info-mediaries,2000.7,12/06/2023
C001372,V00903,,3986.77,03/15/2025
C004610,V02031,Relationships,1883.75,2025-02-08
C004791,V01452,Roi,3134.47,2025-01-08
C001084,V04224,Partnerships,220.2,2024-04-20
C003412,V03676,E-services,1532.0,2025-04-07
C003534,V03517,Communities,3066.2,2024-08-16
C003796,V02361,Niches,636.55,2025-10-12
C004395,V01184,Architectures,898.72,08/07/2023
C004446,V03178,Solutions,2305.6,2025-04-05
C000360,V02295,Experiences,3081.57,2025-07-09
C001446,V02207,Action-items,799.1,2023-06-07
C003419,V00296,Communities,2112.1,2024-11-06
C003690,V00338,Experiences,4749.85,2025-04-30
C004029,V04326,Users,360.21,2024-01-25
C003620,V04966,Solutions,2344.11,2025-07-04
C003980,V01689,E-services,549.17,2025-10-15
C003512,V04225,Solutions,1601.92,2026-04-07
C000753,V00621,Platforms,1086.22,2025-11-03
C004174,V02922,Services,370.23,03/28/2026
C002036,V01344,Models,3881.47,2025-04-06
C001293,V03311,Paradigms,2230.33,2024-01-03
C003354,V00699,E-markets,1079.14,2023-07-10
C001818,V01475,Functionalities,-2738.7,2024-05-27
C001414,V04662,Platforms,2485.17,2024-05-29
C002698,V04232,Relationships,1617.2,08/09/2023
C004547,V01377,Schemas,3047.35,2025-10-25
C004951,V04810,Info-mediaries,2485.74,2025-11-06
C000080,V00539,Schemas,2386.43,2024-07-11
C003076,V03573,E-tailers,2167.77,2025-01-02
C001919,V00636,E-markets,1864.95,2025-05-21
C001594,V04168,Roi,4156.83,2026-04-17
C002237,V01735,Platforms,4445.82,2023-06-27
C000520,V01418,Services,4392.11,2023-09-24
C002751,V00343,Channels,212.73,2024-05-28
C003451,V03240,Platforms,4747.13,2023-08-07
C002060,V04887,Models,748.71,2024-04-14
C003212,V02142,Metrics,2544.23,2024-07-16
C004261,V02320,Functionalities,3650.96,2023-06-16
C000391,V01238,Models,3621.09,2026-01-05
C001486,V02475,E-markets,2023.32,2025-11-28
C003656,V02127,Platforms,4270.33,2023-04-24
C004370,V01140,E-markets,3367.9,2024-12-28
C001898,V03367,Roi,1357.97,2026-04-16
C004509,V00567,Metrics,3206.74,2024-04-14
C000678,V00516,Web-readiness,2166.74,2024-05-13
C000477,V01692,Paradigms,521.61,2025-08-19
C003535,V01344,Schemas,4397.08,2024-05-18
C000467,V01484,E-commerce,1933.86,2024-03-13
C004632,V04008,Channels,-1945.0,2024-05-28
C002429,V01993,E-services,-2100.01,2026-03-08
C001340,V02266,Schemas,2362.96,2023-08-03
C000708,V03240,Niches,3411.84,2024-02-25
C003600,V00661,Infrastructures,-2013.57,2023-09-01
C003201,V03366,Infrastructures,1309.04,2025-05-08
C004602,V00081,Schemas,1749.22,2023-10-06
C002292,V02234,Systems,4199.14,2024-12-21
C004599,V04440,Platforms,4459.15,2024-01-21
C002239,V03802,Metrics,1428.76,2025-01-31
C002501,V00010,Markets,1344.22,2023-05-10
C002538,V03231,Users,2239.21,2024-09-17
C004589,V03114,Roi,3184.53,2024-11-28
C000164,V04677,Schemas,1874.62,2025-12-31
C001902,V01012,E-commerce,3997.37,2024-02-15
C000332,V03170,Functionalities,4357.62,2023-06-10
C003350,V00428,E-services,4999.65,2026-04-15
C004652,V03818,Roi,3547.21,2024-07-03
C002552,V02906,Niches,-612.48,2023-12-10
C002259,V03048,Niches,1933.68,2023-05-06
C001921,V03845,Platforms,2305.05,2024-02-21
C003011,V01967,Metrics,2553.03,2025-10-22
C003070,V00751,Action-items,1473.64,2025-08-21
C004473,V02636,Roi,4011.63,2024-09-25
C002119,V02384,E-commerce,184.47,2023-12-01
C001681,V01560,E-commerce,2074.7,2024-12-02
C003502,V01791,E-services,1817.34,2026-03-31
C004340,V02812,Users,79.47,2024-12-24
C002475,V04503,Roi,3640.29,2026-01-23
C004264,V03013,Channels,108.99,2025-05-20
C001048,V03218,Bandwidth,2089.03,2025-11-26
C003437,V04473,E-tailers,-1104.38,2023-10-19
C003057,V02643,Services,4564.71,2023-09-05
C003141,V02099,Action-items,-2825.56,2023-09-03
C004986,V04076,E-business,2490.65,2025-05-11
C003998,V03155,Channels,647.3,2025-02-15
C001493,V01142,Services,-41.82,2026-02-01
C004512,V00455,Roi,3954.05,2023-06-27
C000349,V03697,Niches,4120.75,2024-03-07
C003761,V02699,Convergence,86.9,2023-12-05
C000802,V02596,Users,3557.91,2025-04-12
C002393,V04052,Functionalities,1510.26,2025-12-16
C004566,V04512,Platforms,4854.37,2026-04-07
C004593,V01531,Functionalities,4632.68,07/03/2023
C001113,V00786,E-tailers,-3635.3,2024-12-18
C001185,V02859,Partnerships,2388.61,2026-03-09
C002044,V01480,Convergence,3767.59,2025-08-29
C003112,V02506,,2227.62,2025-05-28
C004031,V03900,Solutions,2594.29,2024-04-24
C004746,V00454,Infrastructures,3548.84,2025-12-18
C002214,V01427,Platforms,3303.79,2026-01-09
C000105,V02892,Solutions,1822.79,2023-06-19
C000665,V02586,E-services,3571.09,2025-09-06
C004536,V01377,Schemas,427.31,2024-12-22
C000073,V00671,Solutions,-4497.4,2024-10-17
C002840,V02722,Solutions,1796.97,2023-06-03
C004482,V02195,Schemas,1930.54,2025-01-30
C003259,V03603,Paradigms,3235.1,07/22/2024
C002434,V03948,Schemas,3873.19,2024-10-30
C002990,V03842,Communities,2392.57,2025-07-16
C000236,V03642,Info-mediaries,1642.47,2023-12-17
C004959,V00633,Solutions,1411.64,2024-04-05
C004764,V03540,E-services,2819.38,2024-09-07
C001539,V02737,Architectures,3709.67,2025-10-08
C000247,V02301,Users,4144.97,2025-08-09
C000473,V00635,Niches,3387.27,2024-10-21
C004513,V03589,Infrastructures,1451.98,2023-12-20
C000085,V01476,Channels,134.33,2025-08-12
C001140,V01657,Channels,1284.37,2024-05-27
C001764,V02169,Relationships,945.01,2025-03-22
C000111,V04861,Users,788.75,2025-11-03
C004119,V00362,Architectures,4646.6,2024-03-28
C000012,V04322,E-markets,4344.08,2025-07-11
C002732,V01897,Users,4056.31,2023-09-26
C003905,V03651,Schemas,561.88,2026-01-28
C000198,V00923,Models,723.54,2024-04-28
C003154,V04966,E-services,2294.77,2025-01-28
C004361,V00465,Partnerships,-2520.37,2024-03-24
C001180,V03477,Channels,2316.79,2024-09-02
C003559,V02079,E-services,4748.71,2023-05-11
C001595,V00959,Paradigms,4291.53,2024-11-16
C000690,V03910,Relationships,4574.42,2023-06-20
C001928,V03153,Platforms,1943.44,2023-05-15
C003797,V02192,Platforms,1035.62,2023-09-14
C004615,V04664,Schemas,1235.19,2025-11-26
C003759,V00986,Functionalities,1342.5,2024-06-21
C000771,V03890,,2891.41,2025-12-14
C000885,V01885,Niches,838.01,2024-05-27
C004222,V01912,Metrics,-3327.32,2024-02-07
C003175,V00840,E-services,1100.97,2025-04-07
C002571,V00636,Infrastructures,4333.37,2024-01-17
C002313,V02963,Methodologies,3258.15,2025-11-04
C002320,V03728,Infrastructures,1852.08,2024-03-14
C001706,V04552,Users,2472.97,2024-09-22
C004290,V04471,Schemas,760.84,2025-03-05
C002987,V03222,E-services,3969.81,2025-11-15
C004095,V01855,Relationships,739.08,2024-01-16
C000192,V01387,E-tailers,923.56,2024-02-03
C003860,V00692,E-markets,4130.76,2024-10-31
C000203,V02453,,4675.24,2026-04-04
C001118,V01060,Markets,1553.07,2023-11-22
C001162,V04785,E-services,3116.69,2025-11-17
C003755,V00712,Metrics,4694.37,2023-06-13
C004445,V03182,Paradigms,804.9,2025-01-03
C002187,V01941,Niches,4393.43,2025-09-03
C001051,V03649,Users,4786.93,2026-02-12
C004654,V02295,Solutions,2555.42,2025-09-27
C001105,V01948,Paradigms,4193.89,2025-08-06
C000875,V02744,Bandwidth,1485.98,2023-12-24
C000168,V03925,Niches,3638.2,2023-07-27
C002286,V00428,Roi,4901.96,2024-04-06
C001642,V04535,Users,2479.57,2023-07-15
C000977,V01585,Methodologies,3626.98,2025-08-31
C004528,V02347,Roi,3634.14,2025-05-02
C003077,V01651,Schemas,3715.52,11/18/2023
C002797,V03857,E-markets,2647.24,2023-07-21
C004042,V00526,Bandwidth,1540.02,2024-12-05
C000267,V02319,E-services,2465.06,2023-10-04
C001335,V00845,Schemas,2003.21,2023-11-07
C004185,V00785,Infrastructures,599.24,2024-02-20
C002051,V02795,Metrics,2193.48,2024-03-18
C004831,V03869,Roi,85.38,2023-06-15
C000494,V02297,Channels,488.65,2023-06-19
C002053,V01509,Partnerships,2145.67,2024-07-06
C002105,V03872,Methodologies,852.34,2023-09-12
C000329,V03873,E-tailers,4304.78,2024-04-02
C001288,V02283,Partnerships,4834.55,2025-03-16
C002878,V04741,Roi,541.32,2026-03-04
C002674,V03650,E-tailers,2976.76,2025-05-20
C001575,V03445,Infrastructures,1430.89,2024-02-04
C002695,V00631,Paradigms,2468.95,2024-11-27
C003735,V01882,Services,2006.01,2025-05-13
C001112,V02288,Niches,265.7,2025-07-09
C002558,V01897,Info-mediaries,4814.33,2026-03-31
C003894,V03455,E-commerce,4326.45,2025-02-19
C000675,V04456,Niches,2696.27,2025-09-21
C004796,V02713,Systems,3500.73,2024-07-28
C001016,V03744,Systems,2696.13,2026-01-17
C001679,V01212,Users,560.05,2023-10-15
C000020,V00066,Users,1213.59,2024-01-19
C000441,V01380,Roi,4995.96,2025-02-22
C002480,V01201,Niches,4520.65,2025-07-19
C000238,V01581,Relationships,2006.9,2024-11-18
C002240,V01771,E-tailers,1362.89,2026-04-12
C002920,V03381,Niches,1514.96,2023-05-14
C004699,V02802,Experiences,714.14,2024-07-29
C002613,V04903,E-markets,4577.21,2023-10-07
C000096,V04022,Users,4256.91,2023-12-07
C004702,V00075,Channels,2841.48,2024-02-11
C002619,V03676,Channels,3776.23,2024-04-07
C004678,V03567,E-markets,3812.01,2025-07-24
C002414,V04443,E-services,4802.47,2024-08-15
C004793,V04042,Solutions,1881.12,2026-01-31
C001142,V01713,Services,3414.14,2026-03-16
C003491,V02229,Channels,2884.26,08/14/2025
C002248,V01727,Solutions,3028.41,2024-06-02
C004847,V01664,Channels,955.23,2024-12-15
C001733,V03302,Architectures,2754.83,2025-09-29
C001598,V00236,Architectures,2340.52,2024-10-24
C003840,V03944,Info-mediaries,2354.72,2023-05-09
C002940,V00611,Communities,4869.13,2025-02-01
C000841,V01393,Users,4870.79,2023-07-03
C004368,V02306,E-markets,4491.16,2024-07-06
C003345,V00113,Services,3386.27,2026-03-19
C001376,V00344,Solutions,4697.83,2026-01-11
C001333,V04432,Methodologies,3725.71,2023-08-09
C001583,V01090,Schemas,4168.69,2026-03-18
C000606,V04405,Infrastructures,936.0,2025-01-25
C000470,V02306,Schemas,1914.21,2024-03-22
C002970,V01393,E-services,1397.54,2025-09-06
C001385,V00870,Functionalities,4078.29,2024-11-10
C003801,V03636,Functionalities,3625.56,2023-11-09
C002138,V00970,Niches,905.8,2023-11-18
C000461,V01761,Networks,3468.7,2024-12-08
C002789,V00981,E-services,3189.66,2025-10-03
C003213,V00766,E-markets,614.3,2024-04-04
C001245,V01755,Methodologies,4570.85,2026-04-04
C001405,V03668,Solutions,3924.21,2025-12-12
C002921,V01774,Niches,25.54,2025-03-27
C004921,V00375,Channels,1673.78,2023-08-01
C004263,V02695,Info-mediaries,511.33,2023-05-09
C004760,V00322,Platforms,811.91,2024-07-24
C004371,V00811,Niches,1209.59,2024-04-08
C003395,V01294,Web-readiness,2891.95,2026-03-19
C000907,V01249,Infrastructures,4035.29,2025-01-11
C003363,V01844,E-markets,4460.62,2024-11-14
C004091,V03468,Metrics,2476.39,03/07/2024
C003614,V02783,Systems,2205.06,2023-05-01
C004537,V04833,Services,3186.2,2024-08-05
C004561,V03296,E-services,1944.11,2023-05-23
C003371,V02272,Niches,1594.15,04/19/2023
C002184,V00056,E-commerce,4282.9,2025-11-04
C001313,V02019,,3076.38,2024-08-03
C004103,V00935,Niches,394.31,2026-03-07
C000355,V00180,Services,4416.02,2025-01-21
C004145,V04728,Users,3238.29,2023-07-24
C000046,V03653,,4022.74,2023-06-08
C001089,V01705,Networks,2112.73,2023-06-03
C004533,V00794,E-markets,3159.3,2025-01-30
C000736,V04230,Models,2711.59,2024-02-16
C000709,V01720,Action-items,4826.63,2023-08-12
C004974,V03573,Partnerships,2582.02,2023-06-19
C000609,V01075,Channels,4711.19,2025-03-04
C001431,V03736,E-tailers,-4102.93,2024-01-23
C003263,V04975,Experiences,1671.14,2024-05-19
C004824,V02277,Convergence,442.64,2025-05-13
C003378,V03504,Roi,34.38,2025-09-13
C000773,V00309,Paradigms,3510.9,2024-12-05
C001502,V04457,Services,3270.62,2024-04-19
C000952,V01407,Paradigms,705.18,2026-02-05
C002578,V00687,E-markets,1207.56,2025-07-24
C003030,V01186,Infrastructures,2637.23,2024-10-25
C000362,V03172,Roi,3910.41,2024-05-01
C004465,V01678,Schemas,435.45,2024-01-30
C003283,V01759,E-markets,774.12,2024-07-26
C004526,V03111,Metrics,218.77,2025-03-26
C003405,V04394,Users,3198.53,2023-06-25
C001800,V00298,Platforms,1518.9,2025-12-05
C001238,V03297,Channels,1960.29,2025-03-12
C004189,V02400,Methodologies,2748.95,2025-12-09
C000335,V04830,Networks,-3666.75,2025-11-23
C004219,V00771,Metrics,1239.43,2024-04-04
C003873,V01021,Metrics,1732.7,2024-02-17
C001392,V04057,Roi,2103.84,2025-08-09
C002323,V04311,Functionalities,2543.32,2023-04-18
C004018,V02590,Methodologies,792.73,2024-01-30
C004464,V03134,Systems,2918.71,2025-11-08
C001374,V03553,Markets,779.72,2025-03-03
C000305,V01174,Metrics,4593.1,2023-09-23
C003206,V02732,E-business,3514.1,2025-06-09
C003301,V03430,E-tailers,3121.92,2023-07-09
C002216,V04023,E-business,1099.91,2024-01-18
C001809,V03460,Infrastructures,3136.53,2024-04-06
C002312,V00869,E-tailers,4049.6,2026-02-08
C004801,V04144,Networks,412.49,2025-01-22
C004312,V04331,Infrastructures,2800.18,2023-12-13
C001103,V02321,Platforms,2336.4,2024-01-03
C000835,V00812,Niches,4297.41,2026-02-18
C002135,V03264,E-services,4773.3,2024-05-25
C004913,V03608,Schemas,357.29,2024-03-19
C002490,V04592,E-markets,1841.49,2025-08-29
C001746,V02369,Paradigms,4184.12,2024-11-07
C002485,V01270,Solutions,2536.44,2024-07-16
C001295,V02981,Action-items,4283.61,2025-05-22
C000598,V01006,Models,3802.04,2023-05-23
C004972,V01418,E-services,2118.12,2024-08-21
C004987,V00227,Niches,795.1,2024-05-08
C001409,V01328,Schemas,3538.61,2023-04-30
C000516,V01656,Functionalities,4716.57,2024-11-19
C001931,V02272,Models,4824.47,2024-01-25
C004220,V00079,E-markets,1079.19,04/08/2026
C002001,V01623,E-markets,1300.25,2025-08-22
C002052,V01973,Roi,2791.51,2025-05-10
C004506,V03424,Channels,4528.96,2026-01-01
C004914,V04591,E-services,4317.53,2024-06-11
C000962,V04518,Niches,1201.29,2025-09-18
C000256,V00899,Niches,3050.91,2024-11-24
C003296,V01157,E-tailers,141.4,2023-11-18
C001529,V00981,Users,45.49,2024-09-15
C000451,V02599,Systems,4926.5,2024-02-11
C004922,V02857,,236.42,2025-10-07
C004293,V01745,Services,1557.01,2023-11-29
C004389,V00696,Paradigms,4541.86,2026-02-05
C004151,V03901,Niches,2624.89,2026-02-03
C002367,V01642,,4472.28,2025-10-27
C001187,V03961,E-services,1960.96,2024-05-28
C001871,V00215,Models,3913.63,2023-05-29
C002390,V04995,E-business,1124.46,2025-12-10
C004048,V02939,E-business,1479.69,2026-01-22
C000089,V01320,Services,2514.7,2025-09-29
C000187,V02803,Users,4822.56,2025-05-31
C003507,V03353,E-commerce,3093.07,2024-02-13
C001707,V02796,E-tailers,3819.73,2024-03-06
C003619,V00189,Users,1468.74,2024-10-18
C000575,V01833,Niches,715.56,2023-09-24
C003603,V03910,Relationships,1553.79,2025-10-26
C000346,V00032,Channels,1907.72,2023-05-01
C004393,V04113,E-markets,2085.13,2025-02-11
C002590,V01140,Paradigms,3312.72,12/23/2024
C001338,V01420,E-markets,4477.1,2024-09-05
C002677,V04891,Functionalities,4680.75,2023-08-27
C004621,V03586,Markets,2448.37,2024-09-20
C003330,V03162,E-tailers,3833.1,2026-04-09
C004525,V03165,Users,710.93,2026-01-06
C001513,V00391,Paradigms,2432.78,2025-08-28
C002399,V01862,Markets,1262.18,2026-02-11
C003516,V04953,Action-items,339.14,2023-04-22
C002090,V03548,Systems,1976.67,2025-08-04
C002074,V00035,Architectures,148.77,2023-10-11
C003781,V01337,Solutions,1535.78,2025-01-09
C003783,V03689,Infrastructures,2407.77,2024-12-22
C002682,V02662,Solutions,4818.51,2024-04-29
C000608,V00026,Action-items,2189.58,2026-01-09
C004642,V01652,Convergence,397.7,2025-09-18
C003751,V01128,Models,647.29,2023-10-31
C001556,V04577,Platforms,3914.97,2023-10-09
C002512,V02551,Communities,561.39,2025-03-18
C001422,V00765,Infrastructures,2151.66,2025-07-23
C000434,V00389,Architectures,4118.26,2025-12-22
C002010,V00594,Infrastructures,1444.72,2024-08-19
C002683,V04481,Services,2371.46,02/13/2026
C003571,V00320,Services,4829.38,2025-08-05
C004883,V02640,E-commerce,4822.72,2025-02-10
C003575,V04488,Solutions,139.16,2024-05-15
C004050,V03708,Infrastructures,2160.02,2025-10-10
C000132,V04656,Architectures,2554.6,2025-01-18
C004030,V01344,E-services,2396.88,2023-10-10
C003564,V02520,Paradigms,3817.74,2025-02-01
C000019,V03862,,911.03,2023-11-15
C002257,V01447,Roi,4869.29,2023-07-27
C004238,V00480,Relationships,2296.05,2025-02-03
C003808,V04049,Experiences,4664.69,2023-09-04
C000700,V02935,Action-items,-3664.25,2025-11-05
C000730,V02351,Niches,1944.99,2023-07-11
C003701,V00740,E-tailers,2085.78,2025-10-07
C003194,V00719,Action-items,4752.86,2023-08-06
C002710,V01354,Users,285.69,2024-05-18
C002810,V00930,Partnerships,2766.2,2024-05-16
C002795,V01495,E-markets,88.46,2026-03-25
C004469,V02852,Relationships,696.7,2024-12-12
C002509,V01776,Platforms,1454.48,07/31/2025
C002933,V01844,Paradigms,508.35,2023-05-18
C004734,V04823,Niches,521.46,2024-02-28
C002153,V04218,Metrics,340.05,2024-01-11
C002939,V01838,E-services,656.66,2024-12-13
C003068,V01888,Metrics,1648.75,2026-02-26
C002344,V00622,E-services,2034.1,2023-10-28
C001899,V01073,Bandwidth,1579.77,2023-07-21
C003349,V00070,Convergence,2598.31,2024-07-19
C004688,V00361,Partnerships,2459.66,2025-09-21
C002300,V03955,Paradigms,3340.11,2025-02-06
C002715,V01232,Models,347.76,2024-12-08
C001963,V04268,Architectures,2771.68,2024-10-17
C000694,V03886,Architectures,3220.91,2024-03-30
C000688,V00741,Systems,4032.08,2024-06-13
C003841,V03775,Info-mediaries,943.22,2025-06-04
C000094,V04316,E-tailers,4981.83,2025-07-07
C000356,V00544,Models,2560.71,2023-10-09
C004836,V04129,E-business,4490.53,2023-12-15
C002755,V00482,Communities,1061.68,03/09/2024
C004308,V04294,E-services,2405.64,2024-10-06
C002565,V00853,E-markets,3162.27,2025-11-25
C002407,V01998,Solutions,2698.47,2025-12-03
C000536,V02510,,3822.93,2025-09-25
C002380,V00256,Platforms,3315.33,2023-09-15
C002007,V00501,Methodologies,4308.03,2024-06-09
C000643,V00716,Info-mediaries,4589.09,2025-08-18
C000204,V01066,E-tailers,3617.97,2024-12-29
C000867,V00969,Paradigms,4106.92,2025-04-06
C004636,V03475,Metrics,2676.09,2024-05-21
C002314,V01022,Architectures,1238.85,2026-01-06
C004885,V03144,Experiences,2874.31,2024-11-05
C003252,V03275,Communities,1632.61,2025-11-21
C004060,V02347,E-commerce,520.76,2023-07-13
C000801,V03894,Networks,3021.97,2023-10-03
C000591,V04012,Bandwidth,3138.75,2025-01-04
C001122,V02884,Channels,1156.55,2024-01-31
C004572,V01027,Metrics,201.98,2024-12-07
C003093,V02655,Platforms,4912.99,2024-06-04
C000472,V03081,Services,473.4,2024-09-28
C003615,V01620,Channels,4233.94,2026-03-31
C001460,V02719,E-tailers,3117.32,2023-07-09
C002592,V02635,Architectures,2735.82,2025-05-25
C003240,V04338,Architectures,1500.81,2025-08-01
C004783,V04563,Systems,4679.06,2023-06-09
C000701,V03938,Users,4856.91,2024-12-14
C002837,V01224,E-business,1482.57,2026-02-05
C002108,V00651,Paradigms,2605.51,2024-04-17
C004346,V04047,Platforms,2162.28,2023-04-27
C004313,V01989,Methodologies,3312.51,2026-02-14
C000018,V01246,Roi,3899.64,2025-08-17
C003226,V02932,E-tailers,300.62,2023-11-08
C001942,V04157,E-tailers,-1786.92,2024-05-16
C000088,V04748,Niches,207.38,2026-02-18
C004891,V03482,Networks,2052.33,2025-11-20
C003943,V03934,Infrastructures,2296.39,2024-06-28
C003052,V04559,Paradigms,330.08,2023-10-17
C003034,V02751,Solutions,921.38,2025-09-30
C000211,V02232,Niches,572.99,2026-01-14
C000547,V02643,Niches,1319.65,2025-12-15
C002742,V01745,Action-items,220.04,2025-02-06
C001741,V04170,Niches,3380.93,2023-11-04
C001322,V00453,E-tailers,3615.46,2023-04-27
C003360,V02342,E-markets,3900.06,2023-05-24
C004787,V01849,E-services,4950.38,2025-03-28
C004246,V04111,Schemas,3971.85,2023-09-07
C000705,V01609,Web-readiness,233.13,2023-10-16
C001428,V02532,Services,1282.99,2026-02-14
C003972,V00937,Niches,3779.9,2026-03-24
C003861,V04827,Networks,3718.34,2024-10-30
C000530,V00890,Action-items,-1308.54,2024-11-10
C002394,V04060,Communities,277.45,2024-11-22
C003482,V04274,Metrics,28.97,2023-05-08
C002122,V02976,Solutions,4988.45,2025-03-08
C001155,V01420,E-tailers,3289.58,2025-01-04
C003738,V00539,Experiences,2930.08,2024-03-11
C001950,V01377,Users,614.98,2024-02-21
C004935,V04213,Roi,3918.89,2025-01-19
C003075,V03915,Solutions,1265.36,2025-10-23
C002510,V04805,E-services,1891.33,2023-06-02
C001062,V02171,Action-items,2061.26,2025-02-24
C000512,V02383,Web-readiness,533.71,2023-06-28
C003775,V01968,Users,3329.21,2023-11-06
C001838,V04304,Roi,388.26,2025-03-19
C000800,V02133,Solutions,4417.88,2024-12-31
C003549,V00372,E-tailers,1354.99,2026-02-08
C000108,V02022,Infrastructures,162.82,2025-04-12
C000767,V04984,Systems,2012.41,2023-05-18
C002730,V01059,Action-items,4672.19,2026-04-09
C004899,V02899,Systems,2280.41,2026-01-08
C004330,V00236,Channels,2401.49,2024-04-28
C000003,V04966,Communities,2303.8,2025-06-15
C004044,V03540,E-markets,2173.57,2024-07-05
C000729,V00654,Users,3822.18,2024-08-29
C001735,V02028,Metrics,1008.73,2024-09-06
C001753,V01586,Services,993.42,2026-02-17
C000114,V03688,Relationships,2551.13,2026-02-09
C001846,V02919,Roi,674.46,2025-10-20
C004740,V03873,Partnerships,3316.7,2025-10-28
C000496,V00356,Systems,-2590.44,2024-04-28
C002228,V03009,Users,4481.3,2025-04-01
C002680,V00482,Models,3084.5,12/26/2024
C002024,V04926,Bandwidth,1752.0,2026-01-16
C001081,V01087,Users,3434.43,2024-02-01
C004616,V03838,Markets,620.8,2024-07-11
C001978,V01090,Platforms,4764.62,2023-09-20
C001842,V04695,E-tailers,1407.72,2025-12-10
C002473,V01783,Users,4399.52,2025-10-26
C002254,V00962,Users,4509.7,2025-06-20
C003941,V04573,Channels,3975.59,2024-04-23
C001308,V00741,Architectures,3829.32,2025-11-26
C003724,V04889,Infrastructures,4542.67,11/02/2023
C002406,V04098,Paradigms,1380.13,2026-04-03
C002363,V01821,E-services,324.64,2025-06-27
C003014,V01160,Systems,4303.69,2024-11-01
C001533,V00591,Users,2623.49,2025-05-30
C001138,V00409,Systems,2590.04,2025-01-05
C000951,V01418,Convergence,2813.62,2026-03-07
C002203,V02244,Networks,2794.03,2023-10-18
C003734,V04487,E-services,2525.72,2024-06-24
C001225,V00345,Metrics,440.7,2024-02-26
C004034,V04505,Models,1055.57,2024-06-20
C003683,V04203,Niches,299.35,2024-11-30
C002589,V02986,Platforms,2415.53,2025-06-27
C004329,V00939,Niches,3039.95,12/13/2024
C003496,V00920,Users,-4844.62,2023-06-25
C004807,V03595,Systems,1969.5,08/04/2025
C000889,V02907,Bandwidth,356.55,2025-09-23
C003449,V01621,Channels,4030.72,2024-07-02
C004427,V01147,Roi,3679.08,2026-02-16
C003793,V03017,Schemas,870.42,2025-03-31
C004627,V01335,Systems,3207.28,2026-02-02
C000138,V01855,Roi,-3492.38,2024-11-12
C004281,V00391,Convergence,4668.05,2025-12-22
C002402,V02918,Users,2858.28,2024-05-08
C001877,V03322,Networks,1638.24,2024-12-27
C001410,V02423,E-tailers,2457.07,2023-09-04
C000015,V03676,Users,798.17,2024-05-25
C003323,V01827,Platforms,1401.01,2025-08-05
C001102,V01201,Relationships,1535.02,2023-10-28
C001119,V00185,Users,3712.56,2024-10-17
C003125,V04207,Schemas,3052.62,2023-07-09
C001279,V02019,Convergence,1300.6,2024-09-13
C004413,V04520,Niches,4005.58,2025-03-18
C001814,V03976,Experiences,-294.57,2026-01-21
C004770,V02840,Services,1600.91,2024-03-29
C001160,V04958,Schemas,-2722.6,2024-10-02
C003891,V03352,Bandwidth,2021.66,2024-01-05
C001058,V01383,Models,1430.87,2025-08-06
C001137,V00161,Infrastructures,-4662.81,2024-09-27
C000031,V04238,Partnerships,3215.15,12/03/2023
C002503,V03051,Platforms,3451.37,2024-08-18
C001423,V01764,Niches,2158.07,2023-12-30
C004310,V00824,Channels,4494.8,2026-02-22
C003551,V04436,Systems,4565.43,2026-04-13
C004999,V04626,E-services,1202.84,2023-10-20
C001988,V00740,Info-mediaries,229.44,2025-10-18
C002136,V03448,Users,3749.01,2024-08-02
C004546,V00903,Communities,3790.64,2025-03-13
C003730,V04409,Infrastructures,2797.44,2023-07-18
C003085,V01985,Channels,3854.1,2024-09-18
C000427,V01927,Info-mediaries,394.08,2024-07-17
C001030,V01831,E-markets,3361.38,2024-10-23
C001395,V00004,Bandwidth,230.96,2024-02-07
C000650,V01293,Roi,4326.99,2023-12-01
C004795,V04816,E-services,2294.26,2023-05-17
C004134,V00445,Action-items,484.8,2023-10-08
C001609,V02799,E-services,4398.13,2024-07-30
C000880,V02647,Web-readiness,1571.23,2025-07-29
C002279,V00404,Users,1115.58,2024-03-27
C004656,V04544,Users,3330.03,2025-01-13
C000820,V03575,Info-mediaries,1510.06,2025-06-23
C001773,V02328,Bandwidth,2002.81,2025-08-03
C003216,V03647,Systems,452.08,2025-09-15
C001034,V03359,Infrastructures,4562.7,2024-12-31
C000566,V00829,Infrastructures,4044.25,2024-11-06
C000570,V04119,Markets,4869.03,2025-09-17
C000892,V03121,Paradigms,1638.66,2025-05-20
C004008,V00927,Experiences,742.26,2025-07-27
C000580,V00057,E-tailers,656.24,2025-09-18
C004093,V00619,,969.59,2026-02-03
C001799,V01826,Users,2680.96,2025-11-03
C002629,V02434,,3238.81,2023-07-01
C002618,V01123,Paradigms,1615.84,2024-05-12
C004121,V04522,Users,564.96,2025-04-05
C002638,V00174,Solutions,3649.18,2024-01-14
C001167,V03139,E-commerce,2688.92,2025-06-09
C003332,V02164,E-markets,4133.84,2023-05-30
C003810,V03645,Architectures,2658.83,2026-03-13
C002143,V01603,Communities,1618.54,2025-07-06
C003654,V01290,Communities,1742.62,2025-09-23
C004415,V01986,Bandwidth,3696.91,2025-05-28
C002000,V01506,Schemas,4307.22,2025-08-09
C003558,V02548,Niches,850.02,2023-08-04
C000534,V04665,E-markets,1083.03,2024-07-10
C004679,V03345,Niches,4856.12,2026-01-10
C005000,V02487,Networks,2856.2,2025-07-20
C001640,V04692,Info-mediaries,1467.59,2025-06-20
C003432,V00136,Services,1199.7,2024-08-02
C000660,V03631,Channels,4546.33,2025-01-09
C002891,V01542,E-commerce,3700.97,2023-07-22
C003394,V04301,Functionalities,3245.44,2026-03-19
C001170,V01810,Experiences,3775.63,2024-12-15
C003425,V01169,E-markets,4062.81,2023-07-01
C000527,V04045,E-services,4916.12,2025-11-13
C002665,V00658,Niches,4642.65,2023-08-15
C002197,V01911,Experiences,142.16,2023-07-04
C000318,V00090,E-commerce,4524.45,2025-10-25
C003242,V02344,Models,4015.11,2024-03-14
C002205,V01869,Services,3740.19,2023-09-02
C002842,V03330,Architectures,4726.71,2023-12-18
C002729,V00785,Models,2122.69,2023-06-12
C002179,V04811,Systems,2103.75,2025-06-02
C003790,V01985,Partnerships,2584.09,2024-04-10
C003529,V00082,Schemas,2948.22,2023-05-05
C001758,V00159,Niches,542.95,2026-03-31
C003104,V02862,Relationships,1386.84,2025-02-21
C002034,V02162,Metrics,3037.52,2023-07-28
C002725,V01164,E-services,4892.83,2024-09-13
C002930,V00188,Info-mediaries,3853.02,2025-02-25
C004364,V01827,E-markets,3523.57,2024-12-31
C003812,V03791,Infrastructures,1135.07,2023-08-10
C001040,V01586,Experiences,3270.83,2026-02-01
C002354,V00686,Action-items,137.62,2024-06-16
C000115,V00165,,2564.64,2024-05-27
C001117,V00923,Solutions,1158.04,2024-02-16
C003550,V04008,Methodologies,-3016.59,2025-09-23
C002596,V01878,Services,1816.94,2023-08-18
C001451,V04455,Niches,3133.43,2025-06-19
C001275,V03334,Relationships,4001.31,2024-10-10
C000563,V01038,E-commerce,325.94,2024-07-20
C001886,V01975,E-services,1900.99,2023-05-08
C003248,V03834,Users,3172.15,2023-12-12
C000687,V00381,Networks,4027.47,2025-06-16
C001769,V04719,Services,2366.7,2025-02-04
C001443,V00199,Roi,2987.85,2024-11-26
C004009,V01741,Channels,3451.16,2026-04-05
C003297,V02880,E-services,2996.14,2025-08-04
C000338,V04702,Infrastructures,3148.14,2024-09-07
C004107,V01952,E-commerce,-4011.75,2025-05-29
C003590,V02925,Channels,268.48,2024-09-18
C003408,V02207,Paradigms,1270.08,2025-03-06
C001020,V02982,E-commerce,3049.67,2025-03-19
C000504,V02362,Users,3745.79,2024-07-24
C003581,V04871,Functionalities,1138.74,2024-12-04
C001337,V00982,E-services,3488.79,2023-10-14
C000936,V01719,Convergence,3965.97,2024-11-22
C004376,V01273,Metrics,2745.56,2024-12-07
C000612,V01795,Paradigms,1162.94,2024-08-10
C002511,V02405,Partnerships,3413.57,2025-09-21
C000577,V03966,Metrics,2846.72,2023-05-21
C004754,V04007,E-markets,2149.39,2025-11-19
C004578,V01705,Markets,316.41,2025-04-08
C003421,V02861,Functionalities,4887.55,05/31/2023
C002541,V01617,Infrastructures,340.03,2024-10-08
C003379,V02517,Paradigms,4327.88,2024-10-24
C004402,V02913,Models,3607.08,2024-06-12
C004591,V02883,Experiences,1738.51,2024-08-28
C002348,V00866,E-tailers,3733.86,2024-08-23
C004907,V02452,Channels,2306.01,2025-08-28
C001639,V03863,Web-readiness,1501.9,2026-01-27
C001844,V02666,E-tailers,1478.2,2024-11-14
C003987,V01745,Users,4142.86,2025-02-24
C000366,V01239,E-markets,2362.19,2025-04-20
C004311,V02527,Bandwidth,340.39,2025-09-13
C003726,V04038,Schemas,2955.68,2024-04-07
C001698,V04325,Partnerships,1023.38,2025-12-10
C003548,V00833,Communities,2024.37,2024-02-02
C002957,V02068,E-services,196.68,2024-09-02
C003699,V02985,Services,-3215.56,2023-12-14
C000697,V02936,Infrastructures,2615.92,2026-02-18
C002551,V03486,Niches,4364.39,2024-01-14
C003188,V02516,Architectures,1580.81,2025-09-18
C002804,V00089,Users,3195.26,2025-05-01
C002099,V04371,Schemas,4037.9,2026-02-05
C004697,V03400,Models,4011.37,2025-04-30
C002180,V04149,Roi,1339.06,2026-02-28
C003993,V04539,Infrastructures,4127.78,2024-12-08
C004902,V03172,Bandwidth,-2153.22,2023-07-14
C004105,V01296,Architectures,2328.86,2023-07-02
C000109,V03498,Info-mediaries,2262.57,2023-05-28
C003977,V00195,Metrics,1800.98,2024-09-12
C004695,V01583,E-commerce,4423.42,2025-04-30
C004639,V04598,Channels,4212.55,2025-11-23
C003933,V04474,Metrics,4388.06,2025-09-20
C000443,V00142,E-services,3701.44,2025-07-02
C004454,V02065,Communities,-646.81,2025-07-08
C004320,V00942,Users,4957.09,2023-07-15
C000692,V00288,Infrastructures,4251.51,2023-12-29
C002489,V00557,Models,839.57,2024-06-16
C001971,V01802,Niches,3059.64,2023-05-17
C004298,V02039,Infrastructures,4408.81,2023-11-24
C002006,V00592,Users,4074.8,2026-04-03
C001480,V01264,Schemas,354.95,2024-09-05
C004302,V03184,Schemas,3704.75,2025-12-29
C002263,V03733,E-business,1416.55,2023-09-23
C000550,V03139,E-tailers,2400.54,2025-09-23
C000902,V04175,E-services,326.32,2025-06-26
C002988,V03831,E-tailers,3145.47,2025-03-31
C004806,V02350,E-markets,2220.44,2024-12-23
C000521,V02713,Relationships,2334.0,2026-02-17
C004120,V00613,Experiences,1320.85,2025-03-08
C000999,V01682,Convergence,4978.87,2025-08-07
C002699,V00599,Systems,1128.34,2025-04-24
C000621,V02038,Models,1986.05,11/08/2025
C004932,V02919,E-services,3512.01,2024-11-17
C003235,V03081,Platforms,2641.27,2025-06-25
C000980,V02919,Convergence,3012.21,2026-03-12
C004872,V04795,Solutions,887.95,2023-05-22
C001570,V04925,Channels,4896.26,2023-11-13
C000390,V01112,Markets,992.96,2025-07-13
C003557,V00032,,3058.65,2023-09-12
C000200,V04561,Metrics,2209.84,2026-02-26
C001485,V00484,Schemas,2072.65,2025-09-14
C002880,V00188,Architectures,4150.6,2024-12-07
C002651,V01369,Platforms,4610.35,2023-06-30
C003066,V03176,Markets,695.62,2023-09-15
C004604,V00639,Bandwidth,2171.76,2025-07-17
C004985,V02159,Metrics,536.76,2024-05-06
C003300,V01481,Metrics,4887.22,2024-09-17
C002499,V03265,E-tailers,802.95,2024-05-29
C000106,V03142,E-business,2718.59,2025-06-13
C001934,V00503,Communities,3901.42,2025-07-16
C004358,V04013,E-tailers,3617.34,2023-05-09
C002116,V00091,Schemas,375.25,2025-06-09
C000965,V02706,Bandwidth,708.16,2025-07-08
C001148,V02813,E-markets,3613.0,2025-05-07
C004066,V01478,Systems,4950.48,2025-03-29
C004818,V01444,Web-readiness,2493.15,2023-07-04
C000425,V03143,Niches,4269.8,2023-06-13
C003404,V00338,Channels,2162.1,2024-06-29
C004925,V03817,Niches,1797.78,2025-03-23
C004857,V04659,Infrastructures,1315.98,2023-12-12
C001226,V00753,Action-items,470.41,2023-10-01
C004028,V00545,Niches,2518.75,03/11/2025
C003915,V03256,Solutions,1798.97,2025-06-23
C004768,V02524,Channels,413.58,2023-08-27
C004991,V02313,Roi,997.79,2025-09-24
C000594,V03824,Schemas,1952.87,2023-07-12
C000838,V02807,Paradigms,666.66,2024-08-07
C000403,V03345,Functionalities,2927.43,2023-05-28
C001491,V01822,Communities,1041.63,2025-02-09
C001655,V03435,Solutions,2483.9,2025-11-18
C004535,V02247,Relationships,1587.57,2025-04-08
C001055,V01859,E-markets,4770.14,2025-07-22
C004099,V04972,Models,490.23,2024-05-25
C004967,V02358,Relationships,2983.33,2024-09-26
C003005,V01029,Convergence,3462.9,2025-05-10
C000855,V03295,Experiences,1768.05,2023-07-09
C003249,V00826,E-services,3380.86,2024-10-15
C003745,V02795,E-services,3677.75,2025-09-30
C004131,V03008,Communities,847.78,2024-02-14
C002133,V00189,Relationships,809.28,2025-08-14
C000311,V01267,Systems,4178.0,2025-04-11
C001439,V02892,E-services,4902.25,2025-12-18
C003919,V04282,Architectures,4214.85,2025-05-22
C001088,V04418,E-services,3304.57,2024-06-09
C002739,V01436,E-business,1231.03,07/06/2024
C003766,V04908,Platforms,2630.46,2025-05-30
C003331,V02893,Users,3622.5,2024-08-10
C000101,V00883,E-services,1426.95,2023-06-22
C003586,V03270,Functionalities,3345.15,2025-11-30
C004344,V00675,Users,347.17,2023-09-27
C004522,V03119,Schemas,670.0,2024-06-13
C003752,V03928,E-services,3107.18,2025-12-17
C000266,V02964,Systems,4593.38,2024-04-02
C003136,V04544,Functionalities,3876.17,2025-11-22
C004144,V00854,Schemas,1887.87,2025-07-30
C004282,V03764,Users,4358.54,2025-02-21
C003343,V04708,Models,801.08,2023-09-12
C001129,V03187,Systems,3089.84,2025-09-28
C001123,V00513,Channels,3919.0,2026-01-03
C002994,V03987,Solutions,2296.87,2025-08-31
C004854,V04276,Paradigms,4194.8,2024-02-24
C001266,V02620,Models,518.87,04/29/2025
C000265,V00410,Schemas,1052.59,2023-05-22
C001085,V03726,Web-readiness,3265.32,2024-11-10
C004905,V03245,Methodologies,2851.82,2024-04-10
C000406,V03238,Action-items,837.71,2025-01-09
C002561,V00761,Systems,3919.27,2024-08-12
C004101,V01244,Channels,2062.52,2026-03-09
C004146,V03158,E-services,3234.22,2023-05-26
C001966,V03877,Communities,1289.48,2025-07-10
C002780,V00696,Niches,2521.56,2025-03-27
C002562,V02411,Metrics,4237.7,2024-12-31
C001750,V01659,E-tailers,1765.07,2026-01-29
C003970,V02759,Experiences,1479.95,2025-04-12
C001783,V03762,E-business,613.78,2023-05-27
C002668,V02853,Markets,2499.2,2024-02-12
C001610,V03541,Markets,2938.11,2024-04-19
C000081,V02151,Channels,1375.42,2024-07-14
C001889,V04837,Relationships,4032.27,02/22/2026
C001064,V02062,Models,3832.2,2025-05-29
C002986,V01455,Models,2247.14,2024-12-11
C000947,V00298,Methodologies,4769.29,2026-02-27
C001499,V03030,Roi,3612.39,2025-08-24
C001693,V04610,Users,3534.26,2026-02-08
C003626,V01404,,3974.19,2023-05-26
C002322,V01786,Niches,3022.13,2025-01-10
C000264,V00879,Partnerships,54.48,2025-06-10
C000006,V03742,E-markets,3403.45,2023-08-11
C003715,V03459,Niches,3670.79,2023-12-26
C001299,V02987,Methodologies,3295.59,2026-02-20
C004969,V02453,E-markets,4060.8,07/26/2023
C001334,V00609,Platforms,3802.68,2024-04-19
C000856,V02483,Action-items,4965.13,2024-04-19
C003503,V04925,Web-readiness,2075.85,2026-03-09
C003585,V04312,Metrics,2677.83,2023-11-15
C001829,V04734,E-services,4081.88,2023-07-18
C003454,V04413,Info-mediaries,3749.27,2025-12-16
C004726,V02462,E-tailers,-2197.58,2025-09-14
C001364,V02801,Web-readiness,2986.89,2025-10-14
C001637,V00897,E-services,505.71,2025-04-29
C004400,V03608,E-business,3466.62,2024-09-11
C001261,V04181,E-tailers,3835.95,2025-04-21
C003622,V02424,Systems,4354.72,08/16/2023
C004118,V03291,Systems,2678.36,12/03/2023
C002100,V04381,E-tailers,1232.79,2023-05-30
C000954,V00401,Systems,3126.22,2023-05-11
C004822,V02918,Architectures,1966.48,2026-01-16
C003476,V02169,Solutions,2442.04,2023-06-08
C000805,V03720,,3136.16,2025-04-08
C004765,V04761,Services,1798.14,2024-12-24
C000097,V04101,Channels,4647.89,2024-01-15
C000793,V02296,Niches,-832.72,2023-09-03
C001664,V02786,Paradigms,695.07,2024-03-04
C001683,V01595,Partnerships,3816.55,2023-09-27
C004714,V04719,Systems,1544.51,2023-05-03
C004600,V04197,Bandwidth,2149.41,2024-11-09
C003526,V02993,Bandwidth,2296.27,2023-12-23
C003018,V04938,Niches,4529.34,2025-03-23
C001236,V04381,E-tailers,3819.58,2024-04-21
C001700,V04387,E-services,606.39,2023-06-14
C000308,V02694,Niches,2669.06,2025-11-04
C004653,V00020,Schemas,3077.8,2024-04-03
C002965,V03625,Communities,4341.41,2023-06-22
C004098,V04185,Models,1673.3,2025-04-02
C003291,V03015,Niches,3216.38,2024-04-05
C001014,V03670,Niches,1827.02,2025-12-20
C000751,V03233,Niches,2103.02,2025-03-02
C004214,V02258,Roi,-2356.99,2024-01-05
C004931,V03705,E-services,3542.11,2023-07-07
C001229,V01667,Systems,547.39,2024-11-06
C001492,V04803,Schemas,3989.8,2024-09-06
C004941,V04542,Niches,1952.49,2025-04-26
C001670,V03143,E-markets,1043.96,01/14/2025
C003180,V02081,Channels,2902.32,2024-01-31
C003821,V04405,Methodologies,4338.91,2024-03-21
C001052,V00882,Solutions,3291.37,04/03/2025
C002895,V01492,Schemas,1214.67,2024-08-26
C001977,V02662,Channels,3889.4,2025-02-07
C003336,V03615,Bandwidth,3788.03,2024-04-14
C001210,V00299,E-tailers,1484.03,2024-04-18
C000975,V02008,Systems,498.87,2025-10-27
C004663,V01578,E-tailers,3162.55,2025-09-06
C000369,V03018,Functionalities,2185.03,2025-05-29
C004024,V00535,Solutions,3153.68,2025-09-28
C003329,V00723,Markets,1743.02,2025-12-20
C001577,V03651,Systems,4346.98,2023-06-15
C004456,V00673,E-tailers,3068.41,2024-03-17
C000782,V02838,,2781.4,2024-12-25
C000144,V04499,E-markets,1794.99,2025-09-30
C004748,V02217,Models,3074.42,2025-04-19
C000133,V04738,Users,1728.32,2023-12-05
C004966,V03501,Metrics,4781.68,2023-12-04
C002654,V01417,E-services,2943.2,2025-02-12
C002387,V02348,Web-readiness,2721.8,2023-09-27
C004135,V02042,Experiences,1416.95,2024-06-23
C000429,V02537,Niches,2310.38,2025-07-03
C000993,V00506,Solutions,1983.84,2024-09-13
C003083,V03478,Markets,1824.08,2025-11-09
C003471,V01088,E-business,3693.3,2023-12-01
C000614,V02508,Roi,2691.87,2024-04-06
C004992,V01092,Metrics,1554.03,2023-08-14
C002738,V02323,E-services,437.38,2025-06-10
C002255,V02274,Schemas,1182.85,2024-08-15
C003697,V00927,Users,582.97,2024-11-21
C004648,V03386,Services,2678.66,2024-05-23
C003824,V03511,Systems,2351.97,2024-05-31
C004511,V00824,Relationships,390.77,11/28/2023
C000185,V00943,Functionalities,3518.16,2025-08-15
C002935,V02810,Functionalities,2455.47,2023-06-28
C000651,V03346,Infrastructures,3323.31,2025-02-20
C003107,V02508,Architectures,-2653.54,2023-04-22
C002345,V00837,E-business,2046.11,2025-11-30
C002500,V04751,E-markets,3312.0,2023-12-25
C002932,V03505,Infrastructures,3226.71,2024-09-13
C003651,V03156,Niches,32.25,2025-07-10
C001097,V01579,Niches,1538.51,2025-03-27
C000030,V04484,Solutions,2627.28,2025-06-30
C000456,V00490,Roi,671.69,2024-12-14
C001904,V00789,Architectures,865.26,2023-06-22
C003274,V01945,Platforms,2898.12,2025-02-22
C004579,V01513,Paradigms,1388.84,2025-03-03
C003266,V04297,Paradigms,3732.79,2024-09-23
C000314,V02031,E-tailers,1383.43,2023-07-02
C004571,V01386,Communities,4103.16,2025-10-18
C002623,V00886,Metrics,1494.08,2025-02-14
C000259,V04159,Metrics,1009.45,2024-06-25
C004881,V04107,Systems,3468.74,2023-10-25
C003165,V01090,Communities,1137.9,2026-01-08
C001737,V03628,E-business,2880.23,2023-12-07
C001631,V01643,Paradigms,3952.38,2024-10-09
C001525,V03382,Users,976.42,2024-07-11
C000414,V00858,Roi,2711.01,2023-12-03
C000585,V03158,Schemas,4649.44,2023-10-03
C001011,V03886,Infrastructures,1628.64,2025-11-20
C002922,V03680,Niches,625.27,2025-01-05
C000342,V00932,Niches,1331.47,2025-06-03
C000233,V01691,E-services,2899.92,2024-07-14
C002018,V01617,Paradigms,551.39,2025-11-21
C004869,V00107,E-services,1306.16,2024-02-29
C002293,V01307,E-services,2413.86,2025-05-01
C000672,V01552,Infrastructures,2752.89,2024-02-07
C001555,V03085,Convergence,4112.96,2025-05-30
C002486,V04090,Models,169.93,2024-11-22
C003547,V03880,Roi,1024.85,2025-12-18
C003453,V03897,E-business,525.34,2024-07-26
C004532,V04792,Relationships,1293.88,2023-11-21
C004903,V00615,Metrics,3801.65,2023-08-17
C001865,V04258,Experiences,1689.51,2023-07-19
C001605,V01078,Paradigms,1739.88,2023-06-19
C002844,V03718,E-tailers,850.97,2024-03-09
C003223,V01238,Networks,375.89,2024-03-14
C003062,V00004,Roi,2813.17,2024-12-06
C004483,V01824,Networks,4166.72,2024-10-16
C004152,V03237,Architectures,1109.1,2023-06-27
C003280,V03643,Relationships,3368.77,2025-08-16
C004352,V02238,Methodologies,806.5,2024-08-03
C003241,V00074,Info-mediaries,3749.71,2023-08-24
C003406,V02088,Services,4228.13,2025-05-21
C003583,V03935,Relationships,429.03,2025-03-07
C001531,V01059,Niches,4087.61,2024-05-16
C001731,V00224,E-tailers,3637.42,2024-09-22
C003955,V02184,Relationships,2709.24,2024-02-26
C001049,V04430,Roi,4980.03,2023-07-25
C003960,V02484,Metrics,4846.11,2023-08-18
C003245,V04406,Models,3186.13,2024-05-22
C004595,V03753,Solutions,1852.47,2024-11-14
C001296,V04313,Systems,1416.39,2024-09-23
C004258,V02080,Roi,1739.39,2023-12-20
C003361,V01681,E-tailers,4269.85,2025-01-07
C002498,V02781,Infrastructures,3635.66,2025-02-22
C001201,V04909,Relationships,1835.41,2025-11-03
C000649,V00972,E-business,1335.5,2026-03-03
C001802,V01786,E-services,268.28,2025-03-06
C002881,V02146,Platforms,181.8,2023-10-24
C004830,V03334,Roi,3311.02,2024-02-04
C000509,V03324,Users,2379.49,2025-07-17
C001999,V03955,Networks,622.14,04/18/2024
C003290,V03295,Networks,4532.41,2024-08-23
C003042,V03808,Infrastructures,3475.08,2023-04-27
C002217,V02497,Channels,1410.9,2025-05-14
C003685,V03041,E-services,4981.28,2025-06-28
C002237,V01735,Platforms,4445.82,2023-06-27
C002614,V00586,Metrics,4390.52,2023-12-29
C003143,V01237,E-services,3465.06,2025-07-04
C001861,V02868,E-business,921.67,2023-04-22
C003302,V03479,E-services,372.35,2025-03-10
C003401,V00623,Markets,2896.06,2024-09-26
C002306,V02751,Schemas,3743.27,2023-08-10
C004810,V04531,Paradigms,4267.67,2025-08-22
C002559,V01622,Platforms,3531.21,2026-02-01
C001203,V04983,Systems,1860.56,2023-12-30
C001256,V00412,Networks,3893.64,2025-07-18
C000921,V01147,E-services,2958.8,2026-03-10
C001156,V03344,Web-readiness,519.67,2025-10-19
C003035,V01827,Metrics,3331.94,09/02/2025
C001417,V00268,Relationships,2963.63,2024-02-28
C000341,V02381,Systems,480.12,2025-04-04
C004190,V04593,Partnerships,533.1,2024-10-06
C003393,V01014,Channels,1892.2,2026-01-29
C002806,V00187,E-markets,334.65,06/17/2024
C000772,V02514,,921.93,04/23/2025
C004965,V02547,Channels,1573.33,2025-12-19
C001710,V00873,E-services,3014.77,2026-02-06
C000042,V01676,Users,1046.6,2026-03-11
C003324,V03339,E-services,3990.43,2024-09-16
C004404,V04355,Niches,3349.13,2025-09-18
C003828,V00073,Roi,19.87,2023-07-30
C004110,V00611,Networks,2628.3,2023-12-28
C000281,V02853,Niches,4836.21,2023-07-22
C002973,V01187,Communities,3167.25,2025-01-28
C002385,V04431,Systems,4836.03,2025-01-19
C004915,V02294,Schemas,3937.44,2023-11-08
C003709,V02675,Solutions,855.4,2026-02-02
C001797,V00951,Info-mediaries,2210.65,2023-07-20
C004713,V00898,Solutions,3776.03,2024-05-01
C002801,V02563,E-markets,2106.99,2025-10-03
C003375,V01981,Users,1626.03,2024-01-26
C003693,V03928,Bandwidth,2610.84,2025-11-11
C003640,V04594,Infrastructures,3955.73,2024-02-05
C002141,V02072,,-3207.18,2025-03-19
C004863,V00792,Schemas,137.25,2023-11-12
C003930,V00570,Schemas,2094.72,2023-08-27
C003144,V02957,Convergence,2024.79,2026-01-24
C003100,V01309,Infrastructures,3202.21,2024-11-17
C004715,V02801,Niches,3231.22,2023-06-23
C001632,V00277,Schemas,874.33,2026-02-12
C001746,V02369,Paradigms,4184.12,2024-11-07
C004466,V04270,E-services,542.64,2023-11-08
C001367,V04949,E-tailers,1093.83,2023-11-27
C001420,V00457,Channels,3076.76,2024-10-04
C002690,V02260,Niches,1273.29,2024-01-06
C002411,V03008,Paradigms,2220.71,2025-06-13
C004762,V04990,E-tailers,65.43,2024-05-24
C003669,V00266,Systems,2850.67,2024-09-15
C003789,V02546,Info-mediaries,2870.4,2025-10-28
C003742,V03791,Metrics,4792.42,2023-07-29
C003267,V04458,,4871.02,2023-12-09
C004365,V03200,Users,2093.47,2026-02-07
C004291,V01063,E-business,1029.83,2024-05-30
C002575,V03473,E-markets,2656.7,2024-11-16
C000686,V00886,Convergence,3985.85,2024-08-12
C002392,V03254,Relationships,1021.73,2024-12-20
C004742,V01167,Communities,3356.74,2024-02-07
C002788,V04562,E-services,1349.75,2025-09-16
C004010,V02545,Web-readiness,133.02,2023-04-30
C002106,V03135,E-services,2613.67,2025-08-12
C001361,V04980,Paradigms,-4453.98,2025-12-01
C003966,V01238,Niches,2050.4,2023-05-31
C003156,V03048,Markets,3638.38,2024-12-13
C003483,V03727,Niches,381.94,2026-01-12
C004304,V01134,E-tailers,31.82,2025-11-16
C003593,V01746,Bandwidth,3151.66,2025-09-07
C000555,V01460,Infrastructures,4046.14,2026-01-08
C000861,V02623,Niches,1117.51,2023-09-22
C004184,V04876,Infrastructures,4333.63,2023-06-11
C000334,V01956,Paradigms,4972.69,2023-08-26
C000637,V00525,Systems,702.41,2026-04-01
C003540,V01193,Communities,4318.96,2023-09-29
C003094,V02855,Markets,972.38,2023-11-08
C004177,V04955,Solutions,631.8,2024-12-26
C003047,V04363,Systems,867.31,2025-04-03
C000013,V03979,E-tailers,3760.52,2025-07-31
C001650,V00412,Metrics,4794.1,2024-03-09
C002951,V02799,E-services,3333.25,2026-04-15
C004327,V01314,E-tailers,3321.18,2026-01-31
C002231,V02750,Paradigms,3301.76,2026-02-21
C002641,V03352,E-commerce,3402.52,2023-10-26
C001008,V03196,E-tailers,3274.44,2024-07-24
C001830,V04322,Channels,2221.17,2023-10-28
C000214,V04251,Users,1070.46,2024-08-07
C003601,V01785,Metrics,4734.5,2024-01-08
C001384,V01539,E-business,2648.04,2024-01-03
C001657,V01229,Infrastructures,2002.98,2023-11-29
C002049,V03445,E-services,3450.4,2023-09-19
C002304,V03569,Schemas,4277.17,2023-09-03
C002043,V04002,Channels,1375.54,2025-11-09
C001778,V02884,Users,3338.24,2024-03-12
C000720,V00003,Services,1893.14,2023-07-13
C002945,V02212,Platforms,2748.18,2026-01-17
C002721,V02639,E-services,419.54,2023-11-28
C000383,V03529,Functionalities,3246.38,11/12/2023
C002832,V02652,Channels,1007.48,2025-09-16
C001158,V00608,Metrics,2689.11,2026-04-01
C003660,V01419,E-services,2582.46,2023-09-11
C001916,V00516,Web-readiness,715.26,2024-10-29
C001143,V03988,Paradigms,2295.48,2026-03-10
C003351,V01497,Paradigms,3508.48,2025-03-09
C002319,V02271,Partnerships,2263.62,2024-04-13
C000918,V02848,Methodologies,3223.6,2026-01-01
C003921,V00170,Roi,18.21,03/20/2026
C003489,V02527,Users,4300.47,2023-07-18
C001017,V01141,Niches,2941.93,08/26/2023
C002995,V02870,E-tailers,1299.1,2025-08-27
C002686,V02184,E-business,583.11,2026-01-08
C004046,V03989,Convergence,3760.44,2026-02-18
C000546,V01517,,2281.48,2025-12-12
C002149,V03208,Functionalities,4649.94,2024-11-18
C003243,V00190,Info-mediaries,1545.38,2023-08-05
C004809,V00885,E-services,3770.78,2023-06-07
C000140,V02159,Platforms,2603.91,2023-07-03
C001303,V02446,Niches,1395.2,2024-09-26
C001894,V02550,Metrics,4889.08,2025-10-24
C004560,V01905,E-markets,4901.3,2023-06-08
C004257,V01933,Experiences,1280.99,2025-06-11
C004455,V02269,Channels,4717.78,2025-04-24
C003367,V04890,Users,623.98,2026-04-07
C003388,V01870,E-services,4877.57,2023-10-07
C004425,V03592,Solutions,145.02,2025-02-21
C004294,V00072,Relationships,743.69,2024-03-08
C001976,V03141,E-business,900.39,2025-01-21
C003546,V01145,Services,3353.38,2023-07-21
C002009,V01287,Info-mediaries,1561.15,2023-04-22
C004149,V03211,Communities,3041.09,2026-01-20
C002460,V04417,Users,1048.46,2023-09-20
C004686,V02025,Users,3595.31,2023-09-25
C002719,V04263,Paradigms,987.03,2025-08-12
C001812,V04703,Niches,1842.41,2024-06-28
C001843,V01819,Roi,1534.12,2023-07-27
C002446,V00142,Metrics,1166.1,2026-03-13
C004056,V02559,Experiences,3144.06,07/28/2024
C004494,V04519,Schemas,4204.69,2023-10-14
C004439,V02701,,4977.72,2023-08-09
C003722,V03444,Bandwidth,4639.43,2024-07-18
C001215,V04188,E-business,1009.37,2024-03-09
C001868,V01362,Networks,3225.28,2023-10-25
C001455,V01584,E-business,1361.63,2026-02-02
C001544,V03426,Web-readiness,3212.0,2024-01-13
C004244,V04066,E-tailers,2344.91,2025-04-16
C002851,V04779,Services,820.78,2024-03-12
C001739,V01156,E-services,671.7,2024-07-06
C002598,V04430,Roi,2165.56,2025-10-01
C002058,V01433,Platforms,952.83,2024-06-04
C003679,V03658,Channels,3426.78,2024-01-03
C003952,V03608,Channels,3244.42,04/01/2024
C002761,V04042,E-commerce,3853.68,2025-11-09
C001856,V02164,Systems,4495.15,2023-09-30
C001875,V02759,E-tailers,305.88,2023-09-20
C002938,V02164,E-business,694.26,02/19/2026
C002985,V00776,Relationships,4194.63,2023-12-21
C000647,V03692,Solutions,4178.37,2024-10-26
C003255,V02261,,3168.64,2026-03-16
C002352,V00119,Systems,1645.62,04/04/2026
C002989,V02119,Architectures,3357.83,2023-05-11
C001578,V01196,Functionalities,3699.39,2023-06-26
C000485,V00542,Action-items,1300.49,2025-02-05
C004228,V01068,Methodologies,3096.31,2024-07-07
C003433,V04226,Niches,1238.11,2023-05-06
C002800,V03908,Solutions,2903.21,2025-05-04
C001686,V01745,Markets,4228.84,2023-06-22
C001652,V04858,Roi,1924.71,2025-10-25
C001545,V01639,Roi,2774.29,2025-03-01
C000556,V02403,Networks,4855.92,2025-11-12
C004628,V03640,Info-mediaries,418.57,2025-02-21
C002226,V04259,Channels,2271.25,2024-10-18
C001551,V00956,E-tailers,1577.99,2026-02-16
C002379,V02432,E-services,2416.05,2023-11-29
C003190,V04841,E-tailers,3870.91,2024-02-22
C002602,V02693,Functionalities,1848.85,2023-05-09
C004183,V03784,Experiences,1993.55,2023-12-29
C003897,V03236,E-services,1085.1,07/20/2024
C004568,V00442,Metrics,1774.75,2025-04-17
C003854,V00389,Schemas,2616.22,2024-12-20
C001729,V00450,E-tailers,1791.05,2025-07-11
C003672,V01758,Paradigms,451.3,2023-08-22
C001540,V02213,Communities,3725.46,2025-02-27
C004016,V03264,Roi,2201.59,2023-08-31
C003927,V03643,E-commerce,1809.93,2026-01-05
C002139,V04097,Users,854.73,2023-12-23
C004687,V01520,Info-mediaries,2718.3,2023-04-30
C004789,V04209,Roi,2652.15,2024-01-27
C003230,V04530,E-services,272.36,2025-04-20
C002093,V02168,Methodologies,2294.96,2023-09-03
C000062,V03884,Methodologies,3656.34,2025-05-03
C003088,V01988,,313.53,2023-08-11
C002495,V02819,Info-mediaries,3759.37,2025-01-14
C004993,V03356,Metrics,3134.94,2024-02-01
C002857,V04725,Methodologies,4415.83,05/11/2023
C004590,V00834,Communities,2638.46,2024-03-29
C002471,V03368,Functionalities,3001.08,2023-07-03
C000487,V00813,Schemas,4673.46,2026-01-12
C002817,V00917,E-services,3084.06,2024-11-30
C003641,V01347,Users,2646.53,2025-02-16
C001890,V03778,Schemas,1905.91,2024-11-06
C002111,V00218,Methodologies,2900.72,2026-04-12
C004879,V03541,Channels,3879.81,2023-08-01
C000428,V01889,Partnerships,4309.24,2023-11-06
C002419,V01719,E-markets,3849.74,2025-10-17
C004006,V01354,Metrics,4724.88,2024-11-12
C000183,V01719,Niches,-1564.73,01/12/2026
C001997,V04031,E-commerce,2097.14,2024-05-30
C004503,V00966,Users,1594.01,2025-06-22
C001816,V01480,Systems,1419.94,2024-09-30
C004136,V04249,Functionalities,3248.24,2023-07-23
C002544,V00017,Platforms,646.26,2023-05-02
C001345,V03270,Systems,-3133.42,2025-05-03
C001627,V04537,Paradigms,3132.48,2026-01-10
C000846,V02831,Functionalities,-1586.55,2023-11-22
C000804,V04592,Architectures,103.63,2023-08-18
C003049,V03289,Niches,2085.48,2024-09-20
C002234,V02661,Systems,3086.64,2024-01-25
C003800,V01590,Niches,915.47,2024-03-31
C002820,V02960,Models,1490.61,2024-06-07
C001530,V01495,Users,3382.88,2024-05-27
C000405,V01082,Users,501.24,2023-11-20
C003463,V04894,Niches,2731.73,2025-08-12
C002298,V03732,Models,2444.41,2025-09-28
C001747,V00037,E-services,3304.23,2024-10-12
C001271,V04968,E-tailers,1000.04,2024-04-17
C003038,V03760,Info-mediaries,1828.42,2023-05-10
C004123,V02053,Metrics,-1105.83,2023-11-09
C003780,V00034,Channels,2083.97,2023-06-30
C000310,V04515,E-commerce,1316.83,2025-07-13
C003506,V00756,Relationships,2487.69,2026-02-09
C001321,V03781,Functionalities,1372.08,2023-11-15
C001184,V01634,Communities,4462.94,2025-05-14
C004195,V01556,E-services,421.89,2024-01-16
C002911,V02479,E-commerce,4343.59,2024-08-10
C001837,V02807,Schemas,472.47,2026-01-05
C002643,V04297,E-commerce,4304.56,2025-08-31
C001024,V04249,E-tailers,3546.12,2025-03-29
C004424,V01196,Niches,1891.11,2024-01-05
C001092,V03768,Architectures,2138.67,2024-12-14
C004212,V01595,Platforms,2948.32,2024-04-16
C002016,V00327,Networks,4002.5,2023-06-22
C004257,V01933,Experiences,1280.99,2025-06-11
C001910,V02798,Niches,4370.21,2025-04-04
C000615,V01637,Schemas,3184.21,2025-07-03
C004283,V02080,Paradigms,2563.95,2024-05-29
C004785,V03930,Partnerships,1636.49,2024-02-14
C004428,V03638,Infrastructures,4497.41,2023-05-11
C004478,V03299,Users,3370.25,2025-12-08
C002607,V04803,Infrastructures,3967.6,2024-05-30
C002706,V00994,Platforms,3893.55,2025-11-15
C001456,V03514,E-services,3206.97,2025-08-25
C000447,V04134,Services,1598.51,2023-11-04
C000663,V03384,Solutions,3584.42,2024-03-19
C002338,V03046,Niches,217.52,2024-10-28
C002632,V03832,Methodologies,1971.25,2024-10-13
C004625,V04583,Relationships,2025.28,2024-06-28
C003225,V01108,Systems,2531.05,2024-10-04
C001013,V04063,E-tailers,4975.34,2025-08-24
C002977,V01011,Bandwidth,4255.17,2025-08-25
C000384,V04083,Roi,2046.35,2023-07-17
C000327,V01741,Architectures,2739.69,2026-01-12
C000033,V01929,E-commerce,3536.58,2025-03-05
C004112,V01830,E-services,4767.94,2026-03-04
C004381,V00168,Infrastructures,149.71,2023-06-26
C003681,V02603,Info-mediaries,934.07,2026-03-26
C004496,V04657,Schemas,3744.27,2023-09-07
C001132,V03034,Niches,1258.92,2024-03-28
C000482,V01238,Metrics,4943.59,2025-05-11
C002956,V01589,Info-mediaries,1803.16,08/06/2025
C000691,V02184,Roi,1439.19,2023-06-02
C004983,V03201,Action-items,2328.84,2025-06-13
C004300,V04308,Metrics,-4255.64,2025-06-15
C003447,V04105,Networks,4816.82,2025-11-23
C004115,V01810,Systems,1566.81,2025-07-17
C000933,V02293,E-services,1080.07,2023-05-12
C000370,V02862,Channels,3269.34,2024-05-31
C004842,V04785,Metrics,1760.01,2023-12-25
C003079,V01114,Users,2652.08,2024-06-04
C004337,V04605,Solutions,3499.86,2025-07-21
C000255,V04395,Info-mediaries,1755.84,2025-04-16
C003246,V02059,,3930.02,2024-09-15
C000074,V04583,Infrastructures,408.82,2024-08-15
C000024,V02680,E-services,79.68,2024-03-01
C003912,V02858,Convergence,105.96,2023-09-22
C002617,V00706,E-markets,4086.82,2025-07-17
C001115,V02524,E-commerce,-173.53,2025-10-26
C002057,V03059,Metrics,3223.73,2025-09-21
C000272,V02847,Niches,1672.03,2025-06-04
C002513,V03319,,2201.0,2024-08-09
C002567,V03072,Architectures,511.13,12/14/2024
C003392,V01077,E-tailers,-3515.83,2024-10-08
C000433,V02195,Methodologies,2656.7,2024-11-07
C004735,V02158,Bandwidth,195.35,2025-04-03
C003101,V00477,Functionalities,4259.73,2025-05-12
C004474,V03915,E-commerce,544.7,2026-04-02
C001309,V02935,E-services,2802.24,2024-07-08
C001274,V00404,Architectures,4897.3,2025-08-31
C003661,V01767,E-markets,113.28,2025-02-19
C000271,V01301,Infrastructures,2044.26,2026-04-05
C004150,V01925,Roi,2698.28,2025-07-02
C000897,V01047,Models,4601.23,2025-02-07
C004210,V03111,Methodologies,4252.91,2026-03-13
C000219,V04095,Services,3111.94,2024-04-29
C000715,V01764,Networks,-2013.63,2023-05-27
C004501,V04178,E-business,4897.96,2024-02-04
C004217,V03252,Solutions,727.96,2026-03-29
C000926,V04839,Systems,3520.39,2023-07-21
C004015,V00763,Convergence,4443.01,2025-06-15
C000489,V00922,E-business,-1298.49,2025-12-07
C004349,V03144,Metrics,3059.68,2024-08-19
C003642,V01489,Models,206.38,2026-04-10
C001852,V02375,Niches,429.28,2024-01-10
C003644,V04372,Architectures,484.2,2023-09-18
C000353,V04488,Users,4988.46,2023-09-30
C004335,V00042,E-services,3082.52,2026-01-18
C002713,V02558,Methodologies,1784.91,2024-02-13
C001582,V00483,Platforms,2122.39,2025-11-15
C000365,V03985,Channels,732.32,2024-09-17
C002282,V03476,E-markets,3803.8,2024-12-29
C003574,V01385,E-tailers,3951.38,2025-06-18
C002056,V04967,Solutions,1255.31,2025-05-02
C000564,V03654,Paradigms,1485.66,2023-11-29
C000770,V04509,Roi,2841.25,2025-05-21
C003602,V02714,Platforms,1647.7,2025-10-25
C004133,V00691,E-tailers,1577.75,2023-04-23
C004139,V01167,E-business,2437.95,2025-12-20
C002388,V03650,E-tailers,4966.0,2024-04-03
C002035,V01874,Niches,947.48,2024-02-20
C000193,V04866,E-tailers,4751.41,2025-07-16
C004373,V02146,Channels,3074.52,2025-04-22
C000859,V01037,Models,3369.42,2026-03-12
C003209,V02449,Platforms,760.2,2025-09-06
C002073,V00590,Systems,2071.81,2025-09-17
C001813,V02371,E-business,943.56,2025-07-20
C003319,V04970,Channels,507.27,2024-01-26
C004866,V00609,Info-mediaries,1842.26,2025-09-25
C000671,V02391,Methodologies,4520.29,2023-11-30
C002969,V03865,Infrastructures,819.19,2024-11-08
C001805,V02437,Info-mediaries,1738.31,2025-02-08
C004128,V01327,Metrics,2922.69,2024-09-02
C003089,V04288,Niches,201.13,2025-03-15
C004551,V02821,Users,3587.66,2025-01-29
C004711,V03286,Channels,812.52,2023-10-30
C003844,V03558,Niches,808.29,2025-01-07
C000984,V00655,Info-mediaries,529.32,2025-12-11
C002238,V03963,Channels,4708.53,2025-11-12
C002284,V01753,E-markets,360.48,2026-04-04
C004741,V04396,Methodologies,2207.43,2024-12-16
C000953,V03035,E-markets,708.26,2024-11-06
C004138,V02596,Markets,4314.29,2023-06-29
C002121,V01435,E-services,-3449.4,08/25/2023
C004343,V01213,E-services,1378.79,2024-06-19
C000161,V04161,Users,174.75,2024-10-20
C002946,V03098,E-services,4876.77,2024-12-18
C000397,V01603,Architectures,3359.75,2024-04-02
C002528,V02423,Systems,4448.44,2025-12-27
C001188,V04541,Roi,4819.91,2024-03-31
C004543,V00358,Roi,1543.04,2024-12-30
C001041,V00223,Roi,1392.75,2024-02-02
C001007,V00311,E-services,27.93,2023-11-05
C002566,V04702,Infrastructures,1523.0,2023-07-31
C001662,V00646,Convergence,4415.22,2023-12-09
C001509,V02721,Networks,375.52,2025-10-01
C001885,V04386,Channels,4888.21,2025-08-10
C003183,V03675,E-services,3028.29,2023-06-24
C002261,V02493,Partnerships,4796.33,2025-09-05
C004148,V00497,Services,3871.59,2024-09-04
C002879,V03971,E-tailers,1539.14,2025-05-03
C004186,V00784,Channels,4671.91,2023-10-23
C000242,V02539,E-commerce,2400.16,2025-01-03
C002191,V01627,E-services,1109.0,2024-12-17
C001433,V04719,Methodologies,2166.67,2025-05-02
C004805,V04592,Channels,3978.63,2026-02-03
C003276,V01594,Models,1992.56,2025-02-12
C003505,V03088,,197.28,2024-03-21
C000045,V04318,Channels,1423.71,2023-06-03
C000224,V02246,E-services,2034.28,2025-02-15
C000986,V02665,Action-items,3718.15,2025-08-06
C003996,V01525,Bandwidth,1310.93,2024-12-01
C002166,V01788,Architectures,3451.71,2024-02-05
C001406,V03887,Users,3362.5,2023-09-08
C003170,V01253,Solutions,4515.76,2025-09-26
C001386,V01032,Metrics,1079.47,2024-07-08
C000628,V03841,E-services,2001.67,2025-09-05
C002722,V04898,E-commerce,333.48,2024-06-05
C002349,V01111,E-markets,2149.49,2026-01-22
C003776,V03025,Metrics,3341.99,2025-06-07
C003878,V03303,Architectures,3134.08,2024-04-01
C003145,V00215,Info-mediaries,2726.77,06/28/2025
C003389,V02072,Systems,3162.51,2024-09-22
C003315,V00281,Infrastructures,2662.2,2024-12-24
C001705,V04885,E-services,551.12,2024-11-28
C000118,V02556,Experiences,565.49,2024-10-05
C000707,V01708,E-business,3068.24,2025-06-08
C000695,V01382,E-markets,1511.53,2023-04-19
C002802,V02607,Methodologies,198.99,2026-04-14
C004065,V02571,Paradigms,4891.57,2026-02-02
C004061,V01658,Systems,1668.54,2025-03-21
C001565,V01770,Infrastructures,2409.62,2023-11-06
C002423,V04220,Infrastructures,3569.51,2023-07-03
C003272,V03242,Niches,1616.67,2024-06-15
C001126,V03646,Experiences,1961.02,2023-11-10
C002702,V00971,Schemas,1848.45,2026-01-29
C004070,V02190,E-markets,303.52,2023-05-16
C001026,V02551,Systems,2854.24,2026-04-02
C000893,V01095,Roi,-1521.63,2026-03-19
C001770,V01925,Systems,2632.19,2024-10-26
C002235,V01458,Roi,-199.86,2024-07-15
C003682,V00929,Methodologies,277.31,2023-09-11
C002650,V03982,Markets,3162.64,2024-06-07
C003633,V02418,Niches,1247.35,2023-09-06
C001946,V01073,Paradigms,3712.96,2023-10-22
C002701,V03053,Channels,4895.24,2023-05-07
C003792,V02063,Users,863.54,2025-03-27
C001656,V00110,E-business,1931.36,2023-10-13
C002811,V00409,Models,1461.64,2024-11-23
C002114,V04805,Networks,-4652.6,2025-06-22
C004753,V04161,E-services,3876.15,09/25/2025
C002372,V02497,Platforms,620.82,2023-06-21
C001672,V03006,E-markets,3019.66,2026-02-06
C002424,V04225,Info-mediaries,902.83,2023-10-06
C003867,V03479,Infrastructures,2046.7,2024-07-27
C002055,V02648,Metrics,1735.27,2025-05-10
C004396,V01431,E-services,4073.14,08/16/2023
C002369,V00732,E-services,3348.91,09/24/2025
C001073,V04852,Infrastructures,1321.64,01/11/2026
C000463,V04548,Info-mediaries,3290.28,2026-03-16
C003508,V01865,Methodologies,3797.53,2025-09-19
C001546,V00163,Paradigms,1155.56,2023-08-04
C002831,V03650,Services,101.75,2024-04-22
C003629,V03248,Metrics,3408.84,2023-10-30
C003650,V04397,E-services,1418.95,2024-10-16
C001318,V00297,Functionalities,2442.22,2025-02-11
C002020,V01123,Paradigms,675.81,2025-06-05
C002397,V04610,Users,452.48,2025-02-01
C000092,V03983,Relationships,303.22,2024-07-07
C000973,V01162,Channels,3303.03,2024-12-26
C004669,V03085,Convergence,3440.54,2024-09-08
C002303,V00082,E-services,1553.85,2023-07-25
C004280,V04904,Schemas,751.36,2026-02-15
C000899,V00967,E-markets,2843.63,2025-08-02
C001247,V04733,Infrastructures,156.1,2023-10-04
C004539,V01446,Partnerships,1084.19,2025-08-11
C003865,V03832,Solutions,525.48,2024-07-06
C001283,V03483,Niches,3458.23,2023-07-17
C003663,V04429,Communities,544.02,2023-10-09
C003785,V04838,Networks,3630.91,2023-04-22
C002893,V03189,Paradigms,3813.07,2025-08-24
C000357,V01846,Metrics,4665.22,2025-08-18
C000532,V04804,Partnerships,398.21,2025-10-06
C002365,V02043,Schemas,2243.81,2026-04-09
C002256,V03347,E-services,1254.95,2023-12-09
C000766,V04101,Platforms,180.57,2024-10-04
C004295,V04294,Services,-174.64,2024-03-19
C003522,V01748,Channels,4308.85,2024-09-18
C003019,V01495,Paradigms,-3271.09,2024-11-23
C004850,V04582,Roi,2652.02,2025-03-14
C004710,V03047,Solutions,66.43,2023-11-08
C000411,V01707,Markets,2113.28,2025-11-15
C004718,V04895,Architectures,3428.4,2025-09-14
C003611,V02877,Experiences,4621.32,2025-01-28
C001574,V02494,Services,2592.55,2025-08-16
C001473,V01063,Paradigms,3617.57,2025-03-06
C002502,V01570,Platforms,4481.69,2024-08-12
C000044,V03831,Schemas,800.04,2024-09-23
C001591,V04271,Systems,1195.19,2026-03-14
C003362,V01481,Schemas,2940.83,2025-12-07
C002525,V00812,Web-readiness,3682.06,2025-01-05
C004736,V04980,Functionalities,2404.81,2024-09-16
C002071,V02898,Infrastructures,3331.35,2024-07-10
C000475,V01274,Channels,896.6,2025-02-13
C001232,V03493,E-tailers,278.63,2025-01-28
C000091,V01395,Infrastructures,489.88,2025-04-27
C002848,V03063,Solutions,2639.35,2023-07-03
C001779,V03797,E-commerce,3691.25,2023-05-30
C000002,V02630,Relationships,3538.33,2023-07-05
C003071,V02942,Models,1481.12,2023-11-28
C004305,V02112,Roi,2211.61,2024-07-14
C002883,V01123,Infrastructures,-1278.02,2025-08-15
C002481,V04654,E-services,4053.69,2025-10-05
C004245,V01604,Platforms,502.84,2024-12-24
C002980,V04834,Partnerships,4016.0,2025-07-25
C003173,V01052,Infrastructures,127.12,2025-11-21
C004449,V01665,E-services,4866.46,2026-01-17
C001714,V02435,Platforms,2694.54,2026-02-14
C001285,V00235,Services,1432.57,2025-10-10
C001917,V02856,Platforms,1991.72,2025-07-20
C001969,V03246,Methodologies,3231.69,2026-04-08
C002655,V00222,Solutions,1469.28,2024-05-17
C002652,V01887,Markets,2725.19,2023-06-05
C000676,V04702,Users,3768.88,2024-09-22
C003636,V04988,E-tailers,1483.08,2024-04-02
C000639,V01222,Niches,2234.6,2025-11-20
C002188,V02871,Solutions,1079.89,2025-06-10
C003594,V04744,Infrastructures,4318.86,2025-08-29
C002569,V03158,Platforms,4980.92,2023-09-26
C000324,V03405,Roi,1910.28,2024-03-19
C000955,V04604,Methodologies,2395.58,2024-09-19
C002366,V01806,Solutions,1942.34,2024-05-23
C001938,V00849,E-services,-607.27,2025-02-07
C000754,V04366,Methodologies,4073.83,2024-06-28
C000340,V03854,E-services,-3489.04,2023-09-13
C004179,V04384,Channels,3984.92,2025-12-17
C002315,V01471,Bandwidth,60.75,2023-12-27
C003385,V00624,Functionalities,187.12,2023-07-05
C002967,V00954,Convergence,4094.61,2025-11-28
C004689,V01165,Bandwidth,1507.11,2025-03-10
C001207,V01947,Platforms,4046.94,2026-04-16
C001418,V00085,Channels,475.58,2025-08-23
C003732,V02649,E-tailers,3227.88,2023-09-02
C004617,V02228,Info-mediaries,4097.57,2025-07-10
C003949,V00069,Roi,1124.69,2024-11-04
C001481,V01851,Channels,4257.95,2024-01-25
C001730,V01763,Partnerships,3198.42,2023-11-22
C000194,V04443,Metrics,2351.62,2026-01-18
C000274,V03179,E-tailers,2735.06,2024-01-20
C000156,V00618,Methodologies,927.27,2025-11-08
C004249,V03205,Solutions,83.56,2025-03-31
C003880,V01644,Experiences,355.24,2025-01-24
C003843,V03521,E-services,1510.62,2024-11-07
C004821,V02620,Info-mediaries,4862.72,2023-09-04
C000937,V00942,Bandwidth,4849.05,2025-08-04
C001023,V00729,Users,3406.29,2025-06-14
C001839,V01996,E-services,1316.34,2024-11-10
C003318,V02516,Models,612.37,2025-09-11
C003530,V03525,Schemas,3909.16,2023-08-09
C001925,V01708,E-tailers,3551.06,2026-04-15
C000270,V02482,E-tailers,4384.22,2025-08-28
C000189,V03692,E-services,705.91,2025-06-27
C001858,V04278,E-services,4383.1,2024-05-12
C001324,V03449,Bandwidth,1980.89,2023-06-23
C001147,V02721,,3794.87,2024-09-23
C004860,V04993,Infrastructures,4827.01,2023-05-02
C004644,V00981,Channels,4751.4,2025-10-19
C004629,V01775,Markets,1053.83,2024-05-07
C004694,V02782,E-commerce,1405.54,2023-10-13
C002524,V04236,Relationships,2200.87,2024-05-22
C000725,V03187,Convergence,172.97,2024-07-16
C001265,V01317,Schemas,1078.74,2023-11-08
C004973,V04222,Niches,1422.98,2025-11-03
C004233,V00560,Methodologies,1981.63,2024-03-27
C003493,V02161,Action-items,4936.21,2025-02-28
C001222,V04269,Schemas,1840.78,2023-10-02
C002771,V01559,Niches,2534.85,2026-01-23
C004658,V01962,E-tailers,3948.12,2023-05-14
C001503,V03514,E-business,4392.62,2024-01-01
C002075,V02878,E-commerce,3561.57,2025-11-21
C001002,V01064,Metrics,1933.68,2026-03-27
C004900,V01991,Bandwidth,1699.35,2024-11-13
C002219,V04835,Metrics,3167.3,2026-02-28
C004797,V00369,Roi,1136.5,2024-04-12
C000812,V02085,E-tailers,4800.41,2025-11-09
C002735,V03108,Systems,332.81,2024-12-23
C000432,V00978,E-services,4266.2,2023-06-23
C000068,V02219,Systems,4482.22,2023-07-15
C001310,V04841,Platforms,2805.98,2024-01-19
C002615,V01037,Solutions,3162.0,2023-07-10
C002196,V03608,Solutions,2084.66,2025-12-30
C001590,V01011,E-services,640.31,2024-10-11
C001050,V01015,Infrastructures,4980.43,2025-12-18
C004766,V04664,Models,4653.92,2024-12-10
C001151,V03973,Models,774.42,2024-12-12
C003938,V00658,Metrics,1617.99,2024-02-24
C003836,V03756,Infrastructures,4499.07,2024-02-27
C002726,V01327,Users,-2402.42,2024-04-08
C000223,V00400,E-services,1283.85,2025-07-16
C002012,V02742,Platforms,841.39,2026-02-18
C004650,V03747,Niches,3570.9,2025-10-02
C004410,V04525,Services,2934.78,2024-03-11
C002260,V03029,Markets,4126.25,2023-12-11
C002968,V04671,Channels,4116.72,2023-05-11
C003013,V03779,E-tailers,715.68,2024-01-23
C003822,V03181,Networks,1017.76,2023-10-20
C003123,V02715,Niches,251.7,2025-01-13
C004864,V01239,Niches,3506.28,2024-09-11
C003778,V00476,E-services,4704.76,2025-01-26
C004712,V04508,Convergence,10.39,2023-06-14
C002825,V01187,Platforms,4212.93,2024-04-03
C000404,V04167,Channels,2208.69,10/15/2025
C001346,V01510,E-services,4006.72,2023-06-09
C001888,V01217,Functionalities,4518.61,2023-09-16
C001387,V01870,Functionalities,234.94,2024-03-07
C003164,V02940,Experiences,1267.64,2025-09-07
C002041,V03577,Channels,2696.92,01/21/2025
C004664,V04941,Communities,4276.25,2024-01-09
C003747,V01437,Paradigms,2853.53,2024-02-16
C002062,V03278,Markets,456.97,2024-08-30
C003712,V02660,Solutions,1932.03,2023-11-18
C004316,V00504,Schemas,1430.68,2024-01-29
C000196,V04021,,118.18,2024-12-28
C002154,V01266,Metrics,3597.89,2023-07-22
C002770,V02568,Models,4177.77,2026-03-19
C004374,V04258,Users,3229.19,2026-02-01
C002595,V00445,Paradigms,4426.51,2024-02-16
C001424,V01669,E-tailers,4408.55,2025-04-19
C002865,V04727,Models,1274.86,2025-07-06
C001311,V02031,Bandwidth,4657.79,2025-06-05
C003708,V02786,E-services,3371.18,2023-07-09
C000923,V04502,Niches,3769.93,2025-03-22
C003668,V04477,E-services,2368.57,2024-11-14
C004020,V04465,Metrics,2850.13,2025-10-29
C004779,V02826,Web-readiness,4165.77,2025-01-09
C004808,V00711,Systems,213.27,2023-05-31
C002412,V03325,Architectures,705.02,2024-11-30
C001617,V03686,Channels,4928.79,2023-10-05
C000526,V00424,Experiences,2536.14,2023-05-16
C000230,V04931,E-services,3472.64,2025-04-04
C001169,V02878,Channels,846.13,2025-09-03
C000350,V02377,Platforms,3331.16,2023-05-29
C002368,V03220,Systems,3063.35,2025-08-01
C002723,V03761,Systems,-2255.01,2025-12-12
C002082,V04947,,1367.52,2026-02-06
C001235,V00400,Solutions,4067.57,2023-09-16
C000845,V04357,Infrastructures,3351.38,2023-07-01
C002563,V02095,Web-readiness,404.38,2023-11-12
C000882,V00780,Architectures,2069.76,2023-09-23
C002553,V02682,Bandwidth,4969.91,2024-07-17
C003851,V00769,E-services,3224.13,2024-12-03
C003081,V01269,Systems,3801.02,2023-12-26
C002492,V03642,Channels,4996.95,2025-02-21
C002047,V01152,Roi,29.51,2025-01-15
C001099,V03877,Services,-606.44,2023-06-16
C002998,V02396,E-tailers,4998.44,2025-09-12
C004635,V03615,Paradigms,2836.26,2024-08-07
C000667,V00572,E-tailers,962.91,2025-02-07
C001562,V01327,E-services,2954.31,09/01/2025
C003675,V04731,Channels,2205.08,2025-09-17
C004651,V04925,Communities,1635.56,2025-03-18
C004270,V01119,Users,4888.9,2026-01-13
C004161,V00462,E-commerce,551.13,2024-08-10
C000354,V02844,Paradigms,4816.98,2024-09-18
C004440,V03166,E-services,3390.23,2024-02-25
C001440,V04225,E-services,1607.64,2024-06-03
C003634,V03621,Niches,3260.58,2024-10-03
C000078,V02919,E-tailers,576.81,2025-06-08
C000147,V01385,Niches,1417.1,2025-08-23
C000207,V01150,Channels,1222.65,2024-07-19
C002669,V00521,,762.94,2023-12-13
C002861,V04365,Services,70.95,2023-04-21
C000174,V01060,E-tailers,2145.26,2024-05-14
C000322,V04437,Services,258.0,2024-02-19
C001791,V04713,Users,961.53,2023-12-25
C003337,V02923,Schemas,3683.19,2023-09-19
C001727,V04251,Paradigms,2012.33,2024-12-21
C002208,V01722,,1398.54,2023-10-09
C001892,V01933,E-tailers,-3203.99,10/01/2023
C001512,V02135,Paradigms,2844.1,2024-08-27
C001659,V04840,Markets,667.51,2023-07-02
C002023,V00410,Niches,1006.6,2024-07-23
C001929,V03745,Channels,3334.91,2025-09-11
C000486,V01180,Users,2963.67,2025-09-06
C001131,V03790,Paradigms,3460.46,2024-12-15
C001403,V04721,Paradigms,4556.99,2025-12-16
C000474,V03548,,1409.41,2023-07-07
C000182,V01521,Paradigms,2076.28,2024-05-23
C001350,V04369,Infrastructures,795.14,2025-12-26
C001101,V02797,Niches,2581.4,2026-02-26
C004013,V00791,Roi,3497.41,2025-12-03
C002952,V03039,E-commerce,252.03,2024-04-01
C004782,V02654,Infrastructures,1809.49,2023-11-14
C003568,V03874,Roi,3427.35,2024-05-01
C000579,V00134,Systems,1159.67,2024-08-10
C002992,V00503,Paradigms,4980.15,2025-08-03
C002631,V03365,Paradigms,4702.45,2025-08-25
C004296,V00569,Solutions,3456.73,2026-03-26
C003702,V00632,Niches,3335.79,2025-05-02
C003157,V04001,Platforms,3180.72,2025-08-07
C004422,V03822,Infrastructures,4087.72,2023-05-16
C001752,V03602,E-services,4274.67,2024-03-16
C004731,V02089,Channels,1023.3,2023-09-30
C000915,V01208,Relationships,94.44,2026-04-13
C000914,V03376,E-services,453.92,2025-05-22
C002826,V04069,Roi,4159.58,2025-10-24
C002221,V04795,Solutions,4227.85,2025-08-24
C002807,V01004,Metrics,4451.14,2025-03-16
C004877,V04055,E-tailers,1788.62,2025-04-14
C002964,V02429,Paradigms,2835.06,2025-04-16
C004828,V03360,Platforms,3820.64,2025-04-10
C004582,V03963,Experiences,2536.23,2025-12-29
C004515,V02214,E-business,1338.18,2025-10-14
C000740,V04396,Paradigms,1456.75,2025-01-15
C000781,V00348,Convergence,76.85,2023-05-23
C000731,V01515,Schemas,2280.68,2025-03-21
C003325,V00964,Networks,2763.02,2024-09-03
C002080,V00459,Solutions,-3947.46,2023-12-30
C000985,V03748,Schemas,1047.89,2025-11-18
C001945,V01330,Users,4912.2,2024-02-29
C003105,V04237,E-services,1420.44,2025-06-11
C000071,V00578,Relationships,4213.82,2023-05-28
C000400,V04235,Niches,2368.33,2025-07-19
C002997,V02141,Schemas,1217.71,2025-12-29
C002004,V02561,Web-readiness,2887.88,2026-04-09
C001111,V03725,Partnerships,425.36,2024-01-26
C002092,V03161,Users,2697.1,2023-09-29
C001833,V04530,Schemas,1200.64,2024-11-02
C000784,V02612,Methodologies,2432.28,2026-03-01
C001078,V04840,Bandwidth,3394.29,2023-04-19
C001817,V03775,E-services,2285.78,2024-08-26
C003114,V01787,Bandwidth,793.44,2025-09-26
C000868,V04680,E-markets,253.58,2025-06-02
C000450,V04489,Paradigms,4410.83,2023-06-22
C002858,V02171,Models,526.61,2024-01-30
C003428,V00033,Infrastructures,3725.95,2024-07-08
C000056,V03245,E-business,3496.72,2026-01-01
C003833,V03930,Users,3573.59,2023-12-08
C002161,V00300,Users,2424.86,2024-08-27
C000021,V00417,Experiences,3697.3,2023-06-25
C000072,V04024,Niches,553.33,2023-12-06
C004892,V03667,Models,1481.91,2025-11-20
C001250,V02409,Bandwidth,4448.87,2023-06-11
C002069,V03079,Communities,4609.49,2025-10-22
C002926,V00894,Systems,3620.48,2024-06-24
C004853,V00972,Services,1794.51,2024-02-21
C001139,V00290,Schemas,3052.69,2023-12-29
C000492,V02045,Users,1690.24,2024-05-31
C004045,V02234,Experiences,1554.04,2023-07-08
C002516,V02522,Users,1994.22,2024-02-10
C001687,V03301,Info-mediaries,2899.45,2023-10-22
C001042,V02408,Markets,2135.96,2023-05-28
C004124,V03071,Roi,4165.86,2025-09-30
C002999,V01569,Networks,2357.4,2023-10-18
C002704,V03226,Experiences,3522.59,2023-07-21
C004804,V02124,Functionalities,497.72,2026-03-01
C003168,V00219,Bandwidth,2216.67,2023-09-07
C001625,V01760,Paradigms,159.55,2023-05-23
C004354,V04101,Users,1499.77,2026-01-26
C003985,V04004,Schemas,307.65,2024-10-29
C004420,V02195,Partnerships,829.0,2023-04-18
C002199,V02246,E-services,4565.18,2023-06-24
C001563,V04752,Infrastructures,3789.43,2025-07-02
C001228,V03629,E-business,1905.43,2024-01-12
C003676,V01140,Metrics,3053.51,2025-04-07
C004584,V03917,E-services,2666.19,2026-01-21
C001286,V04081,Paradigms,4905.05,2025-06-12
C003045,V03101,Schemas,2271.19,2023-11-20
C002604,V02673,E-commerce,2635.86,2025-03-11
C004873,V00124,Solutions,519.65,2024-03-23
C004896,V00551,E-commerce,986.5,2023-07-15
C001054,V03076,E-services,78.13,2025-11-21
C003333,V02183,Partnerships,4968.15,02/15/2026
C002493,V04468,Infrastructures,3533.72,2025-02-16
C004059,V03215,Schemas,4589.09,2024-03-14
C004367,V01670,Systems,72.41,2025-06-16
C000361,V03720,Communities,1145.54,2023-05-08
C003748,V04790,Communities,1614.34,2026-04-11
C001128,V01960,E-services,3675.01,2025-07-23
C003718,V01700,,1601.74,2024-01-18
C004157,V02091,Niches,2289.29,2026-03-13
C004137,V01485,Web-readiness,1068.86,2026-01-15
C004382,V03536,Schemas,1316.01,2024-10-30
C002754,V04541,Channels,2881.01,2025-07-22
C004032,V01674,Systems,1672.9,2023-05-09
C002830,V00984,Schemas,1190.02,2024-04-17
C003823,V03041,Methodologies,1203.0,2023-06-02
C004379,V00478,Solutions,3350.56,2024-06-21
C003422,V02709,Systems,831.97,2024-04-10
C003214,V04696,Platforms,4848.36,2026-01-15
C001897,V03193,Users,4816.97,2024-10-01
C003040,V01886,Infrastructures,406.51,2023-08-18
C000519,V00738,E-markets,3567.18,2023-07-09
C000817,V04187,E-services,1253.49,2024-03-23
C003369,V02707,E-tailers,2643.84,2026-03-13
C001614,V02856,Bandwidth,3942.58,2025-09-23
C004178,V00563,Partnerships,147.04,2025-07-17
C001394,V00689,Models,3288.8,2023-11-11
C003566,V04379,Methodologies,4511.16,2023-06-29
C003686,V01919,E-services,2441.34,2023-06-26
C004479,V01369,Platforms,2883.04,2025-04-25
C002821,V03200,E-tailers,3856.57,2023-11-09
C000630,V03065,Action-items,3079.12,2024-07-03
C004169,V01356,Communities,859.5,2023-05-29
C001427,V01851,Methodologies,3932.26,2023-08-31
C004675,V03908,Users,4587.73,2024-03-22
C000978,V02761,Niches,3983.56,2025-10-21
C004266,V04380,Users,4572.93,2023-12-16
C004837,V03153,,4791.37,2024-04-06
C000497,V00309,Users,4547.56,2024-08-02
C000851,V01343,Users,3774.01,2023-09-11
C004970,V02034,Infrastructures,4306.18,2024-01-22
C001905,V01108,Solutions,237.4,2025-01-11
C000749,V04486,E-business,926.85,2023-05-14
C000159,V03666,E-services,3425.64,2025-04-01
C003191,V02752,Channels,4505.89,2023-06-25
C001760,V01740,Users,4239.14,2025-05-28
C002937,V02512,E-tailers,2865.46,02/18/2025
C001893,V00061,Architectures,2919.46,12/04/2023
C001496,V02717,Channels,3228.64,2026-01-06
C002059,V01398,Niches,4325.69,2024-05-07
C002981,V01684,Action-items,1614.93,2025-09-15
C002579,V04719,Web-readiness,4529.82,2025-06-29
C002175,V00087,Functionalities,4285.87,2026-02-18
C004147,V02491,E-services,1298.26,2024-11-08
C001651,V02790,Systems,3909.7,2026-03-19
C003016,V02368,Metrics,597.94,2023-08-16
C004241,V00265,Roi,4917.37,2025-06-14
C001328,V00597,E-commerce,1992.04,2026-01-04
C001716,V04280,Solutions,3291.66,2025-07-05
C001607,V04824,Infrastructures,771.19,2023-05-14
C003239,V02303,Architectures,2235.39,2024-08-12
C003939,V00527,Convergence,4734.67,2025-09-03
C002326,V02079,E-services,696.95,2024-05-08
C000785,V00891,Metrics,-3175.0,2025-07-24
C001996,V00519,Solutions,326.96,2026-01-29
C004527,V03025,Users,4573.16,2024-07-02
C000499,V02082,E-commerce,3979.07,2023-04-25
C003150,V00588,Niches,2219.9,2025-03-21
C000409,V00054,Metrics,4029.62,2023-12-18
C002954,V00901,Services,4321.84,2023-04-20
C002515,V03696,E-services,1477.61,2024-03-25
C002316,V00365,Infrastructures,3323.46,2024-02-29
C004434,V01218,Systems,3055.78,2023-11-15
C001444,V00647,Niches,4588.27,2023-12-14
C003982,V04456,Action-items,4105.69,2025-12-30
C001908,V00738,Channels,4549.64,2024-05-04
C003314,V02064,Metrics,4176.95,2024-11-03
C001080,V00776,Models,1918.14,2026-01-11
C000743,V03592,Niches,3048.19,2023-07-05
C002198,V01679,Roi,3039.61,2024-06-05
C003537,V01523,Bandwidth,4158.68,2024-12-15
C001926,V01738,Communities,3649.44,2024-02-17
C004696,V01530,Roi,4088.08,2023-06-24
C000378,V01786,E-services,4253.71,2024-03-14
C003541,V01825,Users,4824.92,2025-03-31
C000064,V04669,Users,1778.88,2025-02-27
C004893,V01806,Roi,1616.02,2024-10-08
C003424,V00231,Networks,4008.75,2023-07-29
C000478,V03323,Services,3660.96,2024-01-27
C001831,V01397,Metrics,4516.76,2023-05-14
C003479,V00434,Infrastructures,3261.8,2025-05-13
C004023,V00868,E-commerce,4679.2,2024-11-14
C001569,V04906,Functionalities,2496.16,2023-09-18
C001740,V04010,Functionalities,1653.83,2024-11-21
C001194,V04496,Schemas,305.19,2023-10-21
C000125,V01823,E-business,664.95,2025-07-19
C004058,V01948,Partnerships,2608.84,2024-08-09
C002340,V04779,Networks,66.92,2024-07-30
C002168,V03088,Niches,4383.27,2025-09-09
C000202,V03947,Niches,938.37,2023-11-23
C003139,V02122,Partnerships,2522.29,2023-04-25
C004845,V01380,Architectures,519.64,2024-06-26
C001472,V02743,Niches,4849.65,2024-02-20
C002943,V02227,Relationships,4037.27,2023-08-10
C002359,V04995,E-services,1102.99,2023-07-25
C004488,V02174,Paradigms,1451.98,2026-03-17
C002403,V01500,E-commerce,3622.28,2026-04-07
C004968,V02498,E-services,1170.0,2025-06-11
C004918,V02568,Partnerships,217.04,2025-08-04
C000684,V02119,Services,3540.63,2024-04-25
C003072,V03710,Infrastructures,2699.48,06/26/2024
C004750,V02016,Services,2340.86,2025-08-27
C000966,V03747,Users,4558.43,2026-01-23
C004437,V02197,Schemas,2443.5,2023-12-06
C000226,V04834,Roi,2295.83,2023-09-26
C000524,V02047,Architectures,3887.01,2026-03-26
C000733,V03628,Markets,4145.3,2024-01-18
C000574,V03689,Solutions,670.75,2025-09-12
C003572,V04432,Relationships,860.23,2025-08-28
C002202,V00335,Paradigms,-2082.42,2024-04-08
C000165,V04731,Niches,-300.09,2025-07-12
C000017,V02894,Solutions,22.38,2024-09-14
C003935,V04469,Models,3836.45,2024-11-28
C000181,V00283,Metrics,4346.33,2025-12-14
C002812,V03570,E-services,3432.66,2024-04-13
C000022,V02830,Platforms,1794.41,2025-02-10
C001932,V02982,Niches,3595.11,2024-10-11
C002084,V02370,Platforms,4589.87,2023-05-28
C004416,V03012,E-tailers,1123.92,2024-10-24
C004405,V02340,E-tailers,3861.68,2026-02-22
C000495,V02350,Schemas,1427.59,2023-10-14
C004681,V01443,Infrastructures,4392.37,2025-10-09
C000317,V02906,Niches,3914.47,2024-04-26
C004403,V02136,Schemas,1018.16,2023-05-14
C000300,V04947,Solutions,853.35,2024-08-19
C000706,V04256,Architectures,1649.25,2024-12-09
C000110,V02816,Channels,2529.28,2023-06-25
C003229,V02458,E-markets,2142.79,06/24/2024
C001366,V01288,Info-mediaries,3895.69,2025-05-19
C002381,V01420,Metrics,954.82,2024-06-12
C004947,V03266,E-services,4934.75,2024-05-26
C004355,V02347,Users,2264.74,2025-09-06
C001696,V00173,Solutions,3553.37,05/08/2024
C004213,V04418,Platforms,2427.84,2023-12-04
C000982,V01262,Channels,435.84,2024-04-17
C002914,V04647,E-services,3765.52,2024-08-21
C002712,V03973,Channels,417.63,2025-12-29
C003053,V04271,Roi,1701.42,2025-04-02
C000904,V04414,Solutions,-526.81,2025-08-09
C001095,V00149,Roi,2088.71,2024-09-14
C003348,V04261,Niches,1322.34,2024-09-09
C002583,V03650,E-markets,2824.5,2023-04-27
C002716,V03984,Networks,1397.02,2025-11-18
C001658,V00285,E-markets,1933.01,2024-12-25
C003366,V00162,Markets,2367.9,2024-06-07
C002307,V01223,Partnerships,413.51,2024-03-16
C004079,V01096,Solutions,17.34,2024-01-02
C002584,V01335,Infrastructures,3794.42,2025-07-29
C002799,V01293,Systems,2425.28,2024-08-18
C003007,V00464,Services,706.44,2023-08-08
C004904,V00796,Experiences,1871.66,2024-01-11
C004181,V03253,Networks,725.6,2023-08-30
C002542,V04871,Roi,2090.22,2024-04-07
C002910,V01082,Infrastructures,543.45,2024-08-19
C002371,V04429,Schemas,52.53,2025-12-22
C004507,V00586,Metrics,2971.13,2024-09-19
C003377,V02550,E-tailers,4254.35,2024-08-17
C002560,V01992,Methodologies,3888.86,2025-04-23
C002657,V00959,Schemas,4903.24,2026-01-26
C001552,V02439,E-services,1160.0,2025-10-29
C004117,V00496,Systems,1534.37,2024-09-29
C004911,V04874,E-markets,3878.14,2024-04-17
C003950,V01632,Schemas,383.71,2025-07-21
C004408,V01837,Roi,1416.81,2024-11-22
C001260,V00870,E-services,2159.33,2025-07-09
C002612,V00381,Roi,2308.53,2023-12-02
C002925,V00366,E-services,1616.33,2024-11-12
C004803,V02864,,3916.11,2026-03-29
C003649,V04008,Users,3093.77,2023-07-31
C003021,V00919,Services,779.37,2026-03-29
C003825,V01187,Bandwidth,2962.76,2024-05-07
C001697,V02387,Niches,1114.57,2024-02-19
C001781,V00969,Roi,2523.85,2023-08-12
C001022,V00734,Systems,2039.76,2025-08-12
C002002,V03032,Metrics,1823.26,2023-08-01
C000128,V01218,Metrics,128.41,2024-11-24
C002242,V00162,E-tailers,952.39,2024-06-30
C003448,V04746,Paradigms,2859.17,2026-04-07
C004116,V01143,Services,1241.62,2025-01-15
C004755,V00934,Architectures,3989.05,2024-03-22
C003499,V03365,E-business,2748.41,2025-05-01
C003807,V00327,Bandwidth,1443.65,2025-11-02
C001906,V01564,Schemas,1809.95,2025-03-21
C003335,V03170,Channels,486.31,2023-09-23
C001798,V00031,Channels,681.73,2024-01-01
C003200,V00522,E-services,3001.53,2023-04-25
C002252,V02809,E-services,1749.48,2024-06-03
C000964,V01448,Web-readiness,3909.95,2023-08-09
C004417,V04905,E-markets,824.83,2024-01-30
C004733,V01906,Platforms,1734.03,2023-10-13
C004505,V00355,Services,1871.93,2025-10-02
C000453,V03551,Partnerships,2008.3,2025-07-04
C004815,V04578,Services,561.5,06/26/2024
C001253,V03042,Solutions,4567.54,2025-03-27
C001593,V02572,Niches,2240.88,2026-03-30
C004176,V04499,Partnerships,727.48,2024-03-21
C002482,V04768,Metrics,3199.24,05/10/2024
C004979,V01194,Schemas,4393.47,2024-12-20
C002597,V02172,E-services,4387.55,2024-01-11
C002011,V02820,Systems,2511.38,2024-05-09
C004033,V02972,E-tailers,2179.58,2025-03-22
C003435,V01176,E-services,186.26,2026-03-24
C000142,V03947,Communities,4469.46,2024-08-11
C001434,V02390,Systems,3272.77,2025-04-08
C001940,V04064,Relationships,4782.5,2025-02-13
C003289,V02312,Relationships,2235.93,2024-01-17
C002847,V02652,E-tailers,3473.55,2025-06-25
C000768,V00682,Infrastructures,667.28,2025-08-27
C002791,V01659,Web-readiness,2027.65,2025-10-14
C004792,V04389,Channels,3367.21,2024-03-05
C001549,V03573,Platforms,1114.84,2024-09-13
C000554,V01626,E-services,603.45,2025-08-23
C001951,V03760,Functionalities,2985.08,2026-02-23
C002917,V04952,Models,1133.7,2023-06-11
C002063,V04040,,3611.01,2025-02-24
C001413,V03214,Action-items,3331.97,2025-01-22
C002783,V00456,E-services,4682.13,2026-02-07
C002273,V03991,E-markets,2943.73,2025-08-07
C001419,V02421,Niches,418.53,2025-04-06
C004798,V04815,Solutions,4349.23,2026-02-11
C000788,V04414,Platforms,2753.05,2024-02-15
C004908,V01538,Niches,-3482.71,2024-05-23
C002346,V01252,Convergence,3009.17,2023-09-16
C004856,V04512,E-commerce,839.97,2025-07-04
C000052,V00937,Networks,1854.96,2023-06-04
C004848,V02103,E-commerce,2977.89,2024-09-24
C000408,V01542,E-commerce,2476.25,2024-01-08
C002904,V00902,Infrastructures,4796.68,2024-06-20
C000876,V02425,Infrastructures,2822.29,2026-01-04
C004518,V02475,E-services,1178.3,2023-05-24
C001521,V02217,E-tailers,1566.21,2025-05-23
C001175,V03608,Communities,4850.05,05/17/2025
C002165,V00902,Solutions,4311.57,2024-01-22
C001751,V01265,Infrastructures,3098.32,2023-04-19
C003959,V04454,Infrastructures,3382.5,2023-08-16
C004215,V03857,Communities,4010.6,2023-12-08
C003874,V04589,Action-items,3047.4,2026-03-16
C002343,V04804,Partnerships,2420.24,2024-05-29
C000946,V01555,Infrastructures,670.28,2024-09-08
C003630,V00223,E-markets,4467.1,2023-04-19
C001759,V03376,Partnerships,3060.37,2025-10-10
C003287,V00710,E-business,-4940.07,2025-08-14
C002971,V04925,Niches,4513.79,2024-02-14
C002464,V01300,Niches,3395.12,2024-09-07
C001300,V02282,E-markets,2078.63,2024-06-25
C001212,V01277,Convergence,138.35,2023-06-15
C003295,V00922,Metrics,1829.25,2025-01-07
C001586,V02520,E-tailers,2206.43,2025-06-08
C004944,V00791,Convergence,4625.55,2026-03-26
C004125,V04694,E-markets,3392.66,2025-02-13
C000535,V01064,Metrics,1566.68,2024-07-04
C004577,V03101,Partnerships,3685.58,2024-02-01
C002760,V03911,Web-readiness,2114.3,2025-04-25
C004106,V03347,Relationships,2529.66,2023-10-09
C000864,V02272,Services,1943.77,07/25/2025
C001993,V00722,Platforms,3542.29,2024-05-13
C003416,V00759,Communities,215.61,2024-10-18
C002157,V01557,E-tailers,1546.45,2025-08-04
C003279,V02859,Niches,2880.53,2025-10-17
C001701,V00439,,3202.54,2024-07-17
C004076,V00289,Channels,2028.57,2025-05-27
C002841,V01386,Paradigms,2364.49,2024-12-16
C003092,V00172,Solutions,625.02,2024-11-07
C003311,V04961,Partnerships,1327.2,2024-09-20
C001532,V03495,E-services,2684.84,2025-10-01
C004141,V04689,E-markets,1206.98,2024-10-23
C003440,V02528,Architectures,-623.87,10/09/2024
C000945,V02985,Paradigms,2435.13,2024-10-11
C000423,V04303,Systems,2390.55,2023-09-08
C000285,V02408,Niches,-4581.79,2023-06-15
C004384,V02802,Paradigms,4383.31,2024-05-12
C002670,V01506,Systems,4746.46,2025-03-13
C003842,V01524,Systems,2358.76,2023-07-13
C004221,V03780,Paradigms,3912.08,2025-11-29
C002815,V03895,Platforms,46.29,2025-11-02
C002078,V02464,E-markets,1838.59,2023-07-31
C002459,V00871,E-services,1392.44,2023-10-30
C001528,V02816,Paradigms,4575.88,2025-09-21
C004082,V01920,E-services,4377.85,2023-08-19
C003746,V03082,E-tailers,4142.88,2025-11-08
C000480,V01554,Systems,-1655.55,2025-09-22
C003691,V04032,Systems,3550.69,2025-07-27
C003380,V00161,Platforms,4473.47,2023-07-19
C000170,V00193,Markets,1179.32,2024-06-07
C004235,V01295,Convergence,3686.72,2024-04-02
C002703,V04553,Infrastructures,2713.09,2025-08-08
C001046,V00396,Markets,280.41,2024-11-29
C000910,V02281,Users,1647.33,2024-04-07
C002190,V00913,Users,1587.26,2025-04-06
C000979,V01899,Systems,4757.43,2025-07-25
C003910,V03752,Systems,322.13,2026-02-27
C004936,V04453,,3837.47,2024-05-24
C004920,V02373,Roi,1027.01,2025-03-30
C001380,V04606,Schemas,3446.44,2023-11-05
C001602,V00857,Schemas,3813.41,2025-07-27
C004351,V00752,Systems,893.65,2025-09-02
C004108,V01885,Solutions,4907.2,2024-02-13
C004471,V03169,Functionalities,2932.08,2023-05-31
C002915,V04146,Roi,1043.93,2026-03-03
C001223,V01133,E-services,887.74,2024-09-06
C000655,V00611,Architectures,4832.36,2025-08-20
C001116,V04259,Paradigms,4523.29,2024-12-20
C000764,V03071,Systems,2654.87,2025-10-30
C001688,V02728,Paradigms,3492.14,2025-12-02
C002224,V00449,E-services,313.82,2024-09-16
C001136,V04142,Platforms,747.51,2023-09-25
C001217,V03224,Paradigms,3594.97,2024-08-07
C004794,V04818,E-tailers,4922.71,2023-10-02
C004201,V04596,E-commerce,4308.75,2025-12-23
C002275,V02441,Channels,3769.59,2023-10-29
C004773,V01267,Methodologies,2824.4,2024-11-14
C000633,V00136,Niches,3457.46,2025-01-09
C001426,V00144,,3775.13,2025-07-01
C002809,V02153,Info-mediaries,2659.56,2023-11-17
C002913,V04072,E-commerce,1148.45,10/18/2025
C000452,V02249,Platforms,3183.9,2023-07-13
C001935,V03533,Schemas,3128.5,2026-03-03
C003942,V00768,E-services,1017.68,2023-11-12
C003561,V00240,E-services,156.72,2025-09-21
C004286,V04904,Info-mediaries,1860.86,2025-01-02
C004825,V02239,E-services,2160.56,2025-02-26
C002110,V04144,E-services,3282.31,2026-03-16
C004197,V01798,Bandwidth,62.95,2025-11-06
C001901,V03717,Users,1355.86,2023-08-27
C001789,V04921,Partnerships,1567.73,2024-10-31
C004916,V04508,Markets,-1012.74,2023-06-29
C001711,V02238,Schemas,3589.7,2024-01-20
C000507,V02813,Architectures,1049.9,2026-02-17
C000636,V02711,Systems,-1237.04,2023-11-25
C001796,V01069,Functionalities,4687.1,2024-06-22
C002230,V01383,Markets,2758.54,2026-02-04
C003459,V04733,Niches,2412.56,2024-09-22
C004603,V04841,E-services,3919.46,2023-12-24
C002102,V02933,Users,892.41,2026-02-06
C003832,V03802,Services,3314.84,2023-12-25
C003492,V02691,Platforms,2811.19,2024-12-08
C001317,V00123,Niches,4161.51,2026-03-29
C001965,V00900,Niches,4350.4,2023-07-26
C004166,V04600,E-commerce,644.65,02/14/2024
C003804,V01330,E-services,4273.77,2023-05-23
C002351,V04873,Solutions,1367.89,2024-02-12
C004575,V04277,E-services,738.72,2025-02-08
C003898,V04357,E-commerce,736.67,2023-12-02
C000218,V00043,Partnerships,1406.86,2023-05-20
C003531,V04955,Users,1607.91,2025-05-23
C001298,V00674,Convergence,3203.13,2024-09-22
C001442,V01296,,694.16,2023-11-14
C001685,V01327,,296.64,2024-01-23
C000379,V01271,Infrastructures,1278.93,12/16/2024
C000442,V02320,Channels,4805.76,2023-06-29
C004399,V02901,Convergence,1030.54,2024-09-30
C004442,V01880,Roi,4570.86,2024-04-30
C003901,V04695,Solutions,3831.1,2025-01-15
C004081,V00823,Platforms,371.8,2023-10-21
C003703,V04058,Channels,1182.02,2024-01-10
C000011,V02238,Metrics,2295.03,2024-09-25
C000065,V04242,E-markets,3282.34,2025-08-02
C004003,V03653,Solutions,4696.12,2024-01-18
C001884,V00324,Models,535.36,2023-06-23
C001354,V03265,Users,4569.39,2026-03-12
C002720,V00597,E-services,1092.46,2025-06-07
C004889,V02367,Users,902.54,2023-11-24
C000887,V02945,E-commerce,1803.53,2025-01-29
C002382,V00727,E-services,1823.81,2023-08-19
C002660,V00258,Metrics,2636.24,2026-01-25
C000263,V02960,Markets,3513.47,2025-07-19
C004550,V00939,Solutions,2515.63,2023-09-03
C004175,V01985,Action-items,2693.47,2023-10-26
C003140,V03891,Infrastructures,4217.24,2023-07-17
C001723,V02245,Users,2820.21,2024-07-02
C000642,V03812,Roi,488.93,2023-06-03
C002900,V01559,E-commerce,4541.93,2025-10-19
C004160,V03535,Channels,4641.25,2023-07-29
C001135,V00310,Architectures,1382.24,2025-09-23
C000790,V02027,Users,2388.32,2024-02-26
C002796,V04509,Functionalities,2122.64,2025-11-03
C000607,V02597,Niches,3803.08,2023-06-04
C001489,V04116,Action-items,4763.36,2024-01-08
C000312,V01844,Architectures,93.13,2023-10-27
C001134,V00316,Models,2505.4,2025-08-13
C001174,V03305,Platforms,41.4,2026-01-15
C000656,V01009,Architectures,1876.72,2024-12-02
C000755,V00112,Systems,4924.7,2024-12-14
C000363,V02850,Roi,2515.39,2026-03-22
C002013,V02951,Partnerships,4453.15,2023-07-29
C002505,V02179,E-services,4892.09,2024-11-03
C003757,V03430,Channels,2661.81,2024-03-05
C001416,V00966,Partnerships,3947.08,2023-12-22
C000352,V04418,Niches,4227.55,2025-10-14
C001146,V00674,E-services,2310.51,2025-07-24
C002295,V03385,E-tailers,3138.6,2025-07-14
C001166,V03344,Metrics,1369.82,2024-03-30
C000673,V04025,E-services,4991.09,2025-07-17
C001987,V02087,Experiences,4015.48,03/12/2025
C004671,V02886,Users,4214.31,2025-01-29
C002462,V04943,Platforms,1323.95,2025-10-03
C002195,V03050,Networks,1549.61,2026-02-13
C004886,V04178,Platforms,519.01,2023-05-04
C001454,V00294,E-markets,3630.75,12/02/2024
C004094,V03676,E-services,3395.14,2024-06-24
C004113,V03017,Paradigms,4582.63,2023-05-27
C002717,V02668,Systems,2307.16,2024-04-08
C003322,V00454,Users,1604.89,2023-06-09
C002384,V04650,Niches,739.62,2024-06-11
C003488,V04690,Channels,879.93,2025-08-15
C001205,V00159,Roi,2574.59,2024-02-21
C003414,V02694,Action-items,4770.14,2025-08-20
C000448,V03881,Functionalities,53.3,2025-02-08
C001626,V02272,Platforms,453.08,2023-12-05
C003829,V01404,E-markets,736.76,2025-12-06
C002433,V02558,Metrics,2158.56,2025-04-29
C000231,V01718,Paradigms,542.45,2023-06-20
C003271,V01512,Relationships,4754.36,2025-01-07
C003110,V03145,,2416.16,2023-10-31
C000503,V04944,Solutions,2062.25,2024-10-01
C000239,V03003,Bandwidth,2802.19,2024-07-12
C002849,V03955,Niches,4038.0,2025-10-02
C002267,V04736,E-business,3352.79,2024-10-21
C004485,V01380,,378.64,2026-01-02
C002449,V04436,Platforms,3215.37,2025-10-29
C002126,V01400,Models,576.7,2025-12-15
C001177,V02833,Platforms,1221.16,2024-05-30
C000437,V04337,Bandwidth,1346.13,2024-04-21
C003820,V03223,Users,3063.61,07/20/2025
C001553,V02193,E-services,4623.38,2025-04-14
C004976,V02356,Relationships,1918.86,2026-03-21
C003885,V01890,Systems,873.21,2025-11-12
C001161,V02115,Niches,3793.9,2025-07-18
C003498,V03245,E-business,255.69,2024-04-27
C004319,V03423,Info-mediaries,3329.11,2025-01-06
C002236,V00656,Systems,3575.35,2026-01-06
C004182,V01465,E-markets,2836.39,2025-05-24
C002586,V00907,Metrics,162.95,2023-10-03
C003713,V00388,Niches,4166.99,2024-01-04
C004649,V03652,E-services,616.2,06/19/2024
C001691,V01849,E-services,1416.56,2023-11-15
C004392,V03439,Networks,2427.05,2023-08-30
C004227,V01177,Users,4004.31,2023-04-20
C003196,V02079,Bandwidth,709.34,2025-10-26
C002225,V03076,Methodologies,1873.77,2024-11-24
C000082,V01962,E-services,1333.86,2024-05-27
C004203,V01115,Channels,2275.98,2024-05-04
C002936,V04588,,2443.45,2025-02-23
C004567,V03538,E-services,3745.99,2024-03-25
C004240,V01148,Partnerships,2930.65,2023-08-31
C002152,V00644,Metrics,2986.72,2025-08-02
C004895,V00548,Solutions,1771.23,2024-05-08
C003407,V00058,Web-readiness,1923.43,2023-09-20
C001975,V01846,Convergence,1951.0,2025-01-03
C000544,V03401,Relationships,170.84,2025-11-01
C004429,V00787,E-markets,3397.65,2023-08-06
C001543,V00364,Systems,3627.63,2025-09-21
C004834,V03575,Relationships,632.28,2024-08-24
C001876,V00219,,4898.51,2025-03-16
C001479,V01328,Relationships,4657.55,2023-06-02
C001227,V02652,E-services,4754.43,2024-03-19
C001775,V00451,Models,966.81,2024-12-09
C002377,V04195,Communities,1604.75,04/04/2025
C002021,V03557,Metrics,1389.64,2023-06-15
C003981,V04153,E-services,127.94,2024-06-07
C003659,V03157,Systems,4666.83,2025-09-12
C002949,V00068,Channels,406.42,2023-08-30
C004707,V04011,Communities,2562.48,2024-09-22
C002581,V00373,Networks,4526.37,2024-12-11
C003628,V03444,Models,347.16,2025-10-29
C002081,V04671,Schemas,1102.45,2025-02-15
C000262,V01145,E-tailers,3945.07,2025-09-28
C000422,V02829,Channels,2246.52,2023-08-15
C004251,V03196,Architectures,2138.18,2025-06-20
C002674,V03650,E-tailers,2976.76,2025-05-20
C000674,V03321,Schemas,2640.67,2024-08-17
C001173,V02072,E-commerce,2361.28,2023-05-27
C000491,V03693,Paradigms,141.32,2025-07-10
C000412,V03561,Relationships,1572.84,2025-11-08
C004924,V01400,E-business,586.02,2023-09-06
C004611,V00741,Solutions,4829.38,2024-07-26
C001756,V00801,Infrastructures,3931.39,2024-10-05
C000677,V04431,Users,4554.77,2023-10-21
C001019,V04483,Niches,2164.51,2024-10-07
C004333,V03183,Communities,1926.15,2024-05-02
C001304,V03452,Models,588.81,2025-10-17
C004661,V01466,Metrics,3654.37,2026-02-02
C000047,V02058,E-business,2564.87,2023-05-05
C001144,V03616,Platforms,3111.26,2024-09-08
C001954,V04862,E-tailers,996.53,2025-01-02
C003108,V01711,Models,-4988.96,2025-10-01
C000940,V02173,Relationships,2207.19,02/04/2026
C002599,V02336,E-business,4137.25,2025-10-29
C001603,V02463,Markets,161.94,2024-12-20
C003706,V04087,Roi,548.34,2024-09-14
C003984,V02678,Channels,1611.04,2024-02-21
C002960,V00484,E-business,3029.01,2025-11-26
C001264,V02990,Services,3998.27,2025-11-12
C002744,V02397,Metrics,3412.04,2024-01-10
C003065,V01820,Action-items,1320.64,2023-08-11
C003161,V00525,E-tailers,2707.16,2023-07-29
C002155,V03849,Communities,2838.03,2023-05-27
C001096,V03024,Paradigms,719.97,2026-03-18
C000638,V00636,Niches,1860.19,2025-09-13
C002526,V00743,E-services,4313.55,2024-11-30
C003176,V01732,Infrastructures,3755.62,2023-10-04
C001508,V00237,Markets,4924.49,2024-05-01
C001352,V03518,Metrics,1028.85,2025-08-28
C003028,V02880,Channels,3872.39,2025-02-16
C002743,V03483,Architectures,2773.12,2024-10-05
C000877,V04437,Methodologies,3159.18,2023-09-08
C000304,V01685,Convergence,4561.55,2023-11-23
C003794,V01604,E-services,1744.17,2024-10-21
C003398,V00970,E-tailers,710.82,2025-03-01
C001941,V00522,Schemas,4374.19,2025-10-30
C002867,V04267,Architectures,2132.89,2025-04-03
C000116,V01793,Partnerships,2712.06,2024-05-03
C004784,V00459,Infrastructures,1320.74,2024-05-08
C000840,V00134,E-tailers,1752.99,2025-10-24
C000435,V01787,Channels,3481.08,2023-05-21
C004388,V04263,Communities,4143.71,2025-12-15
C003578,V01703,Models,4639.98,2023-12-09
C002077,V00093,Markets,1011.47,2023-05-10
C000886,V02654,Action-items,1867.68,2025-07-02
C000686,V00886,Convergence,3985.85,2024-08-12
C003500,V04757,Channels,1240.48,2025-06-04
C004170,V00332,Markets,2869.02,2025-11-11
C003524,V03410,Niches,2320.48,2023-04-30
C000385,V04538,Niches,3557.81,2023-08-14
C003968,V03871,Markets,1853.9,2024-06-05
C004111,V00465,Communities,2464.26,2026-01-18
C001027,V01074,Action-items,3991.98,2026-01-29
C004271,V04668,Solutions,3719.51,2025-08-25
C001913,V04508,Architectures,-4024.27,2023-08-19
C000588,V01564,Methodologies,3466.02,2024-07-18
C002401,V03143,Platforms,2805.73,2025-12-02
C000522,V04168,E-tailers,4791.9,2024-11-13
C001087,V02783,Networks,4454.41,2026-04-02
C000704,V00246,Methodologies,2808.96,2023-07-12
C001907,V00739,E-commerce,1409.69,2023-09-22
C002836,V00670,Convergence,535.96,2026-01-15
C000929,V04933,Roi,3321.32,2024-04-18
C002605,V00649,Roi,2042.44,2023-11-13
C003316,V01070,E-commerce,1181.59,2023-12-21
C004353,V01820,Niches,174.06,2023-10-24
C000759,V01152,Services,2660.0,2023-11-21
C004871,V04414,Systems,844.45,2024-04-08
C003334,V02830,E-markets,3183.19,11/05/2025
C002146,V00680,Architectures,3633.12,2025-09-21
C001715,V03521,Communities,562.19,2024-07-29
C003320,V03161,Users,4465.64,2023-05-03
C000571,V00177,Niches,1341.83,2024-05-07
C001182,V00687,Services,218.38,2025-11-20
C001438,V04702,Convergence,234.03,2025-09-07
C003305,V00066,Infrastructures,-2790.03,2026-04-16
C002426,V02197,Relationships,769.8,2025-11-26
C003856,V00574,E-business,3198.65,2023-08-26
C002658,V01322,Partnerships,108.36,2024-11-08
C000250,V00192,Convergence,15.47,07/17/2024
C002708,V02733,Experiences,1243.82,2024-05-05
C000076,V04895,Partnerships,3412.82,2026-02-25
C001432,V01465,E-markets,183.31,2024-10-12
C002317,V00250,Paradigms,1101.35,2025-01-09
C003589,V03095,Roi,3689.76,2026-03-06
C003130,V01298,E-business,1604.88,2024-06-23
C004276,V00529,Relationships,2389.07,2025-12-24
C004142,V04023,E-services,2009.24,2023-12-10
C003358,V02341,Functionalities,3901.98,01/04/2024
C004519,V03481,Platforms,2242.68,2024-10-11
C003426,V03880,Experiences,2049.88,2023-05-03
C003986,V02948,Metrics,1352.93,2024-04-24
C004074,V01020,E-tailers,4322.12,2026-03-19
C001467,V01240,E-services,3741.78,2024-01-15
C003595,V03883,Paradigms,4180.09,2025-08-08
C004292,V00550,Roi,4486.51,2023-11-07
C000552,V01628,Roi,4504.5,2026-02-01
C004476,V00296,E-markets,2982.81,07/19/2025
C000150,V02916,Users,1644.86,2025-04-16
C000634,V02737,Markets,3136.42,2026-02-11
C003652,V00508,E-tailers,1326.05,2023-10-28
C001613,V03214,Experiences,4228.8,2023-08-23
C003339,V00027,Functionalities,2534.33,2023-09-20
C003645,V02036,Solutions,4350.78,2026-01-17
C002463,V00984,Info-mediaries,2588.62,2024-05-25
C004451,V02179,Functionalities,1433.69,01/07/2025
C003975,V03189,E-tailers,2402.07,2024-06-08
C003920,V03622,E-business,2122.12,2025-10-26
C002332,V01893,Solutions,1706.28,2023-09-11
C002243,V00795,Niches,4466.58,2025-11-20
C000557,V03272,Models,1890.18,2025-11-05
C002127,V01102,Communities,63.87,2025-10-16
C001971,V01802,Niches,3059.64,2023-05-17
C004868,V00977,Partnerships,644.56,2024-03-17
C004345,V04698,E-commerce,2981.24,2024-04-19
C003937,V02660,Bandwidth,4094.44,2024-03-25
C003826,V02534,Schemas,743.45,2025-08-05
C000709,V01720,Action-items,4826.63,2023-08-12
C000884,V03877,Networks,734.91,2024-02-12
C002673,V04289,Users,17.53,2025-11-28
C001703,V00779,Networks,2763.48,2024-02-10
C004772,V02061,Convergence,3113.29,2025-08-20
C000115,V00165,,2564.64,2024-05-27
C001504,V02413,Info-mediaries,1763.91,2024-09-04
C001183,V00819,Partnerships,2610.83,2024-08-27
C002834,V04906,Metrics,4948.56,2023-12-08
C003265,V01307,Users,1857.01,2024-04-27
C000748,V02151,Systems,2829.35,2024-06-10
C002976,V03316,Systems,-4962.34,07/18/2024
C001044,V03585,E-tailers,4684.05,2025-03-20
C004409,V04838,Models,3022.58,2025-10-24
C003162,V04107,Schemas,398.35,2023-07-18
C002174,V04698,Methodologies,838.45,2026-01-18
C001984,V03985,E-services,4769.12,2023-08-01
C003674,V02213,Channels,3625.24,2024-08-16
C001127,V01046,E-markets,300.98,2026-03-14
C002270,V00153,Roi,2168.47,2025-12-22
C001471,V03380,Platforms,2181.39,2024-03-17
C000719,V00786,Communities,1204.17,2025-07-15
C003004,V04893,E-commerce,3210.71,2026-01-07
C002452,V01430,Systems,2063.21,2024-12-21
C003232,V01857,Metrics,2948.7,2025-01-19
C003046,V01028,Paradigms,4208.88,2023-08-09
C003597,V01277,Channels,1373.31,2024-09-01
C002776,V02296,Platforms,1634.49,2025-10-29
C004339,V00714,Communities,1362.42,2024-06-12
C002823,V02573,Platforms,4071.81,2025-08-29
C003582,V04884,Platforms,109.42,2024-12-17
C002342,V02087,Web-readiness,1483.24,2023-11-28
C003902,V00857,E-business,3679.56,2026-02-14
C002941,V00487,Functionalities,745.68,2024-06-08
C003616,V01080,Functionalities,3023.96,11/23/2023
C003988,V04977,Info-mediaries,2084.56,2024-11-13
C000289,V00729,Action-items,4897.6,2023-07-16
C004164,V00646,Info-mediaries,1610.38,2025-04-06
C003429,V03855,Functionalities,3973.53,2026-03-05
C001280,V02911,Action-items,2722.54,2025-08-30
C001054,V03076,E-services,78.13,2025-11-21
C004140,V03592,Bandwidth,4488.62,2026-04-09
C002405,V01200,E-commerce,1749.1,2024-12-22
C000957,V04955,Solutions,1232.61,2025-03-12
C002272,V04430,Relationships,2482.62,2024-06-18
C001526,V01921,Paradigms,2549.5,2024-05-05
C001676,V02056,Niches,3141.28,2025-11-14
C002664,V00964,Convergence,38.65,2024-02-17
C003179,V00170,Infrastructures,2802.21,2024-08-19
C004826,V03609,E-tailers,2538.71,2024-07-05
C002220,V02476,Schemas,1792.56,2026-03-26
C003899,V01314,Solutions,4070.29,2024-05-19
C004027,V04226,Bandwidth,2285.96,2024-07-30
C003445,V04816,Partnerships,2481.74,2023-06-27
C002996,V00436,Bandwidth,3665.49,2025-07-03
C003946,V01988,Niches,2990.42,2024-11-05
C003814,V04730,Metrics,2823.51,2024-07-24
C001864,V01783,Infrastructures,1402.73,2025-08-27
C001154,V04330,E-services,4608.76,2024-01-09
C001584,V03931,Infrastructures,3116.03,2025-04-10
C004256,V00211,E-services,3373.47,2023-10-22
C002288,V02917,E-services,2072.47,2023-06-20
C001251,V03095,E-services,2635.4,2024-10-18
C001774,V02974,Services,3325.64,2024-11-07
C000040,V01515,E-markets,929.1,2025-04-02
C004950,V02147,Models,1241.35,2025-12-09
C003739,V00876,Roi,331.78,2023-11-08
C000237,V02981,Functionalities,2896.73,2024-10-19
C003215,V03083,E-services,-2964.78,2023-11-22
C003917,V03282,,428.64,2023-06-18
C001859,V02105,Users,3838.48,2025-04-04
C000963,V02518,Metrics,2075.0,2023-12-07
C000240,V00180,Info-mediaries,2744.78,2023-06-22
C003765,V02649,Paradigms,132.11,2025-02-27
C004672,V00675,E-tailers,3583.56,2023-11-03
C002625,V03760,Architectures,1093.55,2026-04-03
C004608,V01318,Platforms,1659.27,2026-02-28
C001738,V00633,Functionalities,3825.63,2025-10-30
C001466,V01738,Convergence,3747.44,2025-04-15
C004430,V01875,E-business,19.46,2025-12-10
C002616,V02453,Schemas,-3227.57,02/28/2024
C003695,V03984,Markets,1269.03,2023-07-31
C000931,V02644,Experiences,1178.35,07/01/2025
C001342,V03810,Schemas,-3717.89,2023-04-26
C000179,V02546,E-tailers,1938.05,2023-04-25
C001536,V01936,Roi,1364.99,2024-01-23
C001268,V00027,Bandwidth,1705.53,2024-06-13
C001001,V04605,Partnerships,3550.23,2025-11-02
C003056,V03450,Users,2477.03,2024-07-12
C004071,V00762,Convergence,1680.5,2023-06-03
C001282,V04424,Systems,1367.33,2025-01-23
C003677,V03922,Web-readiness,299.19,2026-03-25
C003067,V03572,E-tailers,-3956.96,2025-08-06
C000339,V02421,Partnerships,697.16,2024-12-12
C001952,V00106,E-markets,1180.54,2024-02-23
C003132,V03489,,4878.9,2024-01-18
C003494,V01433,Roi,2523.92,2025-04-28
C002822,V03714,Methodologies,3939.18,2024-02-28
C000604,V02007,Users,2590.17,2023-10-17
C002247,V04338,Functionalities,2104.0,2024-05-08
C002440,V04524,Networks,2818.9,2024-10-14
C002104,V02614,Niches,3647.05,2024-05-25
C000449,V01782,Channels,4790.09,2023-05-15
C000197,V01167,E-business,656.77,2024-06-07
C000191,V02509,Communities,4330.34,2024-11-25
C004737,V03181,Models,2903.02,2024-12-19
C002814,V04653,Bandwidth,4229.14,2023-09-04
C003717,V01798,Platforms,3475.73,2023-07-10
C004802,V01114,Architectures,2088.49,2025-06-09
C000212,V00380,Infrastructures,4457.79,2026-02-21
C004315,V03072,Models,4826.3,2025-12-23
C001168,V01925,Communities,4418.31,2023-09-29
C000276,V03573,Platforms,2482.58,2024-09-14
C000465,V04076,Schemas,334.12,08/08/2023
C000565,V02008,Paradigms,986.93,2025-07-27
C001090,V01700,Schemas,2101.24,2026-02-11
C003260,V04043,Info-mediaries,2270.13,2024-03-14
C003953,V04848,Markets,4248.1,2024-05-03
C004573,V03745,Architectures,2895.46,2024-06-14
C004633,V00283,Niches,4509.36,2024-07-14
C003310,V04119,Niches,2181.67,2025-12-05
C002877,V02039,Markets,1884.95,2025-08-31
C001765,V03258,Networks,26.2,2023-10-19
C000325,V03526,E-services,4638.12,2023-11-13
C000760,V01854,Functionalities,542.1,2025-01-03
C000968,V04418,Solutions,933.2,2023-08-09
C003050,V00958,Info-mediaries,4633.43,2025-06-19
C000158,V04586,Roi,444.19,2025-09-01
C003813,V03255,Paradigms,2954.43,2025-04-16
C000559,V02010,Schemas,3829.49,2026-03-06
C003436,V04558,Channels,4998.26,2025-10-03
C003653,V00574,Niches,127.04,2025-07-07
C004570,V02321,Relationships,1017.94,2023-06-15
C002285,V01518,Partnerships,3389.94,2025-06-05
C004104,V00195,Models,2104.63,2025-05-30
C000623,V01056,E-services,1411.01,2026-01-22
C000025,V03938,Info-mediaries,482.85,2023-11-21
C003869,V02768,Functionalities,1009.89,2023-06-13
C000469,V04001,E-business,4950.48,2024-01-15
C001542,V03314,Services,127.35,2024-02-02
C003773,V04434,Methodologies,3245.18,2024-02-13
C003991,V02818,Infrastructures,3814.74,2024-06-11
C000834,V00371,Users,4096.08,2023-08-11
C003430,V02486,Users,4415.11,2025-12-09
C003171,V00607,Info-mediaries,2015.48,2024-11-15
C002425,V04927,Roi,371.13,2023-10-27
C002637,V00255,Paradigms,1636.36,2025-06-24
C000345,V01039,Methodologies,1796.27,2025-07-10
C000515,V04717,Users,2313.14,2026-01-14
C001464,V04804,E-markets,2372.62,2023-10-22
C002040,V02425,E-services,786.74,2023-10-21
C002321,V04840,E-markets,3508.03,2025-04-25
C004097,V03039,Niches,2232.79,2025-06-11
C003251,V00757,Networks,3344.99,2026-02-12
C002539,V01266,E-services,1259.82,2025-11-10
C004927,V02741,Web-readiness,3920.15,2023-12-27
C002610,V04392,E-markets,3524.27,2025-02-06
C002506,V01871,Metrics,4552.19,2025-05-18
C001982,V04621,Bandwidth,3880.21,10/19/2025
C000095,V02222,E-services,2782.67,2023-08-14
C004109,V00202,Bandwidth,3653.3,2026-01-10
C004721,V04036,Schemas,100.15,2024-11-30
C004954,V04060,Experiences,942.96,2023-07-04
C001862,V04039,,2587.64,2023-10-06
C003945,V00364,E-markets,769.61,2024-02-01
C001332,V03190,Bandwidth,441.84,2024-04-12
C002194,V00467,Methodologies,4898.66,2025-04-28
C001767,V01343,Niches,2456.06,2024-06-18
C001516,V02596,Models,-1822.96,2025-01-26
C003605,V04329,Channels,4555.96,2024-08-14
C002931,V04402,Schemas,3720.09,08/11/2023
C004849,V02679,Niches,1293.63,2024-01-24
C003584,V01435,Schemas,3858.94,2024-03-24
C004626,V00183,E-tailers,2287.85,2025-01-20
C003890,V00722,Architectures,587.65,2023-11-05
C002556,V03355,Users,3891.69,2025-02-11
C001450,V02763,Communities,906.97,2023-09-05
C003199,V03347,Schemas,4194.05,2023-05-10
C002400,V02116,Solutions,2352.27,2025-08-01
C000137,V03712,Systems,1622.58,2024-08-29
C002545,V03491,,3709.9,2026-04-01
C000616,V03994,Info-mediaries,2224.38,2025-11-15
C004472,V01146,Roi,4289.5,2025-04-02
C001430,V03495,Functionalities,1373.14,2024-01-17
C004523,V04944,Niches,53.34,2024-06-30
C001736,V04001,Models,752.03,2023-11-13
C002537,V01424,Bandwidth,3330.91,2025-12-25
C004997,V01243,E-business,2056.95,08/29/2023
C002265,V04806,E-markets,3103.82,2023-11-25
C001973,V02008,Channels,3353.27,2023-07-16
C000830,V03241,Infrastructures,912.13,2023-10-23
C000180,V04618,E-markets,764.33,2024-05-28
C001379,V04851,Schemas,1366.78,2023-04-27
C002448,V00091,Functionalities,2810.16,2024-04-04
C000662,V01856,Niches,1509.91,2023-08-09
C002281,V01704,E-tailers,1733.1,2025-07-26
C003591,V01451,E-commerce,3529.75,2025-03-27
C000510,V03905,Convergence,3739.32,2023-11-16
C004855,V04725,Solutions,4122.44,2023-11-11
C004306,V02672,Systems,283.52,2024-05-16
C001646,V03245,Metrics,3518.66,2025-09-29
C000925,V03164,Action-items,2226.31,2026-04-09
C001850,V00164,Users,2460.62,2024-07-03
C000831,V02281,E-services,3793.18,02/07/2024
C000205,V00813,E-services,3493.59,12/04/2025
C003015,V01512,Systems,28.87,2025-03-22
C004747,V01829,E-tailers,947.15,2026-03-05
C003621,V00917,Solutions,2542.8,2024-02-01
C003158,V03484,Niches,4210.9,2024-11-17
C004366,V00694,E-tailers,3200.6,2023-07-16
C004397,V02967,Paradigms,4963.54,2025-09-13
C004453,V02090,Roi,985.38,2025-09-13
C000659,V02556,Users,3271.57,2024-10-04
C004377,V02158,Channels,325.72,2023-07-25
C002420,V01317,Niches,255.02,2024-05-27
C002176,V02440,Users,2060.95,2023-08-26
C000914,V03376,E-services,453.92,2025-05-22
C003523,V00151,Methodologies,114.03,2024-09-08
C002639,V03053,Infrastructures,2501.1,2024-08-11
C000336,V04515,Users,988.79,2025-06-10
C002769,V04571,Partnerships,3695.32,2026-01-08
C004849,V02679,Niches,1293.63,2024-01-24
C003871,V03743,E-markets,4891.8,2025-02-16
C004369,V03725,E-markets,2325.54,2026-02-12
C000313,V03906,Bandwidth,3171.76,2025-08-10
C002963,V03061,Relationships,1770.99,2025-12-03
C000291,V00381,E-markets,1458.18,2024-04-22
C003870,V02804,Users,1001.04,03/03/2025
C003643,V02676,Platforms,3107.06,2024-01-04
C001343,V03290,Channels,627.71,2024-09-02
C002687,V01356,Relationships,2184.83,2026-03-07
C002113,V03687,Solutions,4848.96,09/21/2025
C001133,V02401,Niches,1119.64,2024-02-14
C000789,V00748,Systems,-2255.32,2024-02-20
C002170,V02329,Functionalities,2880.88,2024-07-26
C000721,V04182,Networks,3674.68,2025-11-23
C004459,V01592,E-markets,1203.19,02/08/2025
C004423,V01231,Experiences,1670.15,2024-05-15
C003786,V01806,Solutions,3942.75,2026-03-12
C004738,V01672,Methodologies,162.1,2024-10-22
C002229,V00734,Experiences,4603.22,2025-10-06
C002929,V03552,Bandwidth,2582.07,2024-11-27
C000814,V02711,Bandwidth,3057.99,2023-04-18
C003152,V02490,Services,4542.56,2023-09-04
C001474,V02707,Channels,4211.6,2024-03-20
C002451,V01456,Web-readiness,4926.85,2025-08-27
C003368,V03925,Relationships,46.78,2023-08-25
C001518,V02585,Partnerships,4859.38,2025-05-16
C002608,V01773,Schemas,3590.72,2023-12-28
C003750,V00059,Roi,2127.49,02/26/2026
C003731,V03949,E-business,845.79,2024-05-13
C000545,V03495,E-business,4191.66,2025-09-23
C003892,V03921,Platforms,268.23,2024-12-06
C003647,V03743,Methodologies,3145.88,2026-02-06
C003186,V00222,Platforms,4426.58,2025-03-02
C001589,V04943,E-markets,1010.38,2025-02-26
C003384,V03342,Action-items,1568.42,2026-04-08
C000652,V01207,Users,4295.45,2026-02-07
C003397,V01430,Architectures,815.07,2024-05-25
C003347,V03324,Action-items,4579.98,2023-11-25
C001091,V03977,E-tailers,2047.68,2024-10-28
C003117,V02862,Paradigms,2569.28,2023-07-25
C001538,V04732,Niches,1974.6,2025-11-10
C004431,V03971,Roi,1300.39,2026-01-24
C004347,V03265,Info-mediaries,3852.92,2025-05-11
C002185,V04881,Metrics,815.49,2026-02-22
C003441,V01390,E-business,2296.41,2023-10-30
C004274,V02107,Services,1961.55,2026-03-05
C004690,V02485,Models,1728.8,2023-11-04
C004230,V02109,Info-mediaries,31.03,2025-04-22
C000913,V02450,Niches,4713.42,2023-05-23
C000558,V01337,Users,2942.11,2026-03-02
C003236,V00536,Partnerships,4018.33,2023-11-23
C001581,V03004,Users,3135.4,05/16/2025
C003203,V01034,Methodologies,4618.92,2026-04-10
C002222,V02738,E-markets,1953.21,2025-09-01
C000057,V00563,Systems,4442.25,2025-10-14
C004618,V01202,Markets,4061.02,2025-12-07
C003777,V04281,Paradigms,2603.81,2023-09-10
C001172,V01640,Markets,2407.85,2024-11-06
C000462,V03304,Roi,2201.7,2023-12-13
C002662,V03052,Bandwidth,2794.3,2024-09-24
C000381,V01681,Systems,3068.46,2025-11-20
C000306,V01285,Channels,1943.78,2023-09-04
C004002,V01743,Functionalities,3029.23,2023-08-18
C004492,V01219,Systems,3018.88,2024-08-09
C003688,V03532,E-tailers,3090.0,2024-09-26
C002884,V04807,Markets,586.72,2023-08-25
C001213,V03437,Convergence,4114.45,2023-08-29
C000004,V03938,Metrics,17.46,2025-11-15
C002727,V00780,Action-items,4146.1,2024-08-04
C003545,V02993,E-business,4909.21,10/08/2025
C002779,V00815,,1816.52,2025-07-29
C000348,V04827,E-services,1469.85,2024-01-30
C002491,V00449,Metrics,3126.36,2025-11-25
C000869,V01795,E-tailers,3601.6,2026-02-17
C000131,V02141,Users,1446.31,2024-04-18
C004647,V03360,Relationships,1080.35,2024-04-28
C002534,V02544,E-markets,3864.48,2023-07-11
C004540,V04614,Solutions,1608.52,2026-02-14
C002824,V02999,Users,2148.23,2026-01-19
C003444,V02880,Functionalities,591.07,2025-02-11
C004014,V04076,Schemas,4789.06,2024-08-05
C002026,V00235,Schemas,4427.28,2025-05-28
C000389,V00030,Infrastructures,2739.06,2023-10-26
C000061,V03445,E-markets,3747.92,2024-02-07
C002299,V02288,E-markets,4312.67,2023-08-01
C000113,V00158,E-services,4296.52,2023-04-22
C004630,V03427,,3548.6,2024-07-24
C000079,V02630,Action-items,3809.48,2026-01-14
C001780,V04540,Models,3219.19,2024-05-24
C004631,V02784,Convergence,2848.34,2024-09-12
C004458,V04055,Architectures,3983.78,2023-12-30
C001795,V04458,Paradigms,3152.36,2025-05-25
C001970,V02774,E-services,4748.59,2025-04-24
C000529,V00916,Info-mediaries,4919.43,2025-06-14
C000028,V00925,Info-mediaries,2412.09,2025-12-31
C001015,V03075,Solutions,1603.51,2023-07-29
C001072,V00526,Web-readiness,3234.37,2023-06-16
C001777,V01009,Info-mediaries,3486.25,2023-11-06
C003061,V02764,Users,3696.26,2024-07-22
C004426,V00286,E-services,2548.58,2023-12-19
C004064,V01151,Metrics,2455.62,2024-03-24
C001320,V01998,Action-items,2498.57,2023-05-27
C001189,V02910,E-tailers,3733.09,2023-04-29
C002296,V03021,E-commerce,3811.97,2025-03-09
C001673,V00823,E-business,4161.1,2023-11-20
C002072,V01143,Architectures,4787.13,2025-10-09
C000083,V02927,Niches,1090.39,2023-12-21
C001567,V04105,Systems,557.84,2023-05-31
C004232,V00701,Markets,4752.36,2026-03-30
C003532,V01100,Convergence,2100.99,2024-03-13
C004129,V01091,Methodologies,3362.56,2025-01-08
C000538,V00313,Systems,4428.34,05/12/2023
C003423,V03786,Markets,2036.46,2026-02-16
C004225,V01006,E-markets,936.54,2025-11-17
C000387,V02031,Metrics,251.86,2025-11-10
C004387,V04931,Infrastructures,2873.09,2024-01-13
C002115,V01947,E-commerce,165.09,2025-10-29
C004205,V04258,Functionalities,2735.94,2023-11-02
C002845,V02191,Communities,2224.54,2024-01-10
C001537,V02126,Methodologies,4199.89,2025-03-12
C001947,V02136,Channels,3454.74,2025-09-05
C000232,V00575,Info-mediaries,572.99,2024-12-14
C002863,V01980,Systems,4101.33,2023-07-24
C000641,V01144,E-markets,332.72,2024-09-29
C003450,V02566,Roi,964.05,2023-07-27
C003772,V04998,Niches,4548.47,2024-11-17
C002828,V04842,Infrastructures,3661.41,2023-12-26
C001125,V00754,Users,1512.88,2025-12-27
C002778,V04818,E-services,-371.25,2023-12-02
C002962,V03408,Bandwidth,3695.01,2024-06-08
C001495,V04560,Networks,4275.49,2023-08-13
C003353,V04669,E-commerce,1586.73,2024-12-12
C001522,V04771,Bandwidth,4906.39,2024-03-22
C004019,V00411,Functionalities,3712.84,2024-12-27
C003464,V03294,Convergence,236.28,2024-10-26
C004667,V02563,Schemas,3359.62,07/01/2023
C003009,V03022,Channels,2358.97,2023-06-04
C001571,V01833,Architectures,1823.19,2024-11-03
C004643,V00601,Systems,1237.43,2025-11-10
C004313,V01989,Methodologies,3312.51,2026-02-14
C002766,V04187,Services,4173.04,2025-08-23
C000145,V02730,Metrics,3072.77,2024-11-21
C004279,V02954,Bandwidth,3235.17,2025-05-22
C000857,V01601,Users,2788.45,2025-03-19
C000148,V00639,Schemas,-1514.39,06/18/2023
C004049,V04771,Metrics,4149.24,2025-08-10
C000320,V01041,E-services,4046.77,2025-12-23
C001150,V01535,E-services,2911.32,2024-10-02
C000974,V01031,Channels,2412.59,2025-03-27
C000682,V01518,Systems,4070.66,08/06/2025
C000919,V00632,Methodologies,196.88,02/11/2025
C003756,V02001,E-services,2667.96,2025-12-27
C002746,V01070,Action-items,4602.37,2024-05-16
C000780,V04234,Infrastructures,2411.59,2024-05-31
C003749,V03243,E-services,3799.33,2023-05-03
C003438,V03311,Web-readiness,2814.44,04/22/2023
C003193,V01263,E-tailers,475.1,2025-04-05
C003237,V03318,Networks,2413.55,2025-04-23
C002585,V02469,Roi,486.46,2023-05-11
C003510,V02225,Experiences,4785.0,2024-08-06
C000827,V03021,E-services,1740.33,2025-09-24
C002280,V01233,Channels,3731.32,2024-06-04
C003147,V00833,Infrastructures,1564.77,2023-12-23
C002839,V00420,Niches,4209.11,2025-06-02
C003181,V02314,Architectures,1999.96,2025-02-09
C002603,V03297,Infrastructures,4403.5,2024-06-15
C003413,V01559,E-markets,4059.14,2025-10-28
C001302,V00173,E-services,4327.87,2025-12-25
C000724,V00869,Users,508.83,2023-08-20
C003741,V01495,Roi,1648.21,2023-10-05
C003000,V04706,Platforms,1951.48,2025-04-20
C000323,V04517,Architectures,1526.61,2025-05-22
C003944,V02978,Niches,-454.1,04/03/2025
C002497,V00953,Communities,1854.26,2024-09-06
C000418,V03256,Roi,331.43,2024-06-18
C002050,V01266,Solutions,3218.92,2023-12-04
C004208,V02868,Info-mediaries,2170.12,2024-10-16
C002833,V03239,Networks,4931.22,2023-09-25
C004946,V00863,Metrics,4615.62,2024-08-28
C004719,V03599,Niches,1846.52,2025-02-18
C004952,V04388,Bandwidth,426.51,2024-01-27
C002974,V00271,Schemas,2982.53,2025-08-16
C004470,V03004,E-tailers,1085.88,2026-03-01
C000819,V04939,Experiences,1021.93,04/21/2024
C001100,V02669,Architectures,2584.57,2023-06-04
C003588,V04472,Markets,327.1,2024-06-28
C001989,V04992,Functionalities,1245.13,2025-05-11
C003080,V01052,Info-mediaries,2445.64,2024-01-18
C004318,V00091,Users,3131.51,2024-10-18
C003470,V03039,Convergence,3450.84,2024-09-27
C003198,V02695,Partnerships,84.22,2026-03-10
C000458,V03227,Partnerships,3371.81,2025-11-16
C003596,V03011,Bandwidth,4235.6,2025-03-18
C000513,V01756,Communities,3401.34,2024-03-12
C000235,V00178,Schemas,1880.87,2024-12-13
C000560,V00936,Services,4332.08,2025-03-26
C001587,V00356,E-commerce,3416.26,2025-06-11
C001291,V04643,Schemas,1072.16,2024-06-25
C003909,V03144,Schemas,2173.13,2024-06-05
C000898,V03562,Partnerships,41.94,2024-04-11
C002413,V01956,E-services,2094.95,2025-09-15
C004786,V01589,Roi,4807.04,2024-08-11
C002233,V02060,Solutions,4388.08,2024-12-26
C000063,V01552,Metrics,3046.01,2023-09-17
C003344,V01579,Niches,2712.84,2025-11-06
C000610,V04269,E-tailers,3057.95,2024-01-13
C004776,V00686,Info-mediaries,4112.89,2024-07-21
C000210,V00877,Infrastructures,711.72,2025-09-21
C001252,V03729,Bandwidth,-3002.9,2024-01-18
C003308,V03478,E-services,4992.34,2024-10-28
C001606,V04348,Paradigms,4306.1,2024-02-25
C003359,V04119,Infrastructures,2532.89,2025-12-27
C004676,V02260,Infrastructures,4655.8,2025-09-28
C001823,V02405,E-tailers,2987.29,2023-04-29
C000680,V01577,E-tailers,988.13,2024-06-05
C001402,V02776,Metrics,929.95,2023-04-29
C003779,V00622,E-business,2603.64,2024-09-20
C004084,V03850,E-business,4935.58,2025-08-17
C004933,V00012,Users,3132.45,2023-07-17
C001165,V01115,Infrastructures,2621.32,2023-09-23
C003604,V04873,Systems,91.95,2025-02-03
C003031,V03045,E-services,4837.94,2025-03-24
C002676,V02199,Relationships,977.37,2025-12-07
C000457,V00611,Users,3444.84,2024-12-26
C002098,V03512,Networks,2858.61,2026-02-14
C002085,V01129,Web-readiness,2428.52,2024-03-15
C002301,V03906,E-commerce,971.31,2023-05-22
C001855,V04329,Architectures,3685.36,2025-05-01
C001145,V01849,Metrics,4598.22,2024-02-01
C003222,V04264,Markets,2368.19,2025-09-24
C004703,V00935,Infrastructures,4333.09,2024-07-06
C003189,V03777,Systems,2537.17,2023-11-15
C004380,V00292,Solutions,4249.51,2025-04-26
C000866,V01347,Users,429.17,2023-11-24
C004194,V02659,Metrics,4287.93,2024-12-15
C000581,V03476,Networks,737.38,2025-12-04
C004287,V00027,E-services,4886.38,2025-04-30
C002536,V03504,Platforms,4372.54,2024-12-23
C004350,V03748,Users,4267.87,2024-04-07
C001037,V02855,E-markets,3263.29,2025-04-28
C004004,V01243,Action-items,1665.15,2024-10-02
C004278,V04731,Metrics,1769.64,2023-09-04
C000254,V03512,Models,3392.5,2023-08-27
C001110,V03285,E-business,1871.22,2024-05-12
C004412,V03411,E-markets,1480.33,2024-08-28
C002547,V04119,Niches,1369.62,2025-02-06
C003390,V02387,Web-readiness,3978.83,2024-03-16
C002193,V00812,Markets,990.88,2026-02-22
C004558,V03028,Roi,1176.07,2024-05-21
C003293,V01517,Infrastructures,4053.11,2025-12-22
C003177,V02650,Info-mediaries,3249.43,2026-02-01
C000871,V04667,Functionalities,101.96,2024-01-07
C003172,V01277,Networks,685.0,2023-04-19
C000035,V01522,E-services,104.15,2025-02-01
C003906,V04346,E-services,2608.73,2025-08-26
C000578,V02128,,2868.95,2025-06-03
C003197,V01735,Convergence,1429.4,2024-08-17
C003187,V04208,Experiences,1497.6,2023-07-09
C003632,V01488,Web-readiness,1739.37,2023-10-12
C000216,V00411,E-services,-1042.16,2024-07-23
C001757,V01122,Platforms,1309.61,2023-11-03
C000359,V02472,Info-mediaries,3726.21,2025-10-31
C001623,V00664,Infrastructures,2423.44,2025-09-20
C000710,V02266,Roi,662.14,2023-08-22
C000732,V04352,Users,1189.31,2025-01-10
C002983,V00787,Communities,2181.73,2025-12-08
C000852,V03174,Platforms,2433.11,2025-02-15
C002117,V02005,Channels,342.17,2025-10-12
C000502,V00250,Info-mediaries,3725.4,2024-02-13
C000060,V02736,Web-readiness,1626.67,2026-03-21
C002947,V02147,Niches,3770.11,2024-11-14
C002268,V01942,E-services,4758.98,2025-10-04
C002022,V03980,Schemas,4768.96,2025-10-19
C001853,V03490,Action-items,1395.9,05/04/2024
C004309,V00707,E-services,690.65,2025-09-04
C003439,V03297,Users,3960.82,2024-06-21
C003700,V03158,E-services,4029.83,2025-06-15
C004840,V01083,E-tailers,3448.58,2023-06-29
C000750,V04051,Infrastructures,4732.3,2025-05-26
C000175,V01269,Infrastructures,2359.95,2025-07-17
C000129,V00794,Functionalities,1513.4,2025-09-08
C004749,V00779,E-business,1512.72,2023-04-21
C002461,V03596,Niches,2217.99,2025-06-25
C001811,V04078,E-services,4519.9,2023-10-31
C003381,V02765,E-services,3567.89,05/04/2023
C004609,V01018,Infrastructures,3468.07,2024-03-03
C002685,V00189,Functionalities,4882.77,01/14/2026
C001202,V00610,Infrastructures,4490.89,2025-05-09
C002431,V01199,E-markets,4508.61,2023-07-18
C004823,V00685,Methodologies,1097.44,2026-02-10
C004363,V00047,E-services,1993.17,2024-01-14
C003805,V01542,E-markets,1835.62,2026-01-24
C004646,V01392,E-markets,1609.24,2025-11-16
C003128,V01625,Infrastructures,1538.1,2024-03-11
C002533,V02752,Action-items,2815.02,2024-07-10
C002422,V04245,Architectures,3539.75,2026-02-06
C002245,V03383,Infrastructures,4961.99,2024-12-04
C000172,V03298,Communities,74.11,2023-10-25
C001918,V04857,Schemas,2389.85,2024-06-19
C002465,V03864,Functionalities,3870.84,11/16/2024
C000757,V01200,Solutions,3894.85,2023-07-17
C002549,V02917,E-markets,4472.27,2024-02-02
C001415,V00439,Services,2709.1,2025-05-17
C004188,V00488,E-tailers,1993.69,2024-11-25
C002442,V03106,Metrics,1789.12,2023-08-05
C000645,V02783,Info-mediaries,1759.02,2025-01-08
C004996,V03371,E-business,3530.22,2023-08-27
C001766,V02611,Relationships,3118.69,2023-11-24
C000774,V01333,Platforms,4695.59,2023-07-01
C001349,V04950,Users,1844.57,2025-12-26
C004237,V02704,E-business,3478.35,2024-04-04
C001514,V01811,E-tailers,4800.07,2024-08-08
C000251,V01648,Metrics,249.77,2024-02-09
C004975,V00780,Solutions,3556.36,2025-10-12
C000014,V03754,Markets,4523.93,2023-09-10
C001906,V01564,Schemas,1809.95,2025-03-21
C003886,V03706,E-services,292.43,2024-11-23
C002094,V04493,Platforms,1560.41,2025-01-15
C000104,V00269,E-commerce,3790.72,2025-04-15
C000727,V02271,Paradigms,4816.25,2025-11-15
C002852,V00726,Roi,4970.06,2024-01-03
C000375,V02963,Metrics,786.54,2023-04-22
C003635,V01308,Web-readiness,900.58,2023-12-25
C004085,V01453,Platforms,2574.47,2025-03-11
C002517,V02678,Platforms,3693.83,2025-06-12
C001881,V04588,Services,3992.49,2023-12-25
C004357,V01042,E-tailers,2190.47,2023-12-04
C001629,V02109,Infrastructures,3403.05,2024-01-03
C000629,V03986,Services,1370.1,2023-05-15
C004467,V04839,Niches,251.1,2025-02-26
C000735,V01755,Niches,4295.34,2025-07-06
C003768,V02194,Architectures,1332.45,2023-11-01
C004200,V04861,Paradigms,2929.89,2025-09-28
C003839,V04618,Functionalities,1889.82,2025-05-13
C002250,V00430,E-tailers,3627.09,2025-02-12
C004555,V02986,Users,3670.84,2025-02-08
C004545,V00056,Metrics,2167.67,2025-09-23
C004331,V01859,Functionalities,2885.83,2025-12-30
C003795,V04202,E-commerce,4056.69,2024-12-26
C001476,V02529,Infrastructures,3277.65,2026-01-30
C004777,V01171,E-markets,2599.29,2024-01-28
C004596,V03111,Users,886.8,2025-10-26
C003253,V04254,Services,3274.16,2025-01-03
C000779,V03481,Communities,1271.78,2023-07-30
C003711,V01999,E-markets,2298.84,2025-06-24
C001171,V03031,Info-mediaries,4723.78,2024-11-11
C000402,V01671,E-services,3778.69,2024-10-01
C003238,V04822,Users,1811.98,2024-02-26
C003134,V03068,Users,3310.46,2023-12-27
C004057,V04544,Experiences,4834.94,2024-08-22
C003270,V03226,Models,1559.99,07/20/2023
C000669,V00343,Relationships,2305.46,2026-02-24
C001867,V00122,Users,3495.73,2025-06-24
C003513,V01038,Metrics,4129.36,2024-11-20
C002758,V04687,Systems,488.69,2026-03-22
C001986,V04823,Experiences,4681.69,2023-07-05
C001152,V00384,Platforms,3024.17,2024-01-03
C000932,V03053,Roi,3089.77,2023-12-01
C004407,V00784,E-commerce,3684.45,2025-09-29
C000395,V03871,Paradigms,1292.33,2025-08-02
C002218,V03709,Info-mediaries,3712.95,2024-07-02
C000798,V00392,Experiences,2253.16,2024-02-26
C000121,V00149,E-business,2981.52,2023-09-02
C004852,V02071,,-1261.2,12/21/2023
C004180,V00297,E-services,1092.77,2026-03-31
C001336,V04928,E-markets,2467.91,2026-01-10
C004173,V04893,E-services,1274.56,2025-09-25
C003254,V03037,Relationships,3302.2,2024-03-27
C004851,V00941,Niches,3024.67,09/22/2024
C002768,V00570,E-services,4843.04,2023-05-12
C002048,V01235,Niches,2345.61,2024-12-01
C003037,V03965,Channels,4024.32,2024-11-28
C001568,V02849,E-services,4827.31,2026-03-01
C001079,V04222,Services,1553.6,2024-12-27
C000374,V03923,Platforms,3429.69,2025-01-22
C003146,V01444,E-markets,3407.85,2024-01-26
C002337,V02634,Systems,3877.26,2023-12-31
C000769,V02637,E-services,2490.34,2023-09-08
C000436,V02645,Partnerships,4605.41,2024-09-23
C001605,V01078,Paradigms,1739.88,2023-06-19
C000666,V03571,E-tailers,4694.76,2025-05-05
C004307,V02226,E-markets,947.07,2023-12-13
C003012,V00810,Metrics,991.42,2025-02-12
C004514,V01823,Niches,1944.15,2023-10-23
C000807,V01626,Methodologies,1915.9,2024-03-01
C000990,V01897,,1751.19,2023-12-19
C002793,V00021,Users,2423.48,2025-06-25
C004272,V02490,Niches,4444.36,2024-03-28
C002773,V00538,E-commerce,4085.59,08/27/2024
C000828,V02301,Convergence,1248.12,2024-10-04
C004948,V02576,Architectures,2167.46,2025-01-20
C001457,V03987,E-tailers,2564.85,2024-04-26
C000483,V02042,Functionalities,2850.9,2025-12-16
C000824,V03041,Markets,2170.01,2025-04-13
C000481,V03022,Systems,4311.22,2023-10-03
C001398,V02590,Solutions,2610.46,2024-02-22
C001558,V03032,Niches,559.77,2025-05-18
C000872,V03501,Users,2963.59,2024-02-01
C003923,V03678,Web-readiness,4441.05,2023-09-17
C002251,V03739,Users,1208.44,2023-05-27
C004100,V01555,Users,3520.02,2024-06-05
C003364,V04174,Systems,4843.13,2024-04-15
C003554,V03467,Communities,697.16,2024-03-26
C002278,V00161,Functionalities,1356.55,2025-09-25
C002318,V04691,Platforms,3555.36,2023-10-02
C003370,V02362,E-markets,2474.71,2024-01-18
C000972,V01973,Systems,2503.41,2025-09-16
C000601,V01984,Paradigms,1174.46,2023-12-14
C004236,V02468,Bandwidth,4632.87,2023-11-04
C004040,V03064,Users,3517.38,2024-06-03
C002580,V02523,Bandwidth,3177.56,2026-01-05
C001920,V01483,Roi,1240.16,2024-07-27
