user_id,transaction_date,region,product_category,sale_amount,price,city,status,email,username,age,subscription,store_id,raw_timestamp
1029,2025-01-04,East,Furniture,0.0,,Bengaluru,Pending,,,39,Premium,11,2025-03-11 02:37:00
1109,2025-01-05,West,Sports,395.0,197.5,Mumbai,Pending,user1109@example.com,user_1109,38,Standard,12,2025-03-11 13:14:00
1115,2025-03-17,South,Clothing,1427.04,1427.04,Mumbai,Cancelled,user1115@example.com,user_1115,20,Premium,13,2025-02-13 03:05:00
1098,2025-01-13,West,Grocery,5480.85,1826.95,Mumbai,Completed,user1098@example.com,user_1098,45,Basic,2,2025-03-12 09:53:00
1093,2025-03-15,East,Clothing,1001.83,1001.83,Delhi,Completed,user1093@example.com,user_1093,43,Premium,14,2025-01-13 12:17:00
1117,2025-03-23,North,Furniture,8357.7,4178.85,Bengaluru,Cancelled,user1117@example.com,user_1117,38,Standard,11,2025-01-10 19:40:00
1044,2025-03-10,South,Clothing,7318.36,3659.18,Hyderabad,Pending,user1044@example.com,user_1044,37,Basic,14,2025-01-08 07:52:00
1009,2025-02-10,North,Furniture,2035.77,2035.77,Mumbai,,user1009@example.com,user_1009,28,Standard,8,2025-01-19 08:08:00
1064,2025-03-13,South,Sports,16307.64,2717.94,Chennai,,user1064@example.com,user_1064,27,Premium,3,2025-03-07 15:05:00
1013,2025-01-15,West,Grocery,1613.12,806.56,Hyderabad,,user1013@example.com,user_1013,35,Basic,9,2025-02-02 17:55:00
1003,2025-03-29,North,Clothing,21705.42,3617.57,Pune,Completed,user1003@example.com,user_1003,25,Basic,3,2025-02-28 00:46:00
1068,2025-03-06,North,Sports,19108.55,3821.71,Delhi,Pending,user1068@example.com,user_1068,20,Basic,13,2025-01-21 17:49:00
1136,2025-01-01,West,Clothing,12059.12,3014.78,Delhi,Cancelled,user1136@example.com,user_1136,23,Premium,4,2025-03-14 02:05:00
1125,2025-01-09,East,Grocery,24455.1,4891.02,Delhi,Pending,user1125@example.com,user_1125,24,Standard,14,2025-03-19 13:13:00
1139,2025-03-30,North,Grocery,3137.1,1045.7,Hyderabad,,user1139@example.com,user_1139,19,Premium,4,2025-01-09 10:01:00
1142,2025-01-30,West,Furniture,2962.78,2962.78,Delhi,Completed,user1142@example.com,user_1142,44,Premium,14,2025-02-12 02:32:00
1061,2025-02-05,East,Sports,6722.88,3361.44,Chennai,,user1061@example.com,user_1061,23,Basic,13,2025-02-22 06:06:00
1025,2025-03-26,South,Electronics,8734.8,2183.7,Hyderabad,Completed,user1025@example.com,user_1025,17,Basic,12,2025-02-13 03:15:00
1050,2025-01-25,East,Clothing,5409.22,2704.61,Hyderabad,,user1050@example.com,user_1050,23,Premium,8,2025-03-12 03:03:00
1139,2025-01-02,East,Grocery,0.0,,Mumbai,,user1139@example.com,user_1139,31,Premium,14,2025-02-21 01:10:00
1098,2025-01-01,North,Grocery,14781.84,4927.28,Hyderabad,,user1098@example.com,user_1098,20,Premium,5,2025-01-28 01:37:00
1139,2025-01-08,South,Sports,3752.48,3752.48,Delhi,Pending,user1139@example.com,user_1139,17,Standard,2,2025-01-24 02:38:00
1018,2025-03-28,East,Sports,17264.04,4316.01,Delhi,Completed,user1018@example.com,user_1018,35,Premium,7,2025-03-26 18:36:00
1134,2025-02-10,East,Clothing,9353.6,4676.8,Bengaluru,,user1134@example.com,user_1134,20,Standard,11,2025-02-08 14:20:00
1019,2025-01-02,West,Sports,11592.55,2318.51,Delhi,Pending,user1019@example.com,user_1019,32,Basic,3,2025-02-14 02:56:00
1063,2025-02-17,North,Sports,5842.76,1460.69,Chennai,Completed,user1063@example.com,user_1063,37,Standard,5,2025-03-26 03:56:00
1035,2025-02-03,East,Clothing,621.37,621.37,Chennai,Cancelled,user1035@example.com,user_1035,35,Premium,12,2025-02-13 06:43:00
1068,2025-03-06,South,Clothing,2468.23,2468.23,Delhi,Completed,,user_1068,16,Basic,13,2025-01-17 20:16:00
1042,2025-02-26,West,Electronics,11123.28,2780.82,Chennai,Completed,user1042@example.com,user_1042,44,Standard,15,2025-01-20 17:02:00
1095,2025-03-16,West,Clothing,11140.0,2785.0,Delhi,Cancelled,user1095@example.com,user_1095,44,Premium,15,2025-02-15 06:43:00
1064,2025-03-27,East,Furniture,2794.15,558.83,Hyderabad,Pending,user1064@example.com,user_1064,41,Premium,15,2025-02-22 00:11:00
1086,2025-02-22,North,Furniture,24126.36,4021.06,Mumbai,Completed,user1086@example.com,,28,Premium,14,2025-03-02 07:12:00
1118,2025-02-14,West,Furniture,3121.38,1560.69,Mumbai,,user1118@example.com,user_1118,26,Basic,14,2025-01-09 08:22:00
1131,2025-02-21,West,Electronics,17068.05,3413.61,Bengaluru,Cancelled,user1131@example.com,user_1131,21,Standard,5,2025-01-05 03:38:00
1112,2025-02-14,West,Grocery,10968.9,3656.3,Hyderabad,Pending,user1112@example.com,user_1112,24,Premium,12,2025-02-25 00:33:00
1138,2025-03-29,North,Grocery,21667.08,3611.18,Mumbai,Completed,user1138@example.com,user_1138,37,Basic,10,2025-02-10 21:54:00
1032,2025-02-08,North,Grocery,15361.56,2560.26,Hyderabad,Cancelled,user1032@example.com,user_1032,33,Premium,4,2025-02-23 21:24:00
1045,2025-03-20,West,Clothing,11468.28,2867.07,Chennai,Cancelled,user1045@example.com,user_1045,22,Basic,13,2025-03-16 19:41:00
1083,2025-03-01,East,Sports,0.0,,Hyderabad,,user1083@example.com,user_1083,41,Standard,3,2025-03-26 02:18:00
1132,2025-03-26,East,Clothing,9549.18,3183.06,Delhi,Pending,user1132@example.com,user_1132,41,Premium,3,2025-01-04 01:15:00
1122,2025-03-20,South,Sports,4256.2,4256.2,Hyderabad,Pending,user1122@example.com,user_1122,38,Standard,7,2025-03-05 12:15:00
1038,2025-03-25,East,Furniture,3453.73,3453.73,Hyderabad,,user1038@example.com,user_1038,17,Standard,4,2025-01-16 14:08:00
1119,2025-03-27,South,Sports,13395.5,2679.1,Bengaluru,,user1119@example.com,user_1119,42,Standard,8,2025-01-21 23:55:00
1122,2025-02-27,South,Furniture,2666.0,1333.0,Bengaluru,Cancelled,user1122@example.com,user_1122,30,Premium,12,2025-02-06 07:17:00
1086,2025-02-10,East,Furniture,4470.48,4470.48,Delhi,,user1086@example.com,user_1086,38,Premium,12,2025-01-28 02:26:00
1112,2025-02-14,South,Grocery,2356.33,2356.33,Mumbai,Completed,user1112@example.com,user_1112,43,Standard,7,2025-03-03 00:22:00
1077,2025-02-19,East,Grocery,17098.28,4274.57,Chennai,Pending,user1077@example.com,user_1077,24,Basic,8,2025-01-04 12:21:00
1104,2025-01-22,West,Grocery,8421.0,4210.5,Pune,Completed,user1104@example.com,user_1104,18,Standard,7,2025-01-18 14:11:00
1013,2025-02-03,North,Clothing,3853.12,1926.56,Hyderabad,,user1013@example.com,user_1013,24,Basic,5,2025-01-11 15:01:00
1139,2025-01-07,West,Electronics,14998.62,4999.54,Mumbai,Completed,user1139@example.com,user_1139,23,Premium,14,2025-01-03 19:09:00
1062,2025-01-17,East,Grocery,2394.13,2394.13,Chennai,Cancelled,user1062@example.com,user_1062,40,Basic,3,2025-03-19 19:47:00
1030,2025-01-21,West,Clothing,4825.37,4825.37,Chennai,,user1030@example.com,user_1030,28,Standard,4,2025-01-10 18:44:00
1063,2025-01-14,West,Clothing,10503.33,3501.11,Delhi,,user1063@example.com,user_1063,37,Basic,2,2025-03-06 20:21:00
1004,2025-02-23,North,Grocery,4120.54,4120.54,Hyderabad,Pending,user1004@example.com,user_1004,29,Premium,12,2025-03-08 20:17:00
1138,2025-03-03,North,Furniture,14106.78,2351.13,Mumbai,Completed,,user_1138,24,Basic,4,2025-03-01 18:39:00
1098,2025-02-13,South,Furniture,576.18,192.06,Mumbai,Cancelled,user1098@example.com,user_1098,41,Basic,6,2025-02-05 19:44:00
1071,2025-03-13,East,Grocery,200.5,100.25,Delhi,,user1071@example.com,user_1071,33,Premium,12,2025-03-02 20:45:00
1126,2025-02-27,North,Furniture,0.0,,Delhi,,user1126@example.com,user_1126,38,Premium,5,2025-03-26 18:23:00
1122,2025-03-12,North,Clothing,10712.24,2678.06,Chennai,,user1122@example.com,user_1122,24,Basic,5,2025-01-30 03:46:00
1050,2025-02-10,East,Furniture,3209.0,641.8,Mumbai,,user1050@example.com,user_1050,24,Standard,10,2025-03-09 19:18:00
1026,2025-01-25,North,Electronics,4549.26,1516.42,Mumbai,Pending,user1026@example.com,user_1026,24,Premium,1,2025-03-12 09:44:00
1033,2025-03-23,West,Sports,17395.52,4348.88,Delhi,Cancelled,user1033@example.com,user_1033,31,Basic,8,2025-02-13 05:03:00
1065,2025-03-03,South,Electronics,614.73,614.73,Hyderabad,Completed,user1065@example.com,,20,Premium,13,2025-03-14 09:05:00
1064,2025-01-16,South,Grocery,11249.84,2812.46,Mumbai,,user1064@example.com,user_1064,25,Standard,7,2025-02-09 18:39:00
1016,2025-03-20,East,Clothing,4802.54,4802.54,Mumbai,Completed,user1016@example.com,user_1016,21,Premium,3,2025-03-12 02:10:00
1001,2025-02-22,North,Electronics,11399.95,2279.99,Pune,Pending,user1001@example.com,user_1001,25,Standard,5,2025-03-31 14:04:00
1060,2025-02-03,South,Electronics,23698.5,3949.75,Mumbai,Pending,user1060@example.com,user_1060,36,Premium,15,2025-02-04 04:04:00
1016,2025-01-22,North,Grocery,19867.55,3973.51,Chennai,Completed,user1016@example.com,user_1016,30,Standard,5,2025-03-31 12:17:00
1129,2025-03-11,South,Clothing,2494.29,2494.29,Delhi,Cancelled,user1129@example.com,user_1129,16,Premium,4,2025-03-28 18:37:00
1006,2025-03-28,East,Grocery,20580.2,4116.04,Delhi,,user1006@example.com,user_1006,45,Basic,3,2025-03-16 13:40:00
1126,2025-01-12,North,Electronics,9506.2,2376.55,Bengaluru,Pending,user1126@example.com,user_1126,26,Basic,12,2025-03-05 09:42:00
1103,2025-03-12,North,Clothing,231.65,231.65,Bengaluru,Completed,user1103@example.com,user_1103,40,Basic,14,2025-03-07 00:42:00
1139,2025-03-01,North,Sports,4191.16,2095.58,Pune,,user1139@example.com,user_1139,36,Basic,13,2025-01-07 06:17:00
1141,2025-01-17,West,Electronics,18567.92,4641.98,Pune,Pending,user1141@example.com,user_1141,38,Premium,5,2025-03-12 00:35:00
1105,2025-01-12,West,Furniture,1162.27,1162.27,Hyderabad,,user1105@example.com,user_1105,45,Standard,5,2025-03-07 22:17:00
1107,2025-03-03,East,Grocery,9804.42,4902.21,Hyderabad,Pending,user1107@example.com,user_1107,45,Standard,9,2025-01-18 02:17:00
1107,2025-02-13,West,Clothing,0.0,,Mumbai,Cancelled,user1107@example.com,user_1107,42,Standard,10,2025-03-26 15:55:00
1039,2025-02-27,South,Grocery,8147.91,2715.97,Bengaluru,Cancelled,user1039@example.com,user_1039,43,Premium,12,2025-01-31 18:24:00
1060,2025-02-22,South,Grocery,1596.3,266.05,Pune,Pending,user1060@example.com,user_1060,31,Premium,3,2025-03-06 18:21:00
1026,2025-02-26,East,Grocery,2174.28,543.57,Delhi,Pending,user1026@example.com,user_1026,18,Basic,13,2025-02-03 10:39:00
1102,2025-03-25,South,Clothing,1342.68,447.56,Pune,,user1102@example.com,user_1102,43,Standard,1,2025-03-21 02:15:00
1074,2025-01-30,West,Grocery,14985.96,3746.49,Delhi,Pending,,user_1074,38,Basic,15,2025-01-04 01:20:00
1015,2025-02-07,East,Sports,7297.56,1824.39,Delhi,,user1015@example.com,user_1015,34,Standard,13,2025-01-24 05:11:00
1021,2025-03-20,South,Sports,21803.3,4360.66,Mumbai,Pending,user1021@example.com,user_1021,23,Basic,11,2025-02-02 14:16:00
1003,2025-03-01,East,Electronics,27065.94,4510.99,Chennai,,user1003@example.com,user_1003,27,Standard,5,2025-03-23 13:44:00
1065,2025-02-28,South,Electronics,8468.5,4234.25,Hyderabad,Pending,user1065@example.com,user_1065,28,Standard,6,2025-03-15 09:44:00
1076,2025-01-03,North,Electronics,29344.98,4890.83,Hyderabad,Completed,user1076@example.com,user_1076,45,Standard,12,2025-03-05 09:49:00
1059,2025-03-19,North,Furniture,8039.12,4019.56,Mumbai,Completed,user1059@example.com,user_1059,44,Standard,11,2025-01-06 09:50:00
1113,2025-01-05,West,Clothing,17513.34,2918.89,Delhi,Cancelled,user1113@example.com,user_1113,39,Basic,3,2025-01-26 04:50:00
1139,2025-02-16,North,Grocery,8033.16,2677.72,Mumbai,Cancelled,user1139@example.com,user_1139,39,Basic,13,2025-01-15 14:04:00
1076,2025-01-03,North,Electronics,14539.48,3634.87,Chennai,,user1076@example.com,user_1076,16,Basic,9,2025-01-16 14:23:00
1068,2025-03-16,West,Furniture,11616.48,1936.08,Bengaluru,,user1068@example.com,user_1068,16,Standard,15,2025-03-13 10:58:00
1057,2025-03-24,South,Electronics,1451.68,362.92,Bengaluru,Pending,user1057@example.com,user_1057,17,Premium,5,2025-03-05 03:06:00
1061,2025-03-10,South,Sports,2886.16,721.54,Bengaluru,Pending,user1061@example.com,,44,Basic,11,2025-01-13 15:39:00
1105,2025-02-05,South,Grocery,635.85,211.95,Mumbai,Pending,user1105@example.com,user_1105,43,Basic,2,2025-03-29 11:34:00
1092,2025-01-08,East,Electronics,0.0,,Bengaluru,,user1092@example.com,user_1092,18,Standard,4,2025-03-24 20:38:00
1006,2025-01-07,East,Electronics,7889.26,3944.63,Delhi,Pending,user1006@example.com,user_1006,34,Premium,14,2025-01-30 10:49:00
1038,2025-03-18,North,Furniture,128.08,64.04,Delhi,Completed,user1038@example.com,user_1038,37,Premium,3,2025-01-02 11:50:00
1061,2025-03-17,West,Furniture,3305.34,1652.67,Mumbai,,user1061@example.com,user_1061,32,Premium,12,2025-01-09 15:28:00
1093,2025-03-07,East,Sports,11954.6,2988.65,Pune,Completed,user1093@example.com,user_1093,39,Standard,9,2025-02-08 14:41:00
1008,2025-01-08,West,Grocery,19972.0,4993.0,Hyderabad,,user1008@example.com,user_1008,18,Premium,6,2025-03-19 04:04:00
1033,2025-02-05,North,Grocery,15701.85,3140.37,Chennai,Cancelled,user1033@example.com,user_1033,30,Standard,10,2025-02-25 03:50:00
1030,2025-03-25,South,Grocery,16360.2,3272.04,Mumbai,Pending,user1030@example.com,user_1030,29,Basic,14,2025-02-28 12:26:00
1025,2025-02-10,North,Furniture,12974.88,2162.48,Mumbai,,user1025@example.com,user_1025,18,Premium,14,2025-01-11 02:27:00
1025,2025-02-17,North,Electronics,20341.3,4068.26,Delhi,,user1025@example.com,user_1025,27,Standard,13,2025-02-24 23:03:00
1074,2025-03-18,East,Furniture,1596.62,1596.62,Chennai,,user1074@example.com,user_1074,23,Premium,6,2025-03-13 11:07:00
1072,2025-03-15,West,Sports,4677.96,1169.49,Chennai,Cancelled,user1072@example.com,user_1072,16,Premium,5,2025-03-31 09:58:00
1087,2025-02-14,South,Electronics,160.44,80.22,Chennai,Pending,user1087@example.com,user_1087,39,Standard,1,2025-01-12 23:33:00
1056,2025-02-18,North,Clothing,6384.51,2128.17,Mumbai,Cancelled,,user_1056,40,Standard,10,2025-01-11 01:09:00
1041,2025-03-21,South,Grocery,296.32,296.32,Mumbai,,user1041@example.com,user_1041,35,Basic,7,2025-02-04 06:48:00
1132,2025-01-15,South,Sports,1758.61,1758.61,Bengaluru,Cancelled,user1132@example.com,user_1132,17,Premium,7,2025-03-18 01:00:00
1053,2025-02-08,North,Clothing,9458.7,4729.35,Mumbai,Completed,user1053@example.com,user_1053,16,Basic,12,2025-02-25 05:08:00
1098,2025-03-10,North,Electronics,17665.85,3533.17,Chennai,,user1098@example.com,user_1098,43,Standard,1,2025-02-25 00:29:00
1020,2025-02-10,South,Clothing,14500.05,2900.01,Hyderabad,Completed,user1020@example.com,user_1020,28,Premium,6,2025-01-22 19:29:00
1093,2025-01-12,East,Grocery,0.0,,Delhi,,user1093@example.com,user_1093,32,Premium,7,2025-02-09 23:21:00
1057,2025-02-12,West,Sports,3906.63,3906.63,Pune,Pending,user1057@example.com,user_1057,44,Basic,6,2025-03-24 04:15:00
1027,2025-01-19,West,Furniture,2634.08,1317.04,Mumbai,,user1027@example.com,user_1027,30,Standard,13,2025-03-16 14:43:00
1145,2025-03-24,North,Furniture,15973.65,3194.73,Bengaluru,,user1145@example.com,user_1145,18,Basic,8,2025-03-22 09:50:00
1071,2025-03-17,North,Grocery,1640.25,328.05,Delhi,,user1071@example.com,user_1071,17,Premium,6,2025-02-06 02:41:00
1024,2025-03-20,West,Grocery,11962.8,2990.7,Hyderabad,Pending,user1024@example.com,user_1024,26,Standard,8,2025-03-06 04:03:00
1116,2025-01-14,East,Electronics,12192.87,4064.29,Delhi,Pending,user1116@example.com,user_1116,38,Basic,8,2025-03-09 16:39:00
1041,2025-02-16,South,Clothing,5686.86,1895.62,Hyderabad,Completed,user1041@example.com,user_1041,41,Standard,11,2025-02-12 02:21:00
1025,2025-03-13,East,Clothing,10223.94,3407.98,Mumbai,Completed,user1025@example.com,user_1025,34,Standard,3,2025-02-14 09:41:00
1101,2025-01-17,South,Clothing,2995.45,2995.45,Bengaluru,Pending,user1101@example.com,user_1101,37,Standard,14,2025-03-29 16:05:00
1109,2025-03-07,East,Furniture,5523.15,1841.05,Bengaluru,Cancelled,user1109@example.com,,40,Basic,4,2025-01-29 04:09:00
1020,2025-02-07,West,Clothing,4229.92,4229.92,Pune,Pending,user1020@example.com,user_1020,35,Basic,3,2025-01-21 05:53:00
1043,2025-02-26,South,Sports,798.84,266.28,Mumbai,Cancelled,user1043@example.com,user_1043,40,Standard,13,2025-02-27 07:34:00
1062,2025-02-09,North,Sports,19318.8,4829.7,Mumbai,,user1062@example.com,user_1062,30,Basic,13,2025-02-18 16:33:00
1108,2025-01-21,North,Electronics,20468.05,4093.61,Delhi,,user1108@example.com,user_1108,43,Basic,9,2025-01-14 22:54:00
1133,2025-01-16,South,Sports,2922.12,1461.06,Mumbai,Pending,user1133@example.com,user_1133,42,Basic,2,2025-01-29 14:56:00
1090,2025-01-04,North,Furniture,8414.96,2103.74,Pune,,user1090@example.com,user_1090,18,Basic,4,2025-01-04 10:59:00
1026,2025-03-25,West,Clothing,3419.38,1709.69,Delhi,,user1026@example.com,user_1026,38,Premium,13,2025-04-01 15:28:00
1002,2025-01-11,South,Electronics,288.14,144.07,Mumbai,Cancelled,user1002@example.com,user_1002,23,Basic,2,2025-01-07 07:26:00
1118,2025-01-09,West,Sports,0.0,,Pune,Pending,user1118@example.com,user_1118,38,Premium,5,2025-02-24 00:39:00
1091,2025-01-31,North,Electronics,5749.58,2874.79,Delhi,Completed,user1091@example.com,user_1091,28,Basic,1,2025-03-23 12:23:00
1068,2025-03-16,West,Sports,11859.51,3953.17,Mumbai,Cancelled,,user_1068,20,Premium,6,2025-03-11 10:52:00
1045,2025-03-29,East,Furniture,14099.28,2349.88,Pune,Completed,user1045@example.com,user_1045,38,Basic,1,2025-02-07 06:02:00
1052,2025-01-06,South,Sports,4836.6,1612.2,Pune,,user1052@example.com,user_1052,24,Premium,13,2025-03-24 06:18:00
1092,2025-01-07,West,Clothing,13007.1,4335.7,Mumbai,,user1092@example.com,user_1092,44,Basic,12,2025-02-26 12:21:00
1048,2025-03-05,North,Electronics,10427.22,3475.74,Pune,,user1048@example.com,user_1048,18,Basic,10,2025-01-24 17:18:00
1083,2025-01-14,North,Grocery,2678.04,446.34,Bengaluru,,user1083@example.com,user_1083,21,Standard,8,2025-02-14 14:02:00
1091,2025-03-20,West,Grocery,14972.55,4990.85,Delhi,Cancelled,user1091@example.com,user_1091,32,Standard,11,2025-01-21 00:09:00
1113,2025-01-05,North,Grocery,1349.68,674.84,Bengaluru,Completed,user1113@example.com,user_1113,35,Premium,11,2025-02-27 11:23:00
1114,2025-01-10,South,Clothing,14454.55,2890.91,Bengaluru,Cancelled,user1114@example.com,user_1114,23,Premium,1,2025-01-24 15:33:00
1100,2025-03-13,East,Sports,1898.76,632.92,Hyderabad,Cancelled,user1100@example.com,user_1100,38,Basic,4,2025-01-16 04:54:00
1019,2025-02-27,West,Clothing,5427.9,904.65,Hyderabad,Cancelled,user1019@example.com,user_1019,38,Premium,9,2025-03-11 09:57:00
1077,2025-01-21,North,Sports,21440.76,3573.46,Mumbai,Pending,user1077@example.com,user_1077,19,Premium,13,2025-01-18 07:50:00
1127,2025-01-04,South,Sports,9182.2,1836.44,Bengaluru,Pending,user1127@example.com,user_1127,35,Premium,2,2025-02-09 12:45:00
1123,2025-03-09,West,Furniture,8333.76,2083.44,Chennai,Cancelled,user1123@example.com,user_1123,36,Premium,8,2025-03-01 21:33:00
1089,2025-01-17,East,Grocery,21979.5,4395.9,Mumbai,Completed,user1089@example.com,user_1089,42,Premium,9,2025-01-20 09:10:00
1042,2025-02-11,North,Electronics,9353.9,4676.95,Bengaluru,Cancelled,user1042@example.com,user_1042,22,Standard,9,2025-02-05 04:40:00
1078,2025-03-20,East,Furniture,13453.6,2690.72,Mumbai,Cancelled,user1078@example.com,user_1078,42,Standard,1,2025-01-04 02:02:00
1148,2025-02-03,South,Sports,0.0,,Mumbai,Completed,user1148@example.com,user_1148,31,Standard,9,2025-02-07 20:19:00
1124,2025-02-01,North,Grocery,24199.26,4033.21,Hyderabad,Completed,user1124@example.com,user_1124,38,Premium,3,2025-02-26 13:30:00
1119,2025-01-27,North,Clothing,3467.9,1733.95,Bengaluru,,user1119@example.com,user_1119,20,Basic,9,2025-03-13 03:20:00
1062,2025-03-01,East,Electronics,2625.92,656.48,Mumbai,Completed,user1062@example.com,,25,Basic,14,2025-03-20 13:15:00
1041,2025-02-11,East,Furniture,28032.42,4672.07,Bengaluru,,user1041@example.com,user_1041,32,Basic,8,2025-02-09 15:01:00
1024,2025-02-20,North,Electronics,5103.9,2551.95,Mumbai,Completed,user1024@example.com,user_1024,25,Basic,10,2025-03-25 21:30:00
1074,2025-03-10,East,Clothing,90.48,90.48,Hyderabad,Cancelled,user1074@example.com,user_1074,40,Basic,6,2025-01-06 12:03:00
1146,2025-03-13,West,Grocery,5067.7,1013.54,Bengaluru,,user1146@example.com,user_1146,40,Standard,5,2025-03-21 21:39:00
1031,2025-01-17,North,Sports,19506.64,4876.66,Bengaluru,Cancelled,user1031@example.com,user_1031,40,Premium,4,2025-03-19 16:25:00
1129,2025-01-06,South,Sports,548.5,274.25,Bengaluru,,user1129@example.com,user_1129,20,Standard,15,2025-03-07 04:20:00
1082,2025-01-21,North,Sports,9975.65,1995.13,Bengaluru,,,user_1082,38,Standard,5,2025-03-02 00:23:00
1085,2025-03-28,North,Electronics,2370.16,592.54,Chennai,,user1085@example.com,user_1085,24,Standard,13,2025-03-16 18:14:00
1014,2025-03-16,East,Furniture,12141.1,2428.22,Bengaluru,Completed,user1014@example.com,user_1014,34,Standard,2,2025-01-25 00:28:00
1081,2025-02-23,South,Sports,4797.48,799.58,Mumbai,,user1081@example.com,user_1081,43,Standard,12,2025-01-08 22:08:00
1133,2025-01-27,South,Clothing,16958.34,2826.39,Pune,Pending,user1133@example.com,user_1133,30,Standard,6,2025-03-11 11:43:00
1068,2025-03-20,North,Furniture,4893.38,2446.69,Bengaluru,Cancelled,user1068@example.com,user_1068,40,Basic,12,2025-01-27 22:45:00
1126,2025-02-10,North,Electronics,12125.15,2425.03,Bengaluru,,user1126@example.com,user_1126,44,Basic,14,2025-02-14 04:18:00
1011,2025-02-06,South,Clothing,4778.8,4778.8,Bengaluru,,user1011@example.com,user_1011,22,Premium,14,2025-03-10 08:59:00
1144,2025-03-31,East,Electronics,1394.53,1394.53,Mumbai,Pending,user1144@example.com,user_1144,36,Premium,1,2025-01-13 13:21:00
1121,2025-01-13,West,Sports,0.0,,Delhi,Pending,user1121@example.com,user_1121,29,Standard,15,2025-03-02 15:41:00
1052,2025-02-06,West,Sports,9838.68,1639.78,Delhi,Pending,user1052@example.com,user_1052,33,Standard,12,2025-01-05 05:26:00
1046,2025-01-05,East,Clothing,19944.0,4986.0,Pune,Completed,user1046@example.com,user_1046,16,Basic,10,2025-03-19 03:59:00
1086,2025-02-06,South,Furniture,13794.18,2299.03,Chennai,,user1086@example.com,user_1086,24,Premium,13,2025-01-15 10:10:00
1118,2025-03-24,North,Clothing,2646.92,1323.46,Delhi,Pending,user1118@example.com,user_1118,21,Standard,14,2025-03-23 12:52:00
1110,2025-03-07,East,Furniture,6692.96,1673.24,Delhi,,user1110@example.com,user_1110,26,Premium,1,2025-02-03 12:15:00
1115,2025-02-04,West,Clothing,14317.41,4772.47,Chennai,Cancelled,user1115@example.com,user_1115,38,Premium,1,2025-03-27 03:29:00
1079,2025-01-21,West,Clothing,10284.05,2056.81,Bengaluru,Cancelled,user1079@example.com,user_1079,35,Premium,4,2025-01-18 15:09:00
1117,2025-03-19,South,Sports,11396.64,1899.44,Chennai,Pending,user1117@example.com,user_1117,40,Premium,11,2025-03-18 02:33:00
1057,2025-03-24,West,Sports,2183.05,436.61,Delhi,Pending,user1057@example.com,user_1057,34,Standard,3,2025-01-22 10:54:00
1134,2025-02-26,South,Electronics,1250.78,625.39,Chennai,,user1134@example.com,user_1134,41,Premium,8,2025-01-17 16:26:00
1117,2025-03-14,West,Grocery,1343.2,335.8,Bengaluru,Cancelled,user1117@example.com,user_1117,42,Premium,12,2025-01-28 18:04:00
1012,2025-02-24,West,Electronics,1755.42,1755.42,Chennai,,user1012@example.com,user_1012,17,Basic,7,2025-01-24 04:49:00
1108,2025-02-17,South,Grocery,19858.56,4964.64,Hyderabad,Completed,user1108@example.com,user_1108,37,Standard,14,2025-03-11 04:41:00
1090,2025-01-16,East,Furniture,4667.2,933.44,Hyderabad,Completed,user1090@example.com,user_1090,40,Premium,5,2025-03-01 21:46:00
1140,2025-02-24,South,Clothing,5366.14,2683.07,Mumbai,Pending,user1140@example.com,,24,Premium,15,2025-01-15 01:51:00
1108,2025-03-20,East,Electronics,3841.96,3841.96,Mumbai,Completed,user1108@example.com,user_1108,35,Premium,8,2025-03-18 21:45:00
1013,2025-02-01,East,Sports,14862.72,3715.68,Hyderabad,Pending,user1013@example.com,user_1013,40,Premium,3,2025-03-06 09:14:00
1148,2025-02-10,East,Clothing,17451.0,2908.5,Bengaluru,Pending,,user_1148,37,Standard,4,2025-02-22 09:17:00
1016,2025-03-13,South,Sports,0.0,,Mumbai,,user1016@example.com,user_1016,17,Basic,11,2025-03-27 12:50:00
1135,2025-02-10,North,Grocery,13986.92,3496.73,Mumbai,Pending,user1135@example.com,user_1135,40,Standard,8,2025-01-31 07:19:00
1037,2025-03-01,South,Sports,22889.85,4577.97,Hyderabad,Pending,user1037@example.com,user_1037,28,Premium,5,2025-01-27 10:41:00
1021,2025-02-27,East,Electronics,4243.31,4243.31,Pune,Cancelled,user1021@example.com,user_1021,28,Standard,10,2025-03-19 01:55:00
1019,2025-01-25,East,Grocery,20165.1,4033.02,Chennai,Pending,user1019@example.com,user_1019,43,Basic,5,2025-01-02 06:59:00
1049,2025-01-16,East,Grocery,14988.2,3747.05,Mumbai,Pending,user1049@example.com,user_1049,33,Basic,13,2025-02-06 12:29:00
1137,2025-03-25,South,Grocery,5484.99,1828.33,Bengaluru,Completed,user1137@example.com,user_1137,41,Standard,8,2025-02-10 06:23:00
1081,2025-02-22,West,Clothing,552.58,276.29,Delhi,,user1081@example.com,user_1081,25,Premium,4,2025-02-12 07:24:00
1146,2025-02-01,North,Grocery,15129.24,2521.54,Bengaluru,,user1146@example.com,user_1146,30,Premium,12,2025-02-15 05:08:00
1140,2025-03-04,West,Electronics,4805.2,961.04,Delhi,Completed,user1140@example.com,user_1140,40,Premium,7,2025-01-18 20:14:00
1018,2025-04-01,South,Clothing,1595.2,797.6,Pune,Completed,user1018@example.com,user_1018,35,Standard,11,2025-03-20 15:42:00
1125,2025-01-03,West,Electronics,413.65,82.73,Hyderabad,Cancelled,user1125@example.com,user_1125,33,Basic,1,2025-03-06 22:43:00
1111,2025-01-23,East,Furniture,579.73,579.73,Pune,Pending,user1111@example.com,user_1111,35,Standard,5,2025-02-15 08:50:00
1102,2025-01-11,East,Furniture,7586.44,1896.61,Hyderabad,Cancelled,user1102@example.com,user_1102,37,Premium,11,2025-03-25 01:05:00
1104,2025-02-18,West,Furniture,7667.96,1916.99,Delhi,Completed,user1104@example.com,user_1104,31,Basic,11,2025-02-12 18:54:00
1025,2025-03-09,South,Clothing,9199.6,4599.8,Mumbai,Completed,user1025@example.com,user_1025,45,Premium,11,2025-02-05 17:36:00
1009,2025-01-23,East,Sports,13942.17,4647.39,Delhi,Pending,user1009@example.com,user_1009,40,Standard,14,2025-02-20 02:19:00
1042,2025-03-14,North,Grocery,4961.36,1240.34,Chennai,Pending,user1042@example.com,user_1042,41,Standard,12,2025-01-11 16:47:00
1089,2025-01-07,North,Sports,1067.08,533.54,Delhi,,user1089@example.com,user_1089,40,Basic,1,2025-03-23 08:50:00
1116,2025-03-04,South,Grocery,0.0,,Bengaluru,Pending,user1116@example.com,user_1116,37,Standard,11,2025-02-18 02:49:00
1076,2025-02-01,East,Grocery,3579.89,3579.89,Mumbai,Pending,user1076@example.com,user_1076,39,Basic,6,2025-02-16 03:05:00
1002,2025-02-09,East,Electronics,6754.32,2251.44,Delhi,Pending,user1002@example.com,user_1002,29,Basic,9,2025-03-13 16:26:00
1027,2025-01-04,North,Grocery,2468.05,493.61,Delhi,Completed,user1027@example.com,user_1027,25,Basic,7,2025-01-11 23:57:00
1144,2025-02-01,East,Furniture,5762.4,2881.2,Bengaluru,Cancelled,user1144@example.com,user_1144,25,Basic,8,2025-01-19 02:10:00
1112,2025-02-05,North,Clothing,8537.84,2134.46,Delhi,Pending,user1112@example.com,user_1112,39,Standard,8,2025-03-18 19:12:00
1118,2025-01-14,North,Sports,720.67,720.67,Hyderabad,,user1118@example.com,user_1118,41,Basic,8,2025-02-12 13:52:00
1035,2025-02-08,South,Clothing,9823.74,1637.29,Mumbai,Pending,,user_1035,28,Basic,5,2025-03-30 20:31:00
1148,2025-02-01,North,Electronics,4989.42,1663.14,Hyderabad,Pending,user1148@example.com,,34,Standard,3,2025-03-29 17:01:00
1119,2025-04-01,South,Grocery,3263.28,1087.76,Delhi,Pending,user1119@example.com,user_1119,36,Basic,4,2025-02-02 21:09:00
1109,2025-02-18,South,Sports,2080.65,416.13,Pune,,user1109@example.com,user_1109,33,Premium,13,2025-02-16 22:57:00
1138,2025-03-18,East,Clothing,3208.99,3208.99,Delhi,Pending,user1138@example.com,user_1138,36,Standard,1,2025-03-14 20:43:00
1103,2025-02-12,West,Electronics,19321.2,4830.3,Delhi,Cancelled,user1103@example.com,user_1103,23,Standard,12,2025-03-08 17:37:00
1148,2025-01-29,East,Clothing,9026.4,2256.6,Hyderabad,Completed,user1148@example.com,user_1148,31,Premium,5,2025-02-23 02:07:00
1037,2025-02-14,South,Clothing,6375.44,1593.86,Mumbai,,user1037@example.com,user_1037,19,Basic,12,2025-03-31 14:20:00
1018,2025-02-08,West,Clothing,1627.08,271.18,Delhi,Completed,user1018@example.com,user_1018,37,Premium,15,2025-02-01 16:11:00
1003,2025-03-01,South,Furniture,11285.0,2821.25,Mumbai,Pending,user1003@example.com,user_1003,36,Standard,7,2025-02-20 00:47:00
1051,2025-02-27,East,Furniture,11925.64,2981.41,Delhi,Cancelled,user1051@example.com,user_1051,40,Standard,13,2025-01-09 18:06:00
1138,2025-01-24,West,Clothing,3721.36,1860.68,Hyderabad,,user1138@example.com,user_1138,32,Standard,6,2025-03-18 12:39:00
1101,2025-03-17,North,Grocery,0.0,,Bengaluru,Pending,user1101@example.com,user_1101,42,Standard,12,2025-02-08 19:37:00
1022,2025-03-28,North,Electronics,713.04,713.04,Mumbai,Pending,user1022@example.com,user_1022,27,Standard,3,2025-03-07 12:26:00
1036,2025-03-15,East,Sports,3898.72,1949.36,Pune,Pending,user1036@example.com,user_1036,31,Basic,3,2025-01-24 10:53:00
1116,2025-03-21,South,Furniture,946.14,315.38,Delhi,Pending,user1116@example.com,user_1116,42,Basic,9,2025-03-06 20:31:00
1105,2025-03-29,South,Furniture,14904.24,2484.04,Hyderabad,Completed,user1105@example.com,user_1105,34,Premium,13,2025-01-29 09:02:00
1071,2025-01-29,South,Sports,5422.32,2711.16,Hyderabad,Completed,user1071@example.com,user_1071,34,Premium,5,2025-03-11 11:34:00
1011,2025-02-26,East,Clothing,11017.8,2754.45,Delhi,Completed,user1011@example.com,user_1011,30,Basic,6,2025-01-12 14:55:00
1031,2025-01-31,South,Furniture,6533.4,1088.9,Bengaluru,Pending,user1031@example.com,user_1031,41,Premium,14,2025-01-27 01:36:00
1090,2025-03-10,North,Clothing,7206.85,1441.37,Mumbai,Cancelled,user1090@example.com,user_1090,34,Basic,14,2025-03-07 21:52:00
1025,2025-01-18,North,Furniture,19262.88,4815.72,Delhi,Pending,user1025@example.com,user_1025,23,Premium,12,2025-02-11 07:48:00
1101,2025-03-04,South,Grocery,4522.5,753.75,Mumbai,,user1101@example.com,user_1101,18,Standard,13,2025-01-12 12:32:00
1072,2025-03-30,South,Clothing,14054.58,4684.86,Hyderabad,Completed,user1072@example.com,user_1072,43,Standard,2,2025-02-28 20:42:00
1092,2025-01-09,South,Furniture,15954.44,3988.61,Mumbai,,user1092@example.com,user_1092,24,Basic,14,2025-02-06 10:35:00
1148,2025-01-17,West,Electronics,11409.6,2852.4,Bengaluru,Completed,user1148@example.com,user_1148,36,Basic,1,2025-01-16 05:28:00
1117,2025-01-01,East,Clothing,19838.4,4959.6,Mumbai,Pending,user1117@example.com,user_1117,43,Basic,2,2025-03-25 11:16:00
1022,2025-02-17,West,Grocery,20035.92,3339.32,Mumbai,Cancelled,,user_1022,39,Standard,13,2025-01-30 13:41:00
1024,2025-04-01,West,Furniture,1042.32,521.16,Pune,Pending,user1024@example.com,user_1024,32,Standard,8,2025-01-02 00:44:00
1088,2025-01-16,South,Electronics,19765.48,4941.37,Delhi,Pending,user1088@example.com,user_1088,28,Premium,12,2025-01-14 03:20:00
1095,2025-02-08,West,Sports,1457.58,728.79,Delhi,Completed,user1095@example.com,user_1095,35,Standard,3,2025-02-26 11:46:00
1055,2025-03-22,South,Sports,0.0,,Mumbai,,user1055@example.com,user_1055,43,Premium,2,2025-01-13 04:48:00
1032,2025-03-17,North,Furniture,10990.65,3663.55,Hyderabad,Pending,user1032@example.com,,24,Standard,2,2025-02-01 17:38:00
1073,2025-03-30,East,Sports,1096.68,182.78,Bengaluru,Pending,user1073@example.com,user_1073,39,Basic,5,2025-03-24 01:50:00
1062,2025-03-05,West,Sports,3920.26,1960.13,Pune,Completed,user1062@example.com,user_1062,27,Basic,3,2025-02-19 18:26:00
1094,2025-03-11,West,Sports,13722.24,3430.56,Delhi,Completed,user1094@example.com,user_1094,16,Basic,4,2025-01-06 01:50:00
1102,2025-03-06,South,Grocery,8808.66,1468.11,Pune,,user1102@example.com,user_1102,18,Standard,9,2025-03-10 19:09:00
1072,2025-01-11,East,Sports,7920.2,1584.04,Mumbai,Cancelled,user1072@example.com,user_1072,28,Standard,11,2025-03-25 21:41:00
1017,2025-02-09,West,Furniture,21050.7,3508.45,Mumbai,Completed,user1017@example.com,user_1017,45,Basic,2,2025-02-28 19:38:00
1015,2025-02-09,West,Electronics,20082.54,3347.09,Mumbai,Pending,user1015@example.com,user_1015,38,Premium,3,2025-03-05 11:33:00
1133,2025-02-03,West,Electronics,1752.94,876.47,Mumbai,Cancelled,user1133@example.com,user_1133,41,Basic,5,2025-03-09 02:16:00
1148,2025-03-22,North,Electronics,1726.0,431.5,Pune,,user1148@example.com,user_1148,43,Standard,3,2025-02-17 05:16:00
1027,2025-03-15,West,Electronics,3386.9,3386.9,Mumbai,Completed,user1027@example.com,user_1027,23,Premium,8,2025-02-16 12:58:00
1039,2025-01-23,South,Furniture,4659.24,4659.24,Chennai,Cancelled,user1039@example.com,user_1039,23,Basic,15,2025-02-10 08:52:00
1020,2025-03-15,East,Furniture,9477.0,1895.4,Delhi,Completed,user1020@example.com,user_1020,28,Premium,15,2025-03-01 09:49:00
1080,2025-02-11,North,Furniture,1910.44,477.61,Delhi,Cancelled,user1080@example.com,user_1080,34,Basic,12,2025-03-21 07:29:00
1095,2025-03-17,East,Furniture,9721.4,4860.7,Chennai,Completed,user1095@example.com,user_1095,45,Basic,1,2025-01-30 17:22:00
1003,2025-02-12,North,Electronics,343.44,57.24,Bengaluru,Pending,user1003@example.com,user_1003,32,Premium,7,2025-03-04 01:09:00
1072,2025-01-12,South,Clothing,534.62,267.31,Pune,,user1072@example.com,user_1072,39,Premium,10,2025-01-13 16:08:00
1101,2025-01-10,East,Furniture,2979.88,2979.88,Hyderabad,Cancelled,user1101@example.com,user_1101,24,Basic,15,2025-02-20 22:53:00
1084,2025-02-10,East,Electronics,0.0,,Mumbai,Pending,user1084@example.com,user_1084,20,Standard,2,2025-01-20 03:10:00
1116,2025-03-01,North,Furniture,1604.46,1604.46,Pune,,user1116@example.com,user_1116,25,Basic,5,2025-01-16 02:10:00
1078,2025-04-01,North,Furniture,3499.55,3499.55,Mumbai,Completed,user1078@example.com,user_1078,38,Premium,6,2025-02-20 16:03:00
1077,2025-02-03,South,Grocery,8218.88,4109.44,Delhi,Pending,user1077@example.com,user_1077,19,Basic,2,2025-01-18 03:00:00
1060,2025-02-03,West,Sports,4123.04,1030.76,Bengaluru,Cancelled,,user_1060,45,Premium,1,2025-01-09 06:57:00
1114,2025-01-17,West,Grocery,1515.87,505.29,Delhi,Completed,user1114@example.com,user_1114,21,Standard,7,2025-02-20 15:01:00
1098,2025-03-29,East,Clothing,6485.97,2161.99,Mumbai,Cancelled,user1098@example.com,user_1098,30,Premium,1,2025-03-20 19:39:00
1063,2025-03-24,South,Electronics,6043.08,1510.77,Chennai,Completed,user1063@example.com,user_1063,24,Basic,3,2025-02-23 06:41:00
1135,2025-02-01,South,Clothing,15861.15,3172.23,Delhi,,user1135@example.com,user_1135,33,Basic,6,2025-03-14 16:20:00
1100,2025-02-04,West,Clothing,2820.27,940.09,Mumbai,Completed,user1100@example.com,user_1100,41,Basic,9,2025-02-15 18:14:00
1041,2025-01-13,West,Furniture,2553.78,1276.89,Mumbai,,user1041@example.com,user_1041,27,Premium,3,2025-01-31 18:20:00
1092,2025-03-17,East,Sports,1137.72,189.62,Bengaluru,Pending,user1092@example.com,user_1092,42,Basic,9,2025-02-09 05:31:00
1010,2025-01-12,West,Sports,1640.15,328.03,Mumbai,,user1010@example.com,user_1010,16,Basic,15,2025-03-20 06:51:00
1034,2025-02-13,West,Furniture,10796.52,3598.84,Delhi,Pending,user1034@example.com,,40,Premium,14,2025-03-09 11:04:00
1096,2025-04-01,North,Clothing,18850.08,4712.52,Delhi,Cancelled,user1096@example.com,user_1096,20,Premium,12,2025-02-25 20:31:00
1082,2025-01-23,East,Sports,17752.8,3550.56,Bengaluru,Pending,user1082@example.com,user_1082,28,Basic,12,2025-03-30 09:08:00
1046,2025-01-01,West,Furniture,23732.5,4746.5,Hyderabad,Cancelled,user1046@example.com,user_1046,45,Standard,4,2025-03-23 18:06:00
1128,2025-01-19,North,Clothing,1689.28,1689.28,Mumbai,Pending,user1128@example.com,user_1128,36,Premium,14,2025-04-01 21:40:00
1086,2025-02-27,West,Clothing,212.82,106.41,Mumbai,Cancelled,user1086@example.com,user_1086,41,Premium,12,2025-01-01 01:24:00
1113,2025-02-23,South,Grocery,0.0,,Hyderabad,Cancelled,user1113@example.com,user_1113,33,Basic,2,2025-03-03 18:41:00
1058,2025-01-21,West,Clothing,2283.87,2283.87,Bengaluru,Cancelled,user1058@example.com,user_1058,19,Premium,6,2025-01-22 12:10:00
1020,2025-03-12,South,Electronics,4712.08,4712.08,Bengaluru,,user1020@example.com,user_1020,36,Premium,10,2025-02-25 05:03:00
1026,2025-02-12,North,Clothing,2134.94,1067.47,Hyderabad,Cancelled,user1026@example.com,user_1026,23,Premium,1,2025-02-20 18:35:00
1126,2025-01-20,West,Clothing,319.8,319.8,Hyderabad,,user1126@example.com,user_1126,22,Premium,1,2025-01-27 05:40:00
1075,2025-01-11,South,Grocery,2394.17,2394.17,Bengaluru,,user1075@example.com,user_1075,44,Standard,5,2025-01-12 20:34:00
1100,2025-01-24,East,Grocery,7546.2,1886.55,Bengaluru,Completed,user1100@example.com,user_1100,24,Basic,8,2025-02-03 07:53:00
1069,2025-03-14,West,Clothing,2130.66,355.11,Delhi,,user1069@example.com,user_1069,40,Standard,4,2025-03-12 01:53:00
1100,2025-03-08,East,Grocery,10611.15,2122.23,Pune,Cancelled,user1100@example.com,user_1100,18,Basic,15,2025-01-05 16:36:00
1133,2025-03-15,West,Grocery,17019.0,3403.8,Mumbai,Pending,user1133@example.com,user_1133,21,Premium,13,2025-01-25 04:02:00
1109,2025-01-11,East,Sports,19767.96,4941.99,Mumbai,Cancelled,user1109@example.com,user_1109,26,Standard,15,2025-01-09 02:24:00
1143,2025-02-20,South,Electronics,8348.01,2782.67,Pune,,user1143@example.com,user_1143,19,Basic,3,2025-01-19 18:37:00
1150,2025-01-13,North,Sports,23141.95,4628.39,Delhi,Cancelled,,user_1150,44,Basic,5,2025-02-19 20:31:00
1147,2025-03-19,South,Furniture,4783.16,2391.58,Bengaluru,,user1147@example.com,user_1147,17,Basic,15,2025-02-12 22:15:00
1013,2025-03-02,North,Clothing,13824.39,4608.13,Delhi,Cancelled,user1013@example.com,user_1013,24,Basic,14,2025-03-31 21:06:00
1059,2025-01-18,North,Clothing,9224.28,1537.38,Hyderabad,,user1059@example.com,user_1059,35,Standard,2,2025-01-25 14:13:00
1105,2025-03-04,East,Electronics,11428.47,3809.49,Delhi,Cancelled,user1105@example.com,user_1105,38,Standard,7,2025-01-18 16:56:00
1146,2025-01-04,East,Electronics,1820.0,910.0,Delhi,,user1146@example.com,user_1146,17,Basic,12,2025-01-26 08:23:00
1119,2025-03-06,East,Clothing,2014.86,2014.86,Delhi,,user1119@example.com,user_1119,35,Basic,3,2025-03-02 18:35:00
1090,2025-02-14,West,Clothing,0.0,,Mumbai,Completed,user1090@example.com,user_1090,28,Premium,3,2025-03-15 06:54:00
1057,2025-03-24,South,Sports,2328.6,1164.3,Mumbai,Completed,user1057@example.com,user_1057,43,Standard,1,2025-03-02 04:41:00
1045,2025-03-18,North,Clothing,8028.56,4014.28,Mumbai,,user1045@example.com,user_1045,44,Basic,14,2025-02-14 14:16:00
1056,2025-03-01,West,Electronics,7728.1,1545.62,Hyderabad,Cancelled,user1056@example.com,user_1056,33,Standard,10,2025-03-19 09:19:00
1028,2025-03-03,North,Clothing,1097.97,365.99,Bengaluru,Cancelled,user1028@example.com,user_1028,22,Premium,9,2025-01-31 01:51:00
1104,2025-03-26,South,Clothing,3263.9,1631.95,Delhi,Cancelled,user1104@example.com,user_1104,45,Basic,7,2025-02-19 23:02:00
1150,2025-04-01,East,Sports,9948.06,4974.03,Bengaluru,,user1150@example.com,,45,Standard,6,2025-03-06 09:54:00
1044,2025-03-26,West,Grocery,8777.3,4388.65,Bengaluru,Pending,user1044@example.com,user_1044,39,Basic,12,2025-03-13 05:43:00
1086,2025-03-25,North,Grocery,1476.09,492.03,Mumbai,Cancelled,user1086@example.com,user_1086,27,Basic,10,2025-02-07 14:54:00
1031,2025-03-02,West,Grocery,1894.2,315.7,Chennai,Pending,user1031@example.com,user_1031,32,Premium,14,2025-03-29 12:33:00
1077,2025-02-22,East,Clothing,635.22,317.61,Delhi,,user1077@example.com,user_1077,34,Basic,3,2025-02-10 22:11:00
1144,2025-03-31,West,Electronics,6347.22,3173.61,Bengaluru,,user1144@example.com,user_1144,24,Premium,13,2025-01-22 18:48:00
1041,2025-03-04,South,Grocery,3936.79,3936.79,Delhi,,user1041@example.com,user_1041,29,Basic,7,2025-01-01 01:34:00
1052,2025-02-17,East,Electronics,14258.52,4752.84,Pune,Completed,user1052@example.com,user_1052,36,Standard,4,2025-01-29 22:56:00
1089,2025-02-09,North,Furniture,2752.84,688.21,Pune,Completed,user1089@example.com,user_1089,42,Premium,5,2025-02-07 14:46:00
1134,2025-03-18,North,Grocery,10577.52,2644.38,Delhi,Cancelled,user1134@example.com,user_1134,40,Premium,3,2025-02-21 00:14:00
1058,2025-01-17,East,Electronics,1095.39,1095.39,Pune,Cancelled,user1058@example.com,user_1058,38,Standard,13,2025-01-05 12:56:00
1066,2025-03-10,West,Electronics,15672.6,3134.52,Delhi,Completed,user1066@example.com,user_1066,38,Premium,7,2025-02-26 12:07:00
1141,2025-02-02,West,Clothing,4796.52,2398.26,Mumbai,,user1141@example.com,user_1141,37,Premium,11,2025-03-08 08:39:00
1036,2025-02-23,West,Clothing,0.0,,Pune,Completed,user1036@example.com,user_1036,41,Premium,8,2025-01-26 19:12:00
1068,2025-03-08,North,Furniture,14600.82,4866.94,Hyderabad,Completed,,user_1068,33,Basic,15,2025-01-27 22:59:00
1124,2025-02-12,West,Sports,1210.8,1210.8,Delhi,,user1124@example.com,user_1124,20,Premium,13,2025-03-07 02:46:00
1026,2025-02-02,North,Grocery,12957.88,3239.47,Bengaluru,Completed,user1026@example.com,user_1026,19,Premium,14,2025-01-06 09:23:00
1081,2025-02-24,West,Furniture,3705.77,3705.77,Delhi,Pending,user1081@example.com,user_1081,26,Basic,15,2025-02-26 19:17:00
1024,2025-02-17,South,Grocery,8168.14,4084.07,Delhi,,user1024@example.com,user_1024,24,Basic,12,2025-03-03 13:41:00
1043,2025-01-15,East,Electronics,4235.58,705.93,Delhi,,user1043@example.com,user_1043,45,Standard,8,2025-03-14 21:28:00
1047,2025-03-20,East,Grocery,5789.31,1929.77,Delhi,,user1047@example.com,user_1047,19,Basic,8,2025-01-06 02:16:00
1081,2025-01-02,East,Clothing,21225.66,3537.61,Pune,Completed,user1081@example.com,user_1081,29,Standard,12,2025-02-01 15:22:00
1099,2025-01-20,West,Furniture,21016.05,4203.21,Delhi,,user1099@example.com,user_1099,43,Basic,14,2025-01-22 02:48:00
1126,2025-02-11,East,Sports,3727.23,1242.41,Delhi,,user1126@example.com,user_1126,28,Premium,2,2025-02-28 14:51:00
1147,2025-02-27,North,Electronics,1942.8,485.7,Hyderabad,,user1147@example.com,user_1147,39,Standard,1,2025-01-14 12:26:00
1010,2025-03-13,East,Grocery,2768.04,2768.04,Bengaluru,Cancelled,user1010@example.com,user_1010,27,Premium,14,2025-01-29 14:21:00
1144,2025-03-21,South,Electronics,18118.56,3019.76,Bengaluru,Completed,user1144@example.com,user_1144,40,Standard,4,2025-01-01 10:22:00
1075,2025-03-12,West,Furniture,15802.98,2633.83,Delhi,,user1075@example.com,user_1075,20,Standard,12,2025-02-22 03:16:00
1051,2025-01-25,South,Furniture,2590.76,647.69,Mumbai,Cancelled,user1051@example.com,user_1051,19,Basic,1,2025-03-23 21:37:00
1032,2025-02-27,East,Grocery,11570.35,2314.07,Pune,Completed,user1032@example.com,user_1032,32,Standard,1,2025-03-12 13:53:00
1150,2025-03-03,East,Furniture,9251.28,4625.64,Chennai,Completed,user1150@example.com,user_1150,28,Standard,10,2025-03-19 10:32:00
1099,2025-02-23,North,Grocery,29391.18,4898.53,Mumbai,Cancelled,user1099@example.com,,25,Basic,13,2025-01-18 04:26:00
1132,2025-02-08,North,Sports,0.0,,Chennai,Pending,user1132@example.com,user_1132,22,Premium,10,2025-02-07 21:22:00
1034,2025-04-01,North,Electronics,6535.86,3267.93,Pune,Cancelled,user1034@example.com,user_1034,33,Basic,10,2025-03-15 21:45:00
1107,2025-03-28,South,Electronics,18759.75,3751.95,Bengaluru,Completed,user1107@example.com,user_1107,16,Basic,3,2025-01-07 21:03:00
1052,2025-02-04,North,Furniture,7526.84,3763.42,Bengaluru,Completed,user1052@example.com,user_1052,38,Basic,4,2025-03-11 01:22:00
1116,2025-01-14,East,Sports,18598.44,3099.74,Chennai,,user1116@example.com,user_1116,23,Standard,13,2025-03-31 09:44:00
1013,2025-02-18,West,Electronics,11810.4,1968.4,Bengaluru,Cancelled,user1013@example.com,user_1013,22,Standard,14,2025-02-26 07:58:00
1095,2025-03-17,East,Clothing,13778.7,2755.74,Mumbai,,user1095@example.com,user_1095,21,Standard,2,2025-01-24 05:47:00
1132,2025-01-16,North,Furniture,7668.52,1917.13,Bengaluru,Pending,user1132@example.com,user_1132,34,Basic,1,2025-02-12 14:45:00
1040,2025-01-06,North,Grocery,2432.49,810.83,Delhi,Cancelled,user1040@example.com,user_1040,18,Standard,6,2025-03-09 07:11:00
1134,2025-01-09,South,Electronics,7883.96,3941.98,Hyderabad,Cancelled,,user_1134,23,Premium,11,2025-02-12 10:23:00
1076,2025-01-28,South,Sports,23770.15,4754.03,Pune,Completed,user1076@example.com,user_1076,19,Standard,6,2025-02-27 07:57:00
1063,2025-01-06,West,Grocery,10285.89,3428.63,Hyderabad,Cancelled,user1063@example.com,user_1063,33,Standard,5,2025-01-04 16:52:00
1096,2025-03-07,West,Clothing,16095.76,4023.94,Pune,Pending,user1096@example.com,user_1096,26,Standard,2,2025-01-13 05:49:00
1138,2025-03-10,East,Grocery,86.29,86.29,Mumbai,Completed,user1138@example.com,user_1138,22,Standard,14,2025-03-31 23:49:00
1112,2025-03-24,West,Grocery,4092.93,4092.93,Mumbai,Cancelled,user1112@example.com,user_1112,17,Premium,2,2025-01-07 05:50:00
1065,2025-03-13,South,Grocery,797.38,398.69,Mumbai,,user1065@example.com,user_1065,36,Basic,7,2025-02-10 00:24:00
1031,2025-03-10,West,Electronics,475.2,79.2,Delhi,Cancelled,user1031@example.com,user_1031,45,Standard,2,2025-02-07 21:19:00
1023,2025-02-06,South,Electronics,15352.44,3838.11,Hyderabad,,user1023@example.com,user_1023,21,Standard,4,2025-01-18 23:25:00
1068,2025-03-08,West,Sports,4579.02,763.17,Bengaluru,Pending,user1068@example.com,user_1068,19,Premium,1,2025-03-15 19:25:00
1138,2025-03-12,East,Clothing,0.0,,Bengaluru,Pending,user1138@example.com,user_1138,29,Standard,14,2025-03-07 04:10:00
1048,2025-01-29,West,Furniture,9310.74,3103.58,Mumbai,Completed,user1048@example.com,user_1048,43,Standard,8,2025-03-24 17:04:00
1075,2025-03-27,South,Clothing,383.45,383.45,Mumbai,Cancelled,user1075@example.com,user_1075,20,Standard,11,2025-01-31 03:18:00
1018,2025-01-25,North,Sports,6492.16,1623.04,Bengaluru,Pending,user1018@example.com,user_1018,34,Standard,6,2025-02-10 13:10:00
1002,2025-02-10,North,Clothing,2537.14,1268.57,Hyderabad,Pending,user1002@example.com,user_1002,37,Standard,6,2025-03-03 14:28:00
1092,2025-02-09,West,Clothing,2460.51,2460.51,Mumbai,Pending,user1092@example.com,user_1092,44,Standard,4,2025-02-03 23:56:00
1020,2025-01-10,South,Sports,22329.6,4465.92,Delhi,Pending,user1020@example.com,user_1020,45,Premium,9,2025-02-03 17:57:00
1139,2025-03-02,South,Furniture,6573.7,3286.85,Bengaluru,Cancelled,user1139@example.com,user_1139,20,Basic,9,2025-03-07 02:25:00
1094,2025-03-06,East,Grocery,204.86,102.43,Mumbai,Pending,user1094@example.com,user_1094,21,Standard,10,2025-03-26 04:47:00
1124,2025-02-15,West,Clothing,1000.32,250.08,Mumbai,Cancelled,user1124@example.com,user_1124,23,Premium,11,2025-01-27 16:58:00
1093,2025-02-19,West,Clothing,9499.56,2374.89,Delhi,Completed,user1093@example.com,user_1093,38,Standard,11,2025-02-05 23:16:00
1149,2025-03-11,North,Sports,11489.16,2872.29,Bengaluru,Completed,user1149@example.com,,32,Basic,7,2025-01-29 16:25:00
1091,2025-02-14,East,Grocery,9839.84,2459.96,Delhi,Pending,user1091@example.com,user_1091,23,Premium,9,2025-03-24 08:13:00
1039,2025-01-24,East,Grocery,4144.6,828.92,Delhi,Cancelled,user1039@example.com,user_1039,39,Premium,8,2025-03-28 15:30:00
1054,2025-03-17,East,Electronics,3392.68,848.17,Delhi,Pending,user1054@example.com,user_1054,34,Standard,3,2025-01-18 20:32:00
1011,2025-03-15,East,Sports,1553.96,776.98,Mumbai,,user1011@example.com,user_1011,35,Standard,11,2025-01-03 23:46:00
1073,2025-01-11,South,Furniture,5610.7,1122.14,Pune,Pending,user1073@example.com,user_1073,42,Basic,10,2025-01-19 18:52:00
1047,2025-03-21,North,Grocery,9945.78,3315.26,Mumbai,Completed,,user_1047,23,Basic,7,2025-01-17 03:01:00
1052,2025-03-08,East,Sports,21524.9,4304.98,Hyderabad,Completed,user1052@example.com,user_1052,21,Basic,15,2025-03-20 19:02:00
1137,2025-03-06,South,Furniture,0.0,,Delhi,Completed,user1137@example.com,user_1137,44,Standard,11,2025-02-25 16:26:00
1095,2025-01-06,South,Grocery,14013.32,3503.33,Mumbai,Cancelled,user1095@example.com,user_1095,34,Standard,15,2025-03-31 18:06:00
1109,2025-01-18,North,Sports,2619.72,1309.86,Delhi,,user1109@example.com,user_1109,24,Premium,1,2025-04-01 23:50:00
1002,2025-03-15,South,Furniture,13182.9,2636.58,Delhi,Cancelled,user1002@example.com,user_1002,29,Basic,2,2025-01-20 13:41:00
1150,2025-02-02,North,Sports,6717.25,1343.45,Hyderabad,Cancelled,user1150@example.com,user_1150,37,Basic,13,2025-01-27 13:35:00
1143,2025-03-03,South,Clothing,4673.3,934.66,Chennai,Cancelled,user1143@example.com,user_1143,34,Basic,13,2025-04-01 12:47:00
1036,2025-03-26,East,Electronics,1278.94,639.47,Hyderabad,Pending,user1036@example.com,user_1036,32,Basic,13,2025-02-13 17:39:00
1014,2025-01-21,West,Furniture,11856.36,1976.06,Delhi,,user1014@example.com,user_1014,45,Standard,7,2025-01-12 02:16:00
1057,2025-02-17,South,Sports,446.2,446.2,Hyderabad,Cancelled,user1057@example.com,user_1057,38,Standard,1,2025-01-23 20:31:00
1113,2025-01-02,North,Furniture,6290.7,1048.45,Pune,Completed,user1113@example.com,user_1113,41,Standard,9,2025-03-08 22:14:00
1044,2025-03-28,East,Electronics,457.0,228.5,Delhi,Cancelled,user1044@example.com,user_1044,40,Basic,6,2025-03-27 12:25:00
1052,2025-03-08,West,Sports,756.36,126.06,Delhi,Cancelled,user1052@example.com,user_1052,39,Standard,15,2025-03-16 11:22:00
1071,2025-01-29,South,Sports,6103.0,3051.5,Hyderabad,Completed,user1071@example.com,user_1071,24,Premium,7,2025-03-06 03:35:00
1019,2025-03-06,North,Sports,1506.55,1506.55,Pune,Cancelled,user1019@example.com,user_1019,38,Basic,7,2025-03-14 15:49:00
1063,2025-02-13,West,Grocery,19232.52,4808.13,Hyderabad,Completed,user1063@example.com,user_1063,24,Premium,7,2025-03-23 07:43:00
1059,2025-02-10,West,Clothing,6274.53,2091.51,Pune,Pending,user1059@example.com,user_1059,25,Premium,7,2025-03-28 23:52:00
1088,2025-01-10,North,Clothing,5590.06,2795.03,Pune,Pending,user1088@example.com,user_1088,44,Standard,5,2025-01-24 23:43:00
1049,2025-03-05,North,Furniture,7397.42,3698.71,Mumbai,Pending,user1049@example.com,user_1049,22,Premium,14,2025-03-21 11:09:00
1028,2025-01-16,West,Sports,27629.58,4604.93,Pune,Completed,user1028@example.com,user_1028,43,Basic,6,2025-03-21 10:31:00
1148,2025-02-05,North,Grocery,0.0,,Mumbai,Pending,user1148@example.com,user_1148,40,Standard,3,2025-01-07 16:51:00
1109,2025-03-03,North,Grocery,4701.29,4701.29,Pune,Pending,user1109@example.com,user_1109,30,Premium,12,2025-03-08 14:20:00
1003,2025-01-02,West,Clothing,13547.24,3386.81,Chennai,Cancelled,user1003@example.com,user_1003,35,Basic,3,2025-03-12 08:15:00
1069,2025-03-02,East,Grocery,14384.13,4794.71,Bengaluru,,user1069@example.com,user_1069,22,Basic,12,2025-02-17 11:54:00
1103,2025-02-05,East,Electronics,11405.55,2281.11,Delhi,Cancelled,user1103@example.com,,41,Premium,9,2025-02-25 12:12:00
1038,2025-01-20,South,Grocery,2391.29,2391.29,Mumbai,Pending,user1038@example.com,user_1038,44,Standard,9,2025-03-10 23:20:00
1108,2025-01-21,South,Electronics,14162.95,2832.59,Delhi,Pending,,user_1108,17,Premium,14,2025-02-02 15:53:00
1025,2025-02-27,North,Sports,11207.22,3735.74,Bengaluru,Cancelled,user1025@example.com,user_1025,27,Premium,7,2025-01-16 11:55:00
1051,2025-03-15,East,Clothing,17404.08,2900.68,Chennai,Cancelled,user1051@example.com,user_1051,26,Standard,9,2025-03-04 23:28:00
1021,2025-02-18,East,Clothing,12350.56,3087.64,Delhi,,user1021@example.com,user_1021,36,Standard,10,2025-02-21 02:05:00
1042,2025-02-13,North,Sports,3539.04,1179.68,Bengaluru,,user1042@example.com,user_1042,24,Basic,13,2025-02-16 23:37:00
1134,2025-02-27,East,Furniture,4198.5,2099.25,Delhi,Cancelled,user1134@example.com,user_1134,39,Standard,12,2025-01-11 06:10:00
1102,2025-01-14,West,Electronics,2091.96,522.99,Chennai,,user1102@example.com,user_1102,32,Premium,2,2025-02-03 19:09:00
1022,2025-03-25,East,Furniture,18645.48,4661.37,Bengaluru,Cancelled,user1022@example.com,user_1022,30,Standard,3,2025-01-17 16:53:00
1044,2025-01-04,South,Grocery,672.06,224.02,Bengaluru,Cancelled,user1044@example.com,user_1044,33,Basic,3,2025-03-31 17:11:00
1117,2025-03-22,North,Clothing,18785.55,3757.11,Hyderabad,,user1117@example.com,user_1117,33,Premium,13,2025-01-12 14:19:00
1094,2025-02-22,West,Sports,4008.12,1336.04,Delhi,Pending,user1094@example.com,user_1094,27,Basic,8,2025-03-10 00:44:00
1126,2025-03-03,East,Electronics,6132.28,1533.07,Bengaluru,Cancelled,user1126@example.com,user_1126,22,Basic,15,2025-03-13 13:25:00
1064,2025-01-21,South,Furniture,21533.64,3588.94,Hyderabad,Cancelled,user1064@example.com,user_1064,18,Basic,11,2025-01-31 16:48:00
1070,2025-02-06,North,Grocery,0.0,,Pune,Pending,user1070@example.com,user_1070,43,Premium,3,2025-01-18 09:07:00
1117,2025-03-21,East,Clothing,13747.2,2291.2,Pune,Completed,user1117@example.com,user_1117,20,Premium,9,2025-01-03 05:06:00
1073,2025-02-04,East,Electronics,2675.76,668.94,Delhi,Pending,user1073@example.com,user_1073,16,Basic,4,2025-02-13 13:19:00
1128,2025-02-17,West,Furniture,2345.24,2345.24,Bengaluru,Completed,user1128@example.com,user_1128,24,Basic,2,2025-03-11 15:11:00
1050,2025-02-02,East,Grocery,4095.39,4095.39,Delhi,,user1050@example.com,user_1050,23,Standard,1,2025-01-26 14:47:00
1025,2025-03-08,South,Clothing,6693.48,3346.74,Pune,Cancelled,user1025@example.com,user_1025,21,Standard,12,2025-01-06 23:59:00
1141,2025-03-08,East,Clothing,2618.4,654.6,Bengaluru,Completed,user1141@example.com,user_1141,43,Standard,4,2025-01-15 07:40:00
1112,2025-02-11,West,Grocery,373.77,124.59,Chennai,Pending,user1112@example.com,user_1112,16,Premium,10,2025-03-30 15:44:00
1040,2025-02-17,South,Electronics,7730.9,3865.45,Mumbai,Cancelled,user1040@example.com,user_1040,45,Standard,1,2025-01-08 11:41:00
1040,2025-03-31,South,Furniture,2704.95,2704.95,Delhi,Cancelled,user1040@example.com,user_1040,33,Standard,13,2025-02-14 14:46:00
1050,2025-01-03,North,Electronics,10385.37,3461.79,Delhi,,user1050@example.com,user_1050,38,Basic,9,2025-02-07 17:44:00
1126,2025-01-25,North,Grocery,14275.85,2855.17,Bengaluru,Cancelled,user1126@example.com,user_1126,43,Standard,15,2025-03-12 05:04:00
1136,2025-01-20,North,Grocery,6823.35,2274.45,Chennai,Completed,user1136@example.com,user_1136,40,Standard,9,2025-02-18 23:11:00
1005,2025-03-21,North,Electronics,21456.5,4291.3,Mumbai,,user1005@example.com,user_1005,22,Standard,11,2025-03-05 17:09:00
1073,2025-02-11,West,Sports,6235.59,2078.53,Delhi,Completed,,user_1073,17,Premium,3,2025-01-05 06:06:00
1125,2025-01-25,South,Sports,2694.15,538.83,Hyderabad,Cancelled,user1125@example.com,user_1125,17,Basic,4,2025-03-19 22:04:00
1004,2025-01-27,West,Clothing,3295.96,3295.96,Hyderabad,,user1004@example.com,,42,Basic,13,2025-04-01 01:52:00
1069,2025-03-09,West,Furniture,251.23,251.23,Bengaluru,Completed,user1069@example.com,user_1069,19,Standard,4,2025-03-10 12:12:00
1050,2025-03-09,South,Electronics,16507.7,3301.54,Mumbai,Cancelled,user1050@example.com,user_1050,37,Basic,12,2025-03-27 13:56:00
1027,2025-01-22,South,Sports,0.0,,Chennai,Cancelled,user1027@example.com,user_1027,37,Premium,9,2025-03-18 14:59:00
1091,2025-02-10,South,Grocery,8318.7,2772.9,Bengaluru,Cancelled,user1091@example.com,user_1091,35,Premium,10,2025-03-11 06:24:00
1141,2025-02-02,South,Electronics,7328.16,1832.04,Hyderabad,Completed,user1141@example.com,user_1141,25,Standard,1,2025-03-08 04:56:00
1078,2025-01-01,North,Electronics,3073.3,1536.65,Mumbai,Cancelled,user1078@example.com,user_1078,45,Standard,9,2025-03-13 18:59:00
1147,2025-01-20,East,Furniture,2066.88,516.72,Bengaluru,Cancelled,user1147@example.com,user_1147,27,Standard,4,2025-01-30 08:51:00
1077,2025-01-12,West,Clothing,14369.55,2873.91,Mumbai,,user1077@example.com,user_1077,21,Basic,14,2025-03-30 22:36:00
1025,2025-03-18,South,Electronics,3229.16,3229.16,Chennai,Completed,user1025@example.com,user_1025,45,Basic,6,2025-02-25 13:59:00
1031,2025-01-30,South,Electronics,18755.05,3751.01,Delhi,Cancelled,user1031@example.com,user_1031,32,Premium,6,2025-03-11 18:09:00
1084,2025-03-06,South,Grocery,7007.9,3503.95,Delhi,Completed,user1084@example.com,user_1084,23,Basic,5,2025-02-20 04:08:00
1087,2025-01-11,South,Clothing,14432.88,2405.48,Delhi,Completed,user1087@example.com,user_1087,28,Standard,7,2025-03-31 04:48:00
1035,2025-03-03,East,Sports,11274.08,2818.52,Hyderabad,Pending,user1035@example.com,user_1035,23,Premium,5,2025-02-25 10:43:00
1148,2025-01-12,North,Clothing,2428.08,607.02,Hyderabad,Pending,user1148@example.com,user_1148,26,Basic,10,2025-03-25 00:49:00
1079,2025-01-22,East,Grocery,24694.4,4938.88,Hyderabad,Completed,user1079@example.com,user_1079,45,Premium,4,2025-03-29 11:09:00
1047,2025-03-21,North,Electronics,1599.8,319.96,Mumbai,Cancelled,user1047@example.com,user_1047,38,Premium,5,2025-02-27 15:01:00
1085,2025-01-27,North,Sports,7426.12,3713.06,Mumbai,,user1085@example.com,user_1085,35,Standard,3,2025-03-30 22:42:00
1005,2025-02-18,West,Clothing,17615.22,2935.87,Pune,Pending,user1005@example.com,user_1005,17,Basic,4,2025-03-31 19:17:00
1014,2025-03-01,South,Clothing,3291.05,3291.05,Delhi,Cancelled,user1014@example.com,user_1014,43,Premium,1,2025-02-07 20:24:00
1060,2025-02-18,North,Grocery,15403.62,2567.27,Delhi,Completed,user1060@example.com,user_1060,21,Premium,9,2025-02-28 17:59:00
1006,2025-01-06,North,Grocery,6372.95,1274.59,Bengaluru,,user1006@example.com,user_1006,39,Premium,1,2025-02-14 21:22:00
1091,2025-03-22,North,Electronics,0.0,,Mumbai,Cancelled,user1091@example.com,user_1091,44,Basic,15,2025-01-04 17:17:00
1058,2025-01-20,West,Grocery,6967.36,1741.84,Delhi,Pending,user1058@example.com,user_1058,29,Premium,10,2025-01-20 13:19:00
1085,2025-02-27,East,Furniture,5468.12,2734.06,Delhi,Cancelled,user1085@example.com,user_1085,38,Standard,15,2025-03-09 04:27:00
1038,2025-03-25,West,Sports,9337.0,4668.5,Bengaluru,Completed,,user_1038,21,Basic,14,2025-01-19 23:01:00
1082,2025-02-22,North,Furniture,14423.76,4807.92,Hyderabad,Pending,user1082@example.com,user_1082,19,Premium,3,2025-01-04 19:39:00
1069,2025-03-19,East,Electronics,5713.72,2856.86,Mumbai,Cancelled,user1069@example.com,user_1069,18,Standard,13,2025-03-03 04:32:00
1121,2025-03-25,South,Furniture,7604.4,1901.1,Pune,Pending,user1121@example.com,user_1121,22,Premium,1,2025-02-22 00:59:00
1070,2025-02-22,East,Electronics,6909.84,1151.64,Mumbai,Pending,user1070@example.com,user_1070,45,Basic,14,2025-03-20 15:44:00
1084,2025-02-28,West,Sports,17774.24,4443.56,Hyderabad,,user1084@example.com,user_1084,39,Basic,7,2025-03-20 23:36:00
1138,2025-03-09,West,Grocery,19349.4,3224.9,Delhi,,user1138@example.com,,42,Premium,15,2025-02-01 16:34:00
1102,2025-01-06,East,Clothing,14053.1,2810.62,Delhi,,user1102@example.com,user_1102,28,Basic,13,2025-02-06 14:10:00
1109,2025-02-07,East,Grocery,3085.01,3085.01,Pune,,user1109@example.com,user_1109,18,Standard,9,2025-01-15 05:49:00
1150,2025-03-31,North,Grocery,11018.88,2754.72,Hyderabad,Completed,user1150@example.com,user_1150,21,Basic,10,2025-01-26 14:05:00
1065,2025-02-11,West,Electronics,20844.0,3474.0,Mumbai,Completed,user1065@example.com,user_1065,38,Basic,11,2025-02-16 02:33:00
1099,2025-03-07,South,Electronics,6159.52,3079.76,Bengaluru,Pending,user1099@example.com,user_1099,45,Basic,10,2025-03-26 04:10:00
1038,2025-01-23,North,Clothing,3857.33,3857.33,Hyderabad,,user1038@example.com,user_1038,25,Standard,3,2025-01-16 04:12:00
1001,2025-03-21,South,Grocery,3838.71,3838.71,Hyderabad,Completed,user1001@example.com,user_1001,35,Basic,4,2025-01-28 18:42:00
1122,2025-02-28,East,Sports,2080.25,2080.25,Delhi,Cancelled,user1122@example.com,user_1122,35,Standard,9,2025-01-27 01:11:00
1038,2025-01-08,West,Sports,3283.72,3283.72,Delhi,Cancelled,user1038@example.com,user_1038,26,Premium,1,2025-01-14 13:11:00
1042,2025-03-28,East,Grocery,0.0,,Chennai,Cancelled,user1042@example.com,user_1042,45,Premium,2,2025-02-08 10:23:00
1098,2025-01-09,North,Grocery,19021.45,3804.29,Delhi,Pending,user1098@example.com,user_1098,19,Standard,14,2025-02-05 10:33:00
1106,2025-03-09,West,Sports,2177.46,1088.73,Delhi,Completed,user1106@example.com,user_1106,31,Standard,12,2025-03-19 22:18:00
1110,2025-03-19,North,Furniture,12739.8,4246.6,Pune,,user1110@example.com,user_1110,32,Standard,11,2025-03-05 15:51:00
1047,2025-03-20,West,Electronics,3605.91,1201.97,Mumbai,Completed,user1047@example.com,user_1047,30,Standard,13,2025-01-16 23:54:00
1054,2025-03-20,North,Clothing,19979.96,4994.99,Delhi,Pending,user1054@example.com,user_1054,16,Standard,4,2025-03-30 09:16:00
1018,2025-02-09,West,Electronics,7682.05,1536.41,Bengaluru,Cancelled,user1018@example.com,user_1018,26,Basic,12,2025-03-14 19:01:00
1045,2025-01-25,South,Electronics,5058.15,1686.05,Pune,Pending,user1045@example.com,user_1045,31,Premium,11,2025-02-28 17:57:00
1086,2025-03-01,North,Sports,15723.0,3930.75,Delhi,Cancelled,user1086@example.com,user_1086,33,Standard,1,2025-01-27 18:43:00
1085,2025-02-15,West,Clothing,755.5,377.75,Bengaluru,,user1085@example.com,user_1085,36,Standard,14,2025-01-22 18:38:00
1100,2025-01-24,West,Clothing,8988.6,2996.2,Bengaluru,,user1100@example.com,user_1100,18,Basic,15,2025-01-31 11:28:00
1078,2025-01-28,North,Electronics,5298.5,2649.25,Delhi,Pending,,user_1078,45,Premium,8,2025-03-06 00:51:00
1124,2025-03-06,North,Clothing,2438.04,812.68,Pune,Pending,user1124@example.com,user_1124,40,Premium,14,2025-03-08 21:08:00
1053,2025-01-05,West,Electronics,13943.22,2323.87,Pune,Cancelled,user1053@example.com,user_1053,45,Premium,11,2025-03-18 02:21:00
1120,2025-01-06,West,Sports,3362.16,560.36,Bengaluru,Cancelled,user1120@example.com,user_1120,36,Premium,6,2025-01-26 06:18:00
1071,2025-03-10,North,Furniture,6519.16,1629.79,Delhi,Pending,user1071@example.com,user_1071,24,Premium,1,2025-03-21 17:32:00
1027,2025-01-27,North,Furniture,13677.6,2735.52,Bengaluru,Cancelled,user1027@example.com,user_1027,34,Premium,3,2025-01-10 09:39:00
1087,2025-03-11,South,Electronics,4492.12,2246.06,Delhi,Completed,user1087@example.com,user_1087,28,Premium,2,2025-02-24 12:11:00
1115,2025-03-20,West,Grocery,5431.02,1810.34,Mumbai,Pending,user1115@example.com,user_1115,18,Standard,8,2025-01-13 14:19:00
1120,2025-03-02,East,Sports,0.0,,Mumbai,Cancelled,user1120@example.com,user_1120,45,Basic,7,2025-01-24 22:58:00
1105,2025-03-29,West,Clothing,2463.16,2463.16,Pune,,user1105@example.com,user_1105,30,Premium,5,2025-02-14 19:36:00
1033,2025-03-07,North,Sports,3357.06,559.51,Delhi,Completed,user1033@example.com,,41,Basic,9,2025-03-01 12:37:00
1106,2025-01-31,South,Grocery,15616.65,3123.33,Mumbai,Completed,user1106@example.com,user_1106,26,Premium,14,2025-03-30 18:27:00
1112,2025-03-14,East,Electronics,19736.35,3947.27,Mumbai,,user1112@example.com,user_1112,19,Standard,10,2025-03-01 10:35:00
1025,2025-02-26,West,Sports,3688.24,922.06,Delhi,,user1025@example.com,user_1025,26,Basic,11,2025-03-26 01:05:00
1056,2025-01-18,East,Furniture,26651.64,4441.94,Delhi,,user1056@example.com,user_1056,33,Basic,7,2025-03-20 18:28:00
1051,2025-01-27,North,Grocery,10270.53,3423.51,Bengaluru,Cancelled,user1051@example.com,user_1051,18,Standard,1,2025-03-20 16:25:00
1033,2025-02-07,West,Sports,1794.65,358.93,Delhi,Cancelled,user1033@example.com,user_1033,19,Basic,14,2025-01-04 07:27:00
1101,2025-03-22,South,Grocery,6498.92,1624.73,Hyderabad,Pending,user1101@example.com,user_1101,37,Premium,8,2025-01-18 06:35:00
1099,2025-02-16,East,Furniture,8415.64,4207.82,Bengaluru,Completed,user1099@example.com,user_1099,18,Standard,1,2025-01-19 23:56:00
1125,2025-03-26,East,Grocery,4423.68,2211.84,Delhi,,user1125@example.com,user_1125,44,Standard,10,2025-02-24 19:11:00
1117,2025-03-07,North,Furniture,8597.68,2149.42,Hyderabad,Pending,user1117@example.com,user_1117,29,Standard,1,2025-03-15 15:54:00
1061,2025-03-06,North,Electronics,6913.95,1382.79,Chennai,Completed,user1061@example.com,user_1061,34,Basic,12,2025-02-17 03:37:00
1124,2025-03-30,North,Grocery,2677.86,446.31,Pune,Completed,user1124@example.com,user_1124,32,Standard,2,2025-02-01 15:40:00
1020,2025-03-29,West,Clothing,15933.75,3186.75,Bengaluru,Completed,user1020@example.com,user_1020,31,Basic,9,2025-03-02 18:46:00
1085,2025-02-23,East,Electronics,5390.79,1796.93,Bengaluru,Cancelled,user1085@example.com,user_1085,39,Standard,5,2025-01-08 20:30:00
1149,2025-01-22,West,Clothing,17313.96,2885.66,Bengaluru,,user1149@example.com,user_1149,18,Premium,9,2025-01-10 08:16:00
1034,2025-03-20,West,Sports,4322.43,1440.81,Delhi,Pending,user1034@example.com,user_1034,45,Standard,12,2025-01-20 21:28:00
1095,2025-01-23,South,Furniture,0.0,,Mumbai,Completed,,user_1095,26,Premium,3,2025-03-18 04:53:00
1127,2025-02-22,East,Furniture,7726.64,3863.32,Hyderabad,Cancelled,user1127@example.com,user_1127,17,Standard,5,2025-01-15 01:10:00
1119,2025-02-21,East,Grocery,9629.4,2407.35,Pune,,user1119@example.com,user_1119,31,Basic,3,2025-03-09 13:00:00
1074,2025-02-27,West,Electronics,5822.76,1940.92,Pune,Cancelled,user1074@example.com,user_1074,43,Basic,10,2025-03-25 08:21:00
1070,2025-02-04,South,Grocery,12064.41,4021.47,Chennai,Pending,user1070@example.com,user_1070,39,Standard,10,2025-01-25 16:21:00
1047,2025-02-10,West,Electronics,16564.08,2760.68,Delhi,,user1047@example.com,user_1047,19,Standard,2,2025-03-29 14:22:00
1057,2025-02-06,West,Electronics,1296.89,1296.89,Delhi,Pending,user1057@example.com,user_1057,35,Standard,2,2025-04-01 03:05:00
1034,2025-02-18,East,Electronics,19794.9,3299.15,Chennai,Pending,user1034@example.com,user_1034,24,Basic,8,2025-03-26 02:40:00
1117,2025-02-05,North,Furniture,23149.98,3858.33,Bengaluru,Completed,user1117@example.com,user_1117,24,Premium,7,2025-02-19 10:03:00
1067,2025-02-03,East,Sports,930.75,930.75,Pune,,user1067@example.com,user_1067,21,Standard,8,2025-01-14 04:34:00
1111,2025-01-28,North,Electronics,3089.13,3089.13,Hyderabad,Completed,user1111@example.com,user_1111,18,Premium,10,2025-02-02 14:01:00
1128,2025-01-20,South,Clothing,3281.68,3281.68,Delhi,Pending,user1128@example.com,user_1128,38,Basic,15,2025-02-20 18:00:00
1132,2025-04-01,South,Grocery,18810.24,4702.56,Pune,Completed,user1132@example.com,user_1132,33,Premium,1,2025-02-19 22:52:00
1124,2025-01-16,North,Grocery,8573.58,2857.86,Bengaluru,Completed,user1124@example.com,user_1124,36,Standard,2,2025-02-16 17:54:00
1088,2025-01-11,East,Sports,12641.55,4213.85,Mumbai,Completed,user1088@example.com,,28,Standard,4,2025-02-08 22:24:00
1028,2025-03-22,South,Furniture,13839.08,3459.77,Delhi,Pending,user1028@example.com,user_1028,17,Premium,1,2025-03-17 07:31:00
1100,2025-01-09,South,Sports,23844.36,3974.06,Bengaluru,,user1100@example.com,user_1100,16,Premium,6,2025-01-08 10:50:00
1011,2025-02-21,South,Sports,3810.18,635.03,Pune,Pending,user1011@example.com,user_1011,39,Standard,4,2025-01-10 01:47:00
1037,2025-03-04,East,Furniture,13145.88,3286.47,Delhi,Completed,user1037@example.com,user_1037,21,Standard,1,2025-02-09 03:29:00
1044,2025-03-17,West,Grocery,0.0,,Delhi,Pending,user1044@example.com,user_1044,18,Premium,7,2025-02-13 23:43:00
1103,2025-02-11,East,Clothing,3887.82,647.97,Chennai,Pending,user1103@example.com,user_1103,40,Premium,10,2025-01-23 10:04:00
1031,2025-02-05,North,Sports,2996.48,749.12,Mumbai,Pending,user1031@example.com,user_1031,30,Premium,15,2025-03-16 01:08:00
1026,2025-03-22,South,Electronics,6163.18,3081.59,Delhi,Completed,user1026@example.com,user_1026,16,Premium,15,2025-01-12 22:41:00
1073,2025-02-23,East,Furniture,13931.36,3482.84,Delhi,Cancelled,user1073@example.com,user_1073,32,Basic,7,2025-01-31 05:39:00
1010,2025-03-18,North,Clothing,3764.0,941.0,Delhi,,user1010@example.com,user_1010,16,Standard,4,2025-01-25 03:33:00
1025,2025-03-21,East,Grocery,9207.05,1841.41,Pune,Pending,user1025@example.com,user_1025,24,Premium,4,2025-01-15 04:43:00
1122,2025-03-05,West,Clothing,5536.8,922.8,Delhi,Cancelled,user1122@example.com,user_1122,22,Basic,5,2025-02-12 19:51:00
1072,2025-03-15,East,Electronics,18575.3,3715.06,Mumbai,,,user_1072,32,Premium,2,2025-01-31 23:28:00
1149,2025-02-11,East,Electronics,12746.28,2124.38,Bengaluru,Cancelled,user1149@example.com,user_1149,23,Premium,4,2025-02-22 06:24:00
1057,2025-01-10,South,Furniture,9525.6,2381.4,Delhi,Pending,user1057@example.com,user_1057,45,Standard,8,2025-01-23 12:23:00
1035,2025-02-28,North,Furniture,21678.72,3613.12,Bengaluru,Cancelled,user1035@example.com,user_1035,20,Premium,12,2025-03-14 01:17:00
1035,2025-01-15,East,Clothing,17062.68,4265.67,Hyderabad,Pending,user1035@example.com,user_1035,44,Basic,10,2025-01-21 20:39:00
1044,2025-03-15,South,Sports,9704.34,4852.17,Delhi,,user1044@example.com,user_1044,43,Premium,10,2025-03-02 14:17:00
1004,2025-02-24,North,Grocery,7388.18,3694.09,Mumbai,Pending,user1004@example.com,user_1004,44,Standard,3,2025-03-15 00:26:00
1012,2025-01-06,West,Grocery,29740.8,4956.8,Pune,,user1012@example.com,user_1012,31,Standard,14,2025-01-13 14:31:00
1062,2025-01-11,East,Furniture,2814.51,2814.51,Hyderabad,Cancelled,user1062@example.com,user_1062,25,Premium,11,2025-01-12 00:30:00
1079,2025-01-21,West,Grocery,17656.8,3531.36,Chennai,,user1079@example.com,user_1079,40,Premium,14,2025-04-01 12:11:00
1095,2025-03-22,West,Grocery,14089.56,2348.26,Delhi,Cancelled,user1095@example.com,user_1095,32,Premium,5,2025-02-24 08:44:00
1139,2025-03-15,North,Electronics,0.0,,Delhi,Cancelled,user1139@example.com,user_1139,44,Premium,2,2025-02-19 11:29:00
1011,2025-02-16,West,Sports,11183.04,1863.84,Chennai,Pending,user1011@example.com,user_1011,20,Basic,4,2025-03-11 03:41:00
1123,2025-03-16,East,Clothing,26172.6,4362.1,Mumbai,Cancelled,user1123@example.com,user_1123,44,Basic,9,2025-03-29 13:17:00
1014,2025-01-09,West,Grocery,7581.72,1895.43,Pune,Cancelled,user1014@example.com,user_1014,30,Standard,6,2025-03-28 22:51:00
1017,2025-01-25,West,Grocery,17859.68,4464.92,Delhi,Pending,user1017@example.com,user_1017,25,Premium,2,2025-01-22 08:07:00
1038,2025-03-05,West,Clothing,1589.94,794.97,Pune,,user1038@example.com,user_1038,37,Standard,15,2025-01-17 15:22:00
1108,2025-02-26,East,Electronics,3701.66,3701.66,Bengaluru,Completed,user1108@example.com,user_1108,43,Premium,14,2025-03-08 20:21:00
1106,2025-03-16,South,Sports,10480.92,1746.82,Bengaluru,,user1106@example.com,,30,Basic,10,2025-01-17 09:10:00
1067,2025-01-30,East,Clothing,7341.0,2447.0,Delhi,Cancelled,user1067@example.com,user_1067,30,Premium,10,2025-01-21 22:34:00
1074,2025-01-24,East,Furniture,29204.22,4867.37,Mumbai,Completed,user1074@example.com,user_1074,17,Basic,10,2025-01-17 14:16:00
1095,2025-01-24,North,Clothing,6393.12,1065.52,Delhi,Pending,user1095@example.com,user_1095,27,Basic,9,2025-01-21 17:19:00
1032,2025-01-04,South,Clothing,8210.32,2052.58,Delhi,Pending,user1032@example.com,user_1032,16,Standard,9,2025-03-06 10:41:00
1076,2025-03-02,South,Clothing,22425.45,4485.09,Mumbai,Completed,user1076@example.com,user_1076,39,Basic,15,2025-01-06 04:43:00
1142,2025-01-15,South,Clothing,6300.04,1575.01,Mumbai,Completed,user1142@example.com,user_1142,26,Premium,10,2025-03-24 06:37:00
1135,2025-01-29,West,Electronics,11752.05,3917.35,Mumbai,,user1135@example.com,user_1135,37,Standard,2,2025-03-07 12:12:00
1126,2025-02-10,North,Grocery,15178.5,3035.7,Delhi,Pending,user1126@example.com,user_1126,38,Basic,6,2025-02-19 11:00:00
1073,2025-02-14,West,Furniture,7156.84,1789.21,Chennai,,,user_1073,39,Basic,13,2025-02-26 09:10:00
1109,2025-02-23,East,Furniture,3704.3,740.86,Delhi,Cancelled,user1109@example.com,user_1109,31,Standard,6,2025-01-09 18:48:00
1097,2025-01-12,South,Furniture,496.56,82.76,Mumbai,,user1097@example.com,user_1097,38,Standard,13,2025-01-18 06:11:00
1098,2025-02-07,West,Clothing,0.0,,Pune,Cancelled,user1098@example.com,user_1098,31,Standard,12,2025-03-01 07:01:00
1001,2025-01-20,West,Clothing,8101.5,1350.25,Pune,,user1001@example.com,user_1001,21,Basic,15,2025-03-30 20:15:00
1008,2025-01-16,North,Sports,15341.44,3835.36,Delhi,,user1008@example.com,user_1008,34,Basic,14,2025-02-03 20:43:00
1122,2025-03-30,West,Clothing,12301.47,4100.49,Pune,Pending,user1122@example.com,user_1122,34,Premium,3,2025-02-10 14:56:00
1035,2025-02-15,South,Clothing,2575.14,858.38,Bengaluru,Completed,user1035@example.com,user_1035,25,Basic,9,2025-03-23 02:32:00
1050,2025-03-22,North,Clothing,957.08,957.08,Mumbai,Cancelled,user1050@example.com,user_1050,24,Standard,12,2025-03-30 11:06:00
1137,2025-03-16,East,Sports,3581.14,1790.57,Delhi,Cancelled,user1137@example.com,user_1137,27,Basic,7,2025-02-13 05:06:00
1056,2025-01-20,West,Grocery,5083.5,2541.75,Chennai,,user1056@example.com,user_1056,45,Premium,2,2025-01-17 00:30:00
1090,2025-02-09,North,Furniture,6941.4,3470.7,Hyderabad,Cancelled,user1090@example.com,user_1090,16,Standard,14,2025-01-16 07:08:00
1037,2025-03-30,East,Electronics,2343.08,1171.54,Mumbai,,user1037@example.com,user_1037,38,Premium,2,2025-01-03 15:48:00
1111,2025-01-06,West,Grocery,1021.94,1021.94,Pune,Completed,user1111@example.com,user_1111,45,Basic,1,2025-01-09 09:42:00
1003,2025-01-13,East,Furniture,19613.7,3922.74,Mumbai,Cancelled,user1003@example.com,user_1003,16,Premium,3,2025-02-05 18:22:00
1091,2025-01-21,West,Electronics,25697.58,4282.93,Mumbai,Completed,user1091@example.com,user_1091,32,Premium,12,2025-01-25 09:10:00
1138,2025-01-01,South,Clothing,4869.22,4869.22,Mumbai,Pending,user1138@example.com,user_1138,30,Standard,2,2025-01-24 11:24:00
1109,2025-01-28,North,Electronics,10382.16,2595.54,Delhi,,user1109@example.com,user_1109,19,Standard,3,2025-03-05 11:45:00
1038,2025-03-25,South,Clothing,1828.52,457.13,Delhi,,user1038@example.com,user_1038,35,Standard,5,2025-03-29 14:14:00
1142,2025-02-22,West,Grocery,5953.68,1488.42,Mumbai,Cancelled,user1142@example.com,user_1142,21,Premium,11,2025-03-04 21:06:00
1102,2025-02-26,West,Furniture,15823.08,2637.18,Delhi,,user1102@example.com,user_1102,28,Standard,10,2025-01-14 23:59:00
1044,2025-01-09,East,Sports,3700.72,1850.36,Bengaluru,,user1044@example.com,user_1044,19,Premium,14,2025-02-24 23:31:00
1072,2025-03-16,South,Clothing,0.0,,Mumbai,,user1072@example.com,,37,Standard,7,2025-03-04 16:17:00
1038,2025-02-28,South,Furniture,1754.34,584.78,Pune,Pending,user1038@example.com,user_1038,16,Premium,12,2025-01-07 02:31:00
1007,2025-01-23,East,Clothing,11664.18,1944.03,Bengaluru,Completed,user1007@example.com,user_1007,40,Premium,11,2025-03-08 15:50:00
1120,2025-01-26,North,Sports,6012.56,1503.14,Pune,Cancelled,user1120@example.com,user_1120,41,Standard,9,2025-01-03 01:27:00
1031,2025-02-19,South,Electronics,9112.28,2278.07,Hyderabad,Completed,user1031@example.com,user_1031,21,Standard,11,2025-02-08 22:10:00
1126,2025-02-25,South,Electronics,4294.32,715.72,Hyderabad,,,user_1126,37,Standard,11,2025-03-11 18:30:00
1122,2025-03-13,South,Clothing,21395.2,4279.04,Delhi,,user1122@example.com,user_1122,34,Basic,10,2025-03-28 11:49:00
1073,2025-02-11,East,Clothing,1770.25,354.05,Delhi,Cancelled,user1073@example.com,user_1073,41,Standard,10,2025-01-04 20:21:00
1098,2025-01-13,North,Electronics,6507.99,2169.33,Hyderabad,Pending,user1098@example.com,user_1098,23,Premium,11,2025-02-09 18:05:00
1017,2025-02-09,North,Electronics,1233.26,616.63,Delhi,,user1017@example.com,user_1017,37,Basic,10,2025-03-07 13:17:00
1006,2025-03-31,South,Sports,2375.01,2375.01,Bengaluru,,user1006@example.com,user_1006,26,Standard,2,2025-03-04 03:44:00
1053,2025-02-13,East,Sports,15052.92,2508.82,Bengaluru,Cancelled,user1053@example.com,user_1053,27,Basic,4,2025-03-05 20:54:00
1020,2025-03-10,North,Sports,3329.1,1109.7,Delhi,,user1020@example.com,user_1020,41,Premium,10,2025-01-12 22:54:00
1149,2025-01-13,South,Grocery,8939.19,2979.73,Delhi,Pending,user1149@example.com,user_1149,27,Premium,11,2025-02-08 16:51:00
1077,2025-02-25,South,Grocery,10002.33,3334.11,Mumbai,Cancelled,user1077@example.com,user_1077,35,Standard,8,2025-03-27 17:11:00
1005,2025-03-22,South,Furniture,7062.98,3531.49,Chennai,,user1005@example.com,user_1005,24,Standard,9,2025-03-20 13:59:00
1145,2025-03-22,South,Furniture,692.82,346.41,Bengaluru,Pending,user1145@example.com,user_1145,20,Standard,11,2025-02-08 13:26:00
1082,2025-01-09,North,Furniture,12751.76,3187.94,Mumbai,Cancelled,user1082@example.com,user_1082,37,Standard,4,2025-02-21 07:07:00
1039,2025-01-25,South,Sports,561.42,187.14,Hyderabad,,user1039@example.com,user_1039,29,Standard,15,2025-01-05 06:10:00
1070,2025-01-18,North,Sports,0.0,,Mumbai,Pending,user1070@example.com,user_1070,36,Premium,12,2025-03-04 00:03:00
1022,2025-02-10,North,Electronics,3027.92,3027.92,Hyderabad,,user1022@example.com,user_1022,42,Standard,14,2025-01-18 07:07:00
1147,2025-03-06,North,Grocery,23340.15,4668.03,Chennai,Completed,user1147@example.com,user_1147,23,Standard,2,2025-02-10 10:53:00
1150,2025-02-19,South,Furniture,24233.52,4038.92,Mumbai,Pending,user1150@example.com,user_1150,19,Premium,4,2025-02-05 14:26:00
1066,2025-03-17,West,Clothing,1634.15,326.83,Bengaluru,,user1066@example.com,user_1066,31,Standard,4,2025-02-05 04:23:00
1122,2025-02-17,West,Furniture,4115.76,4115.76,Delhi,Cancelled,user1122@example.com,user_1122,33,Basic,5,2025-03-23 22:23:00
1032,2025-03-10,West,Grocery,17365.68,4341.42,Hyderabad,Cancelled,user1032@example.com,user_1032,25,Premium,15,2025-01-31 09:13:00
1042,2025-02-26,West,Clothing,19051.2,3175.2,Hyderabad,Completed,user1042@example.com,user_1042,42,Basic,8,2025-02-22 10:45:00
1109,2025-01-13,West,Clothing,24784.68,4130.78,Mumbai,,user1109@example.com,user_1109,35,Standard,14,2025-03-12 23:20:00
1117,2025-03-30,South,Furniture,185.39,185.39,Mumbai,Completed,user1117@example.com,user_1117,28,Premium,11,2025-02-09 10:36:00
1022,2025-01-15,South,Clothing,4156.1,831.22,Delhi,,user1022@example.com,user_1022,31,Standard,3,2025-02-03 05:43:00
1084,2025-02-06,East,Grocery,4133.56,1033.39,Bengaluru,,user1084@example.com,user_1084,42,Standard,4,2025-01-03 00:59:00
1143,2025-03-24,South,Furniture,6158.84,3079.42,Delhi,Cancelled,user1143@example.com,,38,Premium,1,2025-02-21 19:27:00
1067,2025-01-20,West,Electronics,1472.55,490.85,Mumbai,,,user_1067,40,Basic,14,2025-03-28 15:07:00
1058,2025-01-27,South,Grocery,2979.57,993.19,Bengaluru,Pending,user1058@example.com,user_1058,29,Premium,10,2025-01-28 09:46:00
1049,2025-02-23,North,Clothing,1885.66,942.83,Delhi,Pending,user1049@example.com,user_1049,35,Basic,15,2025-02-01 11:37:00
1118,2025-01-11,South,Furniture,202.18,101.09,Bengaluru,,user1118@example.com,user_1118,38,Basic,12,2025-03-18 08:04:00
1025,2025-03-13,South,Clothing,1022.46,340.82,Mumbai,Completed,user1025@example.com,user_1025,16,Basic,9,2025-03-21 12:19:00
1102,2025-03-27,East,Clothing,9429.8,1885.96,Delhi,Pending,user1102@example.com,user_1102,32,Basic,15,2025-02-13 14:08:00
1023,2025-02-10,South,Furniture,0.0,,Pune,Cancelled,user1023@example.com,user_1023,19,Basic,1,2025-01-17 15:55:00
1072,2025-02-16,North,Sports,13904.61,4634.87,Mumbai,Cancelled,user1072@example.com,user_1072,29,Premium,6,2025-03-04 04:35:00
1113,2025-01-07,East,Electronics,985.15,985.15,Mumbai,,user1113@example.com,user_1113,24,Premium,12,2025-03-01 13:07:00
1005,2025-02-18,South,Grocery,10888.62,1814.77,Chennai,,user1005@example.com,user_1005,19,Standard,14,2025-01-19 03:22:00
1024,2025-01-27,North,Sports,8694.92,4347.46,Mumbai,Pending,user1024@example.com,user_1024,34,Premium,9,2025-03-15 05:26:00
1020,2025-02-01,North,Electronics,23117.1,3852.85,Delhi,Cancelled,user1020@example.com,user_1020,37,Standard,2,2025-02-20 11:37:00
1028,2025-02-11,South,Grocery,811.19,811.19,Hyderabad,Cancelled,user1028@example.com,user_1028,35,Standard,1,2025-02-12 01:41:00
1116,2025-02-11,East,Furniture,28438.32,4739.72,Chennai,Completed,user1116@example.com,user_1116,41,Standard,5,2025-02-11 01:47:00
1019,2025-03-12,South,Clothing,19047.64,4761.91,Delhi,Pending,user1019@example.com,user_1019,23,Basic,2,2025-01-03 06:10:00
1100,2025-02-21,West,Clothing,8762.58,1460.43,Mumbai,,user1100@example.com,user_1100,41,Basic,12,2025-02-09 21:38:00
1034,2025-02-15,East,Grocery,10032.99,3344.33,Pune,,user1034@example.com,user_1034,44,Basic,8,2025-02-04 18:38:00
1109,2025-01-12,South,Grocery,11383.89,3794.63,Mumbai,Completed,user1109@example.com,user_1109,17,Standard,6,2025-03-01 21:14:00
1040,2025-03-05,West,Clothing,15960.18,2660.03,Pune,,user1040@example.com,user_1040,29,Premium,15,2025-03-03 09:09:00
1033,2025-03-29,South,Clothing,9038.74,4519.37,Pune,Completed,user1033@example.com,user_1033,33,Premium,15,2025-01-06 16:06:00
1131,2025-02-24,North,Clothing,8377.8,2094.45,Chennai,Cancelled,user1131@example.com,user_1131,34,Premium,13,2025-03-06 00:07:00
1119,2025-01-23,West,Grocery,15766.32,3941.58,Delhi,Cancelled,user1119@example.com,user_1119,26,Standard,12,2025-02-28 21:28:00
1068,2025-02-13,East,Electronics,9670.52,4835.26,Mumbai,Cancelled,user1068@example.com,user_1068,43,Standard,2,2025-02-25 17:01:00
1002,2025-02-20,South,Grocery,1255.12,627.56,Pune,,user1002@example.com,user_1002,25,Standard,14,2025-03-20 11:44:00
1102,2025-02-08,East,Electronics,967.58,483.79,Delhi,Completed,user1102@example.com,user_1102,38,Premium,14,2025-01-04 06:30:00
1038,2025-03-25,East,Electronics,0.0,,Hyderabad,Cancelled,user1038@example.com,user_1038,40,Basic,3,2025-03-02 13:01:00
1030,2025-01-22,South,Grocery,27101.76,4516.96,Hyderabad,Completed,user1030@example.com,user_1030,43,Basic,10,2025-02-01 06:18:00
1146,2025-02-20,South,Grocery,302.06,302.06,Delhi,,,user_1146,39,Standard,10,2025-03-12 09:02:00
1125,2025-02-21,East,Electronics,12281.0,2456.2,Pune,Completed,user1125@example.com,user_1125,29,Standard,6,2025-03-12 02:17:00
1107,2025-03-02,South,Grocery,3144.3,628.86,Bengaluru,Completed,user1107@example.com,user_1107,21,Basic,12,2025-01-25 15:22:00
1113,2025-01-30,South,Furniture,12814.0,2562.8,Bengaluru,Cancelled,user1113@example.com,,39,Standard,7,2025-02-23 21:41:00
1093,2025-03-02,North,Electronics,8017.58,4008.79,Mumbai,,user1093@example.com,user_1093,20,Premium,4,2025-01-21 19:31:00
1026,2025-02-23,East,Furniture,18872.48,4718.12,Bengaluru,Completed,user1026@example.com,user_1026,16,Basic,15,2025-02-03 11:43:00
1041,2025-01-23,West,Clothing,20741.75,4148.35,Delhi,,user1041@example.com,user_1041,19,Standard,4,2025-01-16 17:14:00
1125,2025-02-03,North,Furniture,14905.89,4968.63,Delhi,Completed,user1125@example.com,user_1125,38,Premium,15,2025-02-26 14:53:00
1029,2025-01-14,West,Sports,19595.9,3919.18,Delhi,Completed,user1029@example.com,user_1029,21,Standard,2,2025-01-27 11:10:00
1075,2025-04-01,West,Furniture,11177.55,2235.51,Pune,Cancelled,user1075@example.com,user_1075,26,Premium,2,2025-01-26 14:26:00
1002,2025-02-01,North,Sports,16729.32,4182.33,Bengaluru,Pending,user1002@example.com,user_1002,18,Basic,6,2025-02-23 11:40:00
1063,2025-01-20,East,Furniture,18891.85,3778.37,Hyderabad,,user1063@example.com,user_1063,29,Basic,15,2025-02-28 16:50:00
1093,2025-01-04,West,Electronics,2240.76,2240.76,Pune,Cancelled,user1093@example.com,user_1093,26,Basic,13,2025-01-22 13:03:00
1101,2025-01-05,West,Sports,19907.22,3317.87,Mumbai,Cancelled,user1101@example.com,user_1101,29,Basic,15,2025-03-29 22:35:00
1078,2025-02-10,East,Grocery,4550.69,4550.69,Bengaluru,,user1078@example.com,user_1078,36,Premium,15,2025-03-11 19:50:00
1114,2025-03-31,East,Clothing,10553.94,1758.99,Hyderabad,Completed,user1114@example.com,user_1114,17,Standard,6,2025-02-19 23:46:00
1033,2025-03-08,West,Sports,14880.06,4960.02,Mumbai,Cancelled,user1033@example.com,user_1033,32,Basic,13,2025-03-23 05:01:00
1008,2025-03-11,East,Clothing,0.0,,Mumbai,,user1008@example.com,user_1008,32,Premium,12,2025-01-08 11:16:00
1130,2025-02-15,South,Clothing,3977.22,662.87,Delhi,Completed,user1130@example.com,user_1130,30,Basic,4,2025-03-16 18:45:00
1137,2025-03-18,East,Grocery,3622.5,1207.5,Bengaluru,Pending,user1137@example.com,user_1137,19,Basic,9,2025-03-16 06:52:00
1093,2025-02-28,South,Electronics,3210.24,535.04,Hyderabad,Completed,user1093@example.com,user_1093,17,Basic,15,2025-01-17 15:13:00
1115,2025-01-10,South,Clothing,9390.05,1878.01,Hyderabad,,user1115@example.com,user_1115,36,Basic,8,2025-03-30 15:46:00
1107,2025-01-21,South,Furniture,1529.02,764.51,Pune,Completed,user1107@example.com,user_1107,38,Premium,8,2025-03-02 01:47:00
1041,2025-03-13,West,Electronics,1878.19,1878.19,Hyderabad,Cancelled,user1041@example.com,user_1041,34,Basic,1,2025-03-08 04:07:00
1096,2025-02-09,South,Electronics,14866.65,4955.55,Bengaluru,Pending,user1096@example.com,user_1096,20,Standard,7,2025-01-07 09:56:00
1073,2025-01-28,West,Electronics,5737.38,956.23,Pune,Cancelled,user1073@example.com,user_1073,18,Premium,7,2025-03-03 18:19:00
1145,2025-02-27,East,Furniture,18025.68,4506.42,Pune,,user1145@example.com,user_1145,40,Basic,11,2025-02-27 04:55:00
1040,2025-03-05,East,Grocery,13357.16,3339.29,Hyderabad,Cancelled,,user_1040,33,Premium,11,2025-02-26 23:17:00
1023,2025-01-22,West,Sports,17753.4,3550.68,Bengaluru,Completed,user1023@example.com,user_1023,22,Standard,9,2025-03-15 01:36:00
1134,2025-01-25,West,Sports,18826.3,3765.26,Delhi,Pending,user1134@example.com,user_1134,16,Basic,13,2025-01-27 07:53:00
1149,2025-02-26,South,Sports,2345.05,469.01,Bengaluru,Completed,user1149@example.com,user_1149,31,Premium,6,2025-02-25 05:26:00
1007,2025-03-09,West,Electronics,4863.12,1621.04,Delhi,Pending,user1007@example.com,user_1007,25,Premium,3,2025-02-02 02:09:00
1079,2025-02-22,East,Electronics,3409.11,3409.11,Bengaluru,Completed,user1079@example.com,user_1079,25,Basic,2,2025-02-10 04:26:00
1083,2025-02-03,East,Furniture,1908.79,1908.79,Delhi,Pending,user1083@example.com,user_1083,31,Standard,13,2025-03-06 12:07:00
1069,2025-01-08,West,Grocery,8128.85,1625.77,Hyderabad,Completed,user1069@example.com,,29,Standard,4,2025-01-03 08:35:00
1026,2025-02-01,North,Sports,22960.44,3826.74,Delhi,,user1026@example.com,user_1026,30,Premium,14,2025-03-23 16:13:00
1037,2025-02-17,East,Sports,0.0,,Mumbai,,user1037@example.com,user_1037,45,Standard,8,2025-01-06 00:52:00
1119,2025-03-21,West,Grocery,2963.56,1481.78,Delhi,Cancelled,user1119@example.com,user_1119,35,Basic,14,2025-03-29 12:22:00
1055,2025-03-16,East,Sports,12634.17,4211.39,Delhi,Completed,user1055@example.com,user_1055,25,Premium,7,2025-03-31 03:53:00
1036,2025-03-13,North,Clothing,19976.68,4994.17,Mumbai,Cancelled,user1036@example.com,user_1036,40,Standard,8,2025-02-04 07:42:00
1083,2025-02-13,West,Furniture,5462.95,1092.59,Bengaluru,Completed,user1083@example.com,user_1083,35,Basic,1,2025-01-02 21:11:00
1106,2025-03-13,South,Sports,26889.48,4481.58,Pune,Completed,user1106@example.com,user_1106,41,Standard,11,2025-01-10 17:01:00
1114,2025-03-28,South,Furniture,2643.64,660.91,Bengaluru,Completed,user1114@example.com,user_1114,19,Basic,6,2025-01-25 14:00:00
1057,2025-01-03,East,Electronics,22825.08,3804.18,Bengaluru,Cancelled,user1057@example.com,user_1057,41,Standard,4,2025-01-30 15:23:00
1010,2025-02-05,West,Furniture,14937.3,2489.55,Mumbai,,user1010@example.com,user_1010,19,Basic,10,2025-03-06 15:10:00
1142,2025-01-25,East,Electronics,16581.0,3316.2,Chennai,Pending,user1142@example.com,user_1142,39,Premium,3,2025-02-03 18:54:00
1059,2025-03-08,West,Sports,10974.15,3658.05,Mumbai,Cancelled,user1059@example.com,user_1059,37,Standard,15,2025-02-28 00:27:00
1014,2025-02-11,West,Sports,8764.44,2191.11,Bengaluru,,user1014@example.com,user_1014,31,Basic,9,2025-01-06 23:14:00
1013,2025-02-05,North,Electronics,22980.2,4596.04,Hyderabad,,user1013@example.com,user_1013,22,Basic,2,2025-03-15 00:47:00
1058,2025-03-30,East,Furniture,2147.91,2147.91,Mumbai,Cancelled,user1058@example.com,user_1058,25,Premium,11,2025-03-22 03:01:00
1123,2025-02-25,North,Furniture,20249.45,4049.89,Bengaluru,Completed,user1123@example.com,user_1123,31,Premium,6,2025-01-07 10:33:00
1061,2025-01-10,West,Grocery,19449.8,3889.96,Hyderabad,Completed,user1061@example.com,user_1061,18,Premium,15,2025-01-05 12:20:00
1017,2025-01-17,North,Sports,1427.64,356.91,Delhi,,user1017@example.com,user_1017,18,Premium,11,2025-01-08 17:03:00
1076,2025-02-18,East,Sports,10191.65,2038.33,Hyderabad,Completed,user1076@example.com,user_1076,30,Basic,8,2025-02-24 19:39:00
1026,2025-02-13,South,Sports,19632.36,3272.06,Delhi,Cancelled,,user_1026,34,Premium,2,2025-01-14 00:38:00
1018,2025-03-17,East,Sports,0.0,,Chennai,Cancelled,user1018@example.com,user_1018,27,Basic,8,2025-03-21 14:11:00
1063,2025-01-18,North,Sports,3995.28,3995.28,Delhi,,user1063@example.com,user_1063,32,Standard,13,2025-02-15 09:37:00
1139,2025-01-19,North,Clothing,2339.01,779.67,Bengaluru,Completed,user1139@example.com,user_1139,32,Standard,11,2025-03-28 04:03:00
1061,2025-03-06,South,Clothing,20524.8,4104.96,Delhi,Pending,user1061@example.com,user_1061,22,Standard,15,2025-01-26 02:21:00
1049,2025-03-27,North,Sports,14429.04,2404.84,Hyderabad,Cancelled,user1049@example.com,user_1049,35,Basic,7,2025-02-12 05:06:00
1117,2025-01-06,East,Grocery,2504.86,2504.86,Mumbai,Pending,user1117@example.com,user_1117,23,Basic,12,2025-02-12 23:24:00
1053,2025-02-21,West,Electronics,962.01,962.01,Bengaluru,Cancelled,user1053@example.com,user_1053,16,Standard,2,2025-01-19 09:28:00
1050,2025-03-22,West,Furniture,8847.45,2949.15,Delhi,Pending,user1050@example.com,user_1050,25,Premium,4,2025-02-03 23:11:00
1087,2025-03-12,East,Clothing,2535.04,1267.52,Delhi,Completed,user1087@example.com,user_1087,16,Standard,3,2025-02-18 20:50:00
1029,2025-02-13,East,Clothing,14051.28,4683.76,Hyderabad,Cancelled,user1029@example.com,user_1029,37,Premium,9,2025-03-21 13:56:00
1017,2025-01-16,East,Sports,1529.88,764.94,Mumbai,,user1017@example.com,,38,Basic,6,2025-03-18 13:40:00
1063,2025-01-06,North,Furniture,19136.3,3827.26,Mumbai,Cancelled,user1063@example.com,user_1063,23,Premium,11,2025-02-05 04:54:00
1131,2025-03-16,South,Sports,8869.76,4434.88,Delhi,Completed,user1131@example.com,user_1131,21,Standard,7,2025-03-24 16:23:00
1128,2025-03-08,South,Grocery,7044.36,2348.12,Bengaluru,,user1128@example.com,user_1128,24,Standard,7,2025-03-23 18:41:00
1010,2025-01-27,East,Grocery,2273.32,1136.66,Hyderabad,Pending,user1010@example.com,user_1010,25,Basic,15,2025-02-18 18:10:00
1096,2025-02-02,North,Grocery,5550.46,2775.23,Delhi,Cancelled,user1096@example.com,user_1096,23,Standard,1,2025-03-01 16:39:00
1087,2025-02-24,North,Grocery,9132.8,2283.2,Hyderabad,Cancelled,user1087@example.com,user_1087,24,Basic,1,2025-01-23 14:14:00
1039,2025-02-27,West,Clothing,1827.51,1827.51,Bengaluru,Pending,user1039@example.com,user_1039,19,Premium,2,2025-02-16 01:34:00
1052,2025-02-12,North,Clothing,3070.2,1023.4,Mumbai,Pending,user1052@example.com,user_1052,38,Standard,3,2025-03-11 08:00:00
1077,2025-02-06,South,Sports,0.0,,Hyderabad,Completed,user1077@example.com,user_1077,31,Standard,9,2025-01-20 12:14:00
1059,2025-01-27,South,Grocery,11992.35,2398.47,Chennai,Cancelled,user1059@example.com,user_1059,41,Premium,6,2025-01-25 13:49:00
1107,2025-01-27,North,Furniture,11107.35,2221.47,Delhi,Pending,user1107@example.com,user_1107,25,Standard,1,2025-03-05 21:53:00
1091,2025-02-13,North,Clothing,4664.72,1166.18,Hyderabad,Completed,user1091@example.com,user_1091,34,Premium,15,2025-01-18 04:21:00
1146,2025-03-22,South,Grocery,20028.85,4005.77,Chennai,Pending,user1146@example.com,user_1146,28,Premium,9,2025-02-19 06:30:00
1028,2025-02-12,West,Furniture,11476.4,2869.1,Bengaluru,Completed,user1028@example.com,user_1028,37,Standard,3,2025-01-05 22:38:00
1126,2025-01-04,North,Furniture,974.13,974.13,Hyderabad,Pending,user1126@example.com,user_1126,25,Standard,9,2025-01-09 14:03:00
1095,2025-03-08,South,Furniture,314.04,104.68,Hyderabad,Completed,,user_1095,20,Standard,7,2025-03-03 23:04:00
1100,2025-01-27,South,Grocery,1386.32,693.16,Bengaluru,Pending,user1100@example.com,user_1100,35,Standard,5,2025-03-17 06:32:00
1118,2025-02-05,West,Grocery,2096.86,1048.43,Hyderabad,Pending,user1118@example.com,user_1118,32,Basic,15,2025-03-14 15:29:00
1119,2025-03-15,South,Clothing,243.47,243.47,Bengaluru,Cancelled,user1119@example.com,user_1119,28,Standard,14,2025-01-23 13:15:00
1046,2025-03-21,East,Sports,14718.24,3679.56,Hyderabad,Completed,user1046@example.com,user_1046,28,Standard,1,2025-01-31 05:17:00
1138,2025-02-07,South,Grocery,3349.95,3349.95,Mumbai,Completed,user1138@example.com,user_1138,27,Premium,13,2025-01-14 16:49:00
1084,2025-02-22,West,Grocery,6846.39,2282.13,Mumbai,Completed,user1084@example.com,user_1084,18,Standard,12,2025-03-28 23:29:00
1098,2025-02-13,West,Electronics,7484.98,3742.49,Hyderabad,Cancelled,user1098@example.com,user_1098,19,Standard,15,2025-01-18 10:42:00
1119,2025-03-04,East,Grocery,2333.72,2333.72,Chennai,Pending,user1119@example.com,user_1119,31,Basic,14,2025-01-21 05:53:00
1005,2025-03-19,South,Furniture,1642.65,547.55,Delhi,Completed,user1005@example.com,user_1005,37,Premium,11,2025-02-04 04:28:00
1092,2025-01-23,East,Grocery,1122.53,1122.53,Pune,Completed,user1092@example.com,user_1092,42,Standard,13,2025-03-08 20:42:00
1027,2025-02-19,West,Electronics,13868.88,3467.22,Delhi,,user1027@example.com,user_1027,40,Premium,15,2025-02-01 11:58:00
1062,2025-01-26,South,Electronics,0.0,,Delhi,Completed,user1062@example.com,user_1062,26,Premium,11,2025-03-27 02:14:00
1025,2025-03-27,South,Sports,1762.04,881.02,Delhi,Completed,user1025@example.com,user_1025,42,Basic,6,2025-03-13 20:12:00
1054,2025-03-11,East,Furniture,8022.28,2005.57,Delhi,Completed,user1054@example.com,user_1054,27,Basic,3,2025-01-02 12:41:00
1081,2025-01-02,West,Clothing,7905.88,1976.47,Mumbai,Cancelled,user1081@example.com,,17,Premium,15,2025-01-28 13:19:00
1128,2025-01-14,North,Electronics,17885.15,3577.03,Mumbai,Cancelled,user1128@example.com,user_1128,36,Standard,7,2025-03-28 22:08:00
1086,2025-01-23,South,Electronics,19170.0,3195.0,Bengaluru,Cancelled,user1086@example.com,user_1086,16,Standard,15,2025-03-16 14:24:00
1131,2025-03-23,East,Electronics,18609.9,3721.98,Delhi,Completed,user1131@example.com,user_1131,25,Premium,12,2025-02-24 07:39:00
1021,2025-01-08,East,Furniture,2923.6,730.9,Bengaluru,,user1021@example.com,user_1021,22,Standard,1,2025-01-31 23:38:00
1114,2025-02-12,South,Clothing,2143.86,714.62,Delhi,Completed,user1114@example.com,user_1114,23,Standard,6,2025-02-13 07:13:00
1139,2025-01-07,East,Sports,27226.98,4537.83,Mumbai,,user1139@example.com,user_1139,32,Basic,3,2025-02-26 20:00:00
1017,2025-03-04,East,Furniture,792.86,396.43,Delhi,Pending,user1017@example.com,user_1017,18,Premium,10,2025-03-12 06:15:00
1130,2025-01-11,East,Furniture,8639.56,2159.89,Bengaluru,Pending,user1130@example.com,user_1130,29,Premium,10,2025-02-01 09:18:00
1148,2025-02-27,South,Electronics,9680.48,4840.24,Mumbai,Cancelled,user1148@example.com,user_1148,28,Basic,3,2025-03-02 14:27:00
1130,2025-03-20,West,Grocery,7375.78,3687.89,Pune,,user1130@example.com,user_1130,43,Premium,13,2025-02-08 19:34:00
1040,2025-03-12,South,Clothing,10940.73,3646.91,Bengaluru,,user1040@example.com,user_1040,25,Basic,9,2025-03-19 15:04:00
1086,2025-01-18,East,Electronics,7177.14,3588.57,Mumbai,Completed,,user_1086,43,Standard,12,2025-02-17 15:25:00
1107,2025-02-20,South,Clothing,14561.82,4853.94,Hyderabad,Completed,user1107@example.com,user_1107,29,Premium,15,2025-01-16 12:59:00
1145,2025-01-21,North,Sports,4045.72,1011.43,Mumbai,,user1145@example.com,user_1145,36,Standard,6,2025-03-31 01:41:00
1099,2025-02-24,West,Clothing,7383.08,3691.54,Pune,Completed,user1099@example.com,user_1099,38,Standard,11,2025-01-19 08:38:00
1117,2025-03-29,East,Sports,0.0,,Mumbai,Pending,user1117@example.com,user_1117,16,Premium,13,2025-01-12 20:45:00
1099,2025-02-20,East,Grocery,3545.05,3545.05,Pune,Pending,user1099@example.com,user_1099,42,Basic,5,2025-03-30 09:32:00
1137,2025-03-26,South,Electronics,22194.6,4438.92,Bengaluru,Completed,user1137@example.com,user_1137,36,Standard,13,2025-02-14 04:17:00
1054,2025-02-20,South,Electronics,3510.09,3510.09,Mumbai,Completed,user1054@example.com,user_1054,18,Standard,7,2025-03-09 13:41:00
1074,2025-02-25,East,Furniture,2683.92,894.64,Mumbai,,user1074@example.com,user_1074,21,Standard,2,2025-02-27 18:52:00
1025,2025-03-09,North,Grocery,683.92,341.96,Mumbai,,user1025@example.com,user_1025,36,Standard,2,2025-03-23 05:05:00
1076,2025-01-11,North,Electronics,5759.28,1919.76,Delhi,Pending,user1076@example.com,user_1076,31,Basic,11,2025-01-13 00:03:00
1069,2025-01-01,East,Sports,3343.35,3343.35,Delhi,Completed,user1069@example.com,user_1069,28,Standard,9,2025-02-04 15:30:00
1087,2025-03-19,North,Furniture,6527.4,2175.8,Bengaluru,Cancelled,user1087@example.com,user_1087,37,Basic,7,2025-03-20 01:22:00
1085,2025-01-13,East,Electronics,391.62,65.27,Hyderabad,Completed,user1085@example.com,user_1085,43,Standard,5,2025-03-31 07:23:00
1116,2025-03-21,South,Furniture,13786.48,3446.62,Pune,Completed,user1116@example.com,user_1116,36,Basic,1,2025-03-23 11:55:00
1012,2025-02-11,South,Sports,6811.5,3405.75,Pune,Completed,user1012@example.com,user_1012,27,Basic,15,2025-03-02 21:54:00
1026,2025-02-19,West,Furniture,3009.24,1504.62,Delhi,,user1026@example.com,user_1026,41,Premium,5,2025-03-28 17:55:00
1120,2025-01-22,East,Furniture,4487.22,4487.22,Pune,Pending,user1120@example.com,user_1120,21,Standard,12,2025-01-12 03:27:00
1008,2025-01-21,North,Furniture,13945.71,4648.57,Hyderabad,Cancelled,user1008@example.com,user_1008,37,Basic,15,2025-03-27 03:42:00
1035,2025-03-10,North,Furniture,12744.24,3186.06,Delhi,Completed,user1035@example.com,,36,Basic,7,2025-02-18 20:41:00
1144,2025-02-25,West,Clothing,8103.64,4051.82,Mumbai,Completed,user1144@example.com,user_1144,19,Premium,6,2025-03-17 06:47:00
1030,2025-03-15,West,Clothing,5610.9,1870.3,Bengaluru,Completed,user1030@example.com,user_1030,34,Standard,4,2025-02-19 13:20:00
1094,2025-03-28,East,Electronics,9345.86,4672.93,Pune,,user1094@example.com,user_1094,16,Standard,14,2025-02-28 10:09:00
1076,2025-01-29,East,Sports,0.0,,Hyderabad,Cancelled,user1076@example.com,user_1076,20,Standard,11,2025-03-31 01:38:00
1082,2025-02-09,North,Sports,15220.62,2536.77,Delhi,,user1082@example.com,user_1082,36,Premium,8,2025-02-07 22:24:00
1016,2025-02-12,East,Electronics,4835.28,805.88,Mumbai,Pending,user1016@example.com,user_1016,43,Basic,12,2025-02-20 09:52:00
1041,2025-01-03,South,Clothing,8286.96,2762.32,Hyderabad,,user1041@example.com,user_1041,28,Premium,9,2025-02-06 09:44:00
1050,2025-03-31,East,Clothing,17153.8,4288.45,Delhi,Completed,,user_1050,43,Standard,5,2025-02-28 20:10:00
1148,2025-01-18,East,Furniture,8949.28,2237.32,Bengaluru,Pending,user1148@example.com,user_1148,41,Standard,4,2025-03-25 00:23:00
1148,2025-01-14,South,Furniture,6815.34,3407.67,Bengaluru,Completed,user1148@example.com,user_1148,19,Basic,8,2025-01-23 01:07:00
1132,2025-03-25,South,Furniture,6902.0,1725.5,Mumbai,Completed,user1132@example.com,user_1132,19,Premium,7,2025-03-04 09:44:00
1045,2025-03-25,South,Grocery,22432.44,3738.74,Delhi,Cancelled,user1045@example.com,user_1045,36,Standard,8,2025-02-17 00:07:00
1030,2025-01-11,East,Electronics,3924.96,654.16,Pune,,user1030@example.com,user_1030,24,Standard,12,2025-01-13 18:11:00
1099,2025-03-03,North,Sports,29998.62,4999.77,Hyderabad,Pending,user1099@example.com,user_1099,19,Basic,2,2025-03-10 05:25:00
1006,2025-02-20,South,Electronics,14012.5,2802.5,Pune,Completed,user1006@example.com,user_1006,40,Premium,11,2025-01-16 05:55:00
1047,2025-01-01,West,Furniture,8387.61,2795.87,Delhi,Pending,user1047@example.com,user_1047,36,Premium,2,2025-03-13 08:54:00
1009,2025-01-11,North,Sports,24503.25,4900.65,Bengaluru,Pending,user1009@example.com,user_1009,29,Standard,1,2025-02-01 09:02:00
1133,2025-02-07,South,Clothing,13251.32,3312.83,Delhi,Cancelled,user1133@example.com,user_1133,35,Standard,9,2025-01-27 22:06:00
1012,2025-01-31,East,Furniture,463.66,231.83,Bengaluru,Pending,user1012@example.com,user_1012,34,Basic,5,2025-01-17 23:39:00
1109,2025-01-10,East,Grocery,8315.25,2771.75,Hyderabad,,user1109@example.com,user_1109,18,Basic,11,2025-02-24 22:09:00
1138,2025-01-27,East,Clothing,2395.56,399.26,Mumbai,Pending,user1138@example.com,user_1138,29,Premium,6,2025-02-25 12:01:00
1064,2025-01-10,South,Electronics,6935.6,1387.12,Delhi,Cancelled,user1064@example.com,user_1064,36,Premium,6,2025-02-12 08:09:00
1058,2025-02-05,South,Furniture,0.0,,Delhi,,user1058@example.com,user_1058,19,Premium,3,2025-03-09 23:56:00
1079,2025-03-17,North,Sports,16462.6,4115.65,Delhi,Cancelled,user1079@example.com,user_1079,33,Basic,10,2025-01-13 01:10:00
1082,2025-02-19,South,Grocery,5665.98,944.33,Pune,Pending,user1082@example.com,user_1082,24,Premium,11,2025-03-07 22:09:00
1033,2025-01-19,West,Clothing,11550.36,1925.06,Mumbai,Pending,user1033@example.com,user_1033,37,Standard,7,2025-04-01 14:11:00
1113,2025-02-15,North,Grocery,20012.1,4002.42,Bengaluru,Pending,user1113@example.com,user_1113,25,Standard,14,2025-01-12 09:26:00
1081,2025-01-12,West,Furniture,3191.65,3191.65,Mumbai,Completed,user1081@example.com,user_1081,18,Standard,5,2025-03-12 15:51:00
1003,2025-02-24,South,Grocery,20407.86,3401.31,Delhi,Completed,user1003@example.com,user_1003,28,Premium,10,2025-01-25 23:00:00
1109,2025-03-31,West,Sports,8084.73,2694.91,Mumbai,,user1109@example.com,user_1109,21,Standard,15,2025-03-09 07:11:00
1020,2025-02-16,West,Grocery,21025.35,4205.07,Bengaluru,,user1020@example.com,,28,Premium,6,2025-01-15 10:58:00
1064,2025-03-11,North,Grocery,4261.35,4261.35,Bengaluru,Cancelled,user1064@example.com,user_1064,24,Premium,1,2025-03-22 18:25:00
1056,2025-02-09,West,Grocery,27894.54,4649.09,Pune,,user1056@example.com,user_1056,17,Basic,1,2025-03-20 14:21:00
1077,2025-02-15,South,Clothing,1741.38,580.46,Mumbai,Completed,user1077@example.com,user_1077,19,Basic,8,2025-01-26 02:33:00
1073,2025-02-04,East,Clothing,2652.08,663.02,Delhi,Pending,,user_1073,31,Basic,6,2025-02-08 11:27:00
1047,2025-03-10,South,Furniture,4067.14,4067.14,Hyderabad,Pending,user1047@example.com,user_1047,27,Standard,7,2025-01-01 11:56:00
1051,2025-01-15,South,Grocery,988.36,988.36,Delhi,Cancelled,user1051@example.com,user_1051,44,Premium,3,2025-03-27 06:30:00
1069,2025-01-16,East,Clothing,10672.1,2134.42,Pune,,user1069@example.com,user_1069,32,Standard,15,2025-02-19 04:07:00
1028,2025-01-03,West,Furniture,2022.93,674.31,Pune,Completed,user1028@example.com,user_1028,37,Basic,7,2025-03-18 23:00:00
1112,2025-03-03,South,Furniture,5931.44,1482.86,Delhi,Pending,user1112@example.com,user_1112,39,Standard,3,2025-02-01 08:49:00
1030,2025-02-03,East,Grocery,9943.14,4971.57,Hyderabad,Completed,user1030@example.com,user_1030,38,Standard,9,2025-03-20 05:12:00
1039,2025-01-30,South,Electronics,0.0,,Delhi,Cancelled,user1039@example.com,user_1039,22,Premium,7,2025-01-03 19:12:00
1024,2025-01-07,East,Furniture,9663.75,1932.75,Bengaluru,Cancelled,user1024@example.com,user_1024,29,Basic,1,2025-03-07 13:41:00
1014,2025-02-08,North,Grocery,1784.31,594.77,Bengaluru,Pending,user1014@example.com,user_1014,26,Premium,3,2025-01-06 00:03:00
1083,2025-01-28,South,Furniture,4386.96,1462.32,Delhi,Cancelled,user1083@example.com,user_1083,31,Basic,6,2025-02-08 03:06:00
1004,2025-03-29,North,Clothing,5562.5,2781.25,Bengaluru,Cancelled,user1004@example.com,user_1004,23,Standard,5,2025-01-27 18:24:00
1023,2025-01-14,West,Sports,4175.4,695.9,Delhi,Pending,user1023@example.com,user_1023,22,Standard,8,2025-01-13 02:34:00
1088,2025-02-08,East,Electronics,7280.98,3640.49,Pune,Pending,user1088@example.com,user_1088,22,Basic,9,2025-02-02 17:22:00
1094,2025-02-27,West,Grocery,3167.83,3167.83,Hyderabad,,user1094@example.com,user_1094,32,Standard,13,2025-01-03 05:38:00
1071,2025-03-31,West,Furniture,14517.18,4839.06,Delhi,,user1071@example.com,user_1071,31,Standard,9,2025-03-07 02:10:00
1113,2025-03-07,North,Furniture,7806.16,1951.54,Hyderabad,Pending,user1113@example.com,user_1113,16,Premium,10,2025-01-28 18:44:00
1003,2025-03-07,North,Clothing,13826.58,2304.43,Pune,Pending,user1003@example.com,user_1003,25,Standard,5,2025-03-12 03:10:00
1058,2025-01-06,East,Clothing,8073.45,2691.15,Delhi,Pending,user1058@example.com,user_1058,24,Premium,11,2025-02-01 06:34:00
1030,2025-01-01,North,Electronics,19564.8,3260.8,Bengaluru,Cancelled,user1030@example.com,user_1030,39,Premium,7,2025-03-20 09:20:00
1015,2025-03-22,North,Furniture,12266.43,4088.81,Mumbai,Cancelled,user1015@example.com,user_1015,16,Standard,11,2025-03-16 03:46:00
1098,2025-03-25,East,Grocery,7943.16,1323.86,Chennai,Pending,user1098@example.com,user_1098,26,Basic,4,2025-03-16 20:51:00
1102,2025-01-20,North,Furniture,13547.88,2257.98,Hyderabad,,user1102@example.com,user_1102,18,Basic,3,2025-02-28 05:52:00
1046,2025-01-25,North,Electronics,17218.86,2869.81,Mumbai,Cancelled,user1046@example.com,user_1046,21,Premium,14,2025-02-20 21:38:00
1049,2025-01-09,South,Grocery,3041.76,760.44,Mumbai,Completed,user1049@example.com,user_1049,39,Standard,3,2025-01-02 19:06:00
1097,2025-02-19,East,Furniture,152.54,152.54,Delhi,Completed,user1097@example.com,user_1097,24,Premium,11,2025-03-18 00:50:00
1003,2025-01-14,West,Furniture,0.0,,Bengaluru,Pending,user1003@example.com,user_1003,31,Standard,15,2025-02-26 05:19:00
1085,2025-03-03,North,Sports,814.84,814.84,Chennai,Completed,,,16,Premium,2,2025-03-11 09:06:00
1131,2025-02-23,East,Grocery,1504.16,752.08,Delhi,,user1131@example.com,user_1131,20,Basic,11,2025-02-06 07:58:00
1099,2025-03-29,East,Electronics,4426.91,4426.91,Pune,Pending,user1099@example.com,user_1099,19,Basic,6,2025-01-10 19:21:00
1031,2025-02-16,East,Furniture,4620.43,4620.43,Delhi,,user1031@example.com,user_1031,32,Basic,10,2025-01-24 21:27:00
1039,2025-03-27,North,Electronics,17257.25,3451.45,Bengaluru,Cancelled,user1039@example.com,user_1039,45,Basic,11,2025-02-17 08:51:00
1020,2025-01-01,North,Furniture,8630.96,4315.48,Mumbai,,user1020@example.com,user_1020,30,Standard,13,2025-03-03 02:07:00
1148,2025-02-24,West,Clothing,14399.85,4799.95,Delhi,Pending,user1148@example.com,user_1148,21,Basic,6,2025-02-10 15:27:00
1124,2025-03-30,East,Furniture,24328.0,4865.6,Bengaluru,,user1124@example.com,user_1124,29,Standard,8,2025-03-10 17:31:00
1137,2025-03-10,South,Sports,16463.8,4115.95,Delhi,Pending,user1137@example.com,user_1137,38,Premium,4,2025-02-16 00:13:00
1005,2025-02-16,West,Clothing,5627.9,2813.95,Delhi,Cancelled,user1005@example.com,user_1005,43,Premium,5,2025-02-28 04:53:00
1142,2025-02-23,East,Electronics,2500.72,1250.36,Delhi,Pending,user1142@example.com,user_1142,28,Standard,1,2025-03-31 13:23:00
1014,2025-03-31,South,Sports,2873.75,574.75,Delhi,Pending,user1014@example.com,user_1014,16,Premium,6,2025-01-19 02:15:00
1020,2025-01-02,East,Grocery,11469.84,2867.46,Mumbai,Pending,user1020@example.com,user_1020,39,Standard,12,2025-02-08 15:26:00
1087,2025-02-26,North,Electronics,23507.46,3917.91,Delhi,Pending,user1087@example.com,user_1087,17,Standard,1,2025-03-19 05:32:00
1042,2025-01-02,North,Sports,8048.52,2012.13,Hyderabad,Cancelled,user1042@example.com,user_1042,38,Premium,7,2025-01-21 08:05:00
1134,2025-02-18,South,Sports,9781.48,4890.74,Mumbai,Completed,user1134@example.com,user_1134,23,Basic,3,2025-03-13 19:53:00
1020,2025-03-30,South,Furniture,7106.28,2368.76,Hyderabad,Completed,user1020@example.com,user_1020,41,Basic,11,2025-02-24 06:17:00
1028,2025-01-14,West,Furniture,2175.75,435.15,Bengaluru,Cancelled,user1028@example.com,user_1028,21,Standard,2,2025-01-09 06:38:00
1037,2025-03-01,West,Furniture,0.0,,Mumbai,Cancelled,user1037@example.com,user_1037,18,Standard,10,2025-01-06 18:50:00
1124,2025-01-06,West,Clothing,287.84,287.84,Bengaluru,Cancelled,user1124@example.com,user_1124,28,Standard,4,2025-02-10 12:46:00
1092,2025-01-17,South,Sports,3528.15,3528.15,Bengaluru,Completed,user1092@example.com,user_1092,32,Premium,1,2025-03-17 12:30:00
1010,2025-02-07,West,Electronics,5088.3,848.05,Hyderabad,Pending,user1010@example.com,user_1010,44,Premium,13,2025-03-29 20:09:00
1042,2025-03-06,North,Grocery,15634.14,2605.69,Pune,Pending,user1042@example.com,user_1042,26,Basic,6,2025-03-21 13:02:00
1100,2025-01-31,East,Sports,5418.3,1083.66,Delhi,,user1100@example.com,user_1100,19,Premium,3,2025-02-09 17:55:00
1023,2025-03-05,North,Furniture,1547.58,515.86,Mumbai,Completed,user1023@example.com,user_1023,24,Standard,6,2025-02-15 02:04:00
1046,2025-04-01,North,Grocery,11613.33,3871.11,Pune,Pending,user1046@example.com,user_1046,19,Standard,8,2025-01-06 11:54:00
1074,2025-02-21,South,Clothing,10373.55,2074.71,Delhi,Cancelled,user1074@example.com,user_1074,27,Premium,11,2025-02-22 16:28:00
1068,2025-03-29,East,Sports,1567.44,261.24,Delhi,Completed,,user_1068,20,Premium,5,2025-02-18 05:36:00
1103,2025-01-10,North,Grocery,4616.4,1154.1,Delhi,,user1103@example.com,user_1103,36,Standard,15,2025-03-01 03:05:00
1047,2025-01-14,East,Grocery,18365.72,4591.43,Hyderabad,Cancelled,user1047@example.com,user_1047,18,Basic,6,2025-03-19 15:13:00
1122,2025-01-15,East,Grocery,1427.96,1427.96,Chennai,Pending,user1122@example.com,user_1122,36,Premium,6,2025-03-14 01:38:00
1098,2025-01-08,South,Furniture,14056.44,4685.48,Hyderabad,Completed,user1098@example.com,,22,Premium,13,2025-03-29 13:17:00
1065,2025-03-23,North,Grocery,1843.44,921.72,Delhi,Completed,user1065@example.com,user_1065,25,Standard,8,2025-02-23 16:13:00
1067,2025-01-24,North,Clothing,4161.22,4161.22,Hyderabad,Pending,user1067@example.com,user_1067,22,Basic,7,2025-03-03 15:34:00
1042,2025-03-31,South,Electronics,13272.48,2212.08,Chennai,Pending,user1042@example.com,user_1042,18,Standard,11,2025-03-16 19:09:00
1083,2025-03-27,West,Furniture,29595.12,4932.52,Bengaluru,,user1083@example.com,user_1083,45,Premium,8,2025-02-10 03:50:00
1105,2025-02-03,East,Grocery,2627.42,2627.42,Hyderabad,Completed,user1105@example.com,user_1105,17,Premium,12,2025-01-25 13:44:00
1140,2025-01-22,East,Clothing,0.0,,Bengaluru,Pending,user1140@example.com,user_1140,22,Standard,10,2025-01-02 11:52:00
1094,2025-01-03,West,Grocery,4633.89,1544.63,Pune,,user1094@example.com,user_1094,29,Basic,6,2025-02-15 17:27:00
1134,2025-02-12,South,Clothing,1222.46,611.23,Hyderabad,Pending,user1134@example.com,user_1134,33,Standard,3,2025-03-11 13:24:00
1073,2025-03-26,West,Electronics,13833.32,3458.33,Bengaluru,Completed,user1073@example.com,user_1073,18,Standard,1,2025-03-20 13:06:00
1128,2025-03-21,West,Clothing,4639.78,4639.78,Hyderabad,,user1128@example.com,user_1128,22,Premium,13,2025-02-28 17:24:00
1030,2025-01-26,South,Grocery,4288.9,4288.9,Bengaluru,,user1030@example.com,user_1030,16,Basic,13,2025-01-29 16:18:00
1069,2025-03-26,West,Grocery,5437.08,1359.27,Mumbai,Completed,user1069@example.com,user_1069,16,Premium,3,2025-02-17 16:52:00
1082,2025-02-12,East,Sports,4467.65,893.53,Hyderabad,,user1082@example.com,user_1082,22,Standard,11,2025-02-20 01:51:00
1148,2025-02-24,East,Grocery,4127.46,687.91,Hyderabad,Cancelled,user1148@example.com,user_1148,32,Premium,7,2025-01-30 03:45:00
1033,2025-03-06,North,Sports,3179.75,635.95,Hyderabad,Pending,user1033@example.com,user_1033,26,Premium,2,2025-01-12 00:27:00
1003,2025-03-22,West,Sports,7723.32,3861.66,Delhi,,user1003@example.com,user_1003,16,Standard,12,2025-01-17 14:40:00
1092,2025-01-24,East,Sports,2473.24,1236.62,Bengaluru,Pending,user1092@example.com,user_1092,39,Basic,13,2025-02-03 21:03:00
1071,2025-01-11,West,Electronics,28068.78,4678.13,Delhi,,user1071@example.com,user_1071,45,Standard,2,2025-01-14 04:18:00
1068,2025-01-24,East,Grocery,2037.0,509.25,Bengaluru,Completed,user1068@example.com,user_1068,31,Premium,7,2025-01-10 15:40:00
1020,2025-01-27,South,Furniture,13809.28,3452.32,Bengaluru,Pending,user1020@example.com,user_1020,25,Premium,15,2025-01-23 21:36:00
1009,2025-01-16,West,Furniture,14642.34,4880.78,Pune,Cancelled,user1009@example.com,user_1009,45,Premium,4,2025-03-19 00:34:00
1006,2025-03-08,North,Electronics,5166.28,2583.14,Mumbai,Pending,user1006@example.com,user_1006,16,Basic,3,2025-01-29 02:46:00
1033,2025-02-04,North,Sports,2809.3,1404.65,Delhi,Cancelled,,user_1033,30,Standard,13,2025-03-05 13:32:00
1103,2025-01-25,South,Electronics,2575.92,1287.96,Bengaluru,Cancelled,user1103@example.com,user_1103,21,Premium,12,2025-03-04 13:56:00
1115,2025-02-24,North,Sports,0.0,,Mumbai,Completed,user1115@example.com,user_1115,35,Basic,7,2025-01-26 18:22:00
1096,2025-03-22,West,Sports,16422.96,4105.74,Mumbai,Cancelled,user1096@example.com,user_1096,34,Basic,5,2025-03-19 20:33:00
1091,2025-02-20,South,Furniture,396.4,198.2,Bengaluru,Cancelled,user1091@example.com,user_1091,23,Premium,4,2025-03-26 11:23:00
1038,2025-02-10,North,Furniture,1966.2,655.4,Delhi,,user1038@example.com,user_1038,34,Basic,15,2025-01-30 17:04:00
1099,2025-02-06,West,Sports,15144.6,3028.92,Mumbai,Cancelled,user1099@example.com,user_1099,38,Standard,15,2025-03-27 02:36:00
1108,2025-03-29,East,Furniture,11379.6,3793.2,Bengaluru,Completed,user1108@example.com,user_1108,41,Basic,8,2025-01-06 08:26:00
1031,2025-01-16,South,Furniture,11456.45,2291.29,Bengaluru,Completed,user1031@example.com,,25,Premium,11,2025-03-15 00:58:00
1091,2025-01-31,West,Clothing,16864.52,4216.13,Delhi,Completed,user1091@example.com,user_1091,18,Basic,2,2025-02-23 23:19:00
1071,2025-02-10,North,Grocery,15123.12,3780.78,Delhi,Completed,user1071@example.com,user_1071,28,Basic,12,2025-02-28 15:54:00
1032,2025-02-17,East,Electronics,4691.63,4691.63,Delhi,Completed,user1032@example.com,user_1032,20,Premium,6,2025-03-30 23:27:00
1058,2025-01-22,West,Electronics,2914.08,485.68,Bengaluru,Cancelled,user1058@example.com,user_1058,44,Premium,2,2025-01-07 09:04:00
1068,2025-02-12,East,Furniture,13820.84,3455.21,Mumbai,,user1068@example.com,user_1068,19,Premium,6,2025-01-19 18:56:00
1106,2025-03-23,East,Sports,2261.56,2261.56,Pune,,user1106@example.com,user_1106,37,Basic,5,2025-02-11 23:30:00
1058,2025-01-12,North,Sports,4067.61,1355.87,Delhi,Pending,user1058@example.com,user_1058,37,Standard,12,2025-01-27 22:04:00
1020,2025-03-05,South,Grocery,348.32,348.32,Mumbai,Pending,user1020@example.com,user_1020,31,Premium,6,2025-01-27 18:48:00
1136,2025-03-07,East,Sports,12898.11,4299.37,Hyderabad,Completed,user1136@example.com,user_1136,45,Premium,4,2025-02-16 12:28:00
1132,2025-01-26,North,Grocery,7822.2,3911.1,Delhi,Pending,user1132@example.com,user_1132,37,Basic,14,2025-03-15 20:06:00
1038,2025-03-01,East,Electronics,26323.02,4387.17,Delhi,,user1038@example.com,user_1038,21,Basic,1,2025-03-02 21:33:00
1116,2025-02-15,North,Grocery,6823.05,1364.61,Delhi,Pending,user1116@example.com,user_1116,20,Basic,9,2025-02-25 16:21:00
1014,2025-02-26,West,Electronics,0.0,,Bengaluru,,user1014@example.com,user_1014,39,Basic,4,2025-02-07 06:25:00
1046,2025-03-18,South,Electronics,7079.15,1415.83,Pune,Completed,user1046@example.com,user_1046,36,Premium,2,2025-01-29 03:03:00
1010,2025-03-15,West,Clothing,1367.58,1367.58,Pune,Pending,user1010@example.com,user_1010,44,Standard,12,2025-02-21 12:25:00
1026,2025-01-29,South,Furniture,22097.58,3682.93,Mumbai,Pending,user1026@example.com,user_1026,41,Premium,6,2025-03-23 09:45:00
1074,2025-01-01,North,Furniture,2582.5,516.5,Pune,Pending,user1074@example.com,user_1074,26,Standard,2,2025-01-22 05:21:00
1117,2025-01-19,South,Clothing,28878.6,4813.1,Pune,Completed,user1117@example.com,user_1117,21,Basic,15,2025-01-10 05:43:00
1003,2025-03-18,West,Grocery,7172.44,1793.11,Chennai,Pending,,user_1003,31,Premium,1,2025-01-03 18:43:00
1075,2025-01-30,West,Electronics,5300.16,2650.08,Mumbai,Cancelled,user1075@example.com,user_1075,41,Standard,6,2025-02-27 15:47:00
1090,2025-03-11,North,Grocery,5295.32,1323.83,Mumbai,Completed,user1090@example.com,user_1090,42,Basic,5,2025-04-01 10:57:00
1133,2025-03-26,West,Clothing,21459.65,4291.93,Pune,Completed,user1133@example.com,user_1133,20,Basic,14,2025-01-29 21:09:00
1092,2025-03-05,North,Furniture,1014.9,202.98,Hyderabad,Completed,user1092@example.com,user_1092,22,Basic,11,2025-01-14 08:56:00
1140,2025-02-27,North,Clothing,24686.45,4937.29,Mumbai,Cancelled,user1140@example.com,user_1140,28,Standard,7,2025-02-05 09:12:00
1011,2025-03-16,South,Grocery,7873.14,2624.38,Delhi,Cancelled,user1011@example.com,user_1011,25,Premium,1,2025-03-05 21:09:00
1120,2025-03-29,East,Clothing,2380.89,793.63,Chennai,,user1120@example.com,user_1120,25,Premium,13,2025-02-07 00:29:00
1011,2025-01-28,West,Grocery,7254.7,1450.94,Delhi,Cancelled,user1011@example.com,user_1011,16,Basic,6,2025-03-26 00:03:00
1065,2025-01-18,East,Electronics,5350.74,1783.58,Pune,Cancelled,user1065@example.com,user_1065,20,Standard,4,2025-02-25 18:58:00
1021,2025-02-07,East,Grocery,4533.4,1133.35,Bengaluru,,user1021@example.com,user_1021,28,Premium,15,2025-02-03 09:38:00
1080,2025-01-23,East,Furniture,17048.04,2841.34,Bengaluru,Cancelled,user1080@example.com,user_1080,20,Basic,9,2025-01-26 09:19:00
1022,2025-02-08,East,Grocery,17129.94,2854.99,Hyderabad,,user1022@example.com,,19,Premium,9,2025-02-26 22:20:00
1129,2025-03-29,South,Clothing,0.0,,Bengaluru,,user1129@example.com,user_1129,30,Basic,7,2025-03-01 00:58:00
1144,2025-01-04,East,Sports,19158.32,4789.58,Delhi,Cancelled,user1144@example.com,user_1144,41,Premium,10,2025-03-07 11:08:00
1140,2025-03-14,East,Grocery,4395.14,4395.14,Hyderabad,Completed,user1140@example.com,user_1140,30,Standard,8,2025-01-07 02:03:00
1070,2025-03-25,North,Sports,2899.45,579.89,Delhi,,user1070@example.com,user_1070,38,Basic,14,2025-01-08 03:47:00
1150,2025-03-28,East,Sports,15471.36,2578.56,Delhi,Pending,user1150@example.com,user_1150,33,Standard,8,2025-01-18 07:57:00
1040,2025-02-08,South,Sports,18958.74,3159.79,Delhi,Pending,user1040@example.com,user_1040,19,Premium,1,2025-01-20 19:56:00
1031,2025-03-08,South,Electronics,1058.96,529.48,Delhi,,user1031@example.com,user_1031,28,Premium,15,2025-01-16 09:25:00
1124,2025-01-24,South,Sports,20551.7,4110.34,Mumbai,Completed,user1124@example.com,user_1124,29,Premium,11,2025-01-03 05:09:00
1062,2025-01-22,East,Grocery,15492.0,2582.0,Chennai,,user1062@example.com,user_1062,25,Basic,11,2025-01-13 18:31:00
1095,2025-03-27,South,Grocery,5648.6,1412.15,Delhi,,user1095@example.com,user_1095,20,Premium,5,2025-02-28 03:36:00
1100,2025-01-02,West,Clothing,2923.66,2923.66,Hyderabad,Pending,user1100@example.com,user_1100,30,Standard,8,2025-02-05 00:10:00
1092,2025-03-06,North,Sports,21432.05,4286.41,Mumbai,,user1092@example.com,user_1092,32,Premium,3,2025-03-25 04:22:00
1145,2025-02-13,North,Grocery,4648.86,2324.43,Bengaluru,Completed,user1145@example.com,user_1145,45,Standard,8,2025-02-18 15:38:00
1047,2025-03-15,North,Furniture,17785.4,3557.08,Pune,Cancelled,user1047@example.com,user_1047,34,Standard,6,2025-03-16 19:53:00
1077,2025-02-19,East,Electronics,1176.78,196.13,Mumbai,Completed,,user_1077,31,Standard,8,2025-02-11 07:49:00
1061,2025-01-14,South,Electronics,9007.96,4503.98,Hyderabad,Completed,user1061@example.com,user_1061,35,Basic,2,2025-01-05 23:04:00
1114,2025-02-17,North,Electronics,3052.34,3052.34,Mumbai,,user1114@example.com,user_1114,28,Premium,11,2025-03-15 17:12:00
1051,2025-02-02,East,Furniture,14885.76,2480.96,Bengaluru,Pending,user1051@example.com,user_1051,29,Standard,13,2025-01-25 02:37:00
1007,2025-03-22,West,Furniture,4801.17,4801.17,Mumbai,Completed,user1007@example.com,user_1007,27,Basic,10,2025-03-11 02:21:00
1048,2025-03-29,South,Furniture,0.0,,Pune,Pending,user1048@example.com,user_1048,34,Basic,9,2025-02-15 11:39:00
1144,2025-01-18,South,Electronics,16071.6,4017.9,Hyderabad,Completed,user1144@example.com,user_1144,20,Standard,5,2025-01-13 03:31:00
1060,2025-01-07,East,Clothing,9082.11,3027.37,Delhi,Cancelled,user1060@example.com,user_1060,28,Standard,6,2025-01-09 05:18:00
1020,2025-03-10,North,Grocery,14490.05,2898.01,Pune,Completed,user1020@example.com,user_1020,33,Standard,15,2025-01-15 18:30:00
1068,2025-03-25,North,Furniture,595.17,198.39,Hyderabad,Cancelled,user1068@example.com,user_1068,44,Premium,3,2025-01-27 17:52:00
1085,2025-03-26,South,Electronics,4565.98,4565.98,Mumbai,Completed,user1085@example.com,user_1085,27,Premium,7,2025-03-18 23:39:00
1021,2025-03-12,West,Electronics,4839.84,2419.92,Mumbai,Completed,user1021@example.com,user_1021,31,Standard,4,2025-03-25 11:27:00
1123,2025-02-08,West,Electronics,7837.26,3918.63,Delhi,Pending,user1123@example.com,user_1123,33,Standard,14,2025-02-18 21:43:00
1005,2025-03-12,East,Grocery,9747.04,2436.76,Bengaluru,,user1005@example.com,user_1005,33,Premium,2,2025-02-26 03:57:00
1095,2025-02-15,East,Furniture,4034.2,1008.55,Delhi,Completed,user1095@example.com,user_1095,34,Premium,4,2025-02-22 23:48:00
1138,2025-03-14,West,Electronics,276.61,276.61,Mumbai,Completed,user1138@example.com,user_1138,20,Basic,3,2025-02-06 01:20:00
1090,2025-03-19,East,Sports,6586.56,3293.28,Bengaluru,,user1090@example.com,,31,Standard,2,2025-03-26 02:04:00
1065,2025-03-11,East,Grocery,6414.06,1069.01,Bengaluru,Cancelled,user1065@example.com,user_1065,27,Standard,5,2025-03-25 07:33:00
1069,2025-02-10,West,Clothing,17519.85,3503.97,Delhi,,user1069@example.com,user_1069,38,Standard,8,2025-02-05 02:13:00
1036,2025-03-08,East,Electronics,7146.9,1191.15,Chennai,Cancelled,user1036@example.com,user_1036,39,Premium,1,2025-01-31 22:28:00
1117,2025-01-15,North,Sports,155.38,155.38,Mumbai,,user1117@example.com,user_1117,25,Premium,1,2025-02-05 19:24:00
1127,2025-01-03,West,Furniture,17282.92,4320.73,Hyderabad,Pending,user1127@example.com,user_1127,28,Premium,11,2025-02-25 17:03:00
1079,2025-01-05,North,Clothing,8192.01,2730.67,Delhi,Pending,user1079@example.com,user_1079,40,Premium,6,2025-03-21 13:55:00
1110,2025-01-08,North,Sports,20233.05,4046.61,Hyderabad,,user1110@example.com,user_1110,29,Standard,12,2025-03-14 16:16:00
1042,2025-02-18,East,Electronics,0.0,,Mumbai,Cancelled,user1042@example.com,user_1042,41,Standard,5,2025-01-11 07:49:00
1139,2025-02-07,North,Clothing,6883.16,1720.79,Delhi,Cancelled,user1139@example.com,user_1139,37,Basic,13,2025-03-25 19:00:00
1032,2025-02-09,East,Grocery,8591.34,2863.78,Mumbai,,user1032@example.com,user_1032,16,Basic,1,2025-03-01 01:22:00
1123,2025-03-23,West,Sports,8458.82,4229.41,Hyderabad,Completed,,user_1123,24,Standard,9,2025-02-10 02:28:00
1047,2025-02-03,South,Furniture,11524.77,3841.59,Mumbai,Pending,user1047@example.com,user_1047,36,Premium,3,2025-03-21 20:03:00
1060,2025-01-15,South,Sports,6580.54,3290.27,Pune,Cancelled,user1060@example.com,user_1060,17,Standard,12,2025-01-30 01:45:00
1067,2025-02-02,West,Sports,389.34,129.78,Chennai,Pending,user1067@example.com,user_1067,27,Premium,2,2025-03-06 14:07:00
1131,2025-01-10,North,Grocery,3669.12,1223.04,Chennai,Completed,user1131@example.com,user_1131,36,Basic,15,2025-02-06 04:01:00
1084,2025-03-19,North,Grocery,11854.23,3951.41,Hyderabad,Cancelled,user1084@example.com,user_1084,35,Premium,3,2025-02-17 01:18:00
1039,2025-03-17,North,Sports,882.0,176.4,Mumbai,Cancelled,user1039@example.com,user_1039,22,Basic,14,2025-03-16 01:42:00
1039,2025-02-18,West,Furniture,22949.58,3824.93,Delhi,,user1039@example.com,user_1039,33,Standard,2,2025-03-09 01:38:00
1121,2025-03-26,North,Furniture,10584.08,2646.02,Bengaluru,Cancelled,user1121@example.com,user_1121,45,Premium,6,2025-02-01 11:14:00
1117,2025-02-10,South,Grocery,3753.53,3753.53,Mumbai,Cancelled,user1117@example.com,user_1117,18,Basic,9,2025-03-06 02:58:00
1093,2025-03-25,South,Furniture,4893.12,2446.56,Hyderabad,Pending,user1093@example.com,user_1093,45,Standard,4,2025-02-22 21:37:00
1036,2025-03-19,North,Electronics,4015.14,1338.38,Bengaluru,Completed,user1036@example.com,user_1036,29,Basic,9,2025-01-19 18:31:00
1051,2025-01-24,West,Grocery,4388.21,4388.21,Mumbai,Cancelled,user1051@example.com,user_1051,40,Standard,12,2025-03-02 23:06:00
1033,2025-01-05,West,Furniture,4177.6,4177.6,Mumbai,,user1033@example.com,user_1033,44,Basic,6,2025-01-17 12:44:00
1143,2025-01-31,North,Sports,3574.32,3574.32,Bengaluru,Completed,user1143@example.com,user_1143,39,Premium,2,2025-02-15 14:58:00
1105,2025-03-22,South,Furniture,9105.12,2276.28,Bengaluru,Pending,user1105@example.com,user_1105,39,Standard,15,2025-03-07 02:09:00
1002,2025-03-17,South,Grocery,0.0,,Bengaluru,Cancelled,user1002@example.com,user_1002,30,Premium,9,2025-03-17 08:49:00
1025,2025-01-30,South,Clothing,4565.64,1521.88,Delhi,Cancelled,user1025@example.com,user_1025,28,Basic,13,2025-01-23 04:02:00
1037,2025-03-04,West,Clothing,7136.85,1427.37,Bengaluru,Cancelled,user1037@example.com,user_1037,21,Premium,5,2025-02-05 15:28:00
1058,2025-01-22,East,Clothing,4433.91,1477.97,Delhi,Pending,user1058@example.com,user_1058,19,Premium,9,2025-03-07 05:01:00
1011,2025-03-11,South,Electronics,5425.36,2712.68,Delhi,Cancelled,user1011@example.com,,22,Basic,10,2025-02-24 23:28:00
1134,2025-01-17,West,Grocery,12490.92,4163.64,Delhi,,user1134@example.com,user_1134,31,Basic,2,2025-01-18 08:46:00
1030,2025-02-15,West,Clothing,24168.12,4028.02,Mumbai,Pending,user1030@example.com,user_1030,32,Basic,5,2025-02-28 20:47:00
1132,2025-03-28,West,Grocery,23378.28,3896.38,Bengaluru,Completed,user1132@example.com,user_1132,45,Standard,13,2025-03-08 10:12:00
1143,2025-03-26,West,Furniture,25177.74,4196.29,Delhi,Pending,user1143@example.com,user_1143,34,Basic,14,2025-01-29 21:12:00
1068,2025-03-02,North,Furniture,1599.18,799.59,Pune,Pending,user1068@example.com,user_1068,36,Premium,9,2025-01-28 00:27:00
1018,2025-03-04,West,Grocery,5621.6,2810.8,Mumbai,Cancelled,user1018@example.com,user_1018,35,Basic,11,2025-03-16 07:40:00
1090,2025-03-03,East,Clothing,5351.56,2675.78,Bengaluru,,,user_1090,31,Standard,7,2025-03-18 11:34:00
