invoice_id,po_id,invoiced_price_per_unit,invoice_timestamp,ingestion_timestamp
INV00000238,PO0000108,4284.73,2026-02-06 22:25:46.000000,2026-08-12 21:45:25.315550
INV00000267,PO0002012,2872.58,2025-11-23 08:49:32.000000,2026-08-12 21:45:25.315550
INV00000646,PO0004082,86.63,2025-05-15 15:37:07.000000,2026-08-12 21:45:25.315550
INV00001379,PO0002603,1450.19,2024-08-23 07:56:07.000000,2026-08-12 21:45:25.315550
INV00001669,PO0004233,623.86,2025-03-03 12:47:30.000000,2026-08-12 21:45:25.315550
INV00001796,PO0002235,2235.97,2025-04-28 11:41:51.096923,2026-08-12 21:45:25.315550
INV00001841,PO0003214,1829.79,2024-07-11 08:42:50.000000,2026-08-12 21:45:25.315550
INV00002167,PO0004119,5001.02,2025-08-27 10:08:22.000000,2026-08-12 21:45:25.315550
INV00002765,PO0004627,362.95,2025-04-18 00:47:48.000000,2026-08-12 21:45:25.315550
INV00003155,PO0001396,1831.85,2026-05-01 10:21:39.000000,2026-08-12 21:45:25.315550
INV00003373,PO0000013,4184.08,2025-08-17 01:31:22.000000,2026-08-12 21:45:25.315550
INV00003455,PO0002862,2022.56,2026-01-22 07:02:03.000000,2026-08-12 21:45:25.315550
INV00003562,PO0001193,3815.65,2025-08-01 11:59:14.000000,2026-08-12 21:45:25.315550
INV00003675,PO0003689,4173.65,2026-03-29 06:46:04.000000,2026-08-12 21:45:25.315550
INV00003849,PO0004432,2436.26,2024-12-24 23:14:05.000000,2026-08-12 21:45:25.315550
INV00004027,PO0004276,4332.33,2025-04-27 03:48:21.000000,2026-08-12 21:45:25.315550
INV00004205,PO0000708,4650.84,2024-06-28 21:15:41.000000,2026-08-12 21:45:25.315550
INV00004787,PO0004370,1742.34,2025-12-11 16:02:52.000000,2026-08-12 21:45:25.315550
INV00000245,PO0001865,3872.55,2024-07-28 04:58:54.000000,2026-08-12 21:45:25.315550
INV00000434,PO0000696,4667.91,2024-05-08 11:08:18.000000,2026-08-12 21:45:25.315550
INV00000465,PO0001055,4754.41,2024-09-12 05:21:54.000000,2026-08-12 21:45:25.315550
INV00000589,PO0001651,1744.11,2025-07-26 18:29:08.000000,2026-08-12 21:45:25.315550
INV00000659,PO0004444,2238.41,2026-01-05 13:17:52.000000,2026-08-12 21:45:25.315550
INV00000873,PO0002127,869.57,2026-01-07 16:31:37.000000,2026-08-12 21:45:25.315550
INV00001318,PO0002289,536.75,2025-05-09 11:41:51.095433,2026-08-12 21:45:25.315550
INV00002409,PO0003193,4083.97,2024-06-06 07:50:07.000000,2026-08-12 21:45:25.315550
INV00002446,PO0002169,5474.86,2024-12-12 02:35:42.000000,2026-08-12 21:45:25.315550
INV00002639,PO0002686,5343.92,2025-02-28 15:28:27.000000,2026-08-12 21:45:25.315550
INV00002784,PO0002876,1185.49,2025-01-04 13:40:35.000000,2026-08-12 21:45:25.315550
INV00002883,PO0000441,638.71,2026-05-14 05:04:17.000000,2026-08-12 21:45:25.315550
INV00003343,PO0002270,4351.04,2026-04-17 04:35:01.000000,2026-08-12 21:45:25.315550
INV00003354,PO0001102,4967.55,2025-01-28 23:27:08.000000,2026-08-12 21:45:25.315550
INV00003381,PO0003921,4554.7,2025-04-04 20:27:56.000000,2026-08-12 21:45:25.315550
INV00003584,PO0000827,508.68,2024-12-19 00:03:00.000000,2026-08-12 21:45:25.315550
INV00003848,PO0003019,246.62,2025-08-06 01:34:48.000000,2026-08-12 21:45:25.315550
INV00003854,PO0001983,4129.06,2025-11-17 00:53:39.000000,2026-08-12 21:45:25.315550
INV00003983,PO0004995,2833.62,2025-04-23 11:41:51.101047,2026-08-12 21:45:25.315550
INV00004038,PO0003519,1768.88,2024-07-02 19:05:06.000000,2026-08-12 21:45:25.315550
INV00004158,PO0002932,1010.12,2024-05-19 06:21:41.000000,2026-08-12 21:45:25.315550
INV00004258,PO0000791,5056.94,2024-08-20 09:24:36.000000,2026-08-12 21:45:25.315550
INV00004300,PO0004471,2787.19,2025-06-18 12:22:16.000000,2026-08-12 21:45:25.315550
INV00004491,PO0000129,2031.15,2025-06-28 04:25:04.000000,2026-08-12 21:45:25.315550
INV00004599,PO0001593,632.95,2025-08-28 13:14:42.000000,2026-08-12 21:45:25.315550
INV00004746,PO0004285,3967.65,2024-06-06 08:09:44.000000,2026-08-12 21:45:25.315550
INV00000409,PO0002939,4992.33,2024-07-26 17:02:53.000000,2026-08-12 21:45:25.315550
INV00000504,PO0004630,2804.91,2025-03-17 23:07:52.000000,2026-08-12 21:45:25.315550
INV00001580,PO0002786,1110.22,2024-08-22 03:35:22.000000,2026-08-12 21:45:25.315550
INV00001661,PO0001391,103.2,2025-04-18 23:19:54.000000,2026-08-12 21:45:25.315550
INV00001688,PO0004942,4991.33,2024-12-06 17:42:33.000000,2026-08-12 21:45:25.315550
INV00001724,PO0003396,4801.56,2024-09-02 13:47:14.000000,2026-08-12 21:45:25.315550
INV00001931,PO0002020,1394.54,2025-04-23 11:41:51.097427,2026-08-12 21:45:25.315550
INV00002562,PO0002723,2771.65,2026-03-17 19:47:22.000000,2026-08-12 21:45:25.315550
INV00002712,PO0000937,1751.29,2025-05-21 21:37:17.000000,2026-08-12 21:45:25.315550
INV00002904,PO0001231,4534.78,2024-06-26 20:17:32.000000,2026-08-12 21:45:25.315550
INV00003086,PO0001826,4918.43,2024-09-30 15:50:26.000000,2026-08-12 21:45:25.315550
INV00003146,PO0002567,70.02,2025-10-19 07:40:35.000000,2026-08-12 21:45:25.315550
INV00003299,PO0004409,4182.45,2025-06-24 09:02:16.000000,2026-08-12 21:45:25.315550
INV00004268,PO0002993,4667.12,2024-09-29 00:54:41.000000,2026-08-12 21:45:25.315550
INV00004384,PO0002587,3470.09,2024-06-17 06:10:22.000000,2026-08-12 21:45:25.315550
INV00004566,PO0000858,3231.58,2024-05-30 16:16:04.000000,2026-08-12 21:45:25.315550
INV00000115,PO0000890,2693.71,2026-02-26 01:58:52.000000,2026-08-12 21:45:25.315550
INV00000347,PO0001333,2666.19,2026-03-09 23:12:56.000000,2026-08-12 21:45:25.315550
INV00000651,PO0003139,1918.78,2025-11-04 08:51:12.000000,2026-08-12 21:45:25.315550
INV00000771,PO0000411,1925.24,2024-12-01 16:36:09.000000,2026-08-12 21:45:25.315550
INV00001102,PO0004388,3239.96,2026-02-28 22:37:50.000000,2026-08-12 21:45:25.315550
INV00001140,PO0001151,3193.12,2025-01-05 18:42:14.000000,2026-08-12 21:45:25.315550
INV00001203,PO0003690,3043.39,2025-02-11 16:48:40.000000,2026-08-12 21:45:25.315550
INV00001909,PO0000749,3983.21,2024-12-02 11:04:00.000000,2026-08-12 21:45:25.315550
INV00001954,PO0001612,5272.43,2024-06-15 18:22:06.000000,2026-08-12 21:45:25.315550
INV00002425,PO0000894,4247.3,2025-05-07 14:53:28.000000,2026-08-12 21:45:25.315550
INV00002627,PO0000208,1633.79,2024-12-29 07:12:09.000000,2026-08-12 21:45:25.315550
INV00002924,PO0003099,2725.55,2025-03-16 00:23:00.000000,2026-08-12 21:45:25.315550
INV00003116,PO0003108,1110.02,2025-03-19 14:52:40.000000,2026-08-12 21:45:25.315550
INV00003170,PO0001064,208.1,2025-09-22 01:57:17.000000,2026-08-12 21:45:25.315550
INV00003218,PO0002345,4046.29,2024-05-28 14:47:16.000000,2026-08-12 21:45:25.315550
INV00003307,PO0002350,4736.13,2025-05-15 11:41:51.098952,2026-08-12 21:45:25.315550
INV00003383,PO0003094,2835.0,2026-01-03 03:28:47.000000,2026-08-12 21:45:25.315550
INV00003472,PO0002376,819.15,2026-04-17 07:49:18.000000,2026-08-12 21:45:25.315550
INV00003500,PO0004172,3767.19,2024-09-14 01:55:35.000000,2026-08-12 21:45:25.315550
INV00003949,PO0003464,1984.56,2025-10-16 23:48:56.000000,2026-08-12 21:45:25.315550
INV00004094,PO0004232,3879.93,2025-03-14 09:26:29.000000,2026-08-12 21:45:25.315550
INV00004141,PO0002425,5419.03,2026-04-24 12:55:10.000000,2026-08-12 21:45:25.315550
INV00004228,PO0001520,3276.64,2024-11-04 02:47:10.000000,2026-08-12 21:45:25.315550
INV00004927,PO0003160,4271.4,2024-05-04 11:59:43.000000,2026-08-12 21:45:25.315550
INV00000639,PO0000412,5033.69,2025-07-22 21:48:05.000000,2026-08-12 21:45:25.315550
INV00000641,PO0004833,47.79,2024-07-27 17:48:22.000000,2026-08-12 21:45:25.315550
INV00000652,PO0001099,3711.75,2025-05-04 11:11:05.000000,2026-08-12 21:45:25.315550
INV00000780,PO0001270,5040.66,2024-11-21 14:07:11.000000,2026-08-12 21:45:25.315550
INV00000858,PO0001853,5066.82,2026-04-08 06:25:16.000000,2026-08-12 21:45:25.315550
INV00001018,PO0003625,984.39,2025-05-16 23:32:26.000000,2026-08-12 21:45:25.315550
INV00001035,PO0004536,5441.26,2026-03-25 03:06:27.000000,2026-08-12 21:45:25.315550
INV00001165,PO0000939,3444.95,2025-10-17 17:37:07.000000,2026-08-12 21:45:25.315550
INV00001330,PO0002928,2643.23,2026-01-16 06:42:14.000000,2026-08-12 21:45:25.315550
INV00001334,PO0002375,4083.03,2024-10-19 13:11:01.000000,2026-08-12 21:45:25.315550
INV00001368,PO0000287,3477.51,2025-11-24 10:26:35.000000,2026-08-12 21:45:25.315550
INV00001463,PO0003612,$4039.91,2024-09-25 05:21:28.000000,2026-08-12 21:45:25.315550
INV00001588,PO0002313,4124.61,2026-04-26 04:41:08.000000,2026-08-12 21:45:25.315550
INV00001815,PO0002596,5234.93,2024-05-24 06:50:20.000000,2026-08-12 21:45:25.315550
INV00002204,PO0000418,5100.82,2025-05-17 11:41:51.097427,2026-08-12 21:45:25.315550
INV00002574,PO0001430,$1561.94,2025-05-23 12:37:45.000000,2026-08-12 21:45:25.315550
INV00002594,PO0004379,655.15,2025-06-19 12:17:40.000000,2026-08-12 21:45:25.315550
INV00002847,PO0003249,2179.07,2024-12-05 11:44:58.000000,2026-08-12 21:45:25.315550
INV00003069,PO0000653,5425.01,2025-10-29 13:16:28.000000,2026-08-12 21:45:25.315550
INV00003209,PO0000923,$2050.9,2024-08-09 10:44:17.000000,2026-08-12 21:45:25.315550
INV00003271,PO0003430,4022.94,2025-05-21 15:22:21.000000,2026-08-12 21:45:25.315550
INV00003939,PO0001393,2423.74,2024-07-19 15:49:22.000000,2026-08-12 21:45:25.315550
INV00004025,PO0000767,647.93,2025-07-13 13:08:41.000000,2026-08-12 21:45:25.315550
INV00004066,PO0001692,46.36,2025-04-05 03:34:36.000000,2026-08-12 21:45:25.315550
INV00004078,PO0002311,1001.99,2025-05-20 21:31:58.000000,2026-08-12 21:45:25.315550
INV00004131,PO0003501,675.12,2024-12-28 20:31:22.000000,2026-08-12 21:45:25.315550
INV00004413,PO0004120,2254.69,2025-06-12 01:16:51.000000,2026-08-12 21:45:25.315550
INV00004677,PO0000278,1958.73,2024-07-22 05:56:34.000000,2026-08-12 21:45:25.315550
INV00004817,PO0001733,2296.92,2026-01-18 22:00:48.000000,2026-08-12 21:45:25.315550
INV00004993,PO0003383,310.08,2025-03-12 17:49:46.000000,2026-08-12 21:45:25.315550
INV00000035,PO0001380,4084.05,2024-07-23 11:14:24.000000,2026-08-12 21:45:25.315550
INV00000065,PO0000822,562.14,2025-10-02 02:11:53.000000,2026-08-12 21:45:25.315550
INV00000162,PO0000118,5079.81,2025-05-26 11:41:51.091922,2026-08-12 21:45:25.315550
INV00000903,PO0003518,2726.58,2026-03-15 15:21:43.000000,2026-08-12 21:45:25.315550
INV00000937,PO0004987,263.05,2025-09-07 11:12:06.000000,2026-08-12 21:45:25.315550
INV00001073,PO0002245,2542.23,2024-07-18 19:15:21.000000,2026-08-12 21:45:25.315550
INV00001093,PO0004371,1762.79,2024-09-22 17:34:40.000000,2026-08-12 21:45:25.315550
INV00001517,PO0004020,3456.08,2024-05-08 17:20:37.000000,2026-08-12 21:45:25.315550
INV00001718,PO0003165,5462.96,2026-02-01 18:29:44.000000,2026-08-12 21:45:25.315550
INV00001805,PO0001252,513.58,2025-02-12 07:23:00.000000,2026-08-12 21:45:25.315550
INV00002172,PO0002853,4013.07,2025-08-15 16:48:22.000000,2026-08-12 21:45:25.315550
INV00002257,PO0001071,1892.22,2025-05-20 11:41:51.097427,2026-08-12 21:45:25.315550
INV00002647,PO0003601,445.0,2026-04-15 21:13:19.000000,2026-08-12 21:45:25.315550
INV00002735,PO0001956,2713.31,2025-12-28 07:10:29.000000,2026-08-12 21:45:25.315550
INV00003226,PO0001107,1666.29,2025-09-26 13:43:25.000000,2026-08-12 21:45:25.315550
INV00003273,PO0001686,3285.12,2025-07-13 21:00:11.000000,2026-08-12 21:45:25.315550
INV00003378,PO0003501,3552.11,2025-01-14 20:31:22.000000,2026-08-12 21:45:25.315550
INV00003445,PO0000605,1238.23,2025-06-30 01:26:32.000000,2026-08-12 21:45:25.315550
INV00003981,PO0000412,2349.28,2025-08-08 21:48:05.000000,2026-08-12 21:45:25.315550
INV00004650,PO0003511,1158.15,2025-05-20 05:20:17.000000,2026-08-12 21:45:25.315550
INV00004909,PO0004751,3223.87,2026-01-01 06:53:24.000000,2026-08-12 21:45:25.315550
INV00000492,PO0001834,4787.72,2024-11-09 18:50:49.000000,2026-08-12 21:45:25.315550
INV00001135,PO0000175,3305.08,2024-06-29 13:48:06.000000,2026-08-12 21:45:25.315550
INV00001306,PO0002873,1184.66,2026-01-21 04:11:17.000000,2026-08-12 21:45:25.315550
INV00001419,PO0002551,4319.7,2024-05-16 12:28:41.000000,2026-08-12 21:45:25.315550
INV00001822,PO0001321,2015.23,2025-02-24 19:44:24.000000,2026-08-12 21:45:25.315550
INV00002086,PO0003979,4825.43,2024-08-02 22:06:15.000000,2026-08-12 21:45:25.315550
INV00002142,PO0000065,39.97,2024-10-09 04:56:58.000000,2026-08-12 21:45:25.315550
INV00002557,PO0004736,4748.81,2026-01-01 01:52:19.000000,2026-08-12 21:45:25.315550
INV00002589,PO0003138,2434.24,2025-05-12 11:41:51.098952,2026-08-12 21:45:25.315550
INV00002598,PO0000510,3360.78,2026-04-12 14:05:57.000000,2026-08-12 21:45:25.315550
INV00002653,PO0002436,3462.78,2024-08-05 03:43:48.000000,2026-08-12 21:45:25.315550
INV00002732,PO0003768,4118.74,2025-04-10 05:14:01.000000,2026-08-12 21:45:25.315550
INV00002972,PO0000258,4746.49,2024-11-23 18:01:17.000000,2026-08-12 21:45:25.315550
INV00003067,PO0001009,2806.64,2024-09-23 14:40:29.000000,2026-08-12 21:45:25.315550
INV00003515,PO0002123,536.26,2024-10-02 17:59:15.000000,2026-08-12 21:45:25.315550
INV00003521,PO0000818,1703.12,2025-07-31 04:10:37.000000,2026-08-12 21:45:25.315550
INV00003623,PO0001287,2501.05,2024-06-09 16:37:30.000000,2026-08-12 21:45:25.315550
INV00004056,PO0002546,4568.44,2024-10-02 02:29:43.000000,2026-08-12 21:45:25.315550
INV00004200,PO0001355,2778.11,2025-05-08 11:41:51.102408,2026-08-12 21:45:25.315550
INV00004502,PO0003292,3141.26,2025-07-19 03:17:30.000000,2026-08-12 21:45:25.315550
INV00004542,PO0004193,3998.63,2024-10-13 16:24:58.000000,2026-08-12 21:45:25.315550
INV00004692,PO0002569,3014.26,2026-05-16 18:45:46.000000,2026-08-12 21:45:25.315550
INV00004795,PO0002440,5191.77,2025-05-13 11:41:51.103922,2026-08-12 21:45:25.315550
INV00000084,PO0000161,2473.37,2025-05-01 08:36:09.000000,2026-08-12 21:45:25.315550
INV00000284,PO0000717,3393.38,2024-05-24 23:53:42.000000,2026-08-12 21:45:25.315550
INV00000321,PO0002419,4825.22,2024-12-04 09:59:01.000000,2026-08-12 21:45:25.315550
INV00000571,PO0002049,3404.2,2025-09-12 06:07:03.000000,2026-08-12 21:45:25.315550
INV00000730,PO0000720,3191.97,2025-08-02 09:10:07.000000,2026-08-12 21:45:25.315550
INV00001264,PO0000061,4281.38,2024-11-02 00:17:24.000000,2026-08-12 21:45:25.315550
INV00001405,PO0000809,2335.16,2025-02-27 12:23:34.000000,2026-08-12 21:45:25.315550
INV00001433,PO0003729,3398.36,2024-07-04 05:19:55.000000,2026-08-12 21:45:25.315550
INV00001536,PO0002331,3341.75,2025-06-19 02:59:08.000000,2026-08-12 21:45:25.315550
INV00001584,PO0001636,1375.84,2024-05-25 02:03:46.000000,2026-08-12 21:45:25.315550
INV00001648,PO0004544,4058.31,2025-11-25 06:15:40.000000,2026-08-12 21:45:25.315550
INV00002056,PO0001738,3051.3,2025-04-16 19:58:01.000000,2026-08-12 21:45:25.315550
INV00002109,PO0002970,2206.16,2025-09-10 02:53:24.000000,2026-08-12 21:45:25.315550
INV00002221,PO0004677,5275.87,2025-01-12 14:59:13.000000,2026-08-12 21:45:25.315550
INV00002690,PO0004539,4887.03,2024-11-21 05:35:58.000000,2026-08-12 21:45:25.315550
INV00002779,PO0004948,2275.43,2024-06-21 03:41:47.000000,2026-08-12 21:45:25.315550
INV00002817,PO0001665,4654.45,2025-02-28 09:13:14.000000,2026-08-12 21:45:25.315550
INV00003047,PO0004994,2805.73,2025-05-08 16:19:17.000000,2026-08-12 21:45:25.315550
INV00003451,PO0002301,4474.56,2024-08-07 23:44:06.000000,2026-08-12 21:45:25.315550
INV00003674,PO0004755,1865.65,2024-09-29 12:05:41.000000,2026-08-12 21:45:25.315550
INV00003781,PO0001968,137.58,2024-09-29 21:47:06.000000,2026-08-12 21:45:25.315550
INV00003841,PO0000268,285.59,2025-05-23 11:41:51.101047,2026-08-12 21:45:25.315550
INV00003882,PO0004765,1751.57,2025-07-25 16:11:55.000000,2026-08-12 21:45:25.315550
INV00003904,PO0001240,2194.97,2025-04-28 13:34:09.000000,2026-08-12 21:45:25.315550
INV00004073,PO0003876,781.13,2024-08-15 18:39:29.000000,2026-08-12 21:45:25.315550
INV00004076,PO0001732,1445.67,2025-01-09 05:16:18.000000,2026-08-12 21:45:25.315550
INV00004298,PO0002674,1056.63,2025-12-12 14:38:10.000000,2026-08-12 21:45:25.315550
INV00004428,PO0000106,848.73,2025-01-10 16:49:01.000000,2026-08-12 21:45:25.315550
INV00004628,PO0002518,1829.47,2025-12-17 19:10:24.000000,2026-08-12 21:45:25.315550
INV00004780,PO0003848,2654.9,2026-03-30 02:05:02.000000,2026-08-12 21:45:25.315550
INV00000007,PO0000208,2046.27,2024-12-27 07:12:09.000000,2026-08-12 21:45:25.315550
INV00000010,PO0002392,3288.74,2024-04-21 22:12:16.000000,2026-08-12 21:45:25.315550
INV00000329,PO0004615,746.56,2025-02-11 05:20:35.000000,2026-08-12 21:45:25.315550
INV00000435,PO0004592,515.05,2025-04-26 05:51:52.000000,2026-08-12 21:45:25.315550
INV00000605,PO0001751,947.76,2026-02-20 04:43:04.000000,2026-08-12 21:45:25.315550
INV00000742,PO0003051,5234.52,2025-05-22 22:04:57.000000,2026-08-12 21:45:25.315550
INV00000953,PO0000464,3619.07,2026-04-07 09:26:42.000000,2026-08-12 21:45:25.315550
INV00001176,PO0002704,2223.6,2025-05-12 11:41:51.094522,2026-08-12 21:45:25.315550
INV00001265,PO0000238,1994.21,2024-12-10 08:10:56.000000,2026-08-12 21:45:25.315550
INV00001755,PO0004381,5307.53,2025-05-11 04:48:33.000000,2026-08-12 21:45:25.315550
INV00001794,PO0002609,5346.51,2026-04-01 17:31:40.000000,2026-08-12 21:45:25.315550
INV00001887,PO0002369,5219.76,2024-09-12 06:39:39.000000,2026-08-12 21:45:25.315550
INV00001966,PO0000103,5307.17,2026-04-20 19:41:02.000000,2026-08-12 21:45:25.315550
INV00002036,PO0003413,874.41,2025-05-02 11:41:51.097427,2026-08-12 21:45:25.315550
INV00002068,PO0002019,550.46,2025-06-21 07:30:19.000000,2026-08-12 21:45:25.315550
INV00002469,PO0003068,5052.71,2026-04-16 08:10:00.000000,2026-08-12 21:45:25.315550
INV00002774,PO0001518,70.08,2024-07-31 00:08:03.000000,2026-08-12 21:45:25.315550
INV00002791,PO0002201,4112.56,2025-04-24 21:28:48.000000,2026-08-12 21:45:25.315550
INV00002979,PO0002636,1608.52,2025-04-03 01:22:54.000000,2026-08-12 21:45:25.315550
INV00003332,PO0003047,3837.58,2025-09-23 06:00:29.000000,2026-08-12 21:45:25.315550
INV00003506,PO0002672,5018.5,2025-01-30 05:59:51.000000,2026-08-12 21:45:25.315550
INV00003555,PO0004353,889.58,2025-10-28 11:05:47.000000,2026-08-12 21:45:25.315550
INV00003833,PO0002278,3321.03,2024-10-14 07:36:59.000000,2026-08-12 21:45:25.315550
INV00004159,PO0000760,87.35,2026-01-17 22:21:14.000000,2026-08-12 21:45:25.315550
INV00004319,PO0004543,4517.46,2025-05-21 11:41:51.102408,2026-08-12 21:45:25.315550
INV00004377,PO0004474,2549.37,2024-12-22 04:02:52.000000,2026-08-12 21:45:25.315550
INV00004458,PO0003427,3046.93,2025-06-21 00:46:09.000000,2026-08-12 21:45:25.315550
INV00004530,PO0004968,517.29,2024-10-08 01:02:12.000000,2026-08-12 21:45:25.315550
INV00004983,PO0001914,3864.04,2024-10-24 13:47:35.000000,2026-08-12 21:45:25.315550
INV00000236,PO0004266,2958.98,2025-02-16 23:11:19.000000,2026-08-12 21:45:25.315550
INV00000344,PO0000742,849.55,2025-06-13 12:41:33.000000,2026-08-12 21:45:25.315550
INV00000390,PO0001089,3266.51,2025-01-17 19:58:56.000000,2026-08-12 21:45:25.315550
INV00000460,PO0002236,3860.25,2024-11-27 00:53:34.000000,2026-08-12 21:45:25.315550
INV00000608,PO0000346,2522.3,2025-05-16 11:41:51.093428,2026-08-12 21:45:25.315550
INV00001172,PO0001396,3233.78,2026-05-21 10:21:39.000000,2026-08-12 21:45:25.315550
INV00001284,PO0003870,5008.57,2024-09-16 23:49:37.000000,2026-08-12 21:45:25.315550
INV00001750,PO0003315,227.44,2024-09-06 05:46:45.000000,2026-08-12 21:45:25.315550
INV00001960,PO0003188,2559.61,2026-03-28 07:44:31.000000,2026-08-12 21:45:25.315550
INV00001970,PO0000681,4868.3,2024-12-13 22:04:24.000000,2026-08-12 21:45:25.315550
INV00002034,PO0004005,2776.99,2026-04-12 07:09:22.000000,2026-08-12 21:45:25.315550
INV00002193,PO0000418,520.72,2025-05-07 11:41:51.097427,2026-08-12 21:45:25.315550
INV00002370,PO0003039,3227.88,2024-09-09 19:25:25.000000,2026-08-12 21:45:25.315550
INV00002437,PO0001773,4138.52,2025-12-06 23:11:25.000000,2026-08-12 21:45:25.315550
INV00002480,PO0002563,2471.69,2025-02-08 21:23:46.000000,2026-08-12 21:45:25.315550
INV00002651,PO0002340,4751.74,2024-10-27 20:32:37.000000,2026-08-12 21:45:25.315550
INV00002983,PO0000306,2156.91,2025-04-25 11:41:51.098952,2026-08-12 21:45:25.315550
INV00003238,PO0000335,4219.16,2026-02-22 04:04:20.000000,2026-08-12 21:45:25.315550
INV00003676,PO0001761,1493.54,2025-07-17 18:46:23.000000,2026-08-12 21:45:25.315550
INV00003702,PO0003729,32.87,2024-06-11 05:19:55.000000,2026-08-12 21:45:25.315550
INV00003928,PO0001396,505.69,2026-05-01 10:21:39.000000,2026-08-12 21:45:25.315550
INV00004215,PO0004741,$3896.33,2025-05-07 11:41:51.102408,2026-08-12 21:45:25.315550
INV00004851,PO0001671,3900.99,2025-11-02 10:30:56.000000,2026-08-12 21:45:25.315550
INV00000135,PO0003772,501.47,2025-05-27 11:41:51.091922,2026-08-12 21:45:25.315550
INV00000325,PO0002310,2755.58,2025-05-17 11:41:51.091922,2026-08-12 21:45:25.315550
INV00000439,PO0001495,5398.83,2024-06-13 01:26:53.000000,2026-08-12 21:45:25.315550
INV00000505,PO0003198,5205.6,2025-12-08 16:29:48.000000,2026-08-12 21:45:25.315550
INV00000893,PO0001924,2871.53,2025-05-16 11:41:51.093428,2026-08-12 21:45:25.315550
INV00001052,PO0002632,2816.19,2024-05-21 23:04:53.000000,2026-08-12 21:45:25.315550
INV00001222,PO0001285,2830.67,2024-06-21 12:38:55.000000,2026-08-12 21:45:25.315550
INV00001609,PO0000006,1353.81,2025-02-07 06:18:23.000000,2026-08-12 21:45:25.315550
INV00001979,PO0001060,5447.95,2025-04-13 13:54:43.000000,2026-08-12 21:45:25.315550
INV00002067,PO0004445,4501.53,2025-01-19 09:31:29.000000,2026-08-12 21:45:25.315550
INV00002132,PO0001746,2156.72,2025-10-19 23:07:57.000000,2026-08-12 21:45:25.315550
INV00002176,PO0004881,1052.96,2025-12-07 21:10:35.000000,2026-08-12 21:45:25.315550
INV00002263,PO0000123,1950.87,2026-03-10 03:07:15.000000,2026-08-12 21:45:25.315550
INV00002605,PO0001492,1178.49,2025-06-10 22:27:52.000000,2026-08-12 21:45:25.315550
INV00003546,PO0003861,545.34,2026-01-18 11:12:39.000000,2026-08-12 21:45:25.315550
INV00003680,PO0001472,1925.78,2025-03-01 17:03:20.000000,2026-08-12 21:45:25.315550
INV00003707,PO0002608,2852.41,2025-11-15 21:26:52.000000,2026-08-12 21:45:25.315550
INV00004084,PO0000355,3584.88,2024-08-03 10:31:34.000000,2026-08-12 21:45:25.315550
INV00004632,PO0000730,2658.66,2025-09-17 20:56:00.000000,2026-08-12 21:45:25.315550
INV00000179,PO0004111,2967.57,2025-10-05 22:13:24.000000,2026-08-12 21:45:25.315550
INV00000218,PO0001663,1526.12,2025-06-07 20:47:44.000000,2026-08-12 21:45:25.315550
INV00000356,PO0003329,5190.47,2025-05-12 22:50:24.000000,2026-08-12 21:45:25.315550
INV00001480,PO0000155,1290.34,2025-12-19 14:55:36.000000,2026-08-12 21:45:25.315550
INV00001655,PO0004320,1499.0,2025-05-26 11:41:51.095433,2026-08-12 21:45:25.315550
INV00001742,PO0002589,5107.86,2025-08-06 07:05:41.000000,2026-08-12 21:45:25.315550
INV00001780,PO0003520,2369.97,2025-08-05 16:59:36.000000,2026-08-12 21:45:25.315550
INV00001837,PO0004553,5322.41,2025-02-07 22:47:55.000000,2026-08-12 21:45:25.315550
INV00001901,PO0001779,5085.49,2026-02-22 14:05:18.000000,2026-08-12 21:45:25.315550
INV00002098,PO0003758,5227.72,2025-05-13 14:03:54.000000,2026-08-12 21:45:25.315550
INV00002140,PO0000552,932.7,2026-01-24 11:23:11.000000,2026-08-12 21:45:25.315550
INV00002201,PO0004081,4306.44,2025-06-11 05:51:40.000000,2026-08-12 21:45:25.315550
INV00002825,PO0000345,3476.67,2026-03-07 22:11:05.000000,2026-08-12 21:45:25.315550
INV00003760,PO0003127,1407.5,2025-03-03 21:57:19.000000,2026-08-12 21:45:25.315550
INV00003995,PO0002927,752.14,2024-06-30 11:56:03.000000,2026-08-12 21:45:25.315550
INV00004422,PO0000284,3789.26,2026-03-24 03:25:56.000000,2026-08-12 21:45:25.315550
INV00004711,PO0002303,3940.92,2026-02-13 15:15:50.000000,2026-08-12 21:45:25.315550
INV00004767,PO0001243,2922.41,2024-12-31 21:08:49.000000,2026-08-12 21:45:25.315550
INV00004853,PO0002649,1085.3,2025-11-21 10:43:38.000000,2026-08-12 21:45:25.315550
INV00000186,PO0004575,3526.56,2025-10-09 23:05:38.000000,2026-08-12 21:45:25.315550
INV00000195,PO0000742,2418.17,2025-06-22 12:41:33.000000,2026-08-12 21:45:25.315550
INV00000399,PO0000698,919.9,2024-11-15 06:14:31.000000,2026-08-12 21:45:25.315550
INV00000541,PO0002674,3341.6,2025-11-30 14:38:10.000000,2026-08-12 21:45:25.315550
INV00000835,PO0002992,3798.93,2024-07-22 20:19:54.000000,2026-08-12 21:45:25.315550
INV00000958,PO0001608,2252.71,2024-12-24 17:33:54.000000,2026-08-12 21:45:25.315550
INV00001317,PO0003223,3976.23,2025-03-29 11:32:01.000000,2026-08-12 21:45:25.315550
INV00001641,PO0000531,1968.4,2026-02-07 04:22:35.000000,2026-08-12 21:45:25.315550
INV00001743,PO0000776,4487.0,2025-05-15 11:41:51.096923,2026-08-12 21:45:25.315550
INV00001861,PO0002760,2774.54,2025-06-27 08:06:40.000000,2026-08-12 21:45:25.315550
INV00002041,PO0004125,2756.02,2025-07-05 13:36:26.000000,2026-08-12 21:45:25.315550
INV00002196,PO0004661,776.85,2025-05-19 05:48:27.000000,2026-08-12 21:45:25.315550
INV00002212,PO0000423,4325.37,2025-06-19 20:34:59.000000,2026-08-12 21:45:25.315550
INV00002384,PO0000525,5378.64,2025-09-02 05:25:50.000000,2026-08-12 21:45:25.315550
INV00002426,PO0002293,2780.57,2024-10-12 23:52:01.000000,2026-08-12 21:45:25.315550
INV00002921,PO0001753,762.81,2025-09-28 18:38:27.000000,2026-08-12 21:45:25.315550
INV00003887,PO0004178,600.18,2024-07-17 13:33:29.000000,2026-08-12 21:45:25.315550
INV00004045,PO0003272,1291.11,2025-12-07 03:17:21.000000,2026-08-12 21:45:25.315550
INV00004346,PO0000467,5131.19,2025-11-29 07:31:02.000000,2026-08-12 21:45:25.315550
INV00004417,PO0003242,4382.63,2024-04-25 10:42:58.000000,2026-08-12 21:45:25.315550
INV00004549,PO0004949,509.69,2025-06-28 14:29:56.000000,2026-08-12 21:45:25.315550
INV00004676,PO0000898,1748.91,2026-01-07 05:24:54.000000,2026-08-12 21:45:25.315550
INV00000126,PO0000650,3992.25,2025-03-16 13:01:00.000000,2026-08-12 21:45:25.315550
INV00000214,PO0002678,2528.8,2024-11-03 04:52:05.000000,2026-08-12 21:45:25.315550
INV00000495,PO0003682,1140.46,2025-03-09 21:48:55.000000,2026-08-12 21:45:25.315550
INV00000500,PO0004055,2925.94,2024-08-29 23:38:35.000000,2026-08-12 21:45:25.315550
INV00000634,PO0003851,3667.73,2026-02-20 08:25:37.000000,2026-08-12 21:45:25.315550
INV00000750,PO0004894,4400.96,2024-11-27 13:27:43.000000,2026-08-12 21:45:25.315550
INV00001022,PO0001094,372.71,2025-02-07 12:47:39.000000,2026-08-12 21:45:25.315550
INV00001067,PO0004751,4922.4,2025-12-13 06:53:24.000000,2026-08-12 21:45:25.315550
INV00001462,PO0000623,4835.32,2026-04-20 05:03:19.000000,2026-08-12 21:45:25.315550
INV00001864,PO0000498,4833.12,2024-10-31 13:53:25.000000,2026-08-12 21:45:25.315550
INV00001998,PO0004109,3733.87,2025-11-30 11:03:30.000000,2026-08-12 21:45:25.315550
INV00002137,PO0002982,1012.74,2025-05-17 11:20:16.000000,2026-08-12 21:45:25.315550
INV00002202,PO0004964,314.1,2024-09-18 15:16:02.000000,2026-08-12 21:45:25.315550
INV00002218,PO0003713,794.15,2024-07-16 14:05:55.000000,2026-08-12 21:45:25.315550
INV00002281,PO0004391,4478.94,2026-01-15 15:34:26.000000,2026-08-12 21:45:25.315550
INV00002339,PO0001168,52.88,2025-03-31 05:30:16.000000,2026-08-12 21:45:25.315550
INV00003236,PO0000258,744.61,2024-12-10 18:01:17.000000,2026-08-12 21:45:25.315550
INV00003284,PO0000308,1130.8,2025-07-10 01:50:22.000000,2026-08-12 21:45:25.315550
INV00003537,PO0002718,1098.97,2026-04-28 19:43:22.000000,2026-08-12 21:45:25.315550
INV00003593,PO0003323,5039.54,2025-03-03 05:58:03.000000,2026-08-12 21:45:25.315550
INV00003991,PO0003854,3194.95,2025-05-16 16:53:32.000000,2026-08-12 21:45:25.315550
INV00004077,PO0000569,1564.36,2024-10-22 03:02:01.000000,2026-08-12 21:45:25.315550
INV00004256,PO0001549,1305.23,2025-11-18 01:21:37.000000,2026-08-12 21:45:25.315550
INV00004688,PO0000887,4917.96,2025-04-02 10:12:50.000000,2026-08-12 21:45:25.315550
INV00004741,PO0004654,3159.41,2024-09-14 04:13:23.000000,2026-08-12 21:45:25.315550
INV00004858,PO0001709,3087.55,2024-08-08 20:28:59.000000,2026-08-12 21:45:25.315550
INV00004970,PO0000677,3358.69,2025-01-12 18:09:01.000000,2026-08-12 21:45:25.315550
INV00000298,PO0001373,2687.02,2025-09-13 04:32:20.000000,2026-08-12 21:45:25.315550
INV00000774,PO0002645,4922.3,2025-12-05 14:15:13.000000,2026-08-12 21:45:25.315550
INV00000846,PO0003244,934.14,2024-05-20 06:29:48.000000,2026-08-12 21:45:25.315550
INV00000857,PO0000337,638.48,2025-05-24 12:14:18.000000,2026-08-12 21:45:25.315550
INV00001123,PO0000392,2016.66,2025-05-24 11:41:51.094522,2026-08-12 21:45:25.315550
INV00001151,PO0000190,2974.3,2026-05-11 09:01:56.000000,2026-08-12 21:45:25.315550
INV00001255,PO0001512,233.34,2024-08-15 09:48:27.000000,2026-08-12 21:45:25.315550
INV00001453,PO0002908,2299.09,2025-03-02 02:02:24.000000,2026-08-12 21:45:25.315550
INV00001473,PO0004213,4105.11,2024-12-26 07:04:19.000000,2026-08-12 21:45:25.315550
INV00001765,PO0002012,1219.79,2025-11-23 08:49:32.000000,2026-08-12 21:45:25.315550
INV00002029,PO0004386,2749.67,2025-04-25 11:41:51.097427,2026-08-12 21:45:25.315550
INV00003285,PO0002561,3700.4,2025-07-23 11:52:26.000000,2026-08-12 21:45:25.315550
INV00003428,PO0000994,4669.36,2025-05-26 03:29:18.000000,2026-08-12 21:45:25.315550
INV00003453,PO0001972,3021.7,2025-07-09 10:37:55.000000,2026-08-12 21:45:25.315550
INV00003807,PO0002345,2045.97,2024-05-03 14:47:16.000000,2026-08-12 21:45:25.315550
INV00003829,PO0004401,1689.4,2025-03-28 21:14:35.000000,2026-08-12 21:45:25.315550
INV00003878,PO0004907,3395.83,2026-04-15 08:03:25.000000,2026-08-12 21:45:25.315550
INV00004204,PO0004969,1702.6,2025-09-24 20:57:13.000000,2026-08-12 21:45:25.315550
INV00004338,PO0003157,4125.2,2024-05-15 10:25:11.000000,2026-08-12 21:45:25.315550
INV00004450,PO0002349,149.63,2025-12-23 14:56:01.000000,2026-08-12 21:45:25.315550
INV00004802,PO0000921,3680.79,2026-04-06 04:03:15.000000,2026-08-12 21:45:25.315550
INV00000299,PO0001877,2825.97,2026-02-16 04:31:49.000000,2026-08-12 21:45:25.315550
INV00000436,PO0002077,1437.85,2026-03-09 20:44:23.000000,2026-08-12 21:45:25.315550
INV00000599,PO0004119,4528.94,2025-08-31 10:08:22.000000,2026-08-12 21:45:25.315550
INV00000632,PO0003469,580.38,2024-11-22 18:48:18.000000,2026-08-12 21:45:25.315550
INV00000706,PO0003180,$5307.12,2025-09-21 13:52:01.000000,2026-08-12 21:45:25.315550
INV00000905,PO0001032,4291.57,2026-03-13 10:16:38.000000,2026-08-12 21:45:25.315550
INV00001234,PO0002202,2917.97,2025-04-22 11:41:51.094522,2026-08-12 21:45:25.315550
INV00001458,PO0000796,434.22,2024-12-19 03:53:41.000000,2026-08-12 21:45:25.315550
INV00001531,PO0004177,394.5,2025-12-25 10:03:42.000000,2026-08-12 21:45:25.315550
INV00001673,PO0002723,5235.44,2026-02-18 19:47:22.000000,2026-08-12 21:45:25.315550
INV00001950,PO0001539,3772.0,2024-07-12 21:20:13.000000,2026-08-12 21:45:25.315550
INV00002020,PO0003609,3046.38,2024-07-14 07:19:21.000000,2026-08-12 21:45:25.315550
INV00002157,PO0003070,1619.5,2024-09-19 10:02:37.000000,2026-08-12 21:45:25.315550
INV00002199,PO0000298,524.29,2025-01-10 10:26:50.000000,2026-08-12 21:45:25.315550
INV00002285,PO0002537,4499.45,2025-05-11 04:17:42.000000,2026-08-12 21:45:25.315550
INV00002288,PO0000643,1494.16,2025-11-05 17:28:17.000000,2026-08-12 21:45:25.315550
INV00002697,PO0002042,4539.77,2025-09-03 22:52:14.000000,2026-08-12 21:45:25.315550
INV00002922,PO0002423,2314.35,2025-04-02 13:00:03.000000,2026-08-12 21:45:25.315550
INV00002931,PO0003341,2796.43,2025-05-20 09:36:12.000000,2026-08-12 21:45:25.315550
INV00002973,PO0002381,654.75,2025-10-04 22:32:38.000000,2026-08-12 21:45:25.315550
INV00002986,PO0003858,3058.33,2025-07-25 04:13:14.000000,2026-08-12 21:45:25.315550
INV00003025,PO0004238,1342.04,2026-03-23 17:33:42.000000,2026-08-12 21:45:25.315550
INV00003239,PO0002696,660.74,2024-12-26 21:20:12.000000,2026-08-12 21:45:25.315550
INV00003323,PO0003222,4946.08,2025-07-02 05:50:36.000000,2026-08-12 21:45:25.315550
INV00003443,PO0003559,4614.15,2026-03-29 23:11:26.000000,2026-08-12 21:45:25.315550
INV00003598,PO0001292,3287.32,2025-07-18 09:25:01.000000,2026-08-12 21:45:25.315550
INV00003835,PO0002156,1423.46,2025-01-24 06:51:11.000000,2026-08-12 21:45:25.315550
INV00003942,PO0001638,5389.18,2024-09-09 02:33:52.000000,2026-08-12 21:45:25.315550
INV00004196,PO0004370,727.91,2025-11-29 16:02:52.000000,2026-08-12 21:45:25.315550
INV00004527,PO0002427,215.47,2025-12-09 14:06:27.000000,2026-08-12 21:45:25.315550
INV00004820,PO0001419,2854.98,2025-03-25 21:01:15.000000,2026-08-12 21:45:25.315550
INV00000111,PO0002686,3126.36,2025-02-19 15:28:27.000000,2026-08-12 21:45:25.315550
INV00000189,PO0004386,547.09,2025-06-02 11:41:51.091922,2026-08-12 21:45:25.315550
INV00000568,PO0002818,2071.77,2025-10-31 16:20:09.000000,2026-08-12 21:45:25.315550
INV00000993,PO0002485,4867.18,2025-03-16 03:08:58.000000,2026-08-12 21:45:25.315550
INV00001017,PO0003614,5223.81,2025-04-02 18:29:59.000000,2026-08-12 21:45:25.315550
INV00001231,PO0003911,4838.38,2026-03-10 07:15:54.000000,2026-08-12 21:45:25.315550
INV00001323,PO0004643,3270.34,2026-02-22 22:03:12.000000,2026-08-12 21:45:25.315550
INV00001644,PO0004676,4846.47,2025-04-09 16:52:59.000000,2026-08-12 21:45:25.315550
INV00001707,PO0004188,116.41,2024-09-04 11:58:25.000000,2026-08-12 21:45:25.315550
INV00001793,PO0001035,3010.31,2024-06-07 18:44:26.000000,2026-08-12 21:45:25.315550
INV00001924,PO0000858,3176.99,2024-06-29 16:16:04.000000,2026-08-12 21:45:25.315550
INV00002063,PO0000035,202.86,2025-02-17 19:39:35.000000,2026-08-12 21:45:25.315550
INV00002154,PO0000141,4712.83,2025-04-28 21:51:24.000000,2026-08-12 21:45:25.315550
INV00002399,PO0003774,5026.61,2026-02-08 11:50:55.000000,2026-08-12 21:45:25.315550
INV00002447,PO0002397,1690.08,2025-01-12 04:20:25.000000,2026-08-12 21:45:25.315550
INV00002452,PO0001285,3316.36,2024-05-21 12:38:55.000000,2026-08-12 21:45:25.315550
INV00002478,PO0004009,2321.06,2024-09-16 09:38:32.000000,2026-08-12 21:45:25.315550
INV00002496,PO0001650,3394.9,2025-06-18 02:09:49.000000,2026-08-12 21:45:25.315550
INV00002727,PO0004011,3766.27,2025-11-07 17:08:10.000000,2026-08-12 21:45:25.315550
INV00002835,PO0004324,1551.13,2025-04-30 15:39:38.000000,2026-08-12 21:45:25.315550
INV00002909,PO0002622,2991.66,2025-03-01 12:26:55.000000,2026-08-12 21:45:25.315550
INV00002962,PO0000946,2012.04,2026-01-24 18:07:37.000000,2026-08-12 21:45:25.315550
INV00002971,PO0002493,1349.64,2025-06-28 14:55:14.000000,2026-08-12 21:45:25.315550
INV00003395,PO0002332,692.47,2025-02-24 18:09:55.000000,2026-08-12 21:45:25.315550
INV00003803,PO0002878,4542.18,2025-10-19 22:26:21.000000,2026-08-12 21:45:25.315550
INV00004279,PO0002534,1270.75,2025-01-12 06:10:25.000000,2026-08-12 21:45:25.315550
INV00004816,PO0000821,5052.95,2026-04-11 14:07:47.000000,2026-08-12 21:45:25.315550
INV00004819,PO0001824,211.87,2025-06-03 00:08:08.000000,2026-08-12 21:45:25.315550
INV00004871,PO0002411,5067.04,2024-06-03 08:35:21.000000,2026-08-12 21:45:25.315550
INV00000469,PO0004264,$3558.27,2024-10-15 13:55:49.000000,2026-08-12 21:45:25.315550
INV00000904,PO0000139,3745.42,2025-11-05 15:10:27.000000,2026-08-12 21:45:25.315550
INV00000938,PO0001777,$626.5,2025-11-18 01:58:11.000000,2026-08-12 21:45:25.315550
INV00001007,PO0002442,5386.39,2025-10-07 14:02:58.000000,2026-08-12 21:45:25.315550
INV00001533,PO0002257,3857.04,2025-04-24 13:51:48.000000,2026-08-12 21:45:25.315550
INV00002018,PO0004168,971.74,2025-03-02 07:40:28.000000,2026-08-12 21:45:25.315550
INV00002107,PO0004582,3806.75,2026-01-28 04:24:04.000000,2026-08-12 21:45:25.315550
INV00002282,PO0004137,3202.75,2025-05-11 11:41:51.097427,2026-08-12 21:45:25.315550
INV00002860,PO0001883,421.41,2024-08-03 00:33:10.000000,2026-08-12 21:45:25.315550
INV00002944,PO0000984,1071.31,2025-10-03 09:12:21.000000,2026-08-12 21:45:25.315550
INV00003160,PO0002540,1498.2,2025-04-25 11:41:51.098952,2026-08-12 21:45:25.315550
INV00003611,PO0003374,3518.99,2025-05-22 11:41:51.101047,2026-08-12 21:45:25.315550
INV00003626,PO0001393,1834.23,2024-07-27 15:49:22.000000,2026-08-12 21:45:25.315550
INV00004091,PO0002183,4818.08,2024-08-23 23:00:58.000000,2026-08-12 21:45:25.315550
INV00004143,PO0004294,4498.88,2024-06-26 22:58:31.000000,2026-08-12 21:45:25.315550
INV00004634,PO0003563,4271.2,2024-08-01 18:02:22.000000,2026-08-12 21:45:25.315550
INV00000182,PO0000148,1426.91,2025-04-10 18:37:10.000000,2026-08-12 21:45:25.315550
INV00000312,PO0000610,171.01,2026-02-16 15:40:19.000000,2026-08-12 21:45:25.315550
INV00000464,PO0000409,2245.71,2025-09-06 10:17:08.000000,2026-08-12 21:45:25.315550
INV00000476,PO0001475,178.41,2025-07-18 04:26:31.000000,2026-08-12 21:45:25.315550
INV00000493,PO0004224,275.91,2025-04-03 07:02:35.000000,2026-08-12 21:45:25.315550
INV00000528,PO0004147,2390.28,2025-03-13 01:32:40.000000,2026-08-12 21:45:25.315550
INV00000563,PO0002147,4592.53,2025-02-26 22:06:43.000000,2026-08-12 21:45:25.315550
INV00000813,PO0003356,4658.51,2025-10-11 04:50:12.000000,2026-08-12 21:45:25.315550
INV00000964,PO0004384,5499.36,2026-05-04 11:52:09.000000,2026-08-12 21:45:25.315550
INV00002673,PO0001134,573.19,2025-11-16 18:16:55.000000,2026-08-12 21:45:25.315550
INV00003895,PO0000223,3262.05,2025-04-13 09:08:13.000000,2026-08-12 21:45:25.315550
INV00003972,PO0003140,1910.91,2025-12-30 10:29:34.000000,2026-08-12 21:45:25.315550
INV00004012,PO0002343,1432.74,2025-05-17 11:41:51.101047,2026-08-12 21:45:25.315550
INV00004067,PO0003887,29.47,2025-12-03 02:35:11.000000,2026-08-12 21:45:25.315550
INV00004526,PO0001650,$4190.72,2025-07-07 02:09:49.000000,2026-08-12 21:45:25.315550
INV00004875,PO0002096,3914.61,2025-04-22 06:02:36.000000,2026-08-12 21:45:25.315550
INV00004964,PO0001418,478.01,2025-07-12 06:57:05.000000,2026-08-12 21:45:25.315550
INV00004999,PO0000601,3383.09,2024-05-02 21:07:56.000000,2026-08-12 21:45:25.315550
INV00000888,PO0000927,4679.76,2026-03-29 18:20:55.000000,2026-08-12 21:45:25.315550
INV00001283,PO0004176,5063.12,2024-05-22 16:55:08.000000,2026-08-12 21:45:25.315550
INV00001659,PO0004846,5422.27,2025-08-17 04:35:25.000000,2026-08-12 21:45:25.315550
INV00001746,PO0001441,1809.64,2025-08-27 14:49:37.000000,2026-08-12 21:45:25.315550
INV00002043,PO0000425,1359.37,2024-07-09 06:58:40.000000,2026-08-12 21:45:25.315550
INV00002274,PO0001633,325.18,2025-02-21 04:07:44.000000,2026-08-12 21:45:25.315550
INV00002348,PO0000223,4240.82,2025-04-04 09:08:13.000000,2026-08-12 21:45:25.315550
INV00002539,PO0000805,$591.58,2025-04-28 11:41:51.097427,2026-08-12 21:45:25.315550
INV00002758,PO0004770,3218.88,2025-06-19 08:04:09.000000,2026-08-12 21:45:25.315550
INV00002855,PO0003852,2352.15,2025-04-02 10:34:17.000000,2026-08-12 21:45:25.315550
INV00002911,PO0004656,3276.52,2024-10-13 11:11:17.000000,2026-08-12 21:45:25.315550
INV00003164,PO0002178,1460.03,2025-11-07 12:46:17.000000,2026-08-12 21:45:25.315550
INV00003657,PO0003739,1586.45,2026-02-18 01:49:17.000000,2026-08-12 21:45:25.315550
INV00003730,PO0002577,5112.22,2025-07-31 10:29:23.000000,2026-08-12 21:45:25.315550
INV00003794,PO0000113,3362.12,2025-08-08 14:13:22.000000,2026-08-12 21:45:25.315550
INV00003893,PO0004139,1714.23,2024-08-26 20:18:23.000000,2026-08-12 21:45:25.315550
INV00004326,PO0003295,2634.78,2024-07-09 11:38:57.000000,2026-08-12 21:45:25.315550
INV00004589,PO0000331,5215.04,2025-09-20 18:35:48.000000,2026-08-12 21:45:25.315550
INV00004682,PO0000815,4948.58,2025-07-06 02:01:29.000000,2026-08-12 21:45:25.315550
INV00004980,PO0001693,3424.38,2026-02-26 07:36:21.000000,2026-08-12 21:45:25.315550
INV00004986,PO0003117,5248.7,2024-11-25 15:07:45.000000,2026-08-12 21:45:25.315550
INV00000276,PO0000920,3375.56,2025-03-05 05:29:38.000000,2026-08-12 21:45:25.315550
INV00000372,PO0000637,4530.92,2025-01-03 04:14:14.000000,2026-08-12 21:45:25.315550
INV00000529,PO0003291,2478.0,2025-12-19 06:14:37.000000,2026-08-12 21:45:25.315550
INV00000579,PO0000679,157.77,2024-11-14 14:48:43.000000,2026-08-12 21:45:25.315550
INV00001064,PO0001289,4463.11,2024-06-26 11:08:31.000000,2026-08-12 21:45:25.315550
INV00001190,PO0002501,1989.6,2025-05-20 11:41:51.094522,2026-08-12 21:45:25.315550
INV00001430,PO0000528,4099.77,2025-09-06 04:50:42.000000,2026-08-12 21:45:25.315550
INV00001459,PO0001349,131.05,2025-05-20 19:37:38.000000,2026-08-12 21:45:25.315550
INV00002060,PO0000809,4324.96,2025-02-28 12:23:34.000000,2026-08-12 21:45:25.315550
INV00002252,PO0002428,2694.51,2026-01-31 14:18:51.000000,2026-08-12 21:45:25.315550
INV00002365,PO0004660,623.03,2026-03-30 03:24:15.000000,2026-08-12 21:45:25.315550
INV00002475,PO0000452,4851.3,2024-07-02 20:28:47.000000,2026-08-12 21:45:25.315550
INV00003565,PO0000250,2668.99,2024-07-19 02:13:37.000000,2026-08-12 21:45:25.315550
INV00003705,PO0002673,2720.45,2025-05-20 18:19:25.000000,2026-08-12 21:45:25.315550
INV00003896,PO0002591,2760.95,2024-11-03 03:48:46.000000,2026-08-12 21:45:25.315550
INV00003964,PO0000237,568.44,2025-10-07 03:57:59.000000,2026-08-12 21:45:25.315550
INV00004020,PO0003239,2557.63,2025-07-26 04:00:00.000000,2026-08-12 21:45:25.315550
INV00004079,PO0000908,724.93,2025-05-17 11:41:51.101047,2026-08-12 21:45:25.315550
INV00004351,PO0000639,2829.72,2025-10-18 05:17:07.000000,2026-08-12 21:45:25.315550
INV00004590,PO0000347,1752.76,2025-12-15 17:19:31.000000,2026-08-12 21:45:25.315550
INV00004764,PO0000467,4254.64,2025-11-30 07:31:02.000000,2026-08-12 21:45:25.315550
INV00004822,PO0003321,4412.64,2025-11-21 08:12:43.000000,2026-08-12 21:45:25.315550
INV00000173,PO0004461,5432.14,2025-12-07 04:33:07.000000,2026-08-12 21:45:25.315550
INV00000310,PO0003417,4382.84,2024-08-12 17:07:03.000000,2026-08-12 21:45:25.315550
INV00000383,PO0001529,5236.57,2025-04-29 11:41:51.091922,2026-08-12 21:45:25.315550
INV00000517,PO0000680,4334.65,2025-09-01 20:40:58.000000,2026-08-12 21:45:25.315550
INV00000727,PO0004283,394.34,2025-06-02 11:41:51.093428,2026-08-12 21:45:25.315550
INV00000832,PO0004726,3817.88,2025-11-22 10:01:25.000000,2026-08-12 21:45:25.315550
INV00000900,PO0002125,4157.75,2025-05-09 11:41:51.093428,2026-08-12 21:45:25.315550
INV00001051,PO0000879,2686.59,2024-12-27 10:03:50.000000,2026-08-12 21:45:25.315550
INV00001063,PO0001682,3701.79,2025-10-03 22:05:26.000000,2026-08-12 21:45:25.315550
INV00001607,PO0003095,1353.35,2026-01-07 13:20:18.000000,2026-08-12 21:45:25.315550
INV00001835,PO0000291,1879.45,2026-02-28 13:07:24.000000,2026-08-12 21:45:25.315550
INV00001922,PO0001681,3319.24,2025-01-29 03:28:55.000000,2026-08-12 21:45:25.315550
INV00002178,PO0000941,5311.7,2025-03-22 17:41:57.000000,2026-08-12 21:45:25.315550
INV00002323,PO0000793,4082.62,2024-06-06 08:45:56.000000,2026-08-12 21:45:25.315550
INV00002391,PO0001010,5147.47,2024-07-18 20:59:48.000000,2026-08-12 21:45:25.315550
INV00002488,PO0001062,3557.92,2024-12-17 06:23:24.000000,2026-08-12 21:45:25.315550
INV00002932,PO0002398,3717.19,2025-07-09 00:31:14.000000,2026-08-12 21:45:25.315550
INV00003042,PO0001039,3223.75,2025-03-27 08:04:25.000000,2026-08-12 21:45:25.315550
INV00003158,PO0003600,3227.86,2024-05-29 23:44:14.000000,2026-08-12 21:45:25.315550
INV00003480,PO0004871,4402.64,2025-10-12 16:11:05.000000,2026-08-12 21:45:25.315550
INV00003493,PO0004095,2425.58,2024-08-29 04:06:23.000000,2026-08-12 21:45:25.315550
INV00003652,PO0002273,3355.82,2025-08-17 04:48:13.000000,2026-08-12 21:45:25.315550
INV00003668,PO0000408,3866.69,2025-08-18 08:24:36.000000,2026-08-12 21:45:25.315550
INV00004385,PO0000477,3838.6,2026-01-28 09:34:33.000000,2026-08-12 21:45:25.315550
INV00004772,PO0001880,3306.13,2026-03-20 16:06:57.000000,2026-08-12 21:45:25.315550
INV00000034,PO0000059,1145.84,2026-01-03 08:04:42.000000,2026-08-12 21:45:25.315550
INV00000090,PO0000338,3331.41,2025-01-15 05:20:48.000000,2026-08-12 21:45:25.315550
INV00000100,PO0002606,1160.2,2024-05-15 00:25:20.000000,2026-08-12 21:45:25.315550
INV00000724,PO0000003,3033.45,2024-06-24 14:26:10.000000,2026-08-12 21:45:25.315550
INV00000882,PO0004039,1185.25,2025-05-01 00:30:27.000000,2026-08-12 21:45:25.315550
INV00001559,PO0004206,404.49,2024-10-05 16:23:27.000000,2026-08-12 21:45:25.315550
INV00001784,PO0000147,108.77,2025-02-27 13:39:30.000000,2026-08-12 21:45:25.315550
INV00001862,PO0001314,3433.95,2025-06-05 12:12:57.000000,2026-08-12 21:45:25.315550
INV00002022,PO0000108,1079.39,2026-03-15 22:25:46.000000,2026-08-12 21:45:25.315550
INV00002144,PO0001297,96.17,2024-06-05 04:22:12.000000,2026-08-12 21:45:25.315550
INV00002341,PO0000995,5008.65,2025-05-29 11:41:51.097427,2026-08-12 21:45:25.315550
INV00002411,PO0002740,2638.27,2026-01-28 16:50:16.000000,2026-08-12 21:45:25.315550
INV00002620,PO0000479,1357.63,2024-09-26 18:17:03.000000,2026-08-12 21:45:25.315550
INV00002726,PO0004967,1470.28,2025-06-20 09:54:45.000000,2026-08-12 21:45:25.315550
INV00002873,PO0001789,5400.64,2025-05-01 08:20:05.000000,2026-08-12 21:45:25.315550
INV00003581,PO0001829,4701.06,2025-04-03 05:47:26.000000,2026-08-12 21:45:25.315550
INV00003757,PO0004646,3334.24,2025-11-05 08:50:19.000000,2026-08-12 21:45:25.315550
INV00003857,PO0000282,4604.31,2025-06-06 04:39:08.000000,2026-08-12 21:45:25.315550
INV00004126,PO0001011,5099.42,2026-03-05 17:57:58.000000,2026-08-12 21:45:25.315550
INV00004250,PO0001114,4884.74,2025-04-29 03:55:05.000000,2026-08-12 21:45:25.315550
INV00004290,PO0004802,727.38,2026-02-09 18:03:05.000000,2026-08-12 21:45:25.315550
INV00004309,PO0003705,2592.7,2025-05-12 20:48:17.000000,2026-08-12 21:45:25.315550
INV00000071,PO0002197,4715.17,2026-01-21 16:37:13.000000,2026-08-12 21:45:25.315550
INV00000190,PO0004284,5236.66,2025-11-14 16:42:25.000000,2026-08-12 21:45:25.315550
INV00000451,PO0002183,4243.4,2024-08-03 23:00:58.000000,2026-08-12 21:45:25.315550
INV00000734,PO0004012,3957.11,2024-08-05 06:11:53.000000,2026-08-12 21:45:25.315550
INV00001062,PO0004305,3815.31,2025-05-05 11:41:51.094522,2026-08-12 21:45:25.315550
INV00001138,PO0004794,4972.72,2024-07-23 06:02:44.000000,2026-08-12 21:45:25.315550
INV00001271,PO0000721,2604.32,2025-05-21 04:34:30.000000,2026-08-12 21:45:25.315550
INV00001977,PO0000718,5276.68,2025-07-10 17:25:35.000000,2026-08-12 21:45:25.315550
INV00002738,PO0004145,1387.24,2025-06-04 12:24:23.000000,2026-08-12 21:45:25.315550
INV00002836,PO0001635,3440.8,2025-09-16 11:36:30.000000,2026-08-12 21:45:25.315550
INV00002913,PO0001497,831.95,2025-12-07 17:35:56.000000,2026-08-12 21:45:25.315550
INV00002952,PO0003264,$584.49,2025-05-14 11:41:51.098952,2026-08-12 21:45:25.315550
INV00002987,PO0000863,1177.71,2025-12-25 03:21:34.000000,2026-08-12 21:45:25.315550
INV00003286,PO0002721,1099.74,2025-03-01 20:14:52.000000,2026-08-12 21:45:25.315550
INV00003348,PO0001737,3471.47,2025-07-11 21:22:32.000000,2026-08-12 21:45:25.315550
INV00003644,PO0004698,2504.53,2025-10-25 21:33:33.000000,2026-08-12 21:45:25.315550
INV00004093,PO0004325,1616.98,2024-10-08 17:47:01.000000,2026-08-12 21:45:25.315550
INV00004245,PO0003155,2441.18,2025-03-01 16:23:19.000000,2026-08-12 21:45:25.315550
INV00004313,PO0000981,196.32,2025-05-22 11:41:51.102408,2026-08-12 21:45:25.315550
INV00004572,PO0002658,5422.36,2025-04-04 10:11:37.000000,2026-08-12 21:45:25.315550
INV00004710,PO0004381,4454.69,2025-05-25 04:48:33.000000,2026-08-12 21:45:25.315550
INV00000223,PO0003379,1779.04,2025-11-05 02:57:56.000000,2026-08-12 21:45:25.315550
INV00000403,PO0003693,1223.93,2025-08-07 22:37:52.000000,2026-08-12 21:45:25.315550
INV00000567,PO0002851,3286.67,2025-07-01 10:20:53.000000,2026-08-12 21:45:25.315550
INV00000585,PO0001644,4013.1,2025-05-11 14:50:20.000000,2026-08-12 21:45:25.315550
INV00001042,PO0000462,1578.44,2026-04-04 09:55:51.000000,2026-08-12 21:45:25.315550
INV00001127,PO0000748,2573.92,2024-11-24 09:17:57.000000,2026-08-12 21:45:25.315550
INV00001208,PO0000328,885.96,2026-04-30 06:04:48.000000,2026-08-12 21:45:25.315550
INV00001233,PO0002217,109.78,2025-03-18 09:55:40.000000,2026-08-12 21:45:25.315550
INV00001361,PO0001743,335.44,2025-05-06 17:11:05.000000,2026-08-12 21:45:25.315550
INV00001394,PO0002234,4314.54,2024-12-26 07:33:44.000000,2026-08-12 21:45:25.315550
INV00001539,PO0002103,4693.36,2026-01-22 20:16:19.000000,2026-08-12 21:45:25.315550
INV00001828,PO0003599,2393.29,2024-10-18 09:28:26.000000,2026-08-12 21:45:25.315550
INV00001860,PO0002135,189.14,2024-06-06 05:24:34.000000,2026-08-12 21:45:25.315550
INV00002049,PO0002041,5428.48,2024-11-04 22:12:42.000000,2026-08-12 21:45:25.315550
INV00002229,PO0002695,2036.08,2026-06-01 06:47:57.000000,2026-08-12 21:45:25.315550
INV00003022,PO0001398,5491.52,2025-12-03 00:36:48.000000,2026-08-12 21:45:25.315550
INV00003133,PO0001294,4380.36,2025-05-31 14:15:27.000000,2026-08-12 21:45:25.315550
INV00003293,PO0004025,2332.28,2025-11-05 02:08:06.000000,2026-08-12 21:45:25.315550
INV00003531,PO0002082,355.76,2025-11-17 11:40:38.000000,2026-08-12 21:45:25.315550
INV00003985,PO0001497,2094.57,2025-12-03 17:35:56.000000,2026-08-12 21:45:25.315550
INV00004199,PO0004705,2948.56,2025-11-27 03:53:59.000000,2026-08-12 21:45:25.315550
INV00004299,PO0002811,1475.51,2025-10-06 07:10:30.000000,2026-08-12 21:45:25.315550
INV00004391,PO0001946,3293.97,2025-08-13 02:34:52.000000,2026-08-12 21:45:25.315550
INV00004834,PO0001713,$2079.68,2025-03-15 22:56:29.000000,2026-08-12 21:45:25.315550
INV00004955,PO0003570,3002.52,2024-12-26 18:34:38.000000,2026-08-12 21:45:25.315550
INV00004966,PO0002342,$2717.44,2024-08-07 09:39:10.000000,2026-08-12 21:45:25.315550
INV00000239,PO0004283,140.32,2025-05-13 11:41:51.091922,2026-08-12 21:45:25.315550
INV00000437,PO0002836,2311.32,2024-11-12 00:57:20.000000,2026-08-12 21:45:25.315550
INV00000764,PO0003113,336.33,2025-08-01 08:37:20.000000,2026-08-12 21:45:25.315550
INV00000806,PO0003967,4079.57,2024-11-21 21:12:10.000000,2026-08-12 21:45:25.315550
INV00000811,PO0002940,2684.43,2024-10-22 23:11:07.000000,2026-08-12 21:45:25.315550
INV00001526,PO0001560,1790.79,2025-04-19 02:33:31.000000,2026-08-12 21:45:25.315550
INV00001571,PO0001734,3450.77,2024-10-13 05:13:53.000000,2026-08-12 21:45:25.315550
INV00001589,PO0002530,3490.06,2025-05-07 11:41:51.095433,2026-08-12 21:45:25.315550
INV00001799,PO0001950,2356.84,2024-09-20 20:11:54.000000,2026-08-12 21:45:25.315550
INV00002054,PO0001958,3380.96,2024-10-15 02:33:41.000000,2026-08-12 21:45:25.315550
INV00002298,PO0003694,4331.14,2026-01-25 01:47:13.000000,2026-08-12 21:45:25.315550
INV00002373,PO0004839,1875.65,2025-03-27 02:27:18.000000,2026-08-12 21:45:25.315550
INV00002674,PO0004435,478.99,2024-12-05 15:21:59.000000,2026-08-12 21:45:25.315550
INV00002846,PO0002513,5140.28,2024-11-03 19:43:58.000000,2026-08-12 21:45:25.315550
INV00002923,PO0004003,359.92,2024-12-03 14:51:57.000000,2026-08-12 21:45:25.315550
INV00002990,PO0002785,949.75,2024-07-26 19:21:15.000000,2026-08-12 21:45:25.315550
INV00003031,PO0003822,4974.84,2024-09-21 07:41:15.000000,2026-08-12 21:45:25.315550
INV00003548,PO0004358,3229.67,2026-05-17 02:39:01.000000,2026-08-12 21:45:25.315550
INV00003574,PO0001204,4798.11,2026-01-24 12:29:17.000000,2026-08-12 21:45:25.315550
INV00003710,PO0002715,5126.58,2025-04-09 11:41:51.101047,2026-08-12 21:45:25.315550
INV00004447,PO0000834,3870.42,2025-08-05 03:51:47.000000,2026-08-12 21:45:25.315550
INV00004456,PO0000315,1658.85,2024-08-07 18:00:48.000000,2026-08-12 21:45:25.315550
INV00004551,PO0001645,1502.08,2024-09-15 03:30:42.000000,2026-08-12 21:45:25.315550
INV00004747,PO0002662,4731.45,2024-12-25 21:42:27.000000,2026-08-12 21:45:25.315550
INV00000896,PO0001799,2273.06,2025-06-30 09:02:16.000000,2026-08-12 21:45:25.315550
INV00000944,PO0002077,666.02,2026-04-05 20:44:23.000000,2026-08-12 21:45:25.315550
INV00001111,PO0001447,2382.27,2026-04-22 19:46:30.000000,2026-08-12 21:45:25.315550
INV00001400,PO0004101,5247.25,2024-07-30 00:13:56.000000,2026-08-12 21:45:25.315550
INV00001444,PO0000886,45.23,2026-02-25 04:01:00.000000,2026-08-12 21:45:25.315550
INV00001583,PO0000152,5276.36,2024-08-24 06:01:00.000000,2026-08-12 21:45:25.315550
INV00001696,PO0001036,3307.95,2024-05-02 14:08:49.000000,2026-08-12 21:45:25.315550
INV00002320,PO0000299,4874.94,2026-03-29 02:38:19.000000,2026-08-12 21:45:25.315550
INV00002357,PO0000625,2728.01,2025-10-19 16:04:05.000000,2026-08-12 21:45:25.315550
INV00002811,PO0004298,3197.1,2025-04-05 21:03:59.000000,2026-08-12 21:45:25.315550
INV00002819,PO0000719,4480.33,2026-01-24 06:51:34.000000,2026-08-12 21:45:25.315550
INV00002866,PO0004301,1386.27,2025-10-17 03:07:52.000000,2026-08-12 21:45:25.315550
INV00003008,PO0004270,4540.97,2025-09-19 22:39:32.000000,2026-08-12 21:45:25.315550
INV00003813,PO0003390,3422.4,2025-12-25 12:47:20.000000,2026-08-12 21:45:25.315550
INV00003851,PO0000238,2276.23,2024-11-25 08:10:56.000000,2026-08-12 21:45:25.315550
INV00003955,PO0002762,1599.37,2025-05-20 20:00:38.000000,2026-08-12 21:45:25.315550
INV00004369,PO0002212,4476.33,2026-03-21 07:50:14.000000,2026-08-12 21:45:25.315550
INV00004476,PO0001182,4620.43,2025-04-04 18:20:46.000000,2026-08-12 21:45:25.315550
INV00004478,PO0001905,1543.1,2025-11-18 22:34:07.000000,2026-08-12 21:45:25.315550
INV00004487,PO0000551,4943.19,2025-06-08 21:44:46.000000,2026-08-12 21:45:25.315550
INV00004517,PO0003579,112.32,2026-02-14 05:46:45.000000,2026-08-12 21:45:25.315550
INV00000300,PO0003023,4863.57,2024-10-26 02:07:37.000000,2026-08-12 21:45:25.315550
INV00000657,PO0004111,4232.45,2025-10-24 22:13:24.000000,2026-08-12 21:45:25.315550
INV00000671,PO0000120,3193.26,2026-01-22 20:00:59.000000,2026-08-12 21:45:25.315550
INV00000881,PO0000979,717.02,2024-05-28 03:42:45.000000,2026-08-12 21:45:25.315550
INV00001038,PO0002959,1510.18,2025-10-03 14:35:04.000000,2026-08-12 21:45:25.315550
INV00001267,PO0004046,3234.3,2024-12-12 16:14:02.000000,2026-08-12 21:45:25.315550
INV00001373,PO0000283,3049.38,2025-10-28 18:39:48.000000,2026-08-12 21:45:25.315550
INV00001556,PO0000293,133.47,2025-07-19 02:37:51.000000,2026-08-12 21:45:25.315550
INV00002396,PO0000237,3670.52,2025-09-18 03:57:59.000000,2026-08-12 21:45:25.315550
INV00002588,PO0003675,413.39,2025-07-14 05:59:11.000000,2026-08-12 21:45:25.315550
INV00002617,PO0002176,474.61,2025-02-02 22:26:40.000000,2026-08-12 21:45:25.315550
INV00002823,PO0001844,5438.19,2026-03-02 05:18:57.000000,2026-08-12 21:45:25.315550
INV00003074,PO0001883,4436.36,2024-07-20 00:33:10.000000,2026-08-12 21:45:25.315550
INV00003212,PO0003019,4488.68,2025-08-06 01:34:48.000000,2026-08-12 21:45:25.315550
INV00003430,PO0001380,2727.8,2024-07-20 11:14:24.000000,2026-08-12 21:45:25.315550
INV00003520,PO0004461,1564.28,2026-01-15 04:33:07.000000,2026-08-12 21:45:25.315550
INV00003580,PO0002818,3461.09,2025-11-24 16:20:09.000000,2026-08-12 21:45:25.315550
INV00003973,PO0003322,4561.69,2026-03-14 10:55:45.000000,2026-08-12 21:45:25.315550
INV00003987,PO0001521,$351.8,2026-03-27 03:54:49.000000,2026-08-12 21:45:25.315550
INV00004192,PO0002325,1267.26,2025-05-22 11:41:51.102408,2026-08-12 21:45:25.315550
INV00004230,PO0000425,1383.23,2024-06-19 06:58:40.000000,2026-08-12 21:45:25.315550
INV00004283,PO0003842,1744.57,2025-01-06 06:19:46.000000,2026-08-12 21:45:25.315550
INV00004486,PO0001743,2564.41,2025-05-23 17:11:05.000000,2026-08-12 21:45:25.315550
INV00004653,PO0003311,4387.88,2024-11-17 09:18:24.000000,2026-08-12 21:45:25.315550
INV00004655,PO0004405,1835.19,2025-01-06 14:41:48.000000,2026-08-12 21:45:25.315550
INV00000104,PO0004604,1620.26,2024-07-03 20:39:13.000000,2026-08-12 21:45:25.315550
INV00001031,PO0003516,3044.01,2024-08-20 08:08:54.000000,2026-08-12 21:45:25.315550
INV00001205,PO0002827,5073.56,2024-09-14 23:49:40.000000,2026-08-12 21:45:25.315550
INV00001357,PO0004334,5189.82,2024-08-19 21:14:39.000000,2026-08-12 21:45:25.315550
INV00001404,PO0004972,2455.94,2024-12-07 21:41:23.000000,2026-08-12 21:45:25.315550
INV00001586,PO0000716,1940.18,2025-07-17 20:44:31.000000,2026-08-12 21:45:25.315550
INV00001634,PO0003437,4504.99,2024-11-17 05:54:22.000000,2026-08-12 21:45:25.315550
INV00001640,PO0000872,490.04,2025-02-09 10:27:57.000000,2026-08-12 21:45:25.315550
INV00001997,PO0002659,5182.8,2024-10-25 22:12:56.000000,2026-08-12 21:45:25.315550
INV00002010,PO0003310,2404.28,2024-09-01 21:15:44.000000,2026-08-12 21:45:25.315550
INV00002325,PO0001784,585.19,2025-12-19 11:24:08.000000,2026-08-12 21:45:25.315550
INV00002408,PO0003521,4810.01,2025-11-14 04:19:57.000000,2026-08-12 21:45:25.315550
INV00002499,PO0004528,56.73,2025-09-15 07:07:55.000000,2026-08-12 21:45:25.315550
INV00002504,PO0001461,2339.14,2025-12-03 08:28:26.000000,2026-08-12 21:45:25.315550
INV00002664,PO0003901,1957.86,2025-08-04 08:12:01.000000,2026-08-12 21:45:25.315550
INV00002815,PO0001363,1920.04,2024-07-10 21:15:51.000000,2026-08-12 21:45:25.315550
INV00002996,PO0001812,2813.32,2025-12-19 17:14:15.000000,2026-08-12 21:45:25.315550
INV00003350,PO0001658,5499.69,2025-02-21 12:18:45.000000,2026-08-12 21:45:25.315550
INV00003635,PO0003864,348.9,2024-09-30 09:54:29.000000,2026-08-12 21:45:25.315550
INV00003713,PO0003025,881.35,2024-07-17 23:05:50.000000,2026-08-12 21:45:25.315550
INV00003950,PO0003763,3767.24,2025-07-16 04:48:28.000000,2026-08-12 21:45:25.315550
INV00004521,PO0000502,723.07,2026-02-20 10:25:43.000000,2026-08-12 21:45:25.315550
INV00000216,PO0003804,938.14,2024-06-27 07:24:32.000000,2026-08-12 21:45:25.315550
INV00000346,PO0000880,3574.81,2024-07-31 10:05:32.000000,2026-08-12 21:45:25.315550
INV00000482,PO0004630,4060.47,2025-03-12 23:07:52.000000,2026-08-12 21:45:25.315550
INV00000649,PO0002092,553.68,2024-07-09 03:17:44.000000,2026-08-12 21:45:25.315550
INV00000664,PO0002641,4083.98,2025-12-03 13:30:30.000000,2026-08-12 21:45:25.315550
INV00000672,PO0003002,162.35,2024-05-23 14:06:08.000000,2026-08-12 21:45:25.315550
INV00000916,PO0000468,1789.71,2024-06-01 11:48:03.000000,2026-08-12 21:45:25.315550
INV00000961,PO0002736,4511.72,2025-06-08 15:08:09.000000,2026-08-12 21:45:25.315550
INV00001427,PO0003357,$247.67,2025-11-20 07:32:17.000000,2026-08-12 21:45:25.315550
INV00001479,PO0001866,1329.58,2025-03-13 12:15:04.000000,2026-08-12 21:45:25.315550
INV00001555,PO0000072,2136.48,2024-08-27 02:54:24.000000,2026-08-12 21:45:25.315550
INV00001677,PO0001074,1968.93,2025-01-27 12:19:06.000000,2026-08-12 21:45:25.315550
INV00001944,PO0000381,697.18,2025-07-12 03:27:58.000000,2026-08-12 21:45:25.315550
INV00002073,PO0000428,4620.27,2025-04-20 13:04:23.000000,2026-08-12 21:45:25.315550
INV00002103,PO0000017,5401.95,2026-04-12 22:55:32.000000,2026-08-12 21:45:25.315550
INV00002146,PO0002996,3867.07,2024-10-11 13:42:56.000000,2026-08-12 21:45:25.315550
INV00002393,PO0003695,4186.8,2025-05-25 11:41:51.097427,2026-08-12 21:45:25.315550
INV00002450,PO0003619,2377.65,2024-06-25 00:54:42.000000,2026-08-12 21:45:25.315550
INV00002603,PO0000340,2933.91,2025-11-16 06:10:24.000000,2026-08-12 21:45:25.315550
INV00002683,PO0003924,3323.61,2025-05-16 16:56:37.000000,2026-08-12 21:45:25.315550
INV00002707,PO0002324,906.22,2025-12-05 09:00:11.000000,2026-08-12 21:45:25.315550
INV00003256,PO0000467,3023.7,2025-11-23 07:31:02.000000,2026-08-12 21:45:25.315550
INV00003440,PO0003767,3794.87,2024-05-26 04:10:20.000000,2026-08-12 21:45:25.315550
INV00003488,PO0003027,3924.29,2024-07-15 04:07:37.000000,2026-08-12 21:45:25.315550
INV00003786,PO0002497,2744.42,2025-10-04 04:30:25.000000,2026-08-12 21:45:25.315550
INV00003989,PO0000823,3274.5,2026-02-10 21:06:18.000000,2026-08-12 21:45:25.315550
INV00004033,PO0002427,1511.7,2025-11-14 14:06:27.000000,2026-08-12 21:45:25.315550
INV00004264,PO0003523,2829.17,2024-06-06 11:04:29.000000,2026-08-12 21:45:25.315550
INV00004501,PO0001884,2259.16,2025-09-19 18:00:56.000000,2026-08-12 21:45:25.315550
INV00004573,PO0003087,2315.33,2024-09-21 19:55:16.000000,2026-08-12 21:45:25.315550
INV00004588,PO0004674,4813.86,2025-08-25 13:55:41.000000,2026-08-12 21:45:25.315550
INV00000194,PO0001001,2520.24,2025-12-26 02:21:01.000000,2026-08-12 21:45:25.315550
INV00000260,PO0000321,487.4,2026-02-05 04:49:38.000000,2026-08-12 21:45:25.315550
INV00000747,PO0004490,5366.81,2024-11-08 10:18:32.000000,2026-08-12 21:45:25.315550
INV00001461,PO0001385,404.61,2025-07-25 18:51:24.000000,2026-08-12 21:45:25.315550
INV00001492,PO0004454,3428.59,2025-08-16 22:49:45.000000,2026-08-12 21:45:25.315550
INV00001545,PO0001864,300.93,2025-07-29 06:48:08.000000,2026-08-12 21:45:25.315550
INV00001621,PO0000590,3356.68,2024-07-16 18:34:56.000000,2026-08-12 21:45:25.315550
INV00001647,PO0004314,3010.57,2025-11-19 11:31:05.000000,2026-08-12 21:45:25.315550
INV00002671,PO0002409,1213.07,2024-11-20 06:15:42.000000,2026-08-12 21:45:25.315550
INV00002778,PO0000588,3132.63,2025-05-26 22:31:08.000000,2026-08-12 21:45:25.315550
INV00002781,PO0000035,1696.15,2025-02-11 19:39:35.000000,2026-08-12 21:45:25.315550
INV00003539,PO0003274,2921.66,2026-03-04 06:32:36.000000,2026-08-12 21:45:25.315550
INV00003799,PO0003640,1246.69,2025-12-20 17:04:22.000000,2026-08-12 21:45:25.315550
INV00004282,PO0003341,903.51,2025-06-07 09:36:12.000000,2026-08-12 21:45:25.315550
INV00004425,PO0002179,1757.23,2025-02-18 22:06:20.000000,2026-08-12 21:45:25.315550
INV00004756,PO0000202,$492.53,2025-04-02 20:41:21.000000,2026-08-12 21:45:25.315550
INV00004769,PO0004929,1899.93,2024-10-06 03:06:01.000000,2026-08-12 21:45:25.315550
INV00004921,PO0000340,4301.29,2025-12-15 06:10:24.000000,2026-08-12 21:45:25.315550
INV00004926,PO0000106,516.47,2025-01-06 16:49:01.000000,2026-08-12 21:45:25.315550
INV00000241,PO0001715,4984.87,2026-05-01 04:14:41.000000,2026-08-12 21:45:25.315550
INV00000459,PO0002035,2262.8,2026-01-08 18:52:55.000000,2026-08-12 21:45:25.315550
INV00000740,PO0000373,1816.85,2025-01-10 09:41:16.000000,2026-08-12 21:45:25.315550
INV00000960,PO0004509,3742.1,2025-08-05 16:28:42.000000,2026-08-12 21:45:25.315550
INV00000996,PO0004076,4805.39,2026-04-22 13:13:01.000000,2026-08-12 21:45:25.315550
INV00001276,PO0001387,1995.85,2025-09-03 13:33:04.000000,2026-08-12 21:45:25.315550
INV00001321,PO0002042,4049.11,2025-09-17 22:52:14.000000,2026-08-12 21:45:25.315550
INV00001457,PO0003184,3408.55,2025-08-20 20:46:39.000000,2026-08-12 21:45:25.315550
INV00001693,PO0001985,2026.56,2024-10-08 02:09:36.000000,2026-08-12 21:45:25.315550
INV00001790,PO0002414,3379.25,2025-07-27 11:56:31.000000,2026-08-12 21:45:25.315550
INV00001814,PO0004301,1435.72,2025-10-28 03:07:52.000000,2026-08-12 21:45:25.315550
INV00001937,PO0004216,4250.72,2024-09-29 22:28:18.000000,2026-08-12 21:45:25.315550
INV00002184,PO0001190,4440.78,2024-10-11 23:57:11.000000,2026-08-12 21:45:25.315550
INV00002243,PO0001705,4597.98,2025-05-23 11:41:51.097427,2026-08-12 21:45:25.315550
INV00002307,PO0003440,5455.16,2025-03-23 23:01:29.000000,2026-08-12 21:45:25.315550
INV00002404,PO0001551,4993.69,2024-06-18 04:28:14.000000,2026-08-12 21:45:25.315550
INV00002413,PO0000247,14.99,2024-10-03 02:30:44.000000,2026-08-12 21:45:25.315550
INV00002521,PO0001310,4559.61,2025-06-07 16:08:51.000000,2026-08-12 21:45:25.315550
INV00002623,PO0004680,4912.47,2025-12-24 06:15:10.000000,2026-08-12 21:45:25.315550
INV00002745,PO0003466,4635.34,2025-04-21 11:41:51.098952,2026-08-12 21:45:25.315550
INV00002901,PO0000381,2164.44,2025-06-26 03:27:58.000000,2026-08-12 21:45:25.315550
INV00003054,PO0004459,641.38,2026-03-29 23:26:55.000000,2026-08-12 21:45:25.315550
INV00003501,PO0003135,4440.17,2026-03-12 23:49:00.000000,2026-08-12 21:45:25.315550
INV00003692,PO0001177,992.64,2025-10-09 10:58:54.000000,2026-08-12 21:45:25.315550
INV00004180,PO0000021,1346.26,2025-05-25 11:41:51.102408,2026-08-12 21:45:25.315550
INV00004209,PO0002060,4548.67,2024-06-01 01:15:12.000000,2026-08-12 21:45:25.315550
INV00004846,PO0000181,310.78,2024-08-18 02:46:23.000000,2026-08-12 21:45:25.315550
INV00004864,PO0000913,298.58,2024-05-18 03:07:25.000000,2026-08-12 21:45:25.315550
INV00004930,PO0002203,3383.36,2026-03-06 04:15:59.000000,2026-08-12 21:45:25.315550
INV00000075,PO0001796,25.1,2025-09-05 12:15:42.000000,2026-08-12 21:45:25.315550
INV00000578,PO0004580,4892.84,2025-05-23 11:44:53.000000,2026-08-12 21:45:25.315550
INV00000802,PO0004596,1278.16,2025-08-08 01:42:51.000000,2026-08-12 21:45:25.315550
INV00001435,PO0001339,952.18,2025-02-06 22:45:10.000000,2026-08-12 21:45:25.315550
INV00001474,PO0000650,$3912.06,2025-02-24 13:01:00.000000,2026-08-12 21:45:25.315550
INV00002013,PO0000020,1824.58,2025-04-12 23:04:46.000000,2026-08-12 21:45:25.315550
INV00002454,PO0000038,2780.72,2025-08-27 03:07:18.000000,2026-08-12 21:45:25.315550
INV00002555,PO0001278,4873.66,2025-01-26 05:21:39.000000,2026-08-12 21:45:25.315550
INV00002724,PO0002933,2232.94,2024-10-03 00:11:17.000000,2026-08-12 21:45:25.315550
INV00002840,PO0003424,4149.07,2025-01-14 17:45:02.000000,2026-08-12 21:45:25.315550
INV00002919,PO0003602,272.19,2024-10-17 23:01:44.000000,2026-08-12 21:45:25.315550
INV00003034,PO0001462,1463.94,2025-08-11 23:02:12.000000,2026-08-12 21:45:25.315550
INV00003040,PO0003187,4053.76,2025-06-29 20:36:28.000000,2026-08-12 21:45:25.315550
INV00003210,PO0002095,4275.98,2024-05-07 21:24:24.000000,2026-08-12 21:45:25.315550
INV00003303,PO0001481,3864.99,2024-10-05 08:28:04.000000,2026-08-12 21:45:25.315550
INV00003403,PO0003949,3855.78,2024-07-10 23:05:41.000000,2026-08-12 21:45:25.315550
INV00003538,PO0001983,898.86,2025-10-16 00:53:39.000000,2026-08-12 21:45:25.315550
INV00003725,PO0003028,4967.52,2025-05-09 11:41:51.101047,2026-08-12 21:45:25.315550
INV00003805,PO0003904,4859.31,2026-01-28 21:50:36.000000,2026-08-12 21:45:25.315550
INV00003891,PO0003827,1002.38,2024-08-20 14:16:43.000000,2026-08-12 21:45:25.315550
INV00004640,PO0002925,4736.55,2024-07-02 10:53:57.000000,2026-08-12 21:45:25.315550
INV00004883,PO0001144,67.41,2025-01-20 05:48:25.000000,2026-08-12 21:45:25.315550
INV00004965,PO0002931,1086.53,2025-04-20 11:41:51.103922,2026-08-12 21:45:25.315550
INV00000085,PO0000967,4921.36,2024-08-10 08:40:55.000000,2026-08-12 21:45:25.315550
INV00000860,PO0000505,5286.71,2024-10-01 15:22:44.000000,2026-08-12 21:45:25.315550
INV00001080,PO0000158,2966.16,2024-11-21 02:48:30.000000,2026-08-12 21:45:25.315550
INV00001506,PO0002232,3894.03,2025-07-03 04:33:35.000000,2026-08-12 21:45:25.315550
INV00001527,PO0000058,146.21,2025-03-24 05:29:16.000000,2026-08-12 21:45:25.315550
INV00001697,PO0001993,4647.17,2025-11-09 09:49:24.000000,2026-08-12 21:45:25.315550
INV00002021,PO0002772,2626.91,2026-01-28 11:16:10.000000,2026-08-12 21:45:25.315550
INV00002084,PO0000550,1769.63,2025-10-28 14:45:14.000000,2026-08-12 21:45:25.315550
INV00002406,PO0002318,1288.18,2025-02-17 01:38:05.000000,2026-08-12 21:45:25.315550
INV00002453,PO0002253,609.94,2026-03-15 09:40:20.000000,2026-08-12 21:45:25.315550
INV00003169,PO0004578,4895.44,2025-11-12 01:24:08.000000,2026-08-12 21:45:25.315550
INV00003423,PO0003829,1998.4,2025-03-19 16:30:29.000000,2026-08-12 21:45:25.315550
INV00003457,PO0003035,3162.94,2025-09-20 03:13:26.000000,2026-08-12 21:45:25.315550
INV00003516,PO0002995,1473.92,2025-02-14 15:46:21.000000,2026-08-12 21:45:25.315550
INV00004331,PO0001434,$1920.1,2026-02-19 09:13:01.000000,2026-08-12 21:45:25.315550
INV00004606,PO0000095,5105.89,2026-02-15 03:58:57.000000,2026-08-12 21:45:25.315550
INV00000099,PO0003149,1516.27,2026-03-14 11:13:47.000000,2026-08-12 21:45:25.315550
INV00000188,PO0000991,2308.21,2024-12-01 21:11:59.000000,2026-08-12 21:45:25.315550
INV00000297,PO0004540,5334.17,2024-10-31 21:20:19.000000,2026-08-12 21:45:25.315550
INV00000866,PO0001047,3065.09,2026-05-13 19:30:18.000000,2026-08-12 21:45:25.315550
INV00000956,PO0000448,840.9,2025-06-15 12:32:50.000000,2026-08-12 21:45:25.315550
INV00001050,PO0004568,4377.16,2025-07-28 21:17:00.000000,2026-08-12 21:45:25.315550
INV00001420,PO0000490,5185.55,2025-10-13 18:38:26.000000,2026-08-12 21:45:25.315550
INV00001499,PO0002762,2046.03,2025-05-26 20:00:38.000000,2026-08-12 21:45:25.315550
INV00001685,PO0003235,2822.38,2026-02-27 22:22:32.000000,2026-08-12 21:45:25.315550
INV00001700,PO0002416,3328.86,2026-03-14 08:29:24.000000,2026-08-12 21:45:25.315550
INV00001830,PO0002689,3154.45,2024-07-22 12:47:31.000000,2026-08-12 21:45:25.315550
INV00002007,PO0003556,1298.11,2026-02-24 18:57:54.000000,2026-08-12 21:45:25.315550
INV00002238,PO0000193,4006.3,2025-08-14 05:43:18.000000,2026-08-12 21:45:25.315550
INV00002245,PO0003023,2464.15,2024-10-26 02:07:37.000000,2026-08-12 21:45:25.315550
INV00002625,PO0001799,4729.98,2025-07-04 09:02:16.000000,2026-08-12 21:45:25.315550
INV00002667,PO0001527,1955.35,2024-12-31 18:02:23.000000,2026-08-12 21:45:25.315550
INV00003003,PO0000613,3707.26,2026-01-08 08:04:03.000000,2026-08-12 21:45:25.315550
INV00003125,PO0003708,3086.76,2025-12-26 20:23:02.000000,2026-08-12 21:45:25.315550
INV00003153,PO0001468,259.65,2025-04-13 21:04:33.000000,2026-08-12 21:45:25.315550
INV00003157,PO0000370,5280.78,2024-10-07 03:41:55.000000,2026-08-12 21:45:25.315550
INV00003272,PO0001356,2881.48,2025-07-10 19:48:09.000000,2026-08-12 21:45:25.315550
INV00003479,PO0002154,5185.06,2025-09-02 07:35:18.000000,2026-08-12 21:45:25.315550
INV00003536,PO0003916,3956.88,2024-06-12 20:19:46.000000,2026-08-12 21:45:25.315550
INV00003683,PO0002065,3032.91,2024-07-14 16:54:49.000000,2026-08-12 21:45:25.315550
INV00004284,PO0000037,1297.6,2025-07-28 12:45:40.000000,2026-08-12 21:45:25.315550
INV00004600,PO0001751,2939.15,2026-03-01 04:43:04.000000,2026-08-12 21:45:25.315550
INV00004695,PO0000796,4947.05,2024-12-08 03:53:41.000000,2026-08-12 21:45:25.315550
INV00000018,PO0002591,2712.59,2024-10-24 03:48:46.000000,2026-08-12 21:45:25.315550
INV00000155,PO0000381,171.76,2025-06-08 03:27:58.000000,2026-08-12 21:45:25.315550
INV00000268,PO0000644,2496.87,2025-05-09 11:41:51.091922,2026-08-12 21:45:25.315550
INV00000335,PO0004984,3318.71,2024-09-16 10:08:41.000000,2026-08-12 21:45:25.315550
INV00000362,PO0003372,4256.55,2026-02-04 23:01:35.000000,2026-08-12 21:45:25.315550
INV00000546,PO0001025,1707.32,2025-12-15 23:16:31.000000,2026-08-12 21:45:25.315550
INV00000897,PO0001868,4110.09,2025-02-18 20:03:32.000000,2026-08-12 21:45:25.315550
INV00001310,PO0003910,2315.14,2026-04-09 00:26:17.000000,2026-08-12 21:45:25.315550
INV00001429,PO0003224,2988.71,2025-06-02 11:41:51.095433,2026-08-12 21:45:25.315550
INV00001740,PO0004304,1162.83,2026-02-22 10:16:21.000000,2026-08-12 21:45:25.315550
INV00002224,PO0000958,3351.57,2024-08-27 18:01:50.000000,2026-08-12 21:45:25.315550
INV00002324,PO0003019,1293.71,2025-07-30 01:34:48.000000,2026-08-12 21:45:25.315550
INV00002655,PO0002929,3082.25,2024-11-28 09:36:34.000000,2026-08-12 21:45:25.315550
INV00002704,PO0004612,5342.8,2024-04-26 21:05:32.000000,2026-08-12 21:45:25.315550
INV00002857,PO0001702,1366.89,2025-07-28 18:26:29.000000,2026-08-12 21:45:25.315550
INV00002898,PO0003879,3478.25,2024-09-04 17:43:58.000000,2026-08-12 21:45:25.315550
INV00003398,PO0004122,2869.67,2026-01-18 06:13:44.000000,2026-08-12 21:45:25.315550
INV00003647,PO0003103,558.08,2024-09-02 09:52:42.000000,2026-08-12 21:45:25.315550
INV00003659,PO0003622,2370.21,2024-06-07 15:18:20.000000,2026-08-12 21:45:25.315550
INV00004109,PO0000030,448.78,2025-09-19 18:47:52.000000,2026-08-12 21:45:25.315550
INV00004343,PO0000098,128.58,2024-12-13 04:14:42.000000,2026-08-12 21:45:25.315550
INV00004547,PO0000798,82.45,2025-08-05 11:05:20.000000,2026-08-12 21:45:25.315550
INV00004924,PO0000552,2559.09,2026-02-05 11:23:11.000000,2026-08-12 21:45:25.315550
INV00000058,PO0003563,2319.77,2024-08-10 18:02:22.000000,2026-08-12 21:45:25.315550
INV00000068,PO0004945,1373.94,2026-03-21 09:30:00.000000,2026-08-12 21:45:25.315550
INV00000127,PO0002604,1635.84,2025-05-11 23:09:32.000000,2026-08-12 21:45:25.315550
INV00000480,PO0002930,2880.92,2025-05-08 11:41:51.093428,2026-08-12 21:45:25.315550
INV00000519,PO0003799,5284.13,2025-01-10 11:24:17.000000,2026-08-12 21:45:25.315550
INV00000554,PO0002131,2243.58,2026-05-06 19:48:25.000000,2026-08-12 21:45:25.315550
INV00000557,PO0001808,464.23,2026-01-26 12:16:12.000000,2026-08-12 21:45:25.315550
INV00000674,PO0003504,3924.83,2024-06-23 21:08:39.000000,2026-08-12 21:45:25.315550
INV00000688,PO0004265,3138.82,2024-12-02 18:41:08.000000,2026-08-12 21:45:25.315550
INV00000737,PO0003780,2187.22,2024-05-14 22:52:13.000000,2026-08-12 21:45:25.315550
INV00000983,PO0000840,5234.24,2025-12-09 12:15:40.000000,2026-08-12 21:45:25.315550
INV00001161,PO0004531,4932.75,2024-07-07 21:54:54.000000,2026-08-12 21:45:25.315550
INV00001302,PO0004072,2148.25,2024-08-25 00:41:04.000000,2026-08-12 21:45:25.315550
INV00001410,PO0000633,4442.21,2025-09-23 15:15:16.000000,2026-08-12 21:45:25.315550
INV00001758,PO0000047,651.44,2026-03-13 23:44:43.000000,2026-08-12 21:45:25.315550
INV00001981,PO0001689,103.38,2025-09-02 01:57:30.000000,2026-08-12 21:45:25.315550
INV00002005,PO0004053,4833.11,2024-11-27 05:12:05.000000,2026-08-12 21:45:25.315550
INV00002405,PO0001255,926.67,2025-05-19 11:41:51.097427,2026-08-12 21:45:25.315550
INV00002964,PO0001711,3126.48,2025-03-29 23:55:23.000000,2026-08-12 21:45:25.315550
INV00003081,PO0002501,1755.81,2025-05-11 11:41:51.098952,2026-08-12 21:45:25.315550
INV00003128,PO0003965,4936.9,2025-04-25 23:45:45.000000,2026-08-12 21:45:25.315550
INV00003330,PO0000862,4774.83,2025-05-23 11:41:51.098952,2026-08-12 21:45:25.315550
INV00003508,PO0001846,3486.42,2024-07-13 05:55:41.000000,2026-08-12 21:45:25.315550
INV00003944,PO0003096,1189.11,2024-08-04 19:53:31.000000,2026-08-12 21:45:25.315550
INV00003957,PO0003043,2437.06,2025-07-30 17:14:18.000000,2026-08-12 21:45:25.315550
INV00004321,PO0000687,4132.26,2025-12-07 10:06:01.000000,2026-08-12 21:45:25.315550
INV00004404,PO0000923,4524.4,2024-07-25 10:44:17.000000,2026-08-12 21:45:25.315550
INV00004714,PO0002271,2725.15,2024-10-26 14:16:26.000000,2026-08-12 21:45:25.315550
INV00004719,PO0001790,3128.84,2024-08-04 18:23:34.000000,2026-08-12 21:45:25.315550
INV00005000,PO0001054,4670.79,2025-09-03 04:22:00.000000,2026-08-12 21:45:25.315550
INV00000222,PO0004164,3383.0,2025-03-08 21:43:45.000000,2026-08-12 21:45:25.315550
INV00000562,PO0004623,1381.54,2024-05-31 08:40:46.000000,2026-08-12 21:45:25.315550
INV00000714,PO0001894,4520.5,2025-12-26 17:36:42.000000,2026-08-12 21:45:25.315550
INV00000921,PO0002683,738.01,2024-09-13 15:53:20.000000,2026-08-12 21:45:25.315550
INV00001339,PO0001210,5488.48,2024-07-06 15:01:50.000000,2026-08-12 21:45:25.315550
INV00001363,PO0000075,4498.99,2024-09-07 19:48:22.000000,2026-08-12 21:45:25.315550
INV00001392,PO0002320,1767.78,2025-02-07 10:27:02.000000,2026-08-12 21:45:25.315550
INV00001620,PO0003000,1476.97,2025-10-31 12:07:05.000000,2026-08-12 21:45:25.315550
INV00001711,PO0002967,2141.58,2025-03-03 13:43:43.000000,2026-08-12 21:45:25.315550
INV00001712,PO0000878,2133.06,2025-02-26 21:53:05.000000,2026-08-12 21:45:25.315550
INV00001729,PO0004410,2894.14,2025-06-28 13:51:00.000000,2026-08-12 21:45:25.315550
INV00002024,PO0001675,935.67,2024-06-15 03:54:53.000000,2026-08-12 21:45:25.315550
INV00002057,PO0002139,2504.09,2025-11-25 06:20:29.000000,2026-08-12 21:45:25.315550
INV00002171,PO0001674,1906.19,2025-04-24 11:41:51.097427,2026-08-12 21:45:25.315550
INV00002342,PO0003915,648.11,2024-08-29 00:12:14.000000,2026-08-12 21:45:25.315550
INV00002483,PO0003824,2419.22,2025-01-26 16:50:59.000000,2026-08-12 21:45:25.315550
INV00002897,PO0000758,5441.45,2025-07-18 16:35:19.000000,2026-08-12 21:45:25.315550
INV00003045,PO0004057,1326.9,2024-07-01 13:43:58.000000,2026-08-12 21:45:25.315550
INV00003065,PO0004871,4323.75,2025-11-15 16:11:05.000000,2026-08-12 21:45:25.315550
INV00003117,PO0001828,3594.51,2025-04-29 23:37:23.000000,2026-08-12 21:45:25.315550
INV00003166,PO0003610,3369.29,2026-04-20 15:59:31.000000,2026-08-12 21:45:25.315550
INV00003168,PO0001905,4365.49,2025-10-14 22:34:07.000000,2026-08-12 21:45:25.315550
INV00003460,PO0001585,3685.37,2025-07-30 17:13:50.000000,2026-08-12 21:45:25.315550
INV00003767,PO0002457,3835.33,2024-11-26 18:43:12.000000,2026-08-12 21:45:25.315550
INV00003917,PO0004232,2028.92,2025-03-25 09:26:29.000000,2026-08-12 21:45:25.315550
INV00004178,PO0000869,4467.18,2026-02-25 07:41:26.000000,2026-08-12 21:45:25.315550
INV00004348,PO0002850,2392.17,2025-06-17 07:11:35.000000,2026-08-12 21:45:25.315550
INV00004364,PO0001059,2883.44,2024-09-21 23:51:23.000000,2026-08-12 21:45:25.315550
INV00004390,PO0003650,740.77,2024-10-06 02:13:41.000000,2026-08-12 21:45:25.315550
INV00004656,PO0000963,3062.83,2025-08-04 23:42:36.000000,2026-08-12 21:45:25.315550
INV00000006,PO0002478,769.1,2024-11-10 11:39:08.000000,2026-08-12 21:45:25.315550
INV00000022,PO0003606,2771.38,2026-02-06 06:42:35.000000,2026-08-12 21:45:25.315550
INV00000097,PO0004126,1030.37,2025-07-04 23:38:23.000000,2026-08-12 21:45:25.315550
INV00000120,PO0003223,1792.41,2025-03-03 11:32:01.000000,2026-08-12 21:45:25.315550
INV00000351,PO0004123,3008.38,2025-02-27 01:35:28.000000,2026-08-12 21:45:25.315550
INV00000507,PO0004697,763.88,2024-09-25 09:32:51.000000,2026-08-12 21:45:25.315550
INV00000619,PO0004543,4007.02,2025-04-20 11:41:51.093428,2026-08-12 21:45:25.315550
INV00000723,PO0003531,2720.18,2024-09-19 12:54:49.000000,2026-08-12 21:45:25.315550
INV00000726,PO0000947,2389.92,2026-05-09 21:49:56.000000,2026-08-12 21:45:25.315550
INV00000917,PO0002946,3906.24,2024-07-07 19:50:01.000000,2026-08-12 21:45:25.315550
INV00001066,PO0001540,5201.7,2025-10-12 00:17:02.000000,2026-08-12 21:45:25.315550
INV00001193,PO0004006,1565.45,2024-08-15 18:01:54.000000,2026-08-12 21:45:25.315550
INV00001305,PO0000206,992.62,2025-09-01 08:54:12.000000,2026-08-12 21:45:25.315550
INV00001460,PO0003793,2340.86,2026-01-12 08:43:28.000000,2026-08-12 21:45:25.315550
INV00001552,PO0000540,$5476.43,2024-12-02 12:06:13.000000,2026-08-12 21:45:25.315550
INV00001605,PO0003661,809.23,2024-11-17 21:32:33.000000,2026-08-12 21:45:25.315550
INV00001643,PO0002929,1092.26,2024-11-19 09:36:34.000000,2026-08-12 21:45:25.315550
INV00001717,PO0003974,3399.02,2025-09-10 23:56:20.000000,2026-08-12 21:45:25.315550
INV00002059,PO0004620,2667.64,2024-05-08 20:18:15.000000,2026-08-12 21:45:25.315550
INV00002226,PO0001986,4105.97,2024-06-21 01:06:05.000000,2026-08-12 21:45:25.315550
INV00002272,PO0003087,5313.64,2024-10-09 19:55:16.000000,2026-08-12 21:45:25.315550
INV00002293,PO0001783,2432.12,2025-07-07 14:28:05.000000,2026-08-12 21:45:25.315550
INV00002844,PO0001357,4039.25,2024-08-24 04:47:14.000000,2026-08-12 21:45:25.315550
INV00002951,PO0004413,985.29,2024-07-06 05:26:58.000000,2026-08-12 21:45:25.315550
INV00003174,PO0000032,882.17,2024-10-15 04:27:35.000000,2026-08-12 21:45:25.315550
INV00003198,PO0001569,4385.43,2026-01-11 07:15:09.000000,2026-08-12 21:45:25.315550
INV00003278,PO0000448,2760.29,2025-06-28 12:32:50.000000,2026-08-12 21:45:25.315550
INV00003360,PO0000501,2469.74,2024-09-06 17:28:58.000000,2026-08-12 21:45:25.315550
INV00003374,PO0001842,4135.14,2025-04-04 03:35:51.000000,2026-08-12 21:45:25.315550
INV00003625,PO0002642,5355.79,2026-04-01 05:27:06.000000,2026-08-12 21:45:25.315550
INV00003699,PO0002372,2430.74,2024-08-14 20:47:05.000000,2026-08-12 21:45:25.315550
INV00003932,PO0004348,4238.65,2026-04-27 16:27:00.000000,2026-08-12 21:45:25.315550
INV00004090,PO0003219,861.44,2025-12-16 03:39:27.000000,2026-08-12 21:45:25.315550
INV00004096,PO0002781,2400.89,2025-12-10 13:53:33.000000,2026-08-12 21:45:25.315550
INV00004150,PO0003817,3030.61,2024-09-27 11:18:17.000000,2026-08-12 21:45:25.315550
INV00004153,PO0002528,2457.33,2025-05-27 23:42:44.000000,2026-08-12 21:45:25.315550
INV00004260,PO0004371,2189.1,2024-10-20 17:34:40.000000,2026-08-12 21:45:25.315550
INV00004459,PO0000295,4740.05,2025-05-29 03:56:32.000000,2026-08-12 21:45:25.315550
INV00004732,PO0003840,3449.17,2025-11-08 12:54:25.000000,2026-08-12 21:45:25.315550
INV00004768,PO0000235,765.03,2024-07-25 00:52:44.000000,2026-08-12 21:45:25.315550
INV00004798,PO0000141,3753.65,2025-06-05 21:51:24.000000,2026-08-12 21:45:25.315550
INV00004823,PO0000289,3644.49,2025-07-08 03:18:32.000000,2026-08-12 21:45:25.315550
INV00000357,PO0002513,2255.71,2024-11-21 19:43:58.000000,2026-08-12 21:45:25.315550
INV00000595,PO0001238,914.98,2025-04-26 00:03:47.000000,2026-08-12 21:45:25.315550
INV00000778,PO0004788,2758.47,2025-12-27 16:02:00.000000,2026-08-12 21:45:25.315550
INV00000965,PO0002534,2459.2,2025-01-20 06:10:25.000000,2026-08-12 21:45:25.315550
INV00000978,PO0001739,814.91,2025-07-26 17:25:41.000000,2026-08-12 21:45:25.315550
INV00001150,PO0004843,1649.52,2025-08-13 02:53:13.000000,2026-08-12 21:45:25.315550
INV00001191,PO0004556,1805.65,2024-11-21 03:57:15.000000,2026-08-12 21:45:25.315550
INV00001212,PO0003197,3071.48,2024-08-07 05:21:16.000000,2026-08-12 21:45:25.315550
INV00001335,PO0003274,1304.74,2026-03-08 06:32:36.000000,2026-08-12 21:45:25.315550
INV00001409,PO0001986,5209.55,2024-06-27 01:06:05.000000,2026-08-12 21:45:25.315550
INV00001961,PO0002889,5210.19,2025-10-30 02:35:55.000000,2026-08-12 21:45:25.315550
INV00002093,PO0003691,1014.57,2025-09-03 07:11:24.000000,2026-08-12 21:45:25.315550
INV00002311,PO0000349,4694.96,2025-12-14 00:32:39.000000,2026-08-12 21:45:25.315550
INV00002535,PO0001001,2872.74,2025-12-12 02:21:01.000000,2026-08-12 21:45:25.315550
INV00002688,PO0001796,2884.25,2025-09-10 12:15:42.000000,2026-08-12 21:45:25.315550
INV00002789,PO0003193,2014.02,2024-06-06 07:50:07.000000,2026-08-12 21:45:25.315550
INV00002903,PO0002968,3315.38,2025-11-01 02:04:08.000000,2026-08-12 21:45:25.315550
INV00003006,PO0002562,4277.54,2025-10-26 15:51:23.000000,2026-08-12 21:45:25.315550
INV00003137,PO0000701,3811.39,2024-09-11 20:39:34.000000,2026-08-12 21:45:25.315550
INV00003375,PO0000263,1503.36,2024-11-02 08:13:12.000000,2026-08-12 21:45:25.315550
INV00003487,PO0000728,2229.67,2025-02-04 08:52:36.000000,2026-08-12 21:45:25.315550
INV00003748,PO0002631,5214.97,2025-02-16 16:54:47.000000,2026-08-12 21:45:25.315550
INV00003931,PO0003862,301.37,2024-10-25 16:23:52.000000,2026-08-12 21:45:25.315550
INV00004378,PO0002114,3079.19,2025-03-06 01:14:25.000000,2026-08-12 21:45:25.315550
INV00004973,PO0001582,130.87,2025-02-25 20:01:27.000000,2026-08-12 21:45:25.315550
INV00000174,PO0000035,2872.96,2025-03-02 19:39:35.000000,2026-08-12 21:45:25.315550
INV00000303,PO0003086,4727.68,2024-05-01 10:46:24.000000,2026-08-12 21:45:25.315550
INV00000450,PO0004998,2050.39,2024-07-28 11:09:44.000000,2026-08-12 21:45:25.315550
INV00000982,PO0001477,5003.31,2025-04-07 06:57:15.000000,2026-08-12 21:45:25.315550
INV00001026,PO0001197,5370.26,2024-10-08 05:25:06.000000,2026-08-12 21:45:25.315550
INV00001030,PO0002278,403.48,2024-10-13 07:36:59.000000,2026-08-12 21:45:25.315550
INV00001445,PO0000556,4391.71,2024-10-26 05:49:51.000000,2026-08-12 21:45:25.315550
INV00001558,PO0000194,5466.11,2024-12-31 00:34:31.000000,2026-08-12 21:45:25.315550
INV00001690,PO0004630,4225.42,2025-03-30 23:07:52.000000,2026-08-12 21:45:25.315550
INV00001716,PO0003817,3687.73,2024-10-11 11:18:17.000000,2026-08-12 21:45:25.315550
INV00001897,PO0000143,1518.31,2025-09-08 14:46:41.000000,2026-08-12 21:45:25.315550
INV00002106,PO0003971,1428.68,2025-10-22 16:29:42.000000,2026-08-12 21:45:25.315550
INV00002436,PO0004013,2567.86,2024-06-09 18:45:13.000000,2026-08-12 21:45:25.315550
INV00002522,PO0002723,4716.27,2026-03-03 19:47:22.000000,2026-08-12 21:45:25.315550
INV00002637,PO0000759,5315.59,2025-07-16 16:02:49.000000,2026-08-12 21:45:25.315550
INV00003246,PO0000636,4067.09,2025-11-09 02:30:57.000000,2026-08-12 21:45:25.315550
INV00003467,PO0002573,5144.14,2026-01-06 17:54:18.000000,2026-08-12 21:45:25.315550
INV00003649,PO0004229,1996.45,2025-05-11 09:27:17.000000,2026-08-12 21:45:25.315550
INV00003800,PO0002695,1621.86,2026-05-15 06:47:57.000000,2026-08-12 21:45:25.315550
INV00004495,PO0002371,1482.29,2024-11-29 14:42:08.000000,2026-08-12 21:45:25.315550
INV00004548,PO0001970,3970.89,2024-08-06 10:19:28.000000,2026-08-12 21:45:25.315550
INV00004713,PO0001144,4245.75,2024-12-28 05:48:25.000000,2026-08-12 21:45:25.315550
INV00004904,PO0000684,5162.99,2025-08-25 00:03:52.000000,2026-08-12 21:45:25.315550
INV00004946,PO0004225,995.18,2025-03-02 08:40:49.000000,2026-08-12 21:45:25.315550
INV00001137,PO0002062,891.63,2025-06-13 14:31:03.000000,2026-08-12 21:45:25.315550
INV00001275,PO0002059,784.17,2025-07-02 22:06:35.000000,2026-08-12 21:45:25.315550
INV00001618,PO0003030,564.19,2025-07-09 03:59:11.000000,2026-08-12 21:45:25.315550
INV00001695,PO0001852,4538.11,2025-08-16 15:56:07.000000,2026-08-12 21:45:25.315550
INV00001797,PO0000823,5170.56,2026-01-16 21:06:18.000000,2026-08-12 21:45:25.315550
INV00001810,PO0000934,55.53,2026-05-02 16:25:15.000000,2026-08-12 21:45:25.315550
INV00001936,PO0000890,1916.21,2026-03-18 01:58:52.000000,2026-08-12 21:45:25.315550
INV00002136,PO0003168,5476.08,2026-01-03 15:10:52.000000,2026-08-12 21:45:25.315550
INV00002143,PO0000888,3978.63,2025-06-23 11:54:08.000000,2026-08-12 21:45:25.315550
INV00002280,PO0003603,218.79,2025-12-12 02:58:50.000000,2026-08-12 21:45:25.315550
INV00002390,PO0004020,2269.23,2024-04-23 17:20:37.000000,2026-08-12 21:45:25.315550
INV00002577,PO0002362,3123.11,2026-03-08 12:41:03.000000,2026-08-12 21:45:25.315550
INV00002634,PO0002370,2851.53,2026-02-13 05:32:29.000000,2026-08-12 21:45:25.315550
INV00002646,PO0002904,1182.36,2025-11-22 00:00:20.000000,2026-08-12 21:45:25.315550
INV00002752,PO0001245,29.43,2025-03-08 08:08:59.000000,2026-08-12 21:45:25.315550
INV00002895,PO0001644,1772.62,2025-06-02 14:50:20.000000,2026-08-12 21:45:25.315550
INV00003017,PO0001385,569.52,2025-06-26 18:51:24.000000,2026-08-12 21:45:25.315550
INV00003082,PO0000985,4749.72,2025-10-13 22:45:21.000000,2026-08-12 21:45:25.315550
INV00003607,PO0003839,2234.58,2026-03-09 04:51:22.000000,2026-08-12 21:45:25.315550
INV00004293,PO0000538,3534.24,2025-04-16 07:40:37.000000,2026-08-12 21:45:25.315550
INV00004467,PO0004966,4312.98,2025-04-09 01:14:15.000000,2026-08-12 21:45:25.315550
INV00004616,PO0003254,487.6,2026-01-01 01:55:19.000000,2026-08-12 21:45:25.315550
INV00004690,PO0001924,4004.61,2025-05-17 11:41:51.102913,2026-08-12 21:45:25.315550
INV00004844,PO0001757,2572.07,2025-08-14 11:33:18.000000,2026-08-12 21:45:25.315550
INV00000352,PO0003908,1433.01,2025-03-21 02:54:23.000000,2026-08-12 21:45:25.315550
INV00000353,PO0003137,816.36,2026-05-11 12:55:49.000000,2026-08-12 21:45:25.315550
INV00000798,PO0001166,90.79,2025-06-16 13:19:07.000000,2026-08-12 21:45:25.315550
INV00000999,PO0003821,3981.56,2024-05-30 02:28:29.000000,2026-08-12 21:45:25.315550
INV00001078,PO0003072,535.82,2024-12-29 18:26:30.000000,2026-08-12 21:45:25.315550
INV00001868,PO0002294,5161.04,2025-07-06 21:53:01.000000,2026-08-12 21:45:25.315550
INV00001978,PO0001985,2405.86,2024-10-28 02:09:36.000000,2026-08-12 21:45:25.315550
INV00002462,PO0001228,3325.41,2026-02-07 20:56:58.000000,2026-08-12 21:45:25.315550
INV00002503,PO0000436,412.55,2025-05-18 11:41:51.097427,2026-08-12 21:45:25.315550
INV00002638,PO0002426,4521.8,2024-07-04 04:18:26.000000,2026-08-12 21:45:25.315550
INV00002684,PO0000758,962.63,2025-08-20 16:35:19.000000,2026-08-12 21:45:25.315550
INV00002787,PO0002666,2827.37,2024-07-25 04:07:27.000000,2026-08-12 21:45:25.315550
INV00003028,PO0001373,2548.84,2025-09-05 04:32:20.000000,2026-08-12 21:45:25.315550
INV00003145,PO0001526,1658.18,2025-05-20 09:58:02.000000,2026-08-12 21:45:25.315550
INV00003544,PO0004909,422.92,2024-06-09 05:53:36.000000,2026-08-12 21:45:25.315550
INV00004272,PO0000340,3024.96,2025-11-06 06:10:24.000000,2026-08-12 21:45:25.315550
INV00004733,PO0000879,$2882.92,2024-12-26 10:03:50.000000,2026-08-12 21:45:25.315550
INV00004907,PO0004370,5219.39,2025-12-03 16:02:52.000000,2026-08-12 21:45:25.315550
INV00000105,PO0003779,4890.77,2025-07-07 19:38:59.000000,2026-08-12 21:45:25.315550
INV00000164,PO0002338,4575.46,2025-04-04 06:20:54.000000,2026-08-12 21:45:25.315550
INV00000248,PO0002615,872.95,2024-08-18 18:28:03.000000,2026-08-12 21:45:25.315550
INV00000360,PO0002958,3514.42,2026-03-26 02:48:11.000000,2026-08-12 21:45:25.315550
INV00000408,PO0002153,2314.21,2025-03-29 17:57:53.000000,2026-08-12 21:45:25.315550
INV00000545,PO0003946,2817.71,2025-02-16 13:36:53.000000,2026-08-12 21:45:25.315550
INV00000604,PO0001355,2873.35,2025-05-25 11:41:51.093428,2026-08-12 21:45:25.315550
INV00000675,PO0003322,4207.62,2026-02-09 10:55:45.000000,2026-08-12 21:45:25.315550
INV00000851,PO0002446,3124.75,2025-01-15 02:43:02.000000,2026-08-12 21:45:25.315550
INV00000923,PO0001992,1090.27,2025-04-06 11:38:05.000000,2026-08-12 21:45:25.315550
INV00001227,PO0004077,2952.8,2024-06-02 18:33:52.000000,2026-08-12 21:45:25.315550
INV00001399,PO0004220,4606.69,2024-05-04 10:48:19.000000,2026-08-12 21:45:25.315550
INV00001910,PO0002525,4462.02,2024-05-22 04:01:52.000000,2026-08-12 21:45:25.315550
INV00001956,PO0002108,1319.69,2026-03-20 12:37:09.000000,2026-08-12 21:45:25.315550
INV00002061,PO0000321,536.36,2026-01-01 04:49:38.000000,2026-08-12 21:45:25.315550
INV00002286,PO0001989,415.07,2024-08-16 23:30:15.000000,2026-08-12 21:45:25.315550
INV00002345,PO0003577,649.99,2024-12-19 10:35:53.000000,2026-08-12 21:45:25.315550
INV00002930,PO0003770,2182.82,2025-06-08 14:39:38.000000,2026-08-12 21:45:25.315550
INV00003113,PO0001261,1142.83,2025-01-23 02:17:49.000000,2026-08-12 21:45:25.315550
INV00003123,PO0003367,314.63,2025-12-21 23:46:10.000000,2026-08-12 21:45:25.315550
INV00003181,PO0004393,5423.57,2025-08-08 11:06:23.000000,2026-08-12 21:45:25.315550
INV00003190,PO0004265,394.11,2024-12-03 18:41:08.000000,2026-08-12 21:45:25.315550
INV00003828,PO0003588,2273.97,2026-05-13 02:59:27.000000,2026-08-12 21:45:25.315550
INV00003846,PO0003696,2282.32,2024-12-27 11:32:54.000000,2026-08-12 21:45:25.315550
INV00003900,PO0004559,4612.97,2026-02-09 12:10:10.000000,2026-08-12 21:45:25.315550
INV00003940,PO0000543,3148.87,2025-01-12 16:14:57.000000,2026-08-12 21:45:25.315550
INV00003965,PO0000610,3467.3,2026-02-01 15:40:19.000000,2026-08-12 21:45:25.315550
INV00004292,PO0002245,633.46,2024-06-29 19:15:21.000000,2026-08-12 21:45:25.315550
INV00004416,PO0003268,1491.93,2025-06-28 14:39:09.000000,2026-08-12 21:45:25.315550
INV00004419,PO0004757,4133.29,2026-05-04 02:01:05.000000,2026-08-12 21:45:25.315550
INV00004432,PO0002726,2749.76,2024-06-22 11:53:19.000000,2026-08-12 21:45:25.315550
INV00004761,PO0003574,4561.41,2025-06-19 22:04:20.000000,2026-08-12 21:45:25.315550
INV00004879,PO0003011,887.12,2025-06-01 11:41:51.103922,2026-08-12 21:45:25.315550
INV00004963,PO0000751,2138.63,2025-04-25 00:10:16.000000,2026-08-12 21:45:25.315550
INV00000023,PO0002399,2040.75,2026-03-14 12:13:22.000000,2026-08-12 21:45:25.315550
INV00000293,PO0001632,1087.06,2024-11-04 03:48:05.000000,2026-08-12 21:45:25.315550
INV00000316,PO0000753,97.58,2025-08-21 06:37:15.000000,2026-08-12 21:45:25.315550
INV00000343,PO0004897,5278.57,2025-09-30 11:18:02.000000,2026-08-12 21:45:25.315550
INV00000387,PO0004944,4793.32,2025-04-11 15:11:19.000000,2026-08-12 21:45:25.315550
INV00000458,PO0000444,4274.25,2024-09-12 06:54:32.000000,2026-08-12 21:45:25.315550
INV00000681,PO0000115,5078.94,2025-01-07 18:53:21.000000,2026-08-12 21:45:25.315550
INV00000708,PO0000981,1280.41,2025-05-30 11:41:51.093428,2026-08-12 21:45:25.315550
INV00000810,PO0003591,2366.49,2025-04-24 23:36:20.000000,2026-08-12 21:45:25.315550
INV00000919,PO0004484,2936.3,2024-07-06 02:40:12.000000,2026-08-12 21:45:25.315550
INV00001037,PO0004517,4930.46,2025-05-07 11:16:26.000000,2026-08-12 21:45:25.315550
INV00001096,PO0001741,815.65,2024-06-06 21:14:28.000000,2026-08-12 21:45:25.315550
INV00001256,PO0002488,1675.69,2024-09-24 04:07:39.000000,2026-08-12 21:45:25.315550
INV00001398,PO0000361,4182.92,2025-08-13 05:00:07.000000,2026-08-12 21:45:25.315550
INV00001422,PO0003473,3697.09,2025-12-31 05:25:00.000000,2026-08-12 21:45:25.315550
INV00001440,PO0001966,245.02,2025-05-26 11:41:51.095433,2026-08-12 21:45:25.315550
INV00001714,PO0003621,2450.8,2025-07-05 09:12:00.000000,2026-08-12 21:45:25.315550
INV00001947,PO0001863,514.97,2024-09-19 16:52:09.000000,2026-08-12 21:45:25.315550
INV00002087,PO0003552,4276.44,2026-01-08 12:59:48.000000,2026-08-12 21:45:25.315550
INV00002693,PO0003995,839.25,2025-07-19 13:54:56.000000,2026-08-12 21:45:25.315550
INV00002713,PO0000159,4640.45,2024-12-16 04:11:55.000000,2026-08-12 21:45:25.315550
INV00002803,PO0004681,524.85,2025-01-07 22:19:24.000000,2026-08-12 21:45:25.315550
INV00002917,PO0002462,4123.94,2024-07-03 03:29:57.000000,2026-08-12 21:45:25.315550
INV00003021,PO0001431,651.22,2025-01-02 10:16:53.000000,2026-08-12 21:45:25.315550
INV00003447,PO0001291,2397.86,2025-08-19 14:32:40.000000,2026-08-12 21:45:25.315550
INV00003741,PO0000461,5159.22,2024-10-26 17:44:01.000000,2026-08-12 21:45:25.315550
INV00003866,PO0004973,495.21,2026-02-19 22:59:54.000000,2026-08-12 21:45:25.315550
INV00003910,PO0002267,2694.53,2026-05-02 21:57:48.000000,2026-08-12 21:45:25.315550
INV00003922,PO0004133,3668.86,2025-01-27 01:19:18.000000,2026-08-12 21:45:25.315550
INV00003952,PO0004657,112.65,2025-03-27 17:17:00.000000,2026-08-12 21:45:25.315550
INV00004097,PO0004065,1569.17,2026-01-31 18:01:06.000000,2026-08-12 21:45:25.315550
INV00004132,PO0003323,1775.22,2025-03-06 05:58:03.000000,2026-08-12 21:45:25.315550
INV00004304,PO0003406,5310.32,2025-04-15 14:31:37.000000,2026-08-12 21:45:25.315550
INV00004308,PO0000310,4720.37,2024-06-28 10:27:58.000000,2026-08-12 21:45:25.315550
INV00004397,PO0000226,5463.0,2025-08-21 10:58:58.000000,2026-08-12 21:45:25.315550
INV00004895,PO0000148,2777.1,2025-03-31 18:37:10.000000,2026-08-12 21:45:25.315550
INV00004915,PO0001193,$858.31,2025-07-25 11:59:14.000000,2026-08-12 21:45:25.315550
INV00000927,PO0001284,1316.11,2026-01-26 20:22:27.000000,2026-08-12 21:45:25.315550
INV00001569,PO0000560,2260.45,2025-05-01 11:41:51.095433,2026-08-12 21:45:25.315550
INV00001638,PO0004938,1520.66,2025-09-05 07:47:00.000000,2026-08-12 21:45:25.315550
INV00001667,PO0004177,4900.18,2025-12-09 10:03:42.000000,2026-08-12 21:45:25.315550
INV00001811,PO0002877,4918.13,2024-10-13 07:14:56.000000,2026-08-12 21:45:25.315550
INV00001988,PO0001438,2213.68,2024-06-14 15:12:10.000000,2026-08-12 21:45:25.315550
INV00002072,PO0001203,3294.54,2024-12-09 13:27:19.000000,2026-08-12 21:45:25.315550
INV00002233,PO0002756,3451.3,2025-03-20 14:58:19.000000,2026-08-12 21:45:25.315550
INV00002271,PO0004042,4521.12,2025-08-19 06:25:47.000000,2026-08-12 21:45:25.315550
INV00002319,PO0000380,5444.68,2024-12-11 11:14:22.000000,2026-08-12 21:45:25.315550
INV00002575,PO0001694,1323.82,2024-11-30 07:20:19.000000,2026-08-12 21:45:25.315550
INV00002600,PO0001768,2911.9,2025-04-30 21:46:38.000000,2026-08-12 21:45:25.315550
INV00002630,PO0004513,628.66,2024-05-30 06:02:49.000000,2026-08-12 21:45:25.315550
INV00002744,PO0000453,2569.72,2024-04-14 23:55:30.000000,2026-08-12 21:45:25.315550
INV00002820,PO0003489,3604.22,2025-08-05 01:48:01.000000,2026-08-12 21:45:25.315550
INV00003349,PO0004930,4523.56,2026-05-06 17:23:54.000000,2026-08-12 21:45:25.315550
INV00003404,PO0001284,2724.49,2026-01-22 20:22:27.000000,2026-08-12 21:45:25.315550
INV00003907,PO0001882,1196.45,2025-05-18 11:41:51.101047,2026-08-12 21:45:25.315550
INV00004169,PO0003755,112.79,2025-07-18 11:10:11.000000,2026-08-12 21:45:25.315550
INV00004324,PO0003361,5108.07,2025-05-08 00:28:31.000000,2026-08-12 21:45:25.315550
INV00004591,PO0000242,3018.87,2025-10-03 00:12:56.000000,2026-08-12 21:45:25.315550
INV00004633,PO0001983,3654.47,2025-11-13 00:53:39.000000,2026-08-12 21:45:25.315550
INV00004757,PO0003840,4014.58,2025-11-21 12:54:25.000000,2026-08-12 21:45:25.315550
INV00000792,PO0004266,2882.91,2025-02-21 23:11:19.000000,2026-08-12 21:45:25.315550
INV00000880,PO0000287,4007.41,2025-10-26 10:26:35.000000,2026-08-12 21:45:25.315550
INV00000987,PO0004403,846.72,2024-06-22 23:01:57.000000,2026-08-12 21:45:25.315550
INV00001170,PO0004421,3802.53,2024-09-16 22:36:31.000000,2026-08-12 21:45:25.315550
INV00001192,PO0004387,3261.08,2025-03-16 18:38:17.000000,2026-08-12 21:45:25.315550
INV00001311,PO0003245,2578.29,2026-01-24 01:32:28.000000,2026-08-12 21:45:25.315550
INV00001486,PO0004467,3125.05,2026-03-15 01:26:18.000000,2026-08-12 21:45:25.315550
INV00002125,PO0003488,1126.08,2025-01-13 06:49:54.000000,2026-08-12 21:45:25.315550
INV00002289,PO0000291,932.36,2026-03-20 13:07:24.000000,2026-08-12 21:45:25.315550
INV00002510,PO0001868,3405.23,2025-02-20 20:03:32.000000,2026-08-12 21:45:25.315550
INV00002797,PO0003226,3219.66,2025-04-07 00:30:02.000000,2026-08-12 21:45:25.315550
INV00002802,PO0002712,1459.69,2025-04-11 21:57:28.000000,2026-08-12 21:45:25.315550
INV00003595,PO0003551,1101.13,2024-08-11 15:55:52.000000,2026-08-12 21:45:25.315550
INV00003772,PO0000446,3772.07,2025-01-01 11:59:06.000000,2026-08-12 21:45:25.315550
INV00004610,PO0001650,835.86,2025-06-25 02:09:49.000000,2026-08-12 21:45:25.315550
INV00004928,PO0003074,617.74,2024-05-12 14:23:15.000000,2026-08-12 21:45:25.315550
INV00000776,PO0001934,1642.33,2024-06-09 21:08:30.000000,2026-08-12 21:45:25.315550
INV00000799,PO0002203,177.77,2026-04-07 04:15:59.000000,2026-08-12 21:45:25.315550
INV00000809,PO0003328,$3964.43,2025-05-13 07:13:07.000000,2026-08-12 21:45:25.315550
INV00000823,PO0004757,$2740.14,2026-05-10 02:01:05.000000,2026-08-12 21:45:25.315550
INV00000995,PO0002403,4567.34,2026-04-07 14:58:42.000000,2026-08-12 21:45:25.315550
INV00001008,PO0002736,601.38,2025-05-11 15:08:09.000000,2026-08-12 21:45:25.315550
INV00001592,PO0004654,184.58,2024-10-04 04:13:23.000000,2026-08-12 21:45:25.315550
INV00001598,PO0002776,5034.66,2025-01-21 15:31:09.000000,2026-08-12 21:45:25.315550
INV00001694,PO0004774,4300.64,2025-11-04 16:00:55.000000,2026-08-12 21:45:25.315550
INV00001846,PO0002336,4957.43,2025-12-20 17:10:50.000000,2026-08-12 21:45:25.315550
INV00001996,PO0003881,1075.01,2026-02-10 14:04:43.000000,2026-08-12 21:45:25.315550
INV00002090,PO0000873,2369.24,2025-10-02 00:46:05.000000,2026-08-12 21:45:25.315550
INV00002267,PO0000235,60.26,2024-06-29 00:52:44.000000,2026-08-12 21:45:25.315550
INV00002464,PO0000636,1756.6,2025-10-17 02:30:57.000000,2026-08-12 21:45:25.315550
INV00002663,PO0000072,215.31,2024-08-26 02:54:24.000000,2026-08-12 21:45:25.315550
INV00003052,PO0001112,3656.29,2024-07-03 01:05:27.000000,2026-08-12 21:45:25.315550
INV00003232,PO0004872,4134.87,2024-08-31 22:49:40.000000,2026-08-12 21:45:25.315550
INV00003247,PO0003202,1186.64,2026-01-10 18:09:24.000000,2026-08-12 21:45:25.315550
INV00003384,PO0004537,4225.01,2025-06-01 21:13:15.000000,2026-08-12 21:45:25.315550
INV00003582,PO0002293,2466.91,2024-11-13 23:52:01.000000,2026-08-12 21:45:25.315550
INV00003637,PO0001915,840.79,2026-02-26 14:25:47.000000,2026-08-12 21:45:25.315550
INV00003961,PO0002481,708.68,2026-04-18 17:37:11.000000,2026-08-12 21:45:25.315550
INV00004000,PO0001863,1941.47,2024-10-09 16:52:09.000000,2026-08-12 21:45:25.315550
INV00004852,PO0002334,4823.58,2026-02-01 03:58:41.000000,2026-08-12 21:45:25.315550
INV00000019,PO0001270,2128.75,2024-12-16 14:07:11.000000,2026-08-12 21:45:25.315550
INV00000138,PO0002669,3833.45,2025-01-31 13:48:51.000000,2026-08-12 21:45:25.315550
INV00000235,PO0000635,2226.04,2025-07-01 05:28:47.000000,2026-08-12 21:45:25.315550
INV00000582,PO0002850,1975.38,2025-06-04 07:11:35.000000,2026-08-12 21:45:25.315550
INV00000607,PO0000698,3924.82,2024-12-20 06:14:31.000000,2026-08-12 21:45:25.315550
INV00000699,PO0004324,3647.69,2025-05-04 15:39:38.000000,2026-08-12 21:45:25.315550
INV00000775,PO0004481,3926.79,2025-05-09 11:41:51.093428,2026-08-12 21:45:25.315550
INV00001239,PO0004277,3953.97,2024-07-26 17:52:05.000000,2026-08-12 21:45:25.315550
INV00001367,PO0001864,1407.88,2025-07-09 06:48:08.000000,2026-08-12 21:45:25.315550
INV00001509,PO0002934,2343.68,2024-12-16 07:49:59.000000,2026-08-12 21:45:25.315550
INV00001551,PO0002441,1511.02,2025-07-08 07:38:40.000000,2026-08-12 21:45:25.315550
INV00001753,PO0004500,5317.61,2025-04-20 11:41:51.096923,2026-08-12 21:45:25.315550
INV00001775,PO0004700,1687.18,2025-10-09 17:48:34.000000,2026-08-12 21:45:25.315550
INV00002300,PO0004706,1209.77,2025-05-19 01:26:22.000000,2026-08-12 21:45:25.315550
INV00002547,PO0004080,4511.31,2025-06-22 13:25:36.000000,2026-08-12 21:45:25.315550
INV00002563,PO0004474,1015.96,2024-12-25 04:02:52.000000,2026-08-12 21:45:25.315550
INV00003566,PO0003793,448.48,2025-12-25 08:43:28.000000,2026-08-12 21:45:25.315550
INV00003651,PO0004891,1642.14,2025-09-15 11:07:25.000000,2026-08-12 21:45:25.315550
INV00003826,PO0002100,1852.37,2025-03-31 04:22:08.000000,2026-08-12 21:45:25.315550
INV00003867,PO0002120,955.95,2024-08-14 21:51:02.000000,2026-08-12 21:45:25.315550
INV00003909,PO0003591,2074.73,2025-03-23 23:36:20.000000,2026-08-12 21:45:25.315550
INV00004184,PO0004876,2380.74,2025-09-27 20:30:14.000000,2026-08-12 21:45:25.315550
INV00004248,PO0004606,3150.55,2025-04-24 23:13:05.000000,2026-08-12 21:45:25.315550
INV00004255,PO0004104,1238.03,2025-09-23 15:25:15.000000,2026-08-12 21:45:25.315550
INV00004492,PO0003653,3385.67,2026-02-02 16:08:33.000000,2026-08-12 21:45:25.315550
INV00004582,PO0000857,2946.79,2024-11-03 08:03:53.000000,2026-08-12 21:45:25.315550
INV00004602,PO0000458,4157.7,2026-01-19 20:27:35.000000,2026-08-12 21:45:25.315550
INV00004607,PO0004008,2540.28,2024-07-06 10:52:25.000000,2026-08-12 21:45:25.315550
INV00004639,PO0000945,4322.51,2025-03-08 08:55:20.000000,2026-08-12 21:45:25.315550
INV00004942,PO0004741,5283.03,2025-04-27 11:41:51.103922,2026-08-12 21:45:25.315550
INV00004979,PO0001581,1213.08,2025-10-31 02:34:14.000000,2026-08-12 21:45:25.315550
INV00000175,PO0002083,2272.91,2025-03-02 12:45:51.000000,2026-08-12 21:45:25.315550
INV00000271,PO0002095,4344.44,2024-05-12 21:24:24.000000,2026-08-12 21:45:25.315550
INV00000515,PO0003953,4765.28,2025-03-16 05:15:52.000000,2026-08-12 21:45:25.315550
INV00000682,PO0004754,634.03,2025-12-05 15:38:26.000000,2026-08-12 21:45:25.315550
INV00001040,PO0002636,5244.03,2025-04-29 01:22:54.000000,2026-08-12 21:45:25.315550
INV00001316,PO0001669,3114.88,2024-07-11 08:36:52.000000,2026-08-12 21:45:25.315550
INV00001748,PO0002366,4722.37,2025-12-30 20:31:44.000000,2026-08-12 21:45:25.315550
INV00001890,PO0000236,2030.25,2025-02-01 09:12:54.000000,2026-08-12 21:45:25.315550
INV00001923,PO0004920,3525.76,2025-09-12 05:21:05.000000,2026-08-12 21:45:25.315550
INV00002077,PO0004591,630.22,2025-05-08 17:11:42.000000,2026-08-12 21:45:25.315550
INV00002173,PO0001771,5106.64,2026-02-25 15:56:25.000000,2026-08-12 21:45:25.315550
INV00002241,PO0000744,1306.25,2024-12-23 18:52:46.000000,2026-08-12 21:45:25.315550
INV00002505,PO0000859,1020.54,2025-10-02 21:54:11.000000,2026-08-12 21:45:25.315550
INV00003327,PO0003172,5467.01,2024-09-19 14:18:30.000000,2026-08-12 21:45:25.315550
INV00003371,PO0001048,173.92,2025-11-07 00:28:15.000000,2026-08-12 21:45:25.315550
INV00003492,PO0002373,1106.63,2025-11-09 11:01:42.000000,2026-08-12 21:45:25.315550
INV00003498,PO0004737,1173.21,2024-06-27 09:31:59.000000,2026-08-12 21:45:25.315550
INV00003534,PO0004241,2714.11,2026-03-04 18:56:43.000000,2026-08-12 21:45:25.315550
INV00003765,PO0002034,58.88,2025-01-06 01:46:58.000000,2026-08-12 21:45:25.315550
INV00003971,PO0000270,2740.84,2024-06-20 00:36:25.000000,2026-08-12 21:45:25.315550
INV00004389,PO0001922,2601.94,2025-05-15 11:41:51.102913,2026-08-12 21:45:25.315550
INV00004594,PO0000366,3677.12,2026-01-10 02:45:15.000000,2026-08-12 21:45:25.315550
INV00004596,PO0002376,2616.53,2026-05-08 07:49:18.000000,2026-08-12 21:45:25.315550
INV00004597,PO0001215,754.53,2025-10-26 02:50:56.000000,2026-08-12 21:45:25.315550
INV00004908,PO0002484,3994.86,2026-02-28 11:57:16.000000,2026-08-12 21:45:25.315550
INV00004952,PO0003824,5284.78,2025-02-26 16:50:59.000000,2026-08-12 21:45:25.315550
INV00004958,PO0000168,5406.39,2024-08-26 07:07:43.000000,2026-08-12 21:45:25.315550
INV00000092,PO0001874,3914.29,2024-11-15 11:34:44.000000,2026-08-12 21:45:25.315550
INV00000095,PO0001243,3372.73,2024-12-16 21:08:49.000000,2026-08-12 21:45:25.315550
INV00000444,PO0000253,762.66,2025-07-12 02:59:56.000000,2026-08-12 21:45:25.315550
INV00000489,PO0002476,4902.2,2025-08-29 15:23:02.000000,2026-08-12 21:45:25.315550
INV00000610,PO0002514,5141.13,2025-06-05 17:30:31.000000,2026-08-12 21:45:25.315550
INV00000616,PO0001945,1160.14,2026-05-27 22:11:04.000000,2026-08-12 21:45:25.315550
INV00000710,PO0001491,3674.31,2025-12-15 06:54:55.000000,2026-08-12 21:45:25.315550
INV00001518,PO0003613,1381.91,2025-10-01 02:21:08.000000,2026-08-12 21:45:25.315550
INV00001537,PO0001867,4566.69,2024-08-14 11:57:21.000000,2026-08-12 21:45:25.315550
INV00001663,PO0001719,3070.45,2024-08-02 13:57:27.000000,2026-08-12 21:45:25.315550
INV00001741,PO0001578,4752.59,2025-04-17 15:57:48.000000,2026-08-12 21:45:25.315550
INV00001804,PO0000599,1573.59,2025-08-23 01:27:56.000000,2026-08-12 21:45:25.315550
INV00001999,PO0003265,4155.21,2025-01-18 14:28:40.000000,2026-08-12 21:45:25.315550
INV00002114,PO0003081,3015.84,2025-01-29 08:01:53.000000,2026-08-12 21:45:25.315550
INV00002236,PO0003826,4076.46,2024-06-16 15:34:13.000000,2026-08-12 21:45:25.315550
INV00003115,PO0004943,4178.26,2024-06-07 01:01:05.000000,2026-08-12 21:45:25.315550
INV00003277,PO0000332,1211.93,2025-04-24 11:41:51.098952,2026-08-12 21:45:25.315550
INV00003646,PO0000023,2676.22,2026-02-23 06:48:12.000000,2026-08-12 21:45:25.315550
INV00003712,PO0003789,1556.3,2025-08-20 04:11:20.000000,2026-08-12 21:45:25.315550
INV00003875,PO0001340,1906.47,2025-03-29 05:50:34.000000,2026-08-12 21:45:25.315550
INV00004626,PO0000540,3583.87,2024-11-25 12:06:13.000000,2026-08-12 21:45:25.315550
INV00004750,PO0004659,2654.33,2026-03-31 14:56:55.000000,2026-08-12 21:45:25.315550
INV00004897,PO0002338,5272.55,2025-04-03 06:20:54.000000,2026-08-12 21:45:25.315550
INV00004992,PO0001553,3568.6,2025-01-10 13:41:56.000000,2026-08-12 21:45:25.315550
INV00000345,PO0002868,146.3,2024-08-10 06:24:53.000000,2026-08-12 21:45:25.315550
INV00000544,PO0001756,3891.39,2024-05-29 19:10:13.000000,2026-08-12 21:45:25.315550
INV00000630,PO0000358,4334.04,2025-10-14 11:34:54.000000,2026-08-12 21:45:25.315550
INV00000755,PO0002663,4532.66,2025-03-24 08:26:50.000000,2026-08-12 21:45:25.315550
INV00000800,PO0003648,973.56,2025-08-14 01:43:28.000000,2026-08-12 21:45:25.315550
INV00000887,PO0001062,3654.49,2024-12-11 06:23:24.000000,2026-08-12 21:45:25.315550
INV00000892,PO0004061,2969.3,2025-11-18 01:54:26.000000,2026-08-12 21:45:25.315550
INV00000979,PO0002513,5354.36,2024-11-04 19:43:58.000000,2026-08-12 21:45:25.315550
INV00001023,PO0002551,570.52,2024-05-29 12:28:41.000000,2026-08-12 21:45:25.315550
INV00001169,PO0002741,2626.8,2025-08-29 07:54:16.000000,2026-08-12 21:45:25.315550
INV00001446,PO0003493,483.61,2024-11-14 21:56:46.000000,2026-08-12 21:45:25.315550
INV00001676,PO0001210,4263.12,2024-06-17 15:01:50.000000,2026-08-12 21:45:25.315550
INV00002113,PO0000786,3799.37,2025-05-09 11:41:51.097427,2026-08-12 21:45:25.315550
INV00002519,PO0003955,3362.4,2024-07-13 01:10:20.000000,2026-08-12 21:45:25.315550
INV00002681,PO0001002,1733.67,2025-01-09 23:17:54.000000,2026-08-12 21:45:25.315550
INV00002756,PO0002360,4166.28,2025-07-25 05:32:40.000000,2026-08-12 21:45:25.315550
INV00002928,PO0004225,2101.46,2025-02-26 08:40:49.000000,2026-08-12 21:45:25.315550
INV00004206,PO0000006,4021.13,2025-01-22 06:18:23.000000,2026-08-12 21:45:25.315550
INV00000287,PO0001954,$173.9,2026-02-22 23:51:28.000000,2026-08-12 21:45:25.315550
INV00000324,PO0003427,1029.46,2025-06-26 00:46:09.000000,2026-08-12 21:45:25.315550
INV00000752,PO0004854,5178.38,2024-12-11 18:17:13.000000,2026-08-12 21:45:25.315550
INV00000781,PO0002194,1203.3,2025-06-30 03:01:54.000000,2026-08-12 21:45:25.315550
INV00001240,PO0004141,5356.79,2026-01-19 11:33:21.000000,2026-08-12 21:45:25.315550
INV00001637,PO0004697,4418.63,2024-09-18 09:32:51.000000,2026-08-12 21:45:25.315550
INV00001943,PO0001327,1511.09,2025-06-21 08:12:57.000000,2026-08-12 21:45:25.315550
INV00002385,PO0001622,408.31,2025-07-20 06:19:32.000000,2026-08-12 21:45:25.315550
INV00002420,PO0004739,4776.48,2026-03-08 08:14:36.000000,2026-08-12 21:45:25.315550
INV00002618,PO0004103,2112.29,2026-03-09 18:45:08.000000,2026-08-12 21:45:25.315550
INV00002709,PO0000698,3277.99,2024-12-26 06:14:31.000000,2026-08-12 21:45:25.315550
INV00002729,PO0004541,1031.75,2025-05-04 23:57:14.000000,2026-08-12 21:45:25.315550
INV00002796,PO0001845,5396.5,2024-12-01 00:26:27.000000,2026-08-12 21:45:25.315550
INV00003161,PO0002701,998.7,2024-08-11 01:02:38.000000,2026-08-12 21:45:25.315550
INV00003920,PO0001230,4640.83,2025-07-04 13:53:59.000000,2026-08-12 21:45:25.315550
INV00004095,PO0004772,2889.81,2025-06-02 11:41:51.101047,2026-08-12 21:45:25.315550
INV00004522,PO0003846,3558.43,2025-11-24 15:03:19.000000,2026-08-12 21:45:25.315550
INV00004541,PO0003221,873.06,2025-11-02 19:49:27.000000,2026-08-12 21:45:25.315550
INV00004796,PO0002963,4224.5,2026-04-24 06:32:31.000000,2026-08-12 21:45:25.315550
INV00000081,PO0002084,4029.68,2026-01-08 10:35:58.000000,2026-08-12 21:45:25.315550
INV00000270,PO0002727,3037.56,2025-05-26 11:41:51.091922,2026-08-12 21:45:25.315550
INV00000522,PO0004868,565.42,2024-11-21 13:58:32.000000,2026-08-12 21:45:25.315550
INV00000547,PO0002757,701.15,2026-05-06 10:01:19.000000,2026-08-12 21:45:25.315550
INV00000862,PO0002833,1002.37,2025-04-19 05:57:36.000000,2026-08-12 21:45:25.315550
INV00001009,PO0001857,29.16,2025-06-13 04:41:10.000000,2026-08-12 21:45:25.315550
INV00001116,PO0001518,4591.69,2024-07-17 00:08:03.000000,2026-08-12 21:45:25.315550
INV00001285,PO0003814,4164.05,2026-04-09 02:08:02.000000,2026-08-12 21:45:25.315550
INV00001347,PO0001681,4634.47,2025-01-14 03:28:55.000000,2026-08-12 21:45:25.315550
INV00001524,PO0001569,5214.08,2026-01-07 07:15:09.000000,2026-08-12 21:45:25.315550
INV00001646,PO0003000,3133.7,2025-11-20 12:07:05.000000,2026-08-12 21:45:25.315550
INV00001732,PO0000564,5279.75,2025-05-18 15:52:54.000000,2026-08-12 21:45:25.315550
INV00001751,PO0004714,744.89,2025-01-28 14:51:44.000000,2026-08-12 21:45:25.315550
INV00001752,PO0001497,1942.52,2025-12-04 17:35:56.000000,2026-08-12 21:45:25.315550
INV00001849,PO0000800,3038.83,2024-06-14 13:09:01.000000,2026-08-12 21:45:25.315550
INV00001870,PO0001761,3353.15,2025-06-12 18:46:23.000000,2026-08-12 21:45:25.315550
INV00001941,PO0002030,80.39,2024-07-20 09:38:25.000000,2026-08-12 21:45:25.315550
INV00002242,PO0002951,590.3,2025-09-30 14:39:17.000000,2026-08-12 21:45:25.315550
INV00002314,PO0000054,2948.55,2024-10-03 07:47:18.000000,2026-08-12 21:45:25.315550
INV00002438,PO0000379,1416.04,2025-08-14 03:43:48.000000,2026-08-12 21:45:25.315550
INV00002520,PO0000610,547.81,2026-01-22 15:40:19.000000,2026-08-12 21:45:25.315550
INV00002560,PO0002081,2445.47,2024-12-22 23:13:26.000000,2026-08-12 21:45:25.315550
INV00003077,PO0003348,3477.6,2025-12-12 04:46:51.000000,2026-08-12 21:45:25.315550
INV00003103,PO0000850,409.72,2025-04-03 06:19:08.000000,2026-08-12 21:45:25.315550
INV00003131,PO0000615,461.33,2025-08-23 11:37:26.000000,2026-08-12 21:45:25.315550
INV00003266,PO0003343,5251.82,2024-08-26 03:47:59.000000,2026-08-12 21:45:25.315550
INV00003948,PO0004989,1052.46,2025-01-14 05:20:27.000000,2026-08-12 21:45:25.315550
INV00004133,PO0003985,2639.0,2026-03-08 13:37:14.000000,2026-08-12 21:45:25.315550
INV00004669,PO0003418,374.67,2025-05-12 11:07:12.000000,2026-08-12 21:45:25.315550
INV00004693,PO0003986,423.7,2025-09-18 04:55:48.000000,2026-08-12 21:45:25.315550
INV00004878,PO0000625,1613.33,2025-11-17 16:04:05.000000,2026-08-12 21:45:25.315550
INV00000043,PO0001211,4563.23,2024-12-23 11:30:46.000000,2026-08-12 21:45:25.315550
INV00000282,PO0000525,1806.98,2025-09-24 05:25:50.000000,2026-08-12 21:45:25.315550
INV00000442,PO0001729,3265.52,2025-08-19 17:44:10.000000,2026-08-12 21:45:25.315550
INV00000512,PO0000988,3312.72,2025-03-29 10:29:00.000000,2026-08-12 21:45:25.315550
INV00000533,PO0004224,1385.81,2025-04-09 07:02:35.000000,2026-08-12 21:45:25.315550
INV00000920,PO0000016,3712.66,2026-04-22 17:49:16.000000,2026-08-12 21:45:25.315550
INV00000955,PO0001737,497.94,2025-08-17 21:22:32.000000,2026-08-12 21:45:25.315550
INV00001602,PO0004247,2995.52,2024-10-19 18:54:24.000000,2026-08-12 21:45:25.315550
INV00001874,PO0001852,1733.67,2025-08-24 15:56:07.000000,2026-08-12 21:45:25.315550
INV00002217,PO0002297,456.33,2025-02-03 10:35:14.000000,2026-08-12 21:45:25.315550
INV00002231,PO0003733,1792.25,2025-11-25 02:28:42.000000,2026-08-12 21:45:25.315550
INV00002360,PO0004656,1057.71,2024-10-21 11:11:17.000000,2026-08-12 21:45:25.315550
INV00002389,PO0003522,814.5,2026-03-27 01:13:57.000000,2026-08-12 21:45:25.315550
INV00002401,PO0001834,4271.44,2024-11-03 18:50:49.000000,2026-08-12 21:45:25.315550
INV00002670,PO0000549,3569.32,2024-09-14 10:33:58.000000,2026-08-12 21:45:25.315550
INV00002760,PO0003434,1487.28,2025-01-24 04:17:20.000000,2026-08-12 21:45:25.315550
INV00003059,PO0000739,1404.96,2026-01-12 12:06:23.000000,2026-08-12 21:45:25.315550
INV00003095,PO0000273,1696.8,2024-08-20 22:40:49.000000,2026-08-12 21:45:25.315550
INV00003282,PO0004172,734.75,2024-10-11 01:55:35.000000,2026-08-12 21:45:25.315550
INV00003522,PO0001453,5036.53,2024-06-01 14:39:48.000000,2026-08-12 21:45:25.315550
INV00003587,PO0002759,4723.01,2026-01-06 06:15:31.000000,2026-08-12 21:45:25.315550
INV00003592,PO0001656,3759.53,2025-03-13 08:30:26.000000,2026-08-12 21:45:25.315550
INV00003962,PO0002223,698.08,2025-04-19 05:47:51.000000,2026-08-12 21:45:25.315550
INV00004018,PO0003168,4777.24,2025-12-02 15:10:52.000000,2026-08-12 21:45:25.315550
INV00004402,PO0001792,5005.95,2024-12-11 12:34:41.000000,2026-08-12 21:45:25.315550
INV00004559,PO0001646,3554.55,2025-05-08 22:04:37.000000,2026-08-12 21:45:25.315550
INV00004638,PO0004638,5379.87,2025-09-09 16:37:05.000000,2026-08-12 21:45:25.315550
INV00004667,PO0003499,1986.11,2025-09-21 17:20:00.000000,2026-08-12 21:45:25.315550
INV00004742,PO0000094,3265.32,2025-07-23 02:38:56.000000,2026-08-12 21:45:25.315550
INV00004848,PO0003078,1978.17,2025-07-28 11:02:35.000000,2026-08-12 21:45:25.315550
INV00004863,PO0003147,4108.84,2025-11-25 12:28:53.000000,2026-08-12 21:45:25.315550
INV00004971,PO0002986,3251.31,2026-03-07 16:29:12.000000,2026-08-12 21:45:25.315550
INV00001013,PO0000928,3739.31,2024-12-29 15:03:11.000000,2026-08-12 21:45:25.315550
INV00001049,PO0003986,2241.19,2025-09-23 04:55:48.000000,2026-08-12 21:45:25.315550
INV00001221,PO0004415,4698.41,2026-02-28 07:03:53.000000,2026-08-12 21:45:25.315550
INV00001228,PO0003946,4255.39,2025-01-11 13:36:53.000000,2026-08-12 21:45:25.315550
INV00001351,PO0004682,3347.97,2025-05-17 11:41:51.095433,2026-08-12 21:45:25.315550
INV00001521,PO0001148,1736.6,2025-04-12 11:41:51.095433,2026-08-12 21:45:25.315550
INV00001550,PO0002046,4815.81,2025-11-30 14:18:54.000000,2026-08-12 21:45:25.315550
INV00001701,PO0000008,2269.53,2025-06-25 09:05:46.000000,2026-08-12 21:45:25.315550
INV00001907,PO0004516,5208.81,2024-11-15 04:15:21.000000,2026-08-12 21:45:25.315550
INV00002169,PO0000221,2106.71,2024-09-22 18:06:07.000000,2026-08-12 21:45:25.315550
INV00002751,PO0004972,813.88,2025-01-04 21:41:23.000000,2026-08-12 21:45:25.315550
INV00003481,PO0003938,5002.88,2026-02-26 09:33:43.000000,2026-08-12 21:45:25.315550
INV00003640,PO0003153,3082.27,2026-02-13 14:25:29.000000,2026-08-12 21:45:25.315550
INV00004068,PO0002487,3127.51,2025-04-29 00:30:37.000000,2026-08-12 21:45:25.315550
INV00004235,PO0000813,4026.86,2024-11-01 00:06:34.000000,2026-08-12 21:45:25.315550
INV00004239,PO0001936,3558.68,2025-12-01 03:54:05.000000,2026-08-12 21:45:25.315550
INV00004381,PO0003313,2188.28,2025-02-10 18:23:02.000000,2026-08-12 21:45:25.315550
INV00004850,PO0000964,651.5,2025-04-19 19:18:37.000000,2026-08-12 21:45:25.315550
INV00004882,PO0002781,246.71,2025-11-20 13:53:33.000000,2026-08-12 21:45:25.315550
INV00004998,PO0003670,2161.79,2026-01-15 19:24:10.000000,2026-08-12 21:45:25.315550
INV00000213,PO0002477,4964.1,2025-08-18 21:21:35.000000,2026-08-12 21:45:25.315550
INV00000294,PO0001499,4266.17,2025-12-04 18:35:29.000000,2026-08-12 21:45:25.315550
INV00000698,PO0004356,123.7,2024-12-13 18:26:11.000000,2026-08-12 21:45:25.315550
INV00001041,PO0001806,4183.19,2026-02-02 18:57:00.000000,2026-08-12 21:45:25.315550
INV00001312,PO0000575,964.14,2024-07-05 04:11:16.000000,2026-08-12 21:45:25.315550
INV00001485,PO0003148,701.58,2024-08-02 16:08:11.000000,2026-08-12 21:45:25.315550
INV00002150,PO0002537,3813.39,2025-05-26 04:17:42.000000,2026-08-12 21:45:25.315550
INV00002235,PO0002740,505.92,2025-12-30 16:50:16.000000,2026-08-12 21:45:25.315550
INV00002336,PO0002233,394.67,2024-12-24 03:04:05.000000,2026-08-12 21:45:25.315550
INV00002731,PO0000433,4896.59,2025-11-02 12:56:53.000000,2026-08-12 21:45:25.315550
INV00002899,PO0003518,2280.17,2026-02-25 15:21:43.000000,2026-08-12 21:45:25.315550
INV00003185,PO0001903,1723.08,2025-08-21 11:45:03.000000,2026-08-12 21:45:25.315550
INV00003298,PO0003711,1175.47,2025-06-17 03:37:20.000000,2026-08-12 21:45:25.315550
INV00003503,PO0001721,340.41,2025-09-20 06:19:13.000000,2026-08-12 21:45:25.315550
INV00003688,PO0004974,3231.32,2025-01-18 08:41:20.000000,2026-08-12 21:45:25.315550
INV00003726,PO0001704,4398.57,2024-08-20 03:38:13.000000,2026-08-12 21:45:25.315550
INV00004044,PO0000419,1902.19,2025-10-26 09:36:00.000000,2026-08-12 21:45:25.315550
INV00004152,PO0000973,2659.88,2024-10-15 02:36:01.000000,2026-08-12 21:45:25.315550
INV00004163,PO0002657,1199.75,2025-04-29 11:41:51.102408,2026-08-12 21:45:25.315550
INV00004270,PO0003147,1301.56,2025-12-25 12:28:53.000000,2026-08-12 21:45:25.315550
INV00004403,PO0003638,1742.44,2025-05-14 03:39:44.000000,2026-08-12 21:45:25.315550
INV00004415,PO0001264,$1313.63,2026-02-09 23:23:20.000000,2026-08-12 21:45:25.315550
INV00004472,PO0003603,1246.15,2025-12-26 02:58:50.000000,2026-08-12 21:45:25.315550
INV00004545,PO0004304,2609.03,2026-01-24 10:16:21.000000,2026-08-12 21:45:25.315550
INV00004627,PO0000728,1383.9,2025-02-23 08:52:36.000000,2026-08-12 21:45:25.315550
INV00004681,PO0002575,850.23,2025-01-07 06:41:03.000000,2026-08-12 21:45:25.315550
INV00004740,PO0004765,4571.01,2025-07-13 16:11:55.000000,2026-08-12 21:45:25.315550
INV00004765,PO0003623,235.77,2026-03-31 11:25:24.000000,2026-08-12 21:45:25.315550
INV00000033,PO0001085,4869.71,2025-02-01 23:13:03.000000,2026-08-12 21:45:25.315550
INV00000130,PO0003734,15.48,2025-03-29 01:28:05.000000,2026-08-12 21:45:25.315550
INV00000160,PO0003248,438.97,2025-12-29 03:15:12.000000,2026-08-12 21:45:25.315550
INV00000448,PO0000862,2469.83,2025-05-08 11:41:51.091922,2026-08-12 21:45:25.315550
INV00000484,PO0000537,5129.98,2025-03-09 20:53:58.000000,2026-08-12 21:45:25.315550
INV00001403,PO0001727,4293.74,2025-06-10 19:00:06.000000,2026-08-12 21:45:25.315550
INV00001787,PO0001312,4784.57,2025-04-08 03:39:05.000000,2026-08-12 21:45:25.315550
INV00001898,PO0000249,4060.99,2025-11-12 05:44:41.000000,2026-08-12 21:45:25.315550
INV00002031,PO0004129,1843.43,2025-12-02 20:43:49.000000,2026-08-12 21:45:25.315550
INV00002472,PO0003879,1993.29,2024-08-02 17:43:58.000000,2026-08-12 21:45:25.315550
INV00002541,PO0004594,1318.9,2025-11-08 10:25:07.000000,2026-08-12 21:45:25.315550
INV00002770,PO0002332,1763.99,2025-03-03 18:09:55.000000,2026-08-12 21:45:25.315550
INV00002877,PO0004230,246.69,2024-06-29 21:18:36.000000,2026-08-12 21:45:25.315550
INV00003063,PO0003397,3547.67,2026-04-23 00:16:46.000000,2026-08-12 21:45:25.315550
INV00003096,PO0004606,2357.0,2025-04-09 23:13:05.000000,2026-08-12 21:45:25.315550
INV00003711,PO0003859,1146.88,2025-04-22 11:41:51.101047,2026-08-12 21:45:25.315550
INV00003906,PO0002987,1173.36,2025-02-09 05:54:21.000000,2026-08-12 21:45:25.315550
INV00004183,PO0002341,4937.22,2025-08-11 04:21:44.000000,2026-08-12 21:45:25.315550
INV00004925,PO0001959,4481.95,2024-12-25 22:56:52.000000,2026-08-12 21:45:25.315550
INV00000181,PO0003945,1726.11,2025-04-17 02:03:05.000000,2026-08-12 21:45:25.315550
INV00000523,PO0000316,567.67,2026-03-13 06:11:18.000000,2026-08-12 21:45:25.315550
INV00000551,PO0001065,4524.05,2025-06-23 18:29:05.000000,2026-08-12 21:45:25.315550
INV00000648,PO0004726,4122.47,2025-10-21 10:01:25.000000,2026-08-12 21:45:25.315550
INV00000915,PO0003344,5442.75,2025-04-26 11:41:51.093428,2026-08-12 21:45:25.315550
INV00001349,PO0003312,3088.7,2025-12-07 09:29:27.000000,2026-08-12 21:45:25.315550
INV00001606,PO0004775,4710.82,2025-07-15 03:18:20.000000,2026-08-12 21:45:25.315550
INV00001692,PO0003059,3405.48,2024-10-15 01:53:34.000000,2026-08-12 21:45:25.315550
INV00002004,PO0001367,3035.29,2025-04-13 15:00:54.000000,2026-08-12 21:45:25.315550
INV00002047,PO0000421,3423.02,2024-08-10 03:23:06.000000,2026-08-12 21:45:25.315550
INV00002066,PO0001474,967.9,2024-08-12 19:29:56.000000,2026-08-12 21:45:25.315550
INV00002162,PO0003976,1189.9,2025-03-31 15:23:58.000000,2026-08-12 21:45:25.315550
INV00002457,PO0004021,960.49,2024-12-30 20:18:24.000000,2026-08-12 21:45:25.315550
INV00002507,PO0003196,4219.82,2026-04-24 01:23:44.000000,2026-08-12 21:45:25.315550
INV00002848,PO0003194,1742.17,2024-05-10 22:40:17.000000,2026-08-12 21:45:25.315550
INV00002956,PO0000377,5236.98,2024-12-24 20:19:32.000000,2026-08-12 21:45:25.315550
INV00003182,PO0001034,1931.15,2025-08-03 21:09:21.000000,2026-08-12 21:45:25.315550
INV00003693,PO0004378,3772.36,2025-02-17 15:45:37.000000,2026-08-12 21:45:25.315550
INV00003697,PO0004414,3043.86,2026-02-19 06:21:38.000000,2026-08-12 21:45:25.315550
INV00003862,PO0001328,337.41,2025-04-29 11:41:51.101047,2026-08-12 21:45:25.315550
INV00004058,PO0003520,4899.45,2025-08-12 16:59:36.000000,2026-08-12 21:45:25.315550
INV00004115,PO0001625,3665.99,2025-01-20 07:27:26.000000,2026-08-12 21:45:25.315550
INV00004427,PO0003396,5067.21,2024-08-28 13:47:14.000000,2026-08-12 21:45:25.315550
INV00004433,PO0000774,230.04,2025-08-14 20:51:10.000000,2026-08-12 21:45:25.315550
INV00004576,PO0002808,2783.11,2024-12-18 16:52:32.000000,2026-08-12 21:45:25.315550
INV00004685,PO0004324,1812.43,2025-05-15 15:39:38.000000,2026-08-12 21:45:25.315550
INV00004687,PO0001207,1107.59,2024-09-21 21:20:15.000000,2026-08-12 21:45:25.315550
INV00004709,PO0001880,1230.09,2026-03-27 16:06:57.000000,2026-08-12 21:45:25.315550
INV00004843,PO0003315,$3244.76,2024-09-24 05:46:45.000000,2026-08-12 21:45:25.315550
INV00000386,PO0004623,2562.48,2024-06-26 08:40:46.000000,2026-08-12 21:45:25.315550
INV00000731,PO0002506,631.07,2024-07-03 03:45:55.000000,2026-08-12 21:45:25.315550
INV00000797,PO0000263,4466.99,2024-10-24 08:13:12.000000,2026-08-12 21:45:25.315550
INV00000805,PO0003905,835.64,2025-01-26 22:04:51.000000,2026-08-12 21:45:25.315550
INV00001053,PO0003876,4801.99,2024-09-09 18:39:29.000000,2026-08-12 21:45:25.315550
INV00001164,PO0002739,3285.73,2024-12-21 09:11:11.000000,2026-08-12 21:45:25.315550
INV00001333,PO0000493,4047.97,2026-02-21 23:12:16.000000,2026-08-12 21:45:25.315550
INV00001769,PO0002325,3331.12,2025-04-27 11:41:51.096923,2026-08-12 21:45:25.315550
INV00001878,PO0000633,5238.5,2025-09-01 15:15:16.000000,2026-08-12 21:45:25.315550
INV00002166,PO0000042,640.68,2025-03-04 17:06:17.000000,2026-08-12 21:45:25.315550
INV00002189,PO0004212,472.59,2024-06-27 17:30:28.000000,2026-08-12 21:45:25.315550
INV00002244,PO0002368,2391.05,2025-08-28 14:45:46.000000,2026-08-12 21:45:25.315550
INV00002947,PO0004774,5465.05,2025-11-02 16:00:55.000000,2026-08-12 21:45:25.315550
INV00003001,PO0004476,2241.24,2025-05-29 05:04:07.000000,2026-08-12 21:45:25.315550
INV00003023,PO0002333,4946.7,2024-12-02 03:39:46.000000,2026-08-12 21:45:25.315550
INV00003109,PO0000708,2181.92,2024-06-16 21:15:41.000000,2026-08-12 21:45:25.315550
INV00003248,PO0002870,3178.65,2024-10-16 04:08:48.000000,2026-08-12 21:45:25.315550
INV00003390,PO0003146,3040.31,2024-06-04 15:56:11.000000,2026-08-12 21:45:25.315550
INV00003411,PO0002732,3061.54,2025-03-12 12:11:53.000000,2026-08-12 21:45:25.315550
INV00003449,PO0002259,2146.67,2024-06-30 21:09:57.000000,2026-08-12 21:45:25.315550
INV00003630,PO0001452,3227.95,2026-02-06 17:57:37.000000,2026-08-12 21:45:25.315550
INV00003959,PO0003255,1519.77,2024-09-28 18:18:46.000000,2026-08-12 21:45:25.315550
INV00004063,PO0000375,2459.33,2024-06-25 16:33:00.000000,2026-08-12 21:45:25.315550
INV00004267,PO0000400,2049.9,2026-04-02 02:05:13.000000,2026-08-12 21:45:25.315550
INV00004453,PO0003387,454.79,2024-10-05 04:37:33.000000,2026-08-12 21:45:25.315550
INV00004784,PO0000481,2971.4,2026-01-16 13:44:12.000000,2026-08-12 21:45:25.315550
INV00004832,PO0003388,4196.39,2025-01-11 03:16:20.000000,2026-08-12 21:45:25.315550
INV00004896,PO0003768,3805.14,2025-03-31 05:14:01.000000,2026-08-12 21:45:25.315550
INV00004911,PO0003335,5053.95,2024-06-27 00:51:12.000000,2026-08-12 21:45:25.315550
INV00000626,PO0001670,2567.6,2026-02-07 14:09:55.000000,2026-08-12 21:45:25.315550
INV00000707,PO0002824,5474.44,2025-06-30 12:57:34.000000,2026-08-12 21:45:25.315550
INV00001117,PO0002807,2930.02,2025-11-18 16:32:16.000000,2026-08-12 21:45:25.315550
INV00001200,PO0004004,3708.98,2025-01-03 23:45:13.000000,2026-08-12 21:45:25.315550
INV00001386,PO0002292,1480.15,2024-08-07 02:13:05.000000,2026-08-12 21:45:25.315550
INV00001566,PO0001605,2031.35,2024-07-16 04:22:42.000000,2026-08-12 21:45:25.315550
INV00001572,PO0000721,3126.31,2025-04-03 04:34:30.000000,2026-08-12 21:45:25.315550
INV00001704,PO0004425,1124.65,2024-06-20 23:45:38.000000,2026-08-12 21:45:25.315550
INV00001856,PO0002205,2075.4,2025-12-09 08:01:57.000000,2026-08-12 21:45:25.315550
INV00001913,PO0001188,4060.68,2025-07-08 12:19:44.000000,2026-08-12 21:45:25.315550
INV00002256,PO0004156,4908.86,2026-05-09 16:22:17.000000,2026-08-12 21:45:25.315550
INV00002530,PO0000923,2834.22,2024-08-18 10:44:17.000000,2026-08-12 21:45:25.315550
INV00002891,PO0004487,2523.67,2024-06-02 12:04:13.000000,2026-08-12 21:45:25.315550
INV00003154,PO0004685,2797.67,2026-02-13 22:21:08.000000,2026-08-12 21:45:25.315550
INV00003324,PO0004076,3521.81,2026-05-15 13:13:01.000000,2026-08-12 21:45:25.315550
INV00003458,PO0002947,2378.79,2025-08-13 00:52:13.000000,2026-08-12 21:45:25.315550
INV00003464,PO0001274,586.1,2025-12-30 14:55:36.000000,2026-08-12 21:45:25.315550
INV00003477,PO0001370,1332.37,2025-04-24 10:39:48.000000,2026-08-12 21:45:25.315550
INV00003567,PO0003392,2328.41,2025-03-18 08:50:02.000000,2026-08-12 21:45:25.315550
INV00003738,PO0004432,4235.58,2025-01-09 23:14:05.000000,2026-08-12 21:45:25.315550
INV00003739,PO0002219,459.29,2026-04-07 14:20:57.000000,2026-08-12 21:45:25.315550
INV00004062,PO0004756,3969.07,2025-07-24 20:38:58.000000,2026-08-12 21:45:25.315550
INV00004394,PO0000779,4705.87,2026-01-15 04:54:02.000000,2026-08-12 21:45:25.315550
INV00004401,PO0004908,3056.79,2026-05-17 11:26:42.000000,2026-08-12 21:45:25.315550
INV00004532,PO0002759,5422.79,2026-01-10 06:15:31.000000,2026-08-12 21:45:25.315550
INV00004745,PO0003640,3215.63,2026-01-18 17:04:22.000000,2026-08-12 21:45:25.315550
INV00004902,PO0004529,3605.15,2025-03-04 21:40:03.000000,2026-08-12 21:45:25.315550
INV00000140,PO0002091,624.0,2026-01-06 09:35:59.000000,2026-08-12 21:45:25.315550
INV00000886,PO0001227,5169.98,2026-02-18 20:04:57.000000,2026-08-12 21:45:25.315550
INV00001291,PO0001608,23.37,2024-12-19 17:33:54.000000,2026-08-12 21:45:25.315550
INV00001382,PO0004707,3972.38,2025-02-14 13:04:54.000000,2026-08-12 21:45:25.315550
INV00001660,PO0003746,2652.59,2024-12-25 21:58:24.000000,2026-08-12 21:45:25.315550
INV00001747,PO0002413,744.12,2026-05-16 15:33:38.000000,2026-08-12 21:45:25.315550
INV00002361,PO0000258,2794.37,2024-12-25 18:01:17.000000,2026-08-12 21:45:25.315550
INV00002497,PO0002268,5111.85,2026-01-23 22:24:35.000000,2026-08-12 21:45:25.315550
INV00002606,PO0000740,2567.92,2025-09-03 11:00:49.000000,2026-08-12 21:45:25.315550
INV00002992,PO0004757,3175.87,2026-04-25 02:01:05.000000,2026-08-12 21:45:25.315550
INV00003801,PO0002731,5255.81,2026-03-12 12:47:07.000000,2026-08-12 21:45:25.315550
INV00003808,PO0002396,4260.28,2025-01-08 15:18:01.000000,2026-08-12 21:45:25.315550
INV00003925,PO0000067,3114.67,2024-05-12 16:17:44.000000,2026-08-12 21:45:25.315550
INV00004004,PO0000109,5320.48,2025-05-30 18:55:42.000000,2026-08-12 21:45:25.315550
INV00004046,PO0002613,3629.11,2024-10-28 17:50:23.000000,2026-08-12 21:45:25.315550
INV00004222,PO0002877,2101.89,2024-10-22 07:14:56.000000,2026-08-12 21:45:25.315550
INV00004562,PO0001795,1542.26,2024-06-08 12:44:04.000000,2026-08-12 21:45:25.315550
INV00004694,PO0000561,2098.34,2025-10-10 18:18:29.000000,2026-08-12 21:45:25.315550
INV00000109,PO0002669,4682.45,2025-01-19 13:48:51.000000,2026-08-12 21:45:25.315550
INV00000145,PO0002292,3424.11,2024-08-19 02:13:05.000000,2026-08-12 21:45:25.315550
INV00000170,PO0003412,3104.25,2025-09-19 23:26:12.000000,2026-08-12 21:45:25.315550
INV00000359,PO0004689,3663.97,2025-12-26 15:50:44.000000,2026-08-12 21:45:25.315550
INV00001493,PO0001474,2845.26,2024-09-08 19:29:56.000000,2026-08-12 21:45:25.315550
INV00001823,PO0003042,1501.75,2025-10-03 17:30:12.000000,2026-08-12 21:45:25.315550
INV00002206,PO0002128,3366.57,2024-08-03 22:01:41.000000,2026-08-12 21:45:25.315550
INV00002232,PO0004767,803.57,2024-08-23 17:30:02.000000,2026-08-12 21:45:25.315550
INV00002329,PO0000956,1963.5,2026-01-16 09:21:45.000000,2026-08-12 21:45:25.315550
INV00002461,PO0003477,5304.2,2026-02-23 23:36:38.000000,2026-08-12 21:45:25.315550
INV00002523,PO0000294,3791.08,2025-03-21 00:32:09.000000,2026-08-12 21:45:25.315550
INV00002582,PO0001691,3164.43,2025-01-02 17:22:13.000000,2026-08-12 21:45:25.315550
INV00002631,PO0004552,2212.37,2026-03-03 23:46:01.000000,2026-08-12 21:45:25.315550
INV00003342,PO0000103,1621.31,2026-04-26 19:41:02.000000,2026-08-12 21:45:25.315550
INV00003497,PO0003782,2570.04,2025-11-27 06:17:25.000000,2026-08-12 21:45:25.315550
INV00003576,PO0004081,556.47,2025-05-24 05:51:40.000000,2026-08-12 21:45:25.315550
INV00003745,PO0004086,5030.01,2025-04-13 11:41:51.101047,2026-08-12 21:45:25.315550
INV00004005,PO0004453,382.23,2025-04-20 11:20:41.000000,2026-08-12 21:45:25.315550
INV00000868,PO0003395,2841.52,2025-04-10 21:24:37.000000,2026-08-12 21:45:25.315550
INV00001152,PO0004514,2322.32,2025-08-21 17:04:29.000000,2026-08-12 21:45:25.315550
INV00001854,PO0004276,154.42,2025-05-26 03:48:21.000000,2026-08-12 21:45:25.315550
INV00001942,PO0001558,2209.5,2024-11-11 19:27:04.000000,2026-08-12 21:45:25.315550
INV00002694,PO0003464,4872.84,2025-11-15 23:48:56.000000,2026-08-12 21:45:25.315550
INV00002733,PO0000289,3960.78,2025-07-02 03:18:32.000000,2026-08-12 21:45:25.315550
INV00002859,PO0004246,3338.88,2024-09-11 20:25:36.000000,2026-08-12 21:45:25.315550
INV00003578,PO0001732,5001.3,2025-01-08 05:16:18.000000,2026-08-12 21:45:25.315550
INV00003790,PO0003606,3303.68,2026-01-23 06:42:35.000000,2026-08-12 21:45:25.315550
INV00004107,PO0001297,2137.35,2024-05-09 04:22:12.000000,2026-08-12 21:45:25.315550
INV00004120,PO0002484,3302.31,2026-03-21 11:57:16.000000,2026-08-12 21:45:25.315550
INV00004244,PO0002444,4256.3,2025-10-20 06:55:16.000000,2026-08-12 21:45:25.315550
INV00004347,PO0003556,1751.24,2026-02-07 18:57:54.000000,2026-08-12 21:45:25.315550
INV00004365,PO0003311,5338.05,2024-10-27 09:18:24.000000,2026-08-12 21:45:25.315550
INV00004399,PO0002726,1482.08,2024-07-08 11:53:19.000000,2026-08-12 21:45:25.315550
INV00004449,PO0001827,1488.37,2025-07-02 22:39:37.000000,2026-08-12 21:45:25.315550
INV00004775,PO0000231,1120.42,2024-10-14 17:29:03.000000,2026-08-12 21:45:25.315550
INV00000228,PO0004632,3954.29,2025-05-16 12:16:47.000000,2026-08-12 21:45:25.315550
INV00000550,PO0001875,1930.91,2024-06-23 16:26:07.000000,2026-08-12 21:45:25.315550
INV00000729,PO0000665,1930.37,2024-08-14 04:12:27.000000,2026-08-12 21:45:25.315550
INV00001185,PO0000929,1722.0,2024-12-16 08:48:24.000000,2026-08-12 21:45:25.315550
INV00001354,PO0001588,4145.85,2024-11-30 13:45:32.000000,2026-08-12 21:45:25.315550
INV00001383,PO0002126,5383.16,2024-12-24 15:04:11.000000,2026-08-12 21:45:25.315550
INV00001684,PO0002073,2887.98,2026-01-30 16:45:47.000000,2026-08-12 21:45:25.315550
INV00002019,PO0002324,2992.86,2025-12-11 09:00:11.000000,2026-08-12 21:45:25.315550
INV00002069,PO0003226,2009.04,2025-04-12 00:30:02.000000,2026-08-12 21:45:25.315550
INV00002302,PO0003295,1539.92,2024-07-12 11:38:57.000000,2026-08-12 21:45:25.315550
INV00002495,PO0004281,1576.04,2025-03-16 23:10:00.000000,2026-08-12 21:45:25.315550
INV00002571,PO0000855,4515.34,2024-06-07 16:51:23.000000,2026-08-12 21:45:25.315550
INV00003127,PO0004063,2984.51,2024-11-05 14:01:17.000000,2026-08-12 21:45:25.315550
INV00003270,PO0000754,3978.33,2025-02-14 16:55:18.000000,2026-08-12 21:45:25.315550
INV00003706,PO0004567,5048.09,2025-02-22 21:44:49.000000,2026-08-12 21:45:25.315550
INV00003723,PO0000887,$5015.59,2025-04-28 10:12:50.000000,2026-08-12 21:45:25.315550
INV00003889,PO0002626,1446.53,2025-10-03 15:43:35.000000,2026-08-12 21:45:25.315550
INV00004191,PO0002524,3692.23,2024-09-02 07:43:54.000000,2026-08-12 21:45:25.315550
INV00000077,PO0001619,1952.17,2024-12-03 23:04:50.000000,2026-08-12 21:45:25.315550
INV00001069,PO0000543,1565.18,2024-12-20 16:14:57.000000,2026-08-12 21:45:25.315550
INV00001131,PO0004950,2730.26,2025-08-31 15:31:25.000000,2026-08-12 21:45:25.315550
INV00001201,PO0004826,939.99,2025-01-04 20:49:20.000000,2026-08-12 21:45:25.315550
INV00001329,PO0000761,1169.34,2025-06-18 04:04:51.000000,2026-08-12 21:45:25.315550
INV00001375,PO0000793,5196.48,2024-05-27 08:45:56.000000,2026-08-12 21:45:25.315550
INV00001391,PO0002291,4181.88,2024-09-02 12:17:51.000000,2026-08-12 21:45:25.315550
INV00001561,PO0003523,91.13,2024-06-17 11:04:29.000000,2026-08-12 21:45:25.315550
INV00001627,PO0000673,18.48,2025-05-12 11:41:51.095433,2026-08-12 21:45:25.315550
INV00001678,PO0001481,3697.39,2024-10-13 08:28:04.000000,2026-08-12 21:45:25.315550
INV00001745,PO0000588,381.3,2025-05-31 22:31:08.000000,2026-08-12 21:45:25.315550
INV00001774,PO0001429,439.61,2025-06-19 05:51:05.000000,2026-08-12 21:45:25.315550
INV00002326,PO0002165,1572.85,2025-04-23 11:41:51.097427,2026-08-12 21:45:25.315550
INV00003249,PO0000529,2364.14,2025-06-21 05:57:37.000000,2026-08-12 21:45:25.315550
INV00003382,PO0002050,1615.76,2025-05-08 16:12:25.000000,2026-08-12 21:45:25.315550
INV00003437,PO0003250,4249.12,2026-03-31 10:39:18.000000,2026-08-12 21:45:25.315550
INV00004100,PO0004123,5236.72,2025-01-28 01:35:28.000000,2026-08-12 21:45:25.315550
INV00004160,PO0004479,3527.91,2025-05-14 13:51:07.000000,2026-08-12 21:45:25.315550
INV00004305,PO0001927,3283.35,2026-04-09 09:16:19.000000,2026-08-12 21:45:25.315550
INV00004408,PO0003877,2028.36,2025-08-19 21:38:15.000000,2026-08-12 21:45:25.315550
INV00004790,PO0000318,4756.82,2025-10-11 07:12:58.000000,2026-08-12 21:45:25.315550
INV00004797,PO0003546,5250.06,2024-09-30 06:38:18.000000,2026-08-12 21:45:25.315550
INV00004944,PO0000363,120.55,2025-11-06 06:06:55.000000,2026-08-12 21:45:25.315550
INV00000014,PO0002059,255.05,2025-07-30 22:06:35.000000,2026-08-12 21:45:25.315550
INV00000171,PO0001022,4764.42,2024-09-07 13:23:45.000000,2026-08-12 21:45:25.315550
INV00000441,PO0004181,726.99,2025-01-12 22:23:58.000000,2026-08-12 21:45:25.315550
INV00001010,PO0001475,1474.71,2025-07-20 04:26:31.000000,2026-08-12 21:45:25.315550
INV00001145,PO0004688,241.39,2025-04-28 15:11:13.000000,2026-08-12 21:45:25.315550
INV00001616,PO0002886,3588.67,2026-03-19 11:12:09.000000,2026-08-12 21:45:25.315550
INV00002127,PO0003366,2086.33,2024-05-25 09:25:39.000000,2026-08-12 21:45:25.315550
INV00002292,PO0003807,4584.96,2025-06-30 03:46:37.000000,2026-08-12 21:45:25.315550
INV00002576,PO0000818,3120.46,2025-07-11 04:10:37.000000,2026-08-12 21:45:25.315550
INV00002874,PO0003611,2427.48,2024-12-11 17:24:24.000000,2026-08-12 21:45:25.315550
INV00003194,PO0004264,4289.56,2024-11-06 13:55:49.000000,2026-08-12 21:45:25.315550
INV00003540,PO0000606,697.71,2025-06-14 23:01:03.000000,2026-08-12 21:45:25.315550
INV00003601,PO0001809,3515.26,2024-12-03 11:46:50.000000,2026-08-12 21:45:25.315550
INV00003606,PO0004547,1480.06,2025-07-10 04:07:06.000000,2026-08-12 21:45:25.315550
INV00003774,PO0001726,3619.84,2024-08-16 03:40:42.000000,2026-08-12 21:45:25.315550
INV00004035,PO0004677,119.67,2025-01-09 14:59:13.000000,2026-08-12 21:45:25.315550
INV00004129,PO0003366,3499.53,2024-06-12 09:25:39.000000,2026-08-12 21:45:25.315550
INV00004342,PO0000137,173.48,2024-10-15 04:05:19.000000,2026-08-12 21:45:25.315550
INV00004806,PO0002060,3591.41,2024-06-07 01:15:12.000000,2026-08-12 21:45:25.315550
INV00000986,PO0002200,1194.44,2026-01-28 14:21:14.000000,2026-08-12 21:45:25.315550
INV00001184,PO0002989,2318.82,2025-05-07 11:41:51.094522,2026-08-12 21:45:25.315550
INV00001541,PO0000857,4992.5,2024-10-07 08:03:53.000000,2026-08-12 21:45:25.315550
INV00001915,PO0004523,3308.6,2024-06-24 18:35:06.000000,2026-08-12 21:45:25.315550
INV00002316,PO0002566,4763.7,2024-07-20 06:12:57.000000,2026-08-12 21:45:25.315550
INV00002381,PO0003785,3115.42,2025-07-14 21:22:29.000000,2026-08-12 21:45:25.315550
INV00002518,PO0000205,3477.88,2024-08-26 18:51:15.000000,2026-08-12 21:45:25.315550
INV00002580,PO0003899,2632.56,2024-09-12 14:20:25.000000,2026-08-12 21:45:25.315550
INV00003060,PO0001995,1274.49,2024-09-28 22:08:07.000000,2026-08-12 21:45:25.315550
INV00003147,PO0002685,2184.09,2024-11-23 10:37:44.000000,2026-08-12 21:45:25.315550
INV00003297,PO0001713,1481.22,2025-03-23 22:56:29.000000,2026-08-12 21:45:25.315550
INV00003335,PO0000774,3217.81,2025-08-02 20:51:10.000000,2026-08-12 21:45:25.315550
INV00003429,PO0002796,2093.02,2025-11-29 11:44:46.000000,2026-08-12 21:45:25.315550
INV00003502,PO0003995,1644.7,2025-07-24 13:54:56.000000,2026-08-12 21:45:25.315550
INV00003769,PO0002385,3095.69,2025-11-27 11:53:07.000000,2026-08-12 21:45:25.315550
INV00003947,PO0002772,156.34,2026-02-18 11:16:10.000000,2026-08-12 21:45:25.315550
INV00004857,PO0003324,606.15,2025-04-24 11:41:51.103922,2026-08-12 21:45:25.315550
INV00004953,PO0001155,3043.6,2025-05-03 11:41:51.103922,2026-08-12 21:45:25.315550
INV00000453,PO0003520,4976.84,2025-08-21 16:59:36.000000,2026-08-12 21:45:25.315550
INV00000676,PO0004680,2086.03,2025-12-13 06:15:10.000000,2026-08-12 21:45:25.315550
INV00000705,PO0004832,1946.86,2025-04-28 11:41:51.093428,2026-08-12 21:45:25.315550
INV00000939,PO0000850,2235.91,2025-04-25 06:19:08.000000,2026-08-12 21:45:25.315550
INV00001071,PO0003227,985.27,2025-11-21 17:52:43.000000,2026-08-12 21:45:25.315550
INV00001653,PO0004882,47.91,2025-07-06 11:42:44.000000,2026-08-12 21:45:25.315550
INV00001929,PO0000962,3473.24,2025-08-30 19:17:48.000000,2026-08-12 21:45:25.315550
INV00002170,PO0001958,1745.76,2024-10-22 02:33:41.000000,2026-08-12 21:45:25.315550
INV00002327,PO0004757,2498.02,2026-04-21 02:01:05.000000,2026-08-12 21:45:25.315550
INV00002350,PO0004550,5049.07,2026-02-15 23:20:07.000000,2026-08-12 21:45:25.315550
INV00002427,PO0004880,5448.34,2025-04-26 21:20:23.000000,2026-08-12 21:45:25.315550
INV00002458,PO0003764,4245.41,2025-03-31 18:21:05.000000,2026-08-12 21:45:25.315550
INV00002703,PO0004793,149.98,2025-04-17 03:15:01.000000,2026-08-12 21:45:25.315550
INV00002790,PO0000535,5036.5,2025-03-02 15:08:36.000000,2026-08-12 21:45:25.315550
INV00002850,PO0001845,3105.47,2024-11-05 00:26:27.000000,2026-08-12 21:45:25.315550
INV00002997,PO0002303,1626.74,2026-02-28 15:15:50.000000,2026-08-12 21:45:25.315550
INV00003041,PO0003060,3623.05,2024-06-12 07:45:59.000000,2026-08-12 21:45:25.315550
INV00003203,PO0004547,2640.77,2025-06-23 04:07:06.000000,2026-08-12 21:45:25.315550
INV00003654,PO0003603,273.93,2025-12-27 02:58:50.000000,2026-08-12 21:45:25.315550
INV00003724,PO0003251,1899.01,2025-06-23 08:02:23.000000,2026-08-12 21:45:25.315550
INV00003919,PO0003242,1374.61,2024-06-01 10:42:58.000000,2026-08-12 21:45:25.315550
INV00004443,PO0004197,$4313.68,2025-08-17 11:36:17.000000,2026-08-12 21:45:25.315550
INV00004662,PO0004750,606.89,2024-06-19 12:53:01.000000,2026-08-12 21:45:25.315550
INV00004738,PO0003161,4485.07,2024-10-07 00:16:02.000000,2026-08-12 21:45:25.315550
INV00004759,PO0001857,781.39,2025-07-05 04:41:10.000000,2026-08-12 21:45:25.315550
INV00004821,PO0002704,2243.79,2025-05-31 11:41:51.103922,2026-08-12 21:45:25.315550
INV00004826,PO0004943,2684.95,2024-06-06 01:01:05.000000,2026-08-12 21:45:25.315550
INV00000246,PO0001495,3270.83,2024-06-07 01:26:53.000000,2026-08-12 21:45:25.315550
INV00000511,PO0003061,5032.24,2025-04-16 12:28:48.000000,2026-08-12 21:45:25.315550
INV00001779,PO0003842,201.99,2025-02-03 06:19:46.000000,2026-08-12 21:45:25.315550
INV00001818,PO0003536,4587.42,2025-12-09 05:20:45.000000,2026-08-12 21:45:25.315550
INV00001865,PO0003610,3310.96,2026-03-15 15:59:31.000000,2026-08-12 21:45:25.315550
INV00002065,PO0003651,551.21,2024-09-11 12:09:38.000000,2026-08-12 21:45:25.315550
INV00002223,PO0003820,3888.38,2025-04-19 11:41:51.097427,2026-08-12 21:45:25.315550
INV00002347,PO0000835,3140.93,2025-11-30 08:51:54.000000,2026-08-12 21:45:25.315550
INV00002358,PO0002284,940.07,2024-12-09 22:59:24.000000,2026-08-12 21:45:25.315550
INV00002511,PO0004702,4869.35,2026-03-10 13:24:26.000000,2026-08-12 21:45:25.315550
INV00002708,PO0003134,5479.22,2025-08-24 00:04:29.000000,2026-08-12 21:45:25.315550
INV00002746,PO0004284,229.37,2025-11-14 16:42:25.000000,2026-08-12 21:45:25.315550
INV00002907,PO0003535,4951.65,2025-03-02 14:13:30.000000,2026-08-12 21:45:25.315550
INV00003070,PO0004974,2924.38,2024-12-21 08:41:20.000000,2026-08-12 21:45:25.315550
INV00003179,PO0004639,4956.3,2025-04-01 18:57:40.000000,2026-08-12 21:45:25.315550
INV00003234,PO0003776,299.97,2024-06-04 20:42:08.000000,2026-08-12 21:45:25.315550
INV00003333,PO0001448,4180.7,2025-02-17 10:05:55.000000,2026-08-12 21:45:25.315550
INV00003665,PO0001323,431.76,2025-12-12 18:29:47.000000,2026-08-12 21:45:25.315550
INV00004612,PO0003767,966.06,2024-05-07 04:10:20.000000,2026-08-12 21:45:25.315550
INV00004625,PO0002946,3907.48,2024-08-15 19:50:01.000000,2026-08-12 21:45:25.315550
INV00000305,PO0003748,4226.29,2024-09-27 13:16:42.000000,2026-08-12 21:45:25.315550
INV00000418,PO0000079,4071.74,2025-11-11 03:21:08.000000,2026-08-12 21:45:25.315550
INV00000456,PO0000415,3470.05,2024-07-04 23:43:18.000000,2026-08-12 21:45:25.315550
INV00000772,PO0000074,4642.59,2025-02-22 19:22:09.000000,2026-08-12 21:45:25.315550
INV00000850,PO0003716,2911.29,2025-07-23 18:03:52.000000,2026-08-12 21:45:25.315550
INV00001585,PO0003243,770.93,2025-01-21 02:29:32.000000,2026-08-12 21:45:25.315550
INV00001652,PO0003807,3379.96,2025-07-08 03:46:37.000000,2026-08-12 21:45:25.315550
INV00001725,PO0001162,637.79,2024-06-17 12:44:02.000000,2026-08-12 21:45:25.315550
INV00002220,PO0002720,440.27,2025-12-18 07:33:20.000000,2026-08-12 21:45:25.315550
INV00002622,PO0001703,1348.56,2024-05-16 22:57:54.000000,2026-08-12 21:45:25.315550
INV00002632,PO0000221,1897.34,2024-08-29 18:06:07.000000,2026-08-12 21:45:25.315550
INV00002665,PO0002268,2098.51,2026-02-18 22:24:35.000000,2026-08-12 21:45:25.315550
INV00002792,PO0002650,4805.78,2024-06-29 17:44:41.000000,2026-08-12 21:45:25.315550
INV00002806,PO0003925,2056.54,2025-04-20 03:12:17.000000,2026-08-12 21:45:25.315550
INV00002961,PO0003814,266.38,2026-04-13 02:08:02.000000,2026-08-12 21:45:25.315550
INV00003613,PO0001674,2967.37,2025-05-08 11:41:51.101047,2026-08-12 21:45:25.315550
INV00003643,PO0002195,833.81,2025-07-20 15:02:43.000000,2026-08-12 21:45:25.315550
INV00003782,PO0003144,3017.56,2024-07-04 11:30:36.000000,2026-08-12 21:45:25.315550
INV00004651,PO0000946,5152.92,2026-01-30 18:07:37.000000,2026-08-12 21:45:25.315550
INV00000396,PO0002105,976.46,2025-12-06 23:42:19.000000,2026-08-12 21:45:25.315550
INV00000765,PO0001015,2494.5,2025-06-03 01:41:49.000000,2026-08-12 21:45:25.315550
INV00000818,PO0001846,1791.48,2024-08-03 05:55:41.000000,2026-08-12 21:45:25.315550
INV00000977,PO0001613,2925.41,2025-09-13 09:23:14.000000,2026-08-12 21:45:25.315550
INV00000981,PO0002146,592.32,2024-10-05 01:06:39.000000,2026-08-12 21:45:25.315550
INV00001107,PO0001110,1937.06,2024-12-23 15:17:31.000000,2026-08-12 21:45:25.315550
INV00001237,PO0004777,4865.79,2025-07-15 17:24:26.000000,2026-08-12 21:45:25.315550
INV00001610,PO0002803,5081.77,2024-09-23 15:44:56.000000,2026-08-12 21:45:25.315550
INV00001672,PO0001334,4052.37,2025-11-03 09:43:57.000000,2026-08-12 21:45:25.315550
INV00001880,PO0003839,1831.24,2026-04-02 04:51:22.000000,2026-08-12 21:45:25.315550
INV00001912,PO0000764,403.69,2024-12-18 13:29:01.000000,2026-08-12 21:45:25.315550
INV00002027,PO0003454,4742.91,2025-06-13 13:59:18.000000,2026-08-12 21:45:25.315550
INV00002771,PO0002630,518.4,2025-11-20 14:53:51.000000,2026-08-12 21:45:25.315550
INV00002966,PO0002817,3885.3,2025-10-15 20:42:22.000000,2026-08-12 21:45:25.315550
INV00003110,PO0001743,4821.93,2025-06-12 17:11:05.000000,2026-08-12 21:45:25.315550
INV00003112,PO0001544,2324.53,2025-07-04 13:30:52.000000,2026-08-12 21:45:25.315550
INV00003201,PO0001665,1360.18,2025-02-09 09:13:14.000000,2026-08-12 21:45:25.315550
INV00003737,PO0003408,4911.95,2024-10-25 17:02:10.000000,2026-08-12 21:45:25.315550
INV00003789,PO0003600,$1440.17,2024-06-08 23:44:14.000000,2026-08-12 21:45:25.315550
INV00004247,PO0002711,1972.22,2026-02-13 03:04:08.000000,2026-08-12 21:45:25.315550
INV00004583,PO0001750,2929.94,2025-10-09 01:57:57.000000,2026-08-12 21:45:25.315550
INV00004652,PO0003937,1269.04,2026-01-04 20:52:30.000000,2026-08-12 21:45:25.315550
INV00004716,PO0002579,743.77,2024-12-11 19:43:22.000000,2026-08-12 21:45:25.315550
INV00004876,PO0000349,4077.2,2025-12-19 00:32:39.000000,2026-08-12 21:45:25.315550
INV00004982,PO0000101,5000.66,2025-05-04 22:54:53.000000,2026-08-12 21:45:25.315550
INV00000874,PO0002737,3582.13,2026-02-17 02:00:24.000000,2026-08-12 21:45:25.315550
INV00001044,PO0003208,1110.93,2024-10-18 14:12:30.000000,2026-08-12 21:45:25.315550
INV00001076,PO0002244,25.53,2025-08-03 00:32:55.000000,2026-08-12 21:45:25.315550
INV00001155,PO0000297,1473.06,2025-04-01 19:59:51.000000,2026-08-12 21:45:25.315550
INV00001213,PO0003535,3223.06,2025-04-01 14:13:30.000000,2026-08-12 21:45:25.315550
INV00001269,PO0001963,339.12,2026-04-16 08:21:27.000000,2026-08-12 21:45:25.315550
INV00001388,PO0002345,5362.12,2024-06-04 14:47:16.000000,2026-08-12 21:45:25.315550
INV00001424,PO0001023,$2477.5,2024-12-13 07:00:14.000000,2026-08-12 21:45:25.315550
INV00001498,PO0002108,750.94,2026-02-15 12:37:09.000000,2026-08-12 21:45:25.315550
INV00001549,PO0002338,2156.38,2025-02-27 06:20:54.000000,2026-08-12 21:45:25.315550
INV00001951,PO0004691,5008.05,2025-08-10 18:58:54.000000,2026-08-12 21:45:25.315550
INV00002669,PO0001924,952.43,2025-05-23 11:41:51.098952,2026-08-12 21:45:25.315550
INV00002677,PO0000273,$2540.18,2024-08-23 22:40:49.000000,2026-08-12 21:45:25.315550
INV00002842,PO0001731,882.6,2025-08-11 19:26:28.000000,2026-08-12 21:45:25.315550
INV00003037,PO0000432,3616.1,2025-11-28 20:10:57.000000,2026-08-12 21:45:25.315550
INV00003090,PO0003054,5330.55,2025-06-12 22:07:59.000000,2026-08-12 21:45:25.315550
INV00003106,PO0003018,788.1,2025-04-19 11:59:39.000000,2026-08-12 21:45:25.315550
INV00003295,PO0003177,1488.48,2025-04-29 11:41:51.098952,2026-08-12 21:45:25.315550
INV00003525,PO0004628,1308.54,2024-11-29 09:35:13.000000,2026-08-12 21:45:25.315550
INV00003664,PO0000941,2992.69,2025-04-03 17:41:57.000000,2026-08-12 21:45:25.315550
INV00003698,PO0003342,1917.0,2025-05-18 06:52:48.000000,2026-08-12 21:45:25.315550
INV00003720,PO0000647,3625.41,2025-11-25 11:29:25.000000,2026-08-12 21:45:25.315550
INV00003778,PO0002349,5455.97,2026-01-02 14:56:01.000000,2026-08-12 21:45:25.315550
INV00003929,PO0000494,4342.31,2025-04-23 06:31:10.000000,2026-08-12 21:45:25.315550
INV00003936,PO0001002,3568.91,2024-12-23 23:17:54.000000,2026-08-12 21:45:25.315550
INV00004503,PO0002926,$3559.46,2024-07-31 06:52:35.000000,2026-08-12 21:45:25.315550
INV00004703,PO0002297,2053.64,2024-12-23 10:35:14.000000,2026-08-12 21:45:25.315550
INV00004868,PO0000066,742.99,2024-09-15 00:57:58.000000,2026-08-12 21:45:25.315550
INV00004889,PO0001789,1317.58,2025-05-23 08:20:05.000000,2026-08-12 21:45:25.315550
INV00000125,PO0003235,1476.54,2026-02-18 22:22:32.000000,2026-08-12 21:45:25.315550
INV00000143,PO0004171,$396.16,2024-09-22 12:35:57.000000,2026-08-12 21:45:25.315550
INV00000202,PO0002888,171.02,2024-08-16 00:30:14.000000,2026-08-12 21:45:25.315550
INV00000211,PO0003201,4042.74,2026-02-14 15:54:27.000000,2026-08-12 21:45:25.315550
INV00000376,PO0003265,2562.05,2025-01-30 14:28:40.000000,2026-08-12 21:45:25.315550
INV00000966,PO0002781,4506.6,2025-11-27 13:53:33.000000,2026-08-12 21:45:25.315550
INV00001118,PO0001522,492.9,2025-07-14 17:16:27.000000,2026-08-12 21:45:25.315550
INV00001216,PO0000598,2671.98,2026-02-10 05:01:07.000000,2026-08-12 21:45:25.315550
INV00001345,PO0000686,3931.13,2024-06-03 00:33:17.000000,2026-08-12 21:45:25.315550
INV00001387,PO0003030,797.51,2025-07-13 03:59:11.000000,2026-08-12 21:45:25.315550
INV00001680,PO0002997,3774.45,2025-01-09 07:18:30.000000,2026-08-12 21:45:25.315550
INV00001983,PO0004728,3327.11,2024-06-11 14:06:08.000000,2026-08-12 21:45:25.315550
INV00002213,PO0000956,5272.04,2025-12-17 09:21:45.000000,2026-08-12 21:45:25.315550
INV00002377,PO0003791,4563.24,2024-09-03 20:51:04.000000,2026-08-12 21:45:25.315550
INV00002388,PO0002462,1958.11,2024-07-19 03:29:57.000000,2026-08-12 21:45:25.315550
INV00002439,PO0003270,883.66,2025-01-29 07:08:57.000000,2026-08-12 21:45:25.315550
INV00002624,PO0003210,2006.13,2024-08-16 11:10:08.000000,2026-08-12 21:45:25.315550
INV00003199,PO0004892,4914.04,2025-03-09 18:11:56.000000,2026-08-12 21:45:25.315550
INV00003313,PO0004800,4861.27,2025-07-11 16:40:22.000000,2026-08-12 21:45:25.315550
INV00003362,PO0002212,923.92,2026-03-19 07:50:14.000000,2026-08-12 21:45:25.315550
INV00003689,PO0001202,5086.87,2024-04-29 11:55:48.000000,2026-08-12 21:45:25.315550
INV00003899,PO0000306,324.86,2025-05-17 11:41:51.101047,2026-08-12 21:45:25.315550
INV00003926,PO0002025,4435.72,2025-05-20 13:39:33.000000,2026-08-12 21:45:25.315550
INV00004124,PO0002813,1806.42,2024-08-07 07:31:27.000000,2026-08-12 21:45:25.315550
INV00004725,PO0002613,3862.59,2024-10-12 17:50:23.000000,2026-08-12 21:45:25.315550
INV00000217,PO0004376,5228.17,2025-05-12 11:41:51.091922,2026-08-12 21:45:25.315550
INV00000609,PO0003780,609.18,2024-05-09 22:52:13.000000,2026-08-12 21:45:25.315550
INV00000668,PO0003245,2658.22,2026-02-21 01:32:28.000000,2026-08-12 21:45:25.315550
INV00000854,PO0003414,5102.39,2025-02-08 00:34:13.000000,2026-08-12 21:45:25.315550
INV00001439,PO0003705,4732.74,2025-05-04 20:48:17.000000,2026-08-12 21:45:25.315550
INV00001657,PO0003115,3282.82,2026-02-14 19:50:05.000000,2026-08-12 21:45:25.315550
INV00001776,PO0003994,3661.63,2024-06-05 12:14:24.000000,2026-08-12 21:45:25.315550
INV00001812,PO0000773,1071.56,2026-01-20 10:22:36.000000,2026-08-12 21:45:25.315550
INV00001826,PO0002357,4300.42,2026-01-15 01:57:49.000000,2026-08-12 21:45:25.315550
INV00002395,PO0004288,5.93,2026-05-21 17:31:18.000000,2026-08-12 21:45:25.315550
INV00002484,PO0001331,5492.1,2026-05-08 11:26:45.000000,2026-08-12 21:45:25.315550
INV00002579,PO0003869,335.83,2026-03-01 18:06:02.000000,2026-08-12 21:45:25.315550
INV00002685,PO0000920,$2675.5,2025-02-05 05:29:38.000000,2026-08-12 21:45:25.315550
INV00002689,PO0001106,3789.55,2026-02-04 12:38:01.000000,2026-08-12 21:45:25.315550
INV00002975,PO0001172,2657.86,2024-07-15 07:51:46.000000,2026-08-12 21:45:25.315550
INV00003100,PO0003632,4593.51,2024-11-15 19:24:39.000000,2026-08-12 21:45:25.315550
INV00003633,PO0000100,4670.4,2024-12-16 14:38:49.000000,2026-08-12 21:45:25.315550
INV00003776,PO0001839,4068.81,2024-12-24 13:39:46.000000,2026-08-12 21:45:25.315550
INV00003861,PO0001869,5232.52,2024-11-22 10:57:08.000000,2026-08-12 21:45:25.315550
INV00004630,PO0002729,2114.31,2026-03-03 23:54:36.000000,2026-08-12 21:45:25.315550
INV00004659,PO0000775,3372.07,2024-09-02 11:02:37.000000,2026-08-12 21:45:25.315550
INV00000255,PO0002602,4387.39,2025-05-29 17:53:23.000000,2026-08-12 21:45:25.315550
INV00000363,PO0003968,3184.22,2025-06-04 17:58:21.000000,2026-08-12 21:45:25.315550
INV00000367,PO0002758,3999.68,2024-08-24 13:20:46.000000,2026-08-12 21:45:25.315550
INV00000744,PO0002224,43.12,2024-08-11 13:47:48.000000,2026-08-12 21:45:25.315550
INV00000828,PO0004842,1731.94,2025-02-22 10:59:59.000000,2026-08-12 21:45:25.315550
INV00001055,PO0004266,1270.57,2025-03-02 23:11:19.000000,2026-08-12 21:45:25.315550
INV00001245,PO0004333,4584.67,2025-10-05 21:28:34.000000,2026-08-12 21:45:25.315550
INV00001501,PO0002784,2054.66,2024-09-28 08:22:50.000000,2026-08-12 21:45:25.315550
INV00001892,PO0000663,694.31,2025-08-03 10:13:19.000000,2026-08-12 21:45:25.315550
INV00001938,PO0000916,1458.34,2025-09-02 03:18:21.000000,2026-08-12 21:45:25.315550
INV00001953,PO0000172,4443.61,2024-09-13 07:41:36.000000,2026-08-12 21:45:25.315550
INV00001963,PO0001733,3746.37,2026-01-18 22:00:48.000000,2026-08-12 21:45:25.315550
INV00002734,PO0001577,25.72,2026-04-04 17:14:55.000000,2026-08-12 21:45:25.315550
INV00002845,PO0003446,650.46,2024-05-23 11:43:53.000000,2026-08-12 21:45:25.315550
INV00002878,PO0001523,3489.08,2024-08-02 14:28:02.000000,2026-08-12 21:45:25.315550
INV00002927,PO0000816,52.35,2026-04-05 09:29:09.000000,2026-08-12 21:45:25.315550
INV00002977,PO0004757,313.01,2026-04-26 02:01:05.000000,2026-08-12 21:45:25.315550
INV00003140,PO0000626,2379.31,2024-07-16 23:11:49.000000,2026-08-12 21:45:25.315550
INV00003167,PO0002975,2488.8,2024-11-02 16:33:10.000000,2026-08-12 21:45:25.315550
INV00003344,PO0001613,5288.46,2025-10-11 09:23:14.000000,2026-08-12 21:45:25.315550
INV00003394,PO0000781,3350.62,2026-02-28 06:59:11.000000,2026-08-12 21:45:25.315550
INV00003559,PO0000765,1416.92,2026-01-05 01:25:45.000000,2026-08-12 21:45:25.315550
INV00003764,PO0004464,1125.29,2025-11-19 22:38:39.000000,2026-08-12 21:45:25.315550
INV00003934,PO0000849,4703.46,2026-04-07 19:53:48.000000,2026-08-12 21:45:25.315550
INV00003990,PO0002216,2156.64,2025-08-07 20:49:01.000000,2026-08-12 21:45:25.315550
INV00004125,PO0001627,3531.79,2026-03-09 08:45:26.000000,2026-08-12 21:45:25.315550
INV00004142,PO0002325,$634.17,2025-04-27 11:41:51.102408,2026-08-12 21:45:25.315550
INV00004297,PO0000225,318.26,2026-02-15 02:23:18.000000,2026-08-12 21:45:25.315550
INV00004352,PO0001513,1412.4,2024-08-28 15:49:21.000000,2026-08-12 21:45:25.315550
INV00004788,PO0000798,1411.68,2025-08-05 11:05:20.000000,2026-08-12 21:45:25.315550
INV00000061,PO0000866,1864.41,2024-08-18 02:17:12.000000,2026-08-12 21:45:25.315550
INV00000128,PO0000716,4671.89,2025-07-15 20:44:31.000000,2026-08-12 21:45:25.315550
INV00000447,PO0001128,1325.99,2025-04-21 11:48:27.000000,2026-08-12 21:45:25.315550
INV00000535,PO0001835,472.39,2025-05-20 11:41:51.093428,2026-08-12 21:45:25.315550
INV00000643,PO0002785,1988.32,2024-07-29 19:21:15.000000,2026-08-12 21:45:25.315550
INV00000749,PO0000287,1884.47,2025-11-05 10:26:35.000000,2026-08-12 21:45:25.315550
INV00000777,PO0000286,2166.1,2024-07-16 12:10:35.000000,2026-08-12 21:45:25.315550
INV00001858,PO0001398,317.18,2025-11-23 00:36:48.000000,2026-08-12 21:45:25.315550
INV00001888,PO0004205,$1881.44,2026-02-13 01:29:21.000000,2026-08-12 21:45:25.315550
INV00002156,PO0003145,3096.7,2025-02-05 23:58:19.000000,2026-08-12 21:45:25.315550
INV00002352,PO0002096,1702.04,2025-04-23 06:02:36.000000,2026-08-12 21:45:25.315550
INV00002699,PO0004383,3204.88,2026-04-11 15:03:20.000000,2026-08-12 21:45:25.315550
INV00002710,PO0002452,2093.21,2024-12-16 01:12:39.000000,2026-08-12 21:45:25.315550
INV00002717,PO0002980,1841.24,2026-03-02 15:35:39.000000,2026-08-12 21:45:25.315550
INV00002768,PO0002985,3785.96,2025-01-10 06:47:00.000000,2026-08-12 21:45:25.315550
INV00002829,PO0002717,1238.08,2025-01-16 16:49:39.000000,2026-08-12 21:45:25.315550
INV00003080,PO0001739,3564.45,2025-08-04 17:25:41.000000,2026-08-12 21:45:25.315550
INV00003092,PO0000847,4325.31,2024-06-01 07:45:40.000000,2026-08-12 21:45:25.315550
INV00003251,PO0000040,4637.6,2024-12-05 14:25:36.000000,2026-08-12 21:45:25.315550
INV00003268,PO0002769,791.65,2024-12-20 06:46:45.000000,2026-08-12 21:45:25.315550
INV00003370,PO0003586,3536.45,2025-02-27 02:53:53.000000,2026-08-12 21:45:25.315550
INV00003718,PO0000381,110.16,2025-06-11 03:27:58.000000,2026-08-12 21:45:25.315550
INV00003883,PO0002585,4948.11,2026-04-11 03:22:45.000000,2026-08-12 21:45:25.315550
INV00003898,PO0004710,5182.55,2026-02-11 10:23:41.000000,2026-08-12 21:45:25.315550
INV00004114,PO0001820,2365.19,2026-01-07 07:43:44.000000,2026-08-12 21:45:25.315550
INV00004190,PO0001214,415.16,2025-05-12 18:45:14.000000,2026-08-12 21:45:25.315550
INV00004420,PO0003767,4492.04,2024-04-26 04:10:20.000000,2026-08-12 21:45:25.315550
INV00004426,PO0002715,243.16,2025-04-30 11:41:51.102913,2026-08-12 21:45:25.315550
INV00004614,PO0002846,5389.02,2026-02-01 06:32:29.000000,2026-08-12 21:45:25.315550
INV00004785,PO0003249,85.84,2024-12-19 11:44:58.000000,2026-08-12 21:45:25.315550
INV00000416,PO0000385,4046.48,2024-12-16 13:56:15.000000,2026-08-12 21:45:25.315550
INV00000443,PO0003425,765.47,2024-11-07 18:09:39.000000,2026-08-12 21:45:25.315550
INV00000487,PO0003809,3573.06,2026-05-04 19:56:39.000000,2026-08-12 21:45:25.315550
INV00000573,PO0004813,2118.23,2024-11-06 04:53:49.000000,2026-08-12 21:45:25.315550
INV00000597,PO0003070,4270.74,2024-09-21 10:02:37.000000,2026-08-12 21:45:25.315550
INV00000620,PO0003212,3990.19,2025-02-13 01:48:17.000000,2026-08-12 21:45:25.315550
INV00000769,PO0004171,5435.86,2024-09-04 12:35:57.000000,2026-08-12 21:45:25.315550
INV00001232,PO0004982,4535.86,2025-05-09 11:41:51.094522,2026-08-12 21:45:25.315550
INV00001376,PO0004060,775.86,2024-11-02 12:30:48.000000,2026-08-12 21:45:25.315550
INV00001397,PO0003709,58.13,2025-06-17 03:08:28.000000,2026-08-12 21:45:25.315550
INV00001807,PO0003399,1386.2,2024-09-10 10:17:05.000000,2026-08-12 21:45:25.315550
INV00002445,PO0003401,4807.56,2025-06-16 22:44:19.000000,2026-08-12 21:45:25.315550
INV00002654,PO0000468,4874.61,2024-05-20 11:48:03.000000,2026-08-12 21:45:25.315550
INV00002730,PO0004366,2758.82,2026-02-04 16:32:07.000000,2026-08-12 21:45:25.315550
INV00002945,PO0004741,887.13,2025-05-25 11:41:51.098952,2026-08-12 21:45:25.315550
INV00003062,PO0004965,4915.83,2025-08-23 12:53:11.000000,2026-08-12 21:45:25.315550
INV00003427,PO0000679,946.74,2024-11-14 14:48:43.000000,2026-08-12 21:45:25.315550
INV00003575,PO0002477,$1062.63,2025-07-28 21:21:35.000000,2026-08-12 21:45:25.315550
INV00003869,PO0001663,3148.44,2025-06-10 20:47:44.000000,2026-08-12 21:45:25.315550
INV00003941,PO0000764,1224.25,2024-12-29 13:29:01.000000,2026-08-12 21:45:25.315550
INV00004112,PO0000987,1522.29,2024-12-14 01:25:21.000000,2026-08-12 21:45:25.315550
INV00004202,PO0002430,1006.53,2025-05-03 04:03:13.000000,2026-08-12 21:45:25.315550
INV00004479,PO0000928,62.31,2024-12-15 15:03:11.000000,2026-08-12 21:45:25.315550
INV00004575,PO0000233,4484.95,2025-04-02 03:15:28.000000,2026-08-12 21:45:25.315550
INV00004885,PO0004867,931.8,2026-01-14 18:47:53.000000,2026-08-12 21:45:25.315550
INV00004888,PO0004610,4978.22,2025-07-26 14:28:13.000000,2026-08-12 21:45:25.315550
INV00004943,PO0003453,3025.54,2024-11-26 11:26:35.000000,2026-08-12 21:45:25.315550
INV00000565,PO0004615,2855.29,2025-02-25 05:20:35.000000,2026-08-12 21:45:25.315550
INV00001000,PO0001019,2726.03,2025-05-23 21:38:31.000000,2026-08-12 21:45:25.315550
INV00001739,PO0003276,3689.1,2024-09-15 06:36:27.000000,2026-08-12 21:45:25.315550
INV00001871,PO0000104,4066.17,2026-02-09 10:00:08.000000,2026-08-12 21:45:25.315550
INV00002175,PO0001932,4938.9,2025-05-21 11:41:51.097427,2026-08-12 21:45:25.315550
INV00002279,PO0000192,365.99,2024-08-23 05:19:55.000000,2026-08-12 21:45:25.315550
INV00002322,PO0000781,787.66,2026-03-15 06:59:11.000000,2026-08-12 21:45:25.315550
INV00002335,PO0004817,2586.48,2025-06-24 23:46:52.000000,2026-08-12 21:45:25.315550
INV00003075,PO0004543,4455.85,2025-05-10 11:41:51.098952,2026-08-12 21:45:25.315550
INV00003152,PO0003347,2695.92,2024-12-02 17:33:40.000000,2026-08-12 21:45:25.315550
INV00003357,PO0003852,5074.13,2025-03-31 10:34:17.000000,2026-08-12 21:45:25.315550
INV00003547,PO0001882,3910.26,2025-05-24 11:41:51.101047,2026-08-12 21:45:25.315550
INV00003650,PO0001551,4832.17,2024-06-19 04:28:14.000000,2026-08-12 21:45:25.315550
INV00003811,PO0001879,3075.83,2026-02-28 19:40:00.000000,2026-08-12 21:45:25.315550
INV00003819,PO0004116,4284.0,2026-04-11 04:19:39.000000,2026-08-12 21:45:25.315550
INV00004022,PO0000625,4509.51,2025-10-20 16:04:05.000000,2026-08-12 21:45:25.315550
INV00004092,PO0000370,2798.98,2024-10-07 03:41:55.000000,2026-08-12 21:45:25.315550
INV00004116,PO0003854,561.44,2025-06-06 16:53:32.000000,2026-08-12 21:45:25.315550
INV00004177,PO0000029,2533.81,2025-12-31 18:48:54.000000,2026-08-12 21:45:25.315550
INV00004233,PO0003408,723.71,2024-11-28 17:02:10.000000,2026-08-12 21:45:25.315550
INV00004466,PO0001241,3873.91,2024-10-12 00:35:36.000000,2026-08-12 21:45:25.315550
INV00000685,PO0002940,3343.83,2024-11-11 23:11:07.000000,2026-08-12 21:45:25.315550
INV00001033,PO0004577,1209.51,2026-03-20 06:50:45.000000,2026-08-12 21:45:25.315550
INV00001260,PO0004336,5289.93,2024-10-23 03:55:11.000000,2026-08-12 21:45:25.315550
INV00001268,PO0001994,1515.36,2025-10-18 01:12:32.000000,2026-08-12 21:45:25.315550
INV00001686,PO0003589,5304.17,2024-07-16 10:46:32.000000,2026-08-12 21:45:25.315550
INV00001713,PO0001514,4189.52,2025-07-26 03:30:18.000000,2026-08-12 21:45:25.315550
INV00001735,PO0001757,1476.38,2025-07-11 11:33:18.000000,2026-08-12 21:45:25.315550
INV00001916,PO0003377,4229.6,2026-03-17 15:21:54.000000,2026-08-12 21:45:25.315550
INV00002208,PO0002381,4928.48,2025-10-13 22:32:38.000000,2026-08-12 21:45:25.315550
INV00002536,PO0001957,4845.82,2024-08-18 23:23:08.000000,2026-08-12 21:45:25.315550
INV00002581,PO0003239,584.52,2025-08-01 04:00:00.000000,2026-08-12 21:45:25.315550
INV00002953,PO0004780,4944.64,2025-05-23 00:28:11.000000,2026-08-12 21:45:25.315550
INV00003011,PO0000966,2746.95,2025-05-25 00:54:17.000000,2026-08-12 21:45:25.315550
INV00003058,PO0002089,4544.5,2024-09-13 20:42:38.000000,2026-08-12 21:45:25.315550
INV00003122,PO0000197,1884.62,2025-01-16 13:30:37.000000,2026-08-12 21:45:25.315550
INV00003569,PO0003120,4996.02,2025-05-06 17:52:27.000000,2026-08-12 21:45:25.315550
INV00004032,PO0002140,4785.82,2026-02-22 11:28:06.000000,2026-08-12 21:45:25.315550
INV00004252,PO0003225,4771.28,2024-12-11 21:06:47.000000,2026-08-12 21:45:25.315550
INV00004295,PO0000982,3719.97,2024-10-28 08:32:49.000000,2026-08-12 21:45:25.315550
INV00004712,PO0000184,$3082.72,2024-08-16 22:47:09.000000,2026-08-12 21:45:25.315550
INV00004984,PO0000272,4671.1,2026-03-21 14:42:58.000000,2026-08-12 21:45:25.315550
INV00000030,PO0002720,2909.82,2026-01-27 07:33:20.000000,2026-08-12 21:45:25.315550
INV00000169,PO0003922,2923.24,2024-09-29 20:48:14.000000,2026-08-12 21:45:25.315550
INV00000232,PO0001785,806.06,2026-04-19 10:22:03.000000,2026-08-12 21:45:25.315550
INV00000281,PO0001391,4748.43,2025-04-07 23:19:54.000000,2026-08-12 21:45:25.315550
INV00000292,PO0002079,1688.37,2025-11-05 10:30:56.000000,2026-08-12 21:45:25.315550
INV00000481,PO0003108,104.84,2025-02-22 14:52:40.000000,2026-08-12 21:45:25.315550
INV00000497,PO0001496,2275.8,2025-12-27 01:54:00.000000,2026-08-12 21:45:25.315550
INV00001015,PO0004584,3548.55,2025-06-02 11:41:51.094522,2026-08-12 21:45:25.315550
INV00001114,PO0000324,1256.76,2025-07-23 18:04:09.000000,2026-08-12 21:45:25.315550
INV00001148,PO0001879,4264.69,2026-04-01 19:40:00.000000,2026-08-12 21:45:25.315550
INV00001188,PO0001949,998.3,2024-09-11 09:44:17.000000,2026-08-12 21:45:25.315550
INV00001489,PO0003080,1965.61,2026-01-31 06:02:44.000000,2026-08-12 21:45:25.315550
INV00001543,PO0001729,4115.61,2025-07-31 17:44:10.000000,2026-08-12 21:45:25.315550
INV00001579,PO0004946,5109.3,2024-06-07 05:32:50.000000,2026-08-12 21:45:25.315550
INV00001590,PO0001405,2477.17,2025-01-05 08:10:34.000000,2026-08-12 21:45:25.315550
INV00001969,PO0004657,188.5,2025-03-22 17:17:00.000000,2026-08-12 21:45:25.315550
INV00002838,PO0001143,697.28,2025-08-22 22:59:27.000000,2026-08-12 21:45:25.315550
INV00002994,PO0001133,2891.68,2026-03-17 16:30:32.000000,2026-08-12 21:45:25.315550
INV00003048,PO0002580,$876.91,2025-09-18 23:05:22.000000,2026-08-12 21:45:25.315550
INV00003314,PO0003024,851.77,2025-05-16 11:21:55.000000,2026-08-12 21:45:25.315550
INV00003529,PO0004831,$3743.99,2025-11-09 18:07:30.000000,2026-08-12 21:45:25.315550
INV00003753,PO0001577,338.47,2026-04-23 17:14:55.000000,2026-08-12 21:45:25.315550
INV00003930,PO0002906,1782.39,2026-04-06 12:56:09.000000,2026-08-12 21:45:25.315550
INV00004061,PO0000962,4265.38,2025-08-16 19:17:48.000000,2026-08-12 21:45:25.315550
INV00004824,PO0004825,2799.5,2024-11-30 09:44:00.000000,2026-08-12 21:45:25.315550
INV00004913,PO0002809,645.52,2026-01-06 04:27:22.000000,2026-08-12 21:45:25.315550
INV00004988,PO0004153,2466.2,2024-09-28 17:10:36.000000,2026-08-12 21:45:25.315550
INV00000040,PO0000449,4381.7,2025-03-24 14:42:20.000000,2026-08-12 21:45:25.315550
INV00000101,PO0002277,4449.65,2026-02-01 11:42:52.000000,2026-08-12 21:45:25.315550
INV00000257,PO0002836,402.32,2024-10-22 00:57:20.000000,2026-08-12 21:45:25.315550
INV00000322,PO0001555,1389.05,2026-03-08 23:52:59.000000,2026-08-12 21:45:25.315550
INV00000381,PO0000715,5448.16,2025-05-22 11:41:51.091922,2026-08-12 21:45:25.315550
INV00000788,PO0001332,5141.98,2026-04-20 18:59:27.000000,2026-08-12 21:45:25.315550
INV00001475,PO0000446,1084.27,2025-01-05 11:59:06.000000,2026-08-12 21:45:25.315550
INV00001867,PO0000484,$1476.63,2025-08-07 22:42:20.000000,2026-08-12 21:45:25.315550
INV00001965,PO0004567,3775.08,2025-03-24 21:44:49.000000,2026-08-12 21:45:25.315550
INV00002097,PO0000514,4865.75,2026-03-10 16:05:24.000000,2026-08-12 21:45:25.315550
INV00002498,PO0003426,4227.09,2025-11-30 09:31:34.000000,2026-08-12 21:45:25.315550
INV00002660,PO0002512,2227.93,2025-09-13 21:51:49.000000,2026-08-12 21:45:25.315550
INV00003013,PO0004226,4456.91,2024-09-01 05:41:54.000000,2026-08-12 21:45:25.315550
INV00003035,PO0000030,237.67,2025-10-03 18:47:52.000000,2026-08-12 21:45:25.315550
INV00003044,PO0003943,4850.85,2024-11-06 19:09:29.000000,2026-08-12 21:45:25.315550
INV00003220,PO0004206,4370.75,2024-09-13 16:23:27.000000,2026-08-12 21:45:25.315550
INV00003954,PO0003514,2620.11,2025-01-04 09:41:04.000000,2026-08-12 21:45:25.315550
INV00004099,PO0003001,3018.07,2024-08-06 17:34:45.000000,2026-08-12 21:45:25.315550
INV00004332,PO0004865,3586.07,2024-12-07 21:16:52.000000,2026-08-12 21:45:25.315550
INV00004648,PO0004731,5110.63,2025-05-04 11:41:51.102913,2026-08-12 21:45:25.315550
INV00004804,PO0002277,1938.22,2026-02-08 11:42:52.000000,2026-08-12 21:45:25.315550
INV00000056,PO0003719,2798.78,2025-02-23 01:52:35.000000,2026-08-12 21:45:25.315550
INV00000340,PO0004860,3253.51,2025-06-29 01:38:25.000000,2026-08-12 21:45:25.315550
INV00000542,PO0002369,1295.54,2024-08-18 06:39:39.000000,2026-08-12 21:45:25.315550
INV00000743,PO0003474,2663.63,2024-05-28 17:39:20.000000,2026-08-12 21:45:25.315550
INV00001087,PO0001152,1824.48,2026-03-04 04:57:31.000000,2026-08-12 21:45:25.315550
INV00001309,PO0000885,2636.28,2025-05-19 11:41:51.095433,2026-08-12 21:45:25.315550
INV00001350,PO0003262,3710.27,2025-04-20 17:10:31.000000,2026-08-12 21:45:25.315550
INV00001848,PO0003057,4159.86,2025-01-10 04:45:43.000000,2026-08-12 21:45:25.315550
INV00001940,PO0001213,4686.41,2024-08-16 22:39:23.000000,2026-08-12 21:45:25.315550
INV00001968,PO0001466,4827.95,2026-02-27 07:46:38.000000,2026-08-12 21:45:25.315550
INV00002666,PO0002387,4257.43,2025-12-12 19:00:46.000000,2026-08-12 21:45:25.315550
INV00002755,PO0003803,1262.35,2025-09-18 08:09:28.000000,2026-08-12 21:45:25.315550
INV00002766,PO0003299,4256.23,2024-08-31 05:11:47.000000,2026-08-12 21:45:25.315550
INV00003219,PO0004649,4954.48,2026-04-12 18:11:32.000000,2026-08-12 21:45:25.315550
INV00003329,PO0004510,565.97,2024-05-24 10:30:11.000000,2026-08-12 21:45:25.315550
INV00003336,PO0000346,1053.97,2025-06-01 11:41:51.098952,2026-08-12 21:45:25.315550
INV00003410,PO0004951,3371.4,2025-07-07 23:43:05.000000,2026-08-12 21:45:25.315550
INV00003456,PO0002073,$765.19,2026-01-20 16:45:47.000000,2026-08-12 21:45:25.315550
INV00003619,PO0000181,2808.2,2024-08-26 02:46:23.000000,2026-08-12 21:45:25.315550
INV00003797,PO0000160,2332.27,2024-09-18 16:34:34.000000,2026-08-12 21:45:25.315550
INV00003996,PO0003895,4431.1,2025-04-20 11:41:51.101047,2026-08-12 21:45:25.315550
INV00004241,PO0004197,1248.34,2025-08-27 11:36:17.000000,2026-08-12 21:45:25.315550
INV00004289,PO0000915,2730.37,2024-07-26 18:37:25.000000,2026-08-12 21:45:25.315550
INV00004996,PO0004943,406.33,2024-06-05 01:01:05.000000,2026-08-12 21:45:25.315550
INV00000057,PO0000646,4085.62,2026-01-30 09:39:54.000000,2026-08-12 21:45:25.315550
INV00000166,PO0000320,1833.39,2025-06-01 11:41:51.091922,2026-08-12 21:45:25.315550
INV00001085,PO0002136,$2215.88,2025-08-03 02:26:33.000000,2026-08-12 21:45:25.315550
INV00001120,PO0000626,594.0,2024-07-31 23:11:49.000000,2026-08-12 21:45:25.315550
INV00001128,PO0004613,1229.12,2024-12-19 07:12:43.000000,2026-08-12 21:45:25.315550
INV00001408,PO0002848,2829.7,2025-11-12 08:48:27.000000,2026-08-12 21:45:25.315550
INV00001504,PO0001005,5043.21,2024-10-21 02:09:59.000000,2026-08-12 21:45:25.315550
INV00001722,PO0000045,5297.12,2024-12-30 06:27:16.000000,2026-08-12 21:45:25.315550
INV00002115,PO0003131,1262.37,2025-11-17 00:27:12.000000,2026-08-12 21:45:25.315550
INV00002246,PO0004616,4400.29,2025-02-28 22:30:08.000000,2026-08-12 21:45:25.315550
INV00002265,PO0000552,331.84,2025-12-21 11:23:11.000000,2026-08-12 21:45:25.315550
INV00002831,PO0002915,495.62,2024-10-02 15:06:07.000000,2026-08-12 21:45:25.315550
INV00002864,PO0002342,1810.47,2024-08-05 09:39:10.000000,2026-08-12 21:45:25.315550
INV00002868,PO0004724,5144.91,2026-02-26 11:20:26.000000,2026-08-12 21:45:25.315550
INV00003163,PO0003225,3526.19,2024-12-20 21:06:47.000000,2026-08-12 21:45:25.315550
INV00003216,PO0001632,1515.89,2024-12-04 03:48:05.000000,2026-08-12 21:45:25.315550
INV00003225,PO0003597,4726.91,2025-12-26 09:53:52.000000,2026-08-12 21:45:25.315550
INV00003412,PO0004900,1893.38,2026-03-29 21:00:57.000000,2026-08-12 21:45:25.315550
INV00004060,PO0001876,1668.12,2025-09-25 22:09:15.000000,2026-08-12 21:45:25.315550
INV00004140,PO0000543,1113.43,2025-01-18 16:14:57.000000,2026-08-12 21:45:25.315550
INV00004214,PO0004889,4180.98,2024-05-15 08:12:12.000000,2026-08-12 21:45:25.315550
INV00004307,PO0001306,1120.21,2024-09-15 04:14:53.000000,2026-08-12 21:45:25.315550
INV00004380,PO0000383,2399.48,2026-01-14 03:40:01.000000,2026-08-12 21:45:25.315550
INV00004519,PO0001058,1128.26,2025-05-18 05:11:12.000000,2026-08-12 21:45:25.315550
INV00004808,PO0002489,$1415.9,2025-11-25 05:30:38.000000,2026-08-12 21:45:25.315550
INV00000177,PO0001439,4095.08,2025-08-20 01:09:26.000000,2026-08-12 21:45:25.315550
INV00000237,PO0002134,4601.63,2025-11-26 08:17:35.000000,2026-08-12 21:45:25.315550
INV00000244,PO0004242,5440.81,2024-06-06 20:59:59.000000,2026-08-12 21:45:25.315550
INV00000319,PO0004265,4792.69,2024-11-07 18:41:08.000000,2026-08-12 21:45:25.315550
INV00000375,PO0000162,1756.64,2026-05-08 14:07:00.000000,2026-08-12 21:45:25.315550
INV00000472,PO0004521,3769.51,2025-05-29 11:41:51.091922,2026-08-12 21:45:25.315550
INV00000859,PO0003596,3873.65,2026-02-18 06:04:57.000000,2026-08-12 21:45:25.315550
INV00001139,PO0003184,4345.16,2025-08-14 20:46:39.000000,2026-08-12 21:45:25.315550
INV00001358,PO0004378,1836.22,2025-02-27 15:45:37.000000,2026-08-12 21:45:25.315550
INV00001853,PO0004951,$3716.4,2025-06-26 23:43:05.000000,2026-08-12 21:45:25.315550
INV00002134,PO0004920,5330.49,2025-10-21 05:21:05.000000,2026-08-12 21:45:25.315550
INV00002410,PO0002412,5414.01,2024-05-31 22:00:12.000000,2026-08-12 21:45:25.315550
INV00002434,PO0000283,5425.94,2025-10-24 18:39:48.000000,2026-08-12 21:45:25.315550
INV00002757,PO0000546,3971.87,2024-04-23 15:28:20.000000,2026-08-12 21:45:25.315550
INV00002837,PO0000453,4117.77,2024-04-25 23:55:30.000000,2026-08-12 21:45:25.315550
INV00003038,PO0002858,262.39,2025-03-11 16:45:15.000000,2026-08-12 21:45:25.315550
INV00003259,PO0003958,5132.43,2024-07-14 13:58:27.000000,2026-08-12 21:45:25.315550
INV00003469,PO0001170,703.72,2026-03-03 17:51:53.000000,2026-08-12 21:45:25.315550
INV00003686,PO0001212,5444.9,2024-10-01 00:18:53.000000,2026-08-12 21:45:25.315550
INV00004198,PO0000777,115.62,2025-10-11 02:49:25.000000,2026-08-12 21:45:25.315550
INV00004461,PO0004646,5043.12,2025-11-06 08:50:19.000000,2026-08-12 21:45:25.315550
INV00004525,PO0003840,3483.22,2025-11-29 12:54:25.000000,2026-08-12 21:45:25.315550
INV00004862,PO0004783,1938.31,2024-09-09 13:25:31.000000,2026-08-12 21:45:25.315550
INV00004906,PO0002354,927.28,2024-11-09 20:04:58.000000,2026-08-12 21:45:25.315550
INV00000151,PO0001088,2432.58,2026-03-05 09:08:58.000000,2026-08-12 21:45:25.315550
INV00000254,PO0004781,5088.79,2024-08-01 05:06:10.000000,2026-08-12 21:45:25.315550
INV00000291,PO0002930,2577.88,2025-04-30 11:41:51.091922,2026-08-12 21:45:25.315550
INV00000332,PO0000593,1286.03,2025-04-15 03:59:52.000000,2026-08-12 21:45:25.315550
INV00000348,PO0003427,1582.82,2025-06-22 00:46:09.000000,2026-08-12 21:45:25.315550
INV00000413,PO0000431,80.87,2024-04-26 06:28:01.000000,2026-08-12 21:45:25.315550
INV00000712,PO0003484,5389.75,2025-04-18 18:30:00.000000,2026-08-12 21:45:25.315550
INV00000907,PO0003645,3802.54,2024-04-27 09:08:13.000000,2026-08-12 21:45:25.315550
INV00000967,PO0002544,3304.99,2025-04-05 16:41:36.000000,2026-08-12 21:45:25.315550
INV00001097,PO0000121,109.32,2024-09-01 02:33:30.000000,2026-08-12 21:45:25.315550
INV00001199,PO0003169,2808.32,2024-11-10 10:09:41.000000,2026-08-12 21:45:25.315550
INV00001211,PO0004412,2663.89,2024-05-24 08:46:10.000000,2026-08-12 21:45:25.315550
INV00001342,PO0003194,3856.99,2024-06-05 22:40:17.000000,2026-08-12 21:45:25.315550
INV00001428,PO0003004,488.52,2026-04-23 15:08:06.000000,2026-08-12 21:45:25.315550
INV00002122,PO0004043,2365.09,2025-05-09 01:45:22.000000,2026-08-12 21:45:25.315550
INV00002767,PO0002103,3665.92,2026-03-01 20:16:19.000000,2026-08-12 21:45:25.315550
INV00003134,PO0002092,2743.08,2024-06-12 03:17:44.000000,2026-08-12 21:45:25.315550
INV00003197,PO0002914,4608.52,2025-11-11 20:00:33.000000,2026-08-12 21:45:25.315550
INV00003588,PO0001607,3324.18,2025-08-23 13:42:46.000000,2026-08-12 21:45:25.315550
INV00003666,PO0004021,2635.47,2025-01-02 20:18:24.000000,2026-08-12 21:45:25.315550
INV00003818,PO0000154,4642.89,2025-08-25 06:43:18.000000,2026-08-12 21:45:25.315550
INV00004009,PO0003255,2712.36,2024-08-22 18:18:46.000000,2026-08-12 21:45:25.315550
INV00004524,PO0000791,3641.44,2024-08-25 09:24:36.000000,2026-08-12 21:45:25.315550
INV00004557,PO0004065,2641.54,2026-01-05 18:01:06.000000,2026-08-12 21:45:25.315550
INV00004752,PO0004826,372.7,2025-01-14 20:49:20.000000,2026-08-12 21:45:25.315550
INV00004938,PO0003092,2066.0,2024-12-15 17:04:48.000000,2026-08-12 21:45:25.315550
INV00004960,PO0001879,3646.06,2026-03-17 19:40:00.000000,2026-08-12 21:45:25.315550
INV00000148,PO0004285,1982.19,2024-06-11 08:09:44.000000,2026-08-12 21:45:25.315550
INV00000637,PO0004793,2974.22,2025-04-17 03:15:01.000000,2026-08-12 21:45:25.315550
INV00000663,PO0000728,3320.1,2025-02-03 08:52:36.000000,2026-08-12 21:45:25.315550
INV00000949,PO0000382,5099.89,2024-11-09 12:34:14.000000,2026-08-12 21:45:25.315550
INV00000954,PO0003880,5118.19,2025-05-15 11:41:51.094522,2026-08-12 21:45:25.315550
INV00001004,PO0002082,5127.08,2025-12-26 11:40:38.000000,2026-08-12 21:45:25.315550
INV00001091,PO0001913,4681.63,2025-12-17 11:01:46.000000,2026-08-12 21:45:25.315550
INV00001179,PO0002534,348.58,2025-01-22 06:10:25.000000,2026-08-12 21:45:25.315550
INV00001238,PO0001539,5315.63,2024-06-03 21:20:13.000000,2026-08-12 21:45:25.315550
INV00001886,PO0002948,402.28,2026-02-26 23:13:04.000000,2026-08-12 21:45:25.315550
INV00002141,PO0001987,658.09,2025-05-08 20:47:24.000000,2026-08-12 21:45:25.315550
INV00002269,PO0004300,2149.48,2026-05-19 06:53:06.000000,2026-08-12 21:45:25.315550
INV00002362,PO0001631,3452.61,2024-12-30 09:28:29.000000,2026-08-12 21:45:25.315550
INV00002473,PO0002481,4062.07,2026-04-11 17:37:11.000000,2026-08-12 21:45:25.315550
INV00002572,PO0004191,2058.08,2025-01-03 22:15:58.000000,2026-08-12 21:45:25.315550
INV00002596,PO0004481,821.12,2025-05-11 11:41:51.098952,2026-08-12 21:45:25.315550
INV00002852,PO0002714,2858.34,2026-01-16 13:30:04.000000,2026-08-12 21:45:25.315550
INV00003245,PO0003600,1105.22,2024-05-30 23:44:14.000000,2026-08-12 21:45:25.315550
INV00003377,PO0001712,2398.63,2024-10-25 23:28:12.000000,2026-08-12 21:45:25.315550
INV00003585,PO0002664,4294.92,2026-01-21 23:20:42.000000,2026-08-12 21:45:25.315550
INV00003677,PO0001812,742.1,2026-01-02 17:14:15.000000,2026-08-12 21:45:25.315550
INV00003684,PO0001581,2339.44,2025-11-14 02:34:14.000000,2026-08-12 21:45:25.315550
INV00004273,PO0001751,1400.63,2026-02-22 04:43:04.000000,2026-08-12 21:45:25.315550
INV00004285,PO0001127,4925.28,2025-05-08 11:41:51.102408,2026-08-12 21:45:25.315550
INV00004438,PO0004603,5119.42,2025-01-19 20:06:37.000000,2026-08-12 21:45:25.315550
INV00004675,PO0003961,5007.27,2024-10-09 07:11:30.000000,2026-08-12 21:45:25.315550
INV00004683,PO0001419,4862.14,2025-02-25 21:01:15.000000,2026-08-12 21:45:25.315550
INV00004923,PO0002563,4748.73,2025-01-20 21:23:46.000000,2026-08-12 21:45:25.315550
INV00000422,PO0004852,4400.8,2024-05-08 13:18:23.000000,2026-08-12 21:45:25.315550
INV00000431,PO0000773,186.24,2026-01-19 10:22:36.000000,2026-08-12 21:45:25.315550
INV00000583,PO0001774,1847.25,2025-01-24 07:55:42.000000,2026-08-12 21:45:25.315550
INV00000762,PO0000802,3702.67,2026-02-07 08:26:18.000000,2026-08-12 21:45:25.315550
INV00001324,PO0001799,2429.34,2025-07-20 09:02:16.000000,2026-08-12 21:45:25.315550
INV00001564,PO0001082,2348.42,2024-09-06 07:00:28.000000,2026-08-12 21:45:25.315550
INV00001768,PO0002913,946.56,2024-06-27 12:55:33.000000,2026-08-12 21:45:25.315550
INV00001791,PO0001800,890.03,2025-07-25 22:24:51.000000,2026-08-12 21:45:25.315550
INV00001882,PO0002794,1025.57,2025-08-12 14:45:41.000000,2026-08-12 21:45:25.315550
INV00002435,PO0004557,3586.7,2026-03-31 00:38:37.000000,2026-08-12 21:45:25.315550
INV00002459,PO0002032,2910.03,2024-10-31 01:23:21.000000,2026-08-12 21:45:25.315550
INV00002583,PO0001522,$5036.25,2025-07-10 17:16:27.000000,2026-08-12 21:45:25.315550
INV00002862,PO0001031,1542.29,2025-04-26 11:41:51.098952,2026-08-12 21:45:25.315550
INV00003143,PO0001802,4347.68,2026-01-27 17:08:59.000000,2026-08-12 21:45:25.315550
INV00003486,PO0002968,3951.39,2025-10-29 02:04:08.000000,2026-08-12 21:45:25.315550
INV00003810,PO0004889,1146.73,2024-05-07 08:12:12.000000,2026-08-12 21:45:25.315550
INV00004016,PO0001258,771.05,2025-08-18 09:08:35.000000,2026-08-12 21:45:25.315550
INV00004031,PO0001405,3153.78,2025-01-08 08:10:34.000000,2026-08-12 21:45:25.315550
INV00004174,PO0002372,4284.77,2024-08-10 20:47:05.000000,2026-08-12 21:45:25.315550
INV00004460,PO0003220,291.1,2026-02-01 05:51:55.000000,2026-08-12 21:45:25.315550
INV00004498,PO0003002,4546.48,2024-06-08 14:06:08.000000,2026-08-12 21:45:25.315550
INV00004534,PO0004579,738.1,2024-07-16 16:21:34.000000,2026-08-12 21:45:25.315550
INV00000031,PO0002137,3570.51,2024-12-09 23:06:57.000000,2026-08-12 21:45:25.315550
INV00000152,PO0000380,2931.89,2024-11-29 11:14:22.000000,2026-08-12 21:45:25.315550
INV00000373,PO0000220,3396.9,2026-01-23 23:44:25.000000,2026-08-12 21:45:25.315550
INV00000496,PO0003040,1166.32,2026-04-05 05:01:14.000000,2026-08-12 21:45:25.315550
INV00001054,PO0000653,3715.33,2025-11-08 13:16:28.000000,2026-08-12 21:45:25.315550
INV00001244,PO0003275,5353.53,2024-08-14 08:28:56.000000,2026-08-12 21:45:25.315550
INV00001563,PO0002150,4321.69,2024-10-23 18:07:45.000000,2026-08-12 21:45:25.315550
INV00001778,PO0001324,2491.44,2026-05-14 11:35:02.000000,2026-08-12 21:45:25.315550
INV00002118,PO0003549,2772.27,2025-06-01 12:01:04.000000,2026-08-12 21:45:25.315550
INV00002333,PO0000436,4700.48,2025-05-23 11:41:51.097427,2026-08-12 21:45:25.315550
INV00002369,PO0003540,1794.54,2025-12-05 23:03:44.000000,2026-08-12 21:45:25.315550
INV00002613,PO0001638,265.43,2024-08-23 02:33:52.000000,2026-08-12 21:45:25.315550
INV00002900,PO0001246,3320.78,2025-06-13 16:48:06.000000,2026-08-12 21:45:25.315550
INV00002950,PO0003308,3181.06,2025-08-03 22:06:21.000000,2026-08-12 21:45:25.315550
INV00003444,PO0000966,$2419.54,2025-05-08 00:54:17.000000,2026-08-12 21:45:25.315550
INV00003533,PO0003685,4670.79,2025-01-23 12:24:48.000000,2026-08-12 21:45:25.315550
INV00003612,PO0001439,2719.12,2025-07-20 01:09:26.000000,2026-08-12 21:45:25.315550
INV00003631,PO0000564,1593.69,2025-06-06 15:52:54.000000,2026-08-12 21:45:25.315550
INV00003824,PO0002953,1194.44,2025-03-12 07:14:10.000000,2026-08-12 21:45:25.315550
INV00003966,PO0001494,4424.46,2026-01-06 05:11:05.000000,2026-08-12 21:45:25.315550
INV00004366,PO0004142,3281.41,2024-09-08 12:38:45.000000,2026-08-12 21:45:25.315550
INV00004758,PO0001987,2420.71,2025-05-28 20:47:24.000000,2026-08-12 21:45:25.315550
INV00000072,PO0004803,942.45,2026-02-14 01:02:46.000000,2026-08-12 21:45:25.315550
INV00000261,PO0000338,3475.47,2025-01-28 05:20:48.000000,2026-08-12 21:45:25.315550
INV00000654,PO0003336,3855.11,2024-05-19 05:23:36.000000,2026-08-12 21:45:25.315550
INV00000666,PO0004932,5205.7,2025-12-21 17:49:52.000000,2026-08-12 21:45:25.315550
INV00000959,PO0004285,49.18,2024-06-09 08:09:44.000000,2026-08-12 21:45:25.315550
INV00001119,PO0003221,2716.04,2025-10-26 19:49:27.000000,2026-08-12 21:45:25.315550
INV00001163,PO0004380,4218.18,2025-03-07 04:34:29.000000,2026-08-12 21:45:25.315550
INV00001183,PO0004655,3236.2,2025-11-21 19:37:25.000000,2026-08-12 21:45:25.315550
INV00001263,PO0003717,4544.34,2024-08-30 13:29:18.000000,2026-08-12 21:45:25.315550
INV00001425,PO0004889,1130.97,2024-05-22 08:12:12.000000,2026-08-12 21:45:25.315550
INV00001438,PO0001011,5280.56,2026-02-26 17:57:58.000000,2026-08-12 21:45:25.315550
INV00001547,PO0000060,2734.31,2024-11-24 16:54:27.000000,2026-08-12 21:45:25.315550
INV00001570,PO0002988,1385.32,2026-05-07 13:47:33.000000,2026-08-12 21:45:25.315550
INV00001601,PO0003568,2822.12,2024-06-25 10:34:39.000000,2026-08-12 21:45:25.315550
INV00001650,PO0004160,2480.42,2025-10-08 06:47:48.000000,2026-08-12 21:45:25.315550
INV00001689,PO0000668,1631.25,2025-04-20 03:33:17.000000,2026-08-12 21:45:25.315550
INV00001989,PO0003679,4795.83,2025-07-13 03:56:00.000000,2026-08-12 21:45:25.315550
INV00001995,PO0000503,1103.57,2025-07-11 17:13:36.000000,2026-08-12 21:45:25.315550
INV00002299,PO0003490,5444.35,2026-02-01 03:18:48.000000,2026-08-12 21:45:25.315550
INV00002451,PO0004509,4783.57,2025-08-27 16:28:42.000000,2026-08-12 21:45:25.315550
INV00002559,PO0001665,519.78,2025-03-20 09:13:14.000000,2026-08-12 21:45:25.315550
INV00002602,PO0002805,4006.09,2025-05-06 11:41:51.098952,2026-08-12 21:45:25.315550
INV00002659,PO0000800,4573.24,2024-07-07 13:09:01.000000,2026-08-12 21:45:25.315550
INV00002715,PO0000275,3794.5,2026-02-12 18:47:40.000000,2026-08-12 21:45:25.315550
INV00002853,PO0000176,3522.97,2026-03-28 01:06:04.000000,2026-08-12 21:45:25.315550
INV00002885,PO0000016,4965.43,2026-03-31 17:49:16.000000,2026-08-12 21:45:25.315550
INV00002912,PO0001358,560.13,2025-06-03 14:13:37.000000,2026-08-12 21:45:25.315550
INV00002941,PO0002114,2642.98,2025-03-02 01:14:25.000000,2026-08-12 21:45:25.315550
INV00003241,PO0001641,3741.05,2026-05-08 14:42:03.000000,2026-08-12 21:45:25.315550
INV00003288,PO0002199,683.23,2024-09-24 14:48:23.000000,2026-08-12 21:45:25.315550
INV00003916,PO0004426,495.44,2026-03-23 05:40:01.000000,2026-08-12 21:45:25.315550
INV00004372,PO0001481,2180.31,2024-10-16 08:28:04.000000,2026-08-12 21:45:25.315550
INV00004899,PO0000629,2355.37,2025-03-16 10:53:22.000000,2026-08-12 21:45:25.315550
INV00000066,PO0000239,1055.53,2025-09-16 07:06:15.000000,2026-08-12 21:45:25.315550
INV00000466,PO0004247,1307.26,2024-09-15 18:54:24.000000,2026-08-12 21:45:25.315550
INV00001032,PO0003773,3770.4,2025-03-26 15:00:55.000000,2026-08-12 21:45:25.315550
INV00001308,PO0003030,1551.58,2025-06-28 03:59:11.000000,2026-08-12 21:45:25.315550
INV00001331,PO0001828,655.03,2025-04-29 23:37:23.000000,2026-08-12 21:45:25.315550
INV00001906,PO0004297,3651.8,2024-12-17 06:08:50.000000,2026-08-12 21:45:25.315550
INV00001939,PO0001784,2714.0,2025-11-28 11:24:08.000000,2026-08-12 21:45:25.315550
INV00002455,PO0002179,3203.12,2025-01-29 22:06:20.000000,2026-08-12 21:45:25.315550
INV00003002,PO0003107,4064.08,2025-05-22 11:41:51.098952,2026-08-12 21:45:25.315550
INV00003638,PO0004734,4889.25,2025-12-29 04:42:13.000000,2026-08-12 21:45:25.315550
INV00003798,PO0002118,5101.0,2025-03-08 14:35:56.000000,2026-08-12 21:45:25.315550
INV00003886,PO0002482,4562.25,2025-10-17 20:41:18.000000,2026-08-12 21:45:25.315550
INV00004336,PO0003956,3680.14,2025-11-17 00:52:21.000000,2026-08-12 21:45:25.315550
INV00004354,PO0003891,1436.69,2024-08-04 02:47:22.000000,2026-08-12 21:45:25.315550
INV00004481,PO0002742,1208.76,2025-01-11 22:30:56.000000,2026-08-12 21:45:25.315550
INV00004499,PO0002722,4468.68,2024-09-13 13:38:40.000000,2026-08-12 21:45:25.315550
INV00004531,PO0002791,441.86,2025-04-28 04:35:41.000000,2026-08-12 21:45:25.315550
INV00004782,PO0002289,633.79,2025-05-14 11:41:51.103922,2026-08-12 21:45:25.315550
INV00004989,PO0000168,1637.13,2024-09-03 07:07:43.000000,2026-08-12 21:45:25.315550
INV00000302,PO0002776,2482.4,2024-12-21 15:31:09.000000,2026-08-12 21:45:25.315550
INV00000879,PO0004343,685.63,2026-01-17 21:36:48.000000,2026-08-12 21:45:25.315550
INV00000952,PO0001965,3044.92,2025-10-06 12:38:24.000000,2026-08-12 21:45:25.315550
INV00001587,PO0001840,2101.99,2026-01-08 01:53:25.000000,2026-08-12 21:45:25.315550
INV00001795,PO0004688,$1308.56,2025-05-14 15:11:13.000000,2026-08-12 21:45:25.315550
INV00001817,PO0000193,4128.67,2025-08-20 05:43:18.000000,2026-08-12 21:45:25.315550
INV00001926,PO0001092,3224.73,2024-08-28 20:09:52.000000,2026-08-12 21:45:25.315550
INV00002262,PO0002539,$2749.48,2026-01-21 08:40:03.000000,2026-08-12 21:45:25.315550
INV00002486,PO0001901,2621.12,2025-05-14 06:56:49.000000,2026-08-12 21:45:25.315550
INV00002635,PO0002312,872.17,2025-10-30 02:05:42.000000,2026-08-12 21:45:25.315550
INV00003119,PO0003997,405.56,2024-09-24 23:50:02.000000,2026-08-12 21:45:25.315550
INV00003289,PO0003686,4194.13,2025-06-02 11:41:51.098952,2026-08-12 21:45:25.315550
INV00003309,PO0004784,2672.92,2025-04-22 04:55:48.000000,2026-08-12 21:45:25.315550
INV00003352,PO0001493,421.76,2025-06-17 05:49:07.000000,2026-08-12 21:45:25.315550
INV00003645,PO0001029,2052.28,2024-10-06 02:49:12.000000,2026-08-12 21:45:25.315550
INV00003853,PO0003555,$3559.64,2025-05-04 00:27:50.000000,2026-08-12 21:45:25.315550
INV00004123,PO0001566,2052.2,2026-05-15 10:20:06.000000,2026-08-12 21:45:25.315550
INV00004144,PO0000333,3967.73,2025-05-20 04:15:25.000000,2026-08-12 21:45:25.315550
INV00004263,PO0002070,846.76,2024-10-17 04:43:05.000000,2026-08-12 21:45:25.315550
INV00004320,PO0000987,3185.97,2024-12-23 01:25:21.000000,2026-08-12 21:45:25.315550
INV00004355,PO0001860,2810.0,2026-02-15 08:33:28.000000,2026-08-12 21:45:25.315550
INV00004463,PO0003027,3012.45,2024-07-11 04:07:37.000000,2026-08-12 21:45:25.315550
INV00004497,PO0001358,2969.84,2025-05-30 14:13:37.000000,2026-08-12 21:45:25.315550
INV00004565,PO0000579,4826.03,2025-11-14 02:51:35.000000,2026-08-12 21:45:25.315550
INV00004592,PO0004482,129.19,2025-10-25 10:47:41.000000,2026-08-12 21:45:25.315550
INV00000479,PO0004515,2770.78,2026-01-07 15:18:22.000000,2026-08-12 21:45:25.315550
INV00000716,PO0003110,2907.28,2025-10-08 13:11:04.000000,2026-08-12 21:45:25.315550
INV00000826,PO0000858,1465.88,2024-06-16 16:16:04.000000,2026-08-12 21:45:25.315550
INV00001359,PO0004866,2037.33,2025-10-25 15:01:46.000000,2026-08-12 21:45:25.315550
INV00001464,PO0003079,2729.15,2025-02-14 13:10:58.000000,2026-08-12 21:45:25.315550
INV00001466,PO0004604,1498.93,2024-05-29 20:39:13.000000,2026-08-12 21:45:25.315550
INV00001471,PO0002412,700.12,2024-05-20 22:00:12.000000,2026-08-12 21:45:25.315550
INV00001792,PO0002778,1269.8,2025-04-23 16:03:04.000000,2026-08-12 21:45:25.315550
INV00002050,PO0003090,3496.43,2025-09-30 17:39:31.000000,2026-08-12 21:45:25.315550
INV00002104,PO0001333,376.02,2026-02-13 23:12:56.000000,2026-08-12 21:45:25.315550
INV00002128,PO0001241,4889.87,2024-10-08 00:35:36.000000,2026-08-12 21:45:25.315550
INV00002264,PO0001191,2864.04,2026-01-22 18:32:24.000000,2026-08-12 21:45:25.315550
INV00002430,PO0004727,1620.94,2025-04-07 17:39:32.000000,2026-08-12 21:45:25.315550
INV00002612,PO0004486,2467.54,2024-04-22 09:30:46.000000,2026-08-12 21:45:25.315550
INV00002741,PO0000262,2160.88,2026-03-13 23:48:28.000000,2026-08-12 21:45:25.315550
INV00002925,PO0003695,1103.09,2025-05-01 11:41:51.098952,2026-08-12 21:45:25.315550
INV00004111,PO0000987,2972.41,2024-12-05 01:25:21.000000,2026-08-12 21:45:25.315550
INV00004217,PO0002182,384.88,2025-01-23 10:44:07.000000,2026-08-12 21:45:25.315550
INV00004316,PO0001571,1671.0,2025-06-02 09:49:02.000000,2026-08-12 21:45:25.315550
INV00004657,PO0003346,3919.32,2026-01-14 15:57:10.000000,2026-08-12 21:45:25.315550
INV00004918,PO0000776,628.46,2025-05-23 11:41:51.103922,2026-08-12 21:45:25.315550
INV00004919,PO0002395,807.53,2025-11-17 09:19:04.000000,2026-08-12 21:45:25.315550
INV00000165,PO0002432,1361.65,2026-05-08 00:36:06.000000,2026-08-12 21:45:25.315550
INV00000226,PO0003962,$2472.81,2025-05-27 11:41:51.091922,2026-08-12 21:45:25.315550
INV00000308,PO0001585,5378.25,2025-08-14 17:13:50.000000,2026-08-12 21:45:25.315550
INV00000398,PO0003232,137.65,2026-03-27 23:56:53.000000,2026-08-12 21:45:25.315550
INV00000473,PO0004537,3291.27,2025-06-06 21:13:15.000000,2026-08-12 21:45:25.315550
INV00000836,PO0003468,1788.2,2026-01-05 20:21:04.000000,2026-08-12 21:45:25.315550
INV00001112,PO0000118,5200.89,2025-06-02 11:41:51.094522,2026-08-12 21:45:25.315550
INV00001252,PO0002307,265.45,2024-09-09 07:57:25.000000,2026-08-12 21:45:25.315550
INV00001261,PO0000620,1073.19,2025-04-16 06:30:00.000000,2026-08-12 21:45:25.315550
INV00001666,PO0001310,5081.46,2025-07-14 16:08:51.000000,2026-08-12 21:45:25.315550
INV00001762,PO0000102,1799.77,2026-03-13 08:32:24.000000,2026-08-12 21:45:25.315550
INV00002526,PO0000336,4706.34,2025-01-16 15:33:58.000000,2026-08-12 21:45:25.315550
INV00002628,PO0003063,3207.0,2025-03-30 15:06:14.000000,2026-08-12 21:45:25.315550
INV00002946,PO0000719,232.59,2025-12-06 06:51:34.000000,2026-08-12 21:45:25.315550
INV00003105,PO0004011,4455.66,2025-11-15 17:08:10.000000,2026-08-12 21:45:25.315550
INV00003514,PO0001671,2215.18,2025-10-28 10:30:56.000000,2026-08-12 21:45:25.315550
INV00003596,PO0003967,288.4,2024-12-13 21:12:10.000000,2026-08-12 21:45:25.315550
INV00003820,PO0000148,1429.47,2025-04-25 18:37:10.000000,2026-08-12 21:45:25.315550
INV00003865,PO0002191,2796.5,2024-08-07 18:55:49.000000,2026-08-12 21:45:25.315550
INV00003890,PO0004913,5189.88,2026-02-15 22:21:56.000000,2026-08-12 21:45:25.315550
INV00004011,PO0002070,3350.98,2024-09-12 04:43:05.000000,2026-08-12 21:45:25.315550
INV00004087,PO0000436,5421.66,2025-05-15 11:41:51.101047,2026-08-12 21:45:25.315550
INV00004536,PO0000739,2866.61,2026-01-03 12:06:23.000000,2026-08-12 21:45:25.315550
INV00004581,PO0000646,4061.11,2026-02-16 09:39:54.000000,2026-08-12 21:45:25.315550
INV00004601,PO0004162,5446.79,2025-01-11 16:34:16.000000,2026-08-12 21:45:25.315550
INV00004723,PO0001935,330.27,2025-08-17 05:45:58.000000,2026-08-12 21:45:25.315550
INV00004779,PO0001272,$760.41,2025-03-10 02:38:29.000000,2026-08-12 21:45:25.315550
INV00004961,PO0003366,5206.6,2024-06-11 09:25:39.000000,2026-08-12 21:45:25.315550
INV00000266,PO0000963,4061.49,2025-09-02 23:42:36.000000,2026-08-12 21:45:25.315550
INV00000412,PO0002261,3891.61,2025-02-28 13:01:06.000000,2026-08-12 21:45:25.315550
INV00000536,PO0001048,$4378.82,2025-12-01 00:28:15.000000,2026-08-12 21:45:25.315550
INV00001125,PO0003773,4231.01,2025-03-26 15:00:55.000000,2026-08-12 21:45:25.315550
INV00001266,PO0000358,2943.85,2025-09-01 11:34:54.000000,2026-08-12 21:45:25.315550
INV00001635,PO0002205,4097.4,2025-12-12 08:01:57.000000,2026-08-12 21:45:25.315550
INV00001980,PO0004808,712.36,2025-03-23 18:07:17.000000,2026-08-12 21:45:25.315550
INV00002055,PO0002091,4799.54,2026-02-11 09:35:59.000000,2026-08-12 21:45:25.315550
INV00002147,PO0004414,2379.43,2026-02-17 06:21:38.000000,2026-08-12 21:45:25.315550
INV00002896,PO0001142,3200.9,2025-01-15 20:05:15.000000,2026-08-12 21:45:25.315550
INV00002934,PO0004266,3842.82,2025-01-31 23:11:19.000000,2026-08-12 21:45:25.315550
INV00003172,PO0001526,2292.55,2025-05-05 09:58:02.000000,2026-08-12 21:45:25.315550
INV00003322,PO0000768,5000.7,2024-06-21 17:17:05.000000,2026-08-12 21:45:25.315550
INV00004070,PO0000397,2892.8,2024-08-17 22:27:18.000000,2026-08-12 21:45:25.315550
INV00004291,PO0000799,4482.56,2026-03-30 09:40:36.000000,2026-08-12 21:45:25.315550
INV00004344,PO0003530,2797.32,2026-02-08 09:34:38.000000,2026-08-12 21:45:25.315550
INV00004448,PO0002814,2542.47,2026-01-11 07:11:14.000000,2026-08-12 21:45:25.315550
INV00004529,PO0000311,2799.11,2025-02-24 12:18:06.000000,2026-08-12 21:45:25.315550
INV00004739,PO0001483,1317.39,2026-02-06 08:06:33.000000,2026-08-12 21:45:25.315550
INV00004789,PO0003722,$671.69,2025-10-11 14:23:28.000000,2026-08-12 21:45:25.315550
INV00000374,PO0001232,4476.02,2024-07-20 20:46:51.000000,2026-08-12 21:45:25.315550
INV00000411,PO0004155,3541.93,2025-01-01 00:27:56.000000,2026-08-12 21:45:25.315550
INV00000474,PO0004543,3877.32,2025-06-01 11:41:51.091922,2026-08-12 21:45:25.315550
INV00000516,PO0004979,4071.36,2024-06-25 10:58:23.000000,2026-08-12 21:45:25.315550
INV00000638,PO0001839,895.78,2024-12-26 13:39:46.000000,2026-08-12 21:45:25.315550
INV00000795,PO0000473,3371.89,2024-10-03 17:04:18.000000,2026-08-12 21:45:25.315550
INV00001236,PO0002443,757.91,2025-03-14 21:55:12.000000,2026-08-12 21:45:25.315550
INV00001611,PO0002213,3283.75,2025-03-09 06:41:07.000000,2026-08-12 21:45:25.315550
INV00001852,PO0002452,4132.5,2024-12-16 01:12:39.000000,2026-08-12 21:45:25.315550
INV00002240,PO0004854,2060.68,2024-12-05 18:17:13.000000,2026-08-12 21:45:25.315550
INV00003104,PO0000850,2957.17,2025-04-18 06:19:08.000000,2026-08-12 21:45:25.315550
INV00003175,PO0001051,4030.14,2024-11-03 22:58:54.000000,2026-08-12 21:45:25.315550
INV00003205,PO0003018,3393.71,2025-05-22 11:59:39.000000,2026-08-12 21:45:25.315550
INV00003923,PO0000879,137.63,2025-01-11 10:03:50.000000,2026-08-12 21:45:25.315550
INV00004197,PO0000981,4148.72,2025-05-23 11:41:51.102408,2026-08-12 21:45:25.315550
INV00004208,PO0004527,3216.73,2025-09-21 23:15:40.000000,2026-08-12 21:45:25.315550
INV00004444,PO0003838,3849.98,2025-09-13 04:06:26.000000,2026-08-12 21:45:25.315550
INV00004793,PO0003413,5292.92,2025-05-27 11:41:51.103922,2026-08-12 21:45:25.315550
INV00004939,PO0000816,5007.81,2026-04-12 09:29:09.000000,2026-08-12 21:45:25.315550
INV00000167,PO0001843,4127.83,2024-06-11 19:45:00.000000,2026-08-12 21:45:25.315550
INV00000555,PO0001852,2438.56,2025-08-18 15:56:07.000000,2026-08-12 21:45:25.315550
INV00000821,PO0002232,2419.91,2025-06-03 04:33:35.000000,2026-08-12 21:45:25.315550
INV00001019,PO0004678,3918.72,2024-10-10 08:33:03.000000,2026-08-12 21:45:25.315550
INV00001029,PO0003564,2357.06,2025-05-15 00:21:47.000000,2026-08-12 21:45:25.315550
INV00001452,PO0004432,147.45,2025-01-12 23:14:05.000000,2026-08-12 21:45:25.315550
INV00001836,PO0001129,2755.35,2026-03-07 17:49:46.000000,2026-08-12 21:45:25.315550
INV00002277,PO0002378,3374.26,2025-11-18 11:07:39.000000,2026-08-12 21:45:25.315550
INV00002528,PO0000456,1881.77,2024-06-10 01:22:59.000000,2026-08-12 21:45:25.315550
INV00002542,PO0003950,3098.0,2025-05-17 11:41:51.097427,2026-08-12 21:45:25.315550
INV00002936,PO0000772,847.91,2024-05-28 16:17:07.000000,2026-08-12 21:45:25.315550
INV00003150,PO0004595,550.29,2024-09-17 16:06:42.000000,2026-08-12 21:45:25.315550
INV00003244,PO0000039,3786.65,2025-09-08 10:33:40.000000,2026-08-12 21:45:25.315550
INV00003319,PO0000887,5274.22,2025-03-22 10:12:50.000000,2026-08-12 21:45:25.315550
INV00003463,PO0001070,1250.9,2025-07-11 14:53:51.000000,2026-08-12 21:45:25.315550
INV00003478,PO0001289,438.2,2024-06-06 11:08:31.000000,2026-08-12 21:45:25.315550
INV00003777,PO0004935,4055.22,2025-06-01 16:36:10.000000,2026-08-12 21:45:25.315550
INV00004113,PO0000807,2638.22,2026-02-17 10:56:00.000000,2026-08-12 21:45:25.315550
INV00004410,PO0001185,790.48,2025-06-01 10:48:54.000000,2026-08-12 21:45:25.315550
INV00004555,PO0004940,3404.62,2025-03-31 05:22:41.000000,2026-08-12 21:45:25.315550
INV00004672,PO0004072,1396.73,2024-07-30 00:41:04.000000,2026-08-12 21:45:25.315550
INV00004734,PO0000437,2543.99,2024-05-22 15:54:04.000000,2026-08-12 21:45:25.315550
INV00004880,PO0001377,1567.38,2026-03-16 21:41:47.000000,2026-08-12 21:45:25.315550
INV00000087,PO0000844,1517.74,2025-04-19 02:52:06.000000,2026-08-12 21:45:25.315550
INV00000210,PO0000327,3435.28,2026-04-12 03:34:11.000000,2026-08-12 21:45:25.315550
INV00000433,PO0001088,4635.13,2026-02-15 09:08:58.000000,2026-08-12 21:45:25.315550
INV00000446,PO0000650,5429.25,2025-03-25 13:01:00.000000,2026-08-12 21:45:25.315550
INV00000642,PO0002061,1603.62,2025-11-21 07:15:26.000000,2026-08-12 21:45:25.315550
INV00001955,PO0004521,2996.66,2025-05-27 11:41:51.097427,2026-08-12 21:45:25.315550
INV00001994,PO0004198,4838.3,2025-11-30 16:32:03.000000,2026-08-12 21:45:25.315550
INV00002190,PO0003721,3328.32,2025-06-02 11:41:51.097427,2026-08-12 21:45:25.315550
INV00002205,PO0000653,459.9,2025-11-21 13:16:28.000000,2026-08-12 21:45:25.315550
INV00002253,PO0000156,2317.99,2024-12-20 20:46:09.000000,2026-08-12 21:45:25.315550
INV00002440,PO0002100,3705.64,2025-04-10 04:22:08.000000,2026-08-12 21:45:25.315550
INV00002466,PO0002306,4225.78,2024-06-30 04:58:45.000000,2026-08-12 21:45:25.315550
INV00002543,PO0003594,4583.61,2024-11-08 01:05:42.000000,2026-08-12 21:45:25.315550
INV00002545,PO0001386,3748.94,2024-09-12 16:01:00.000000,2026-08-12 21:45:25.315550
INV00002692,PO0001482,3881.78,2024-10-30 16:07:26.000000,2026-08-12 21:45:25.315550
INV00002858,PO0003843,4859.48,2025-05-08 11:41:51.098952,2026-08-12 21:45:25.315550
INV00003027,PO0001878,138.92,2024-09-12 08:23:48.000000,2026-08-12 21:45:25.315550
INV00003993,PO0000237,694.4,2025-09-21 03:57:59.000000,2026-08-12 21:45:25.315550
INV00004301,PO0001505,388.73,2024-10-15 14:12:09.000000,2026-08-12 21:45:25.315550
INV00004334,PO0003210,1045.7,2024-09-08 11:10:08.000000,2026-08-12 21:45:25.315550
INV00004412,PO0003406,3543.74,2025-03-08 14:31:37.000000,2026-08-12 21:45:25.315550
INV00004641,PO0003386,5139.98,2025-07-04 00:13:15.000000,2026-08-12 21:45:25.315550
INV00004644,PO0000824,2240.64,2024-06-15 23:15:02.000000,2026-08-12 21:45:25.315550
INV00004948,PO0003129,5093.83,2025-04-20 09:09:19.000000,2026-08-12 21:45:25.315550
INV00000320,PO0003313,2868.26,2025-03-16 18:23:02.000000,2026-08-12 21:45:25.315550
INV00000333,PO0000346,2259.21,2025-05-23 11:41:51.091922,2026-08-12 21:45:25.315550
INV00000548,PO0004190,3750.52,2026-04-02 19:03:17.000000,2026-08-12 21:45:25.315550
INV00000725,PO0003300,164.35,2025-03-10 08:25:09.000000,2026-08-12 21:45:25.315550
INV00000830,PO0002046,3923.57,2025-12-28 14:18:54.000000,2026-08-12 21:45:25.315550
INV00000855,PO0002526,2249.75,2025-06-06 08:28:08.000000,2026-08-12 21:45:25.315550
INV00001021,PO0002729,$2767.9,2026-04-06 23:54:36.000000,2026-08-12 21:45:25.315550
INV00001046,PO0001574,1853.47,2026-01-11 09:29:08.000000,2026-08-12 21:45:25.315550
INV00001086,PO0001528,2005.76,2024-09-02 09:35:44.000000,2026-08-12 21:45:25.315550
INV00001259,PO0002259,4089.91,2024-06-12 21:09:57.000000,2026-08-12 21:45:25.315550
INV00001542,PO0002827,3234.06,2024-08-16 23:49:40.000000,2026-08-12 21:45:25.315550
INV00001642,PO0004115,146.87,2024-07-06 12:53:13.000000,2026-08-12 21:45:25.315550
INV00001855,PO0003178,3085.36,2025-10-29 16:53:57.000000,2026-08-12 21:45:25.315550
INV00001895,PO0000796,4027.08,2024-12-13 03:53:41.000000,2026-08-12 21:45:25.315550
INV00001896,PO0002107,3579.35,2025-06-01 11:41:51.096923,2026-08-12 21:45:25.315550
INV00002180,PO0002395,492.95,2025-11-11 09:19:04.000000,2026-08-12 21:45:25.315550
INV00003124,PO0003811,4739.92,2025-08-08 05:17:46.000000,2026-08-12 21:45:25.315550
INV00003149,PO0001049,1662.39,2026-01-10 04:15:49.000000,2026-08-12 21:45:25.315550
INV00003230,PO0003253,858.71,2025-05-03 11:41:51.098952,2026-08-12 21:45:25.315550
INV00003264,PO0000895,2307.14,2025-08-07 08:05:44.000000,2026-08-12 21:45:25.315550
INV00003850,PO0003503,5400.77,2025-05-06 17:06:26.000000,2026-08-12 21:45:25.315550
INV00004506,PO0004873,3097.68,2025-12-25 00:48:48.000000,2026-08-12 21:45:25.315550
INV00004552,PO0002168,3772.09,2026-02-20 15:09:46.000000,2026-08-12 21:45:25.315550
INV00004774,PO0000543,917.17,2024-12-28 16:14:57.000000,2026-08-12 21:45:25.315550
INV00000103,PO0001825,5350.89,2025-05-31 11:41:51.091922,2026-08-12 21:45:25.315550
INV00000183,PO0002304,5005.51,2024-05-04 13:31:37.000000,2026-08-12 21:45:25.315550
INV00000440,PO0003442,726.7,2025-05-18 10:28:50.000000,2026-08-12 21:45:25.315550
INV00000661,PO0001541,2237.06,2025-06-10 12:56:57.000000,2026-08-12 21:45:25.315550
INV00000876,PO0004229,3812.78,2025-04-12 09:27:17.000000,2026-08-12 21:45:25.315550
INV00001133,PO0002188,5419.63,2024-08-07 13:45:53.000000,2026-08-12 21:45:25.315550
INV00001158,PO0002349,1922.99,2026-01-12 14:56:01.000000,2026-08-12 21:45:25.315550
INV00001196,PO0004100,4330.18,2025-01-19 04:37:28.000000,2026-08-12 21:45:25.315550
INV00001235,PO0004120,2151.95,2025-06-19 01:16:51.000000,2026-08-12 21:45:25.315550
INV00001487,PO0000932,3616.99,2025-08-19 04:04:25.000000,2026-08-12 21:45:25.315550
INV00001992,PO0003492,2672.21,2025-04-19 06:30:56.000000,2026-08-12 21:45:25.315550
INV00002058,PO0001133,652.74,2026-02-27 16:30:32.000000,2026-08-12 21:45:25.315550
INV00002419,PO0003877,1741.82,2025-09-04 21:38:15.000000,2026-08-12 21:45:25.315550
INV00002460,PO0001957,3443.43,2024-08-04 23:23:08.000000,2026-08-12 21:45:25.315550
INV00002477,PO0004987,3037.52,2025-10-10 11:12:06.000000,2026-08-12 21:45:25.315550
INV00002540,PO0004116,4940.5,2026-03-06 04:19:39.000000,2026-08-12 21:45:25.315550
INV00002648,PO0001811,757.63,2025-11-08 21:40:13.000000,2026-08-12 21:45:25.315550
INV00002833,PO0003944,1075.06,2026-04-23 08:50:32.000000,2026-08-12 21:45:25.315550
INV00003331,PO0001128,3508.15,2025-04-17 11:48:27.000000,2026-08-12 21:45:25.315550
INV00003417,PO0004306,1194.98,2024-06-14 15:27:19.000000,2026-08-12 21:45:25.315550
INV00003526,PO0002554,2234.08,2024-07-26 17:30:55.000000,2026-08-12 21:45:25.315550
INV00003727,PO0000927,3017.33,2026-04-17 18:20:55.000000,2026-08-12 21:45:25.315550
INV00004431,PO0004889,973.83,2024-05-01 08:12:12.000000,2026-08-12 21:45:25.315550
INV00004649,PO0003647,5204.65,2024-12-25 04:38:15.000000,2026-08-12 21:45:25.315550
INV00004686,PO0000127,38.89,2025-02-17 05:43:09.000000,2026-08-12 21:45:25.315550
INV00004829,PO0004665,1514.25,2024-12-12 10:17:54.000000,2026-08-12 21:45:25.315550
INV00004968,PO0004833,282.58,2024-07-31 17:48:22.000000,2026-08-12 21:45:25.315550
INV00000074,PO0004339,4706.97,2024-10-16 16:34:41.000000,2026-08-12 21:45:25.315550
INV00000454,PO0002789,1035.79,2026-01-16 02:35:13.000000,2026-08-12 21:45:25.315550
INV00000683,PO0002127,3332.02,2025-12-23 16:31:37.000000,2026-08-12 21:45:25.315550
INV00000817,PO0000739,2182.58,2026-01-20 12:06:23.000000,2026-08-12 21:45:25.315550
INV00001180,PO0001607,3417.92,2025-10-01 13:42:46.000000,2026-08-12 21:45:25.315550
INV00001218,PO0004980,2740.44,2025-05-10 11:41:51.094522,2026-08-12 21:45:25.315550
INV00001258,PO0004228,1934.02,2025-10-13 18:16:01.000000,2026-08-12 21:45:25.315550
INV00001304,PO0000147,3803.41,2025-02-23 13:39:30.000000,2026-08-12 21:45:25.315550
INV00001788,PO0001056,3552.99,2025-09-03 21:52:54.000000,2026-08-12 21:45:25.315550
INV00001928,PO0000285,888.4,2026-03-08 04:36:50.000000,2026-08-12 21:45:25.315550
INV00002261,PO0001628,1266.57,2024-07-18 20:47:54.000000,2026-08-12 21:45:25.315550
INV00002556,PO0000210,230.69,2025-09-19 09:42:11.000000,2026-08-12 21:45:25.315550
INV00003078,PO0001738,3434.6,2025-03-16 19:58:01.000000,2026-08-12 21:45:25.315550
INV00003084,PO0002038,4167.76,2024-05-16 04:47:38.000000,2026-08-12 21:45:25.315550
INV00003132,PO0000085,$3665.45,2025-02-16 02:29:48.000000,2026-08-12 21:45:25.315550
INV00003986,PO0003216,2817.93,2025-05-06 11:41:51.101047,2026-08-12 21:45:25.315550
INV00004225,PO0002729,4355.56,2026-03-16 23:54:36.000000,2026-08-12 21:45:25.315550
INV00004809,PO0003463,4198.25,2024-06-18 16:41:45.000000,2026-08-12 21:45:25.315550
INV00000233,PO0003444,1354.37,2025-05-13 11:41:51.091922,2026-08-12 21:45:25.315550
INV00000251,PO0000925,4279.2,2024-11-28 08:57:13.000000,2026-08-12 21:45:25.315550
INV00000296,PO0004803,2832.13,2026-02-22 01:02:46.000000,2026-08-12 21:45:25.315550
INV00000384,PO0002265,587.47,2026-01-04 11:52:17.000000,2026-08-12 21:45:25.315550
INV00000560,PO0003296,1208.21,2025-02-10 03:42:14.000000,2026-08-12 21:45:25.315550
INV00000820,PO0000733,3751.88,2024-12-16 18:32:45.000000,2026-08-12 21:45:25.315550
INV00001414,PO0000862,5332.06,2025-05-12 11:41:51.095433,2026-08-12 21:45:25.315550
INV00001687,PO0004377,4183.95,2026-03-29 23:42:24.000000,2026-08-12 21:45:25.315550
INV00001761,PO0003514,4926.9,2025-02-10 09:41:04.000000,2026-08-12 21:45:25.315550
INV00001803,PO0002274,4020.03,2025-11-13 07:07:00.000000,2026-08-12 21:45:25.315550
INV00001829,PO0004939,3393.61,2024-09-22 05:38:36.000000,2026-08-12 21:45:25.315550
INV00002078,PO0000022,1752.62,2024-07-09 10:37:17.000000,2026-08-12 21:45:25.315550
INV00002249,PO0001247,85.13,2024-06-21 01:34:34.000000,2026-08-12 21:45:25.315550
INV00002367,PO0000296,4922.03,2025-05-12 23:35:53.000000,2026-08-12 21:45:25.315550
INV00002721,PO0001338,3030.62,2025-08-21 17:04:57.000000,2026-08-12 21:45:25.315550
INV00002888,PO0002168,3417.83,2026-02-19 15:09:46.000000,2026-08-12 21:45:25.315550
INV00003051,PO0000170,3946.99,2025-02-05 14:41:40.000000,2026-08-12 21:45:25.315550
INV00003400,PO0001630,$3895.47,2025-02-03 00:44:16.000000,2026-08-12 21:45:25.315550
INV00003715,PO0004432,2982.79,2025-01-19 23:14:05.000000,2026-08-12 21:45:25.315550
INV00003795,PO0000698,2393.67,2024-12-05 06:14:31.000000,2026-08-12 21:45:25.315550
INV00003864,PO0002671,3515.44,2024-05-09 07:45:03.000000,2026-08-12 21:45:25.315550
INV00004195,PO0001014,697.42,2024-11-10 00:30:06.000000,2026-08-12 21:45:25.315550
INV00004266,PO0003806,3598.57,2024-11-22 05:11:00.000000,2026-08-12 21:45:25.315550
INV00004441,PO0003807,3542.38,2025-06-26 03:46:37.000000,2026-08-12 21:45:25.315550
INV00004452,PO0003059,1164.74,2024-11-24 01:53:34.000000,2026-08-12 21:45:25.315550
INV00004518,PO0002867,4647.41,2026-02-10 05:56:04.000000,2026-08-12 21:45:25.315550
INV00004595,PO0002056,3397.14,2025-07-22 20:29:46.000000,2026-08-12 21:45:25.315550
INV00004724,PO0004337,3337.98,2025-09-15 23:20:14.000000,2026-08-12 21:45:25.315550
INV00000172,PO0000983,2443.6,2026-04-26 19:29:45.000000,2026-08-12 21:45:25.315550
INV00000326,PO0001374,1101.91,2025-10-01 21:40:47.000000,2026-08-12 21:45:25.315550
INV00001005,PO0000178,2831.22,2025-02-28 07:24:32.000000,2026-08-12 21:45:25.315550
INV00001039,PO0003448,$597.68,2026-04-01 21:21:08.000000,2026-08-12 21:45:25.315550
INV00001075,PO0003353,692.88,2025-12-29 14:22:32.000000,2026-08-12 21:45:25.315550
INV00001484,PO0001499,2026.39,2026-01-04 18:35:29.000000,2026-08-12 21:45:25.315550
INV00001503,PO0003159,5358.96,2026-05-15 14:34:21.000000,2026-08-12 21:45:25.315550
INV00001574,PO0004941,4965.99,2025-09-25 23:20:32.000000,2026-08-12 21:45:25.315550
INV00002284,PO0001204,3648.72,2026-01-29 12:29:17.000000,2026-08-12 21:45:25.315550
INV00002884,PO0004780,3410.3,2025-05-07 00:28:11.000000,2026-08-12 21:45:25.315550
INV00002914,PO0000715,3269.1,2025-05-23 11:41:51.098952,2026-08-12 21:45:25.315550
INV00002981,PO0000172,4201.32,2024-09-03 07:41:36.000000,2026-08-12 21:45:25.315550
INV00003136,PO0003078,524.89,2025-08-02 11:02:35.000000,2026-08-12 21:45:25.315550
INV00003368,PO0000876,5437.91,2026-04-18 17:26:22.000000,2026-08-12 21:45:25.315550
INV00003624,PO0003697,4176.9,2024-08-25 10:58:17.000000,2026-08-12 21:45:25.315550
INV00003780,PO0001202,773.06,2024-05-31 11:55:48.000000,2026-08-12 21:45:25.315550
INV00004210,PO0001637,4435.03,2025-10-08 15:55:42.000000,2026-08-12 21:45:25.315550
INV00004269,PO0000487,4614.04,2025-04-28 09:19:32.000000,2026-08-12 21:45:25.315550
INV00004514,PO0001570,1047.05,2025-06-13 09:25:23.000000,2026-08-12 21:45:25.315550
INV00004933,PO0000900,45.96,2026-04-10 22:00:39.000000,2026-08-12 21:45:25.315550
INV00000102,PO0001195,670.6,2025-02-20 21:36:34.000000,2026-08-12 21:45:25.315550
INV00000331,PO0001260,4372.37,2024-06-27 17:32:23.000000,2026-08-12 21:45:25.315550
INV00000669,PO0000550,2865.3,2025-09-27 14:45:14.000000,2026-08-12 21:45:25.315550
INV00000697,PO0004478,910.8,2024-10-22 16:33:18.000000,2026-08-12 21:45:25.315550
INV00000932,PO0004450,1292.3,2025-03-05 22:27:55.000000,2026-08-12 21:45:25.315550
INV00001320,PO0004400,807.38,2026-03-14 12:33:26.000000,2026-08-12 21:45:25.315550
INV00001426,PO0000962,4587.71,2025-08-28 19:17:48.000000,2026-08-12 21:45:25.315550
INV00001449,PO0001894,38.15,2025-12-31 17:36:42.000000,2026-08-12 21:45:25.315550
INV00001582,PO0004997,4622.42,2024-07-25 23:51:08.000000,2026-08-12 21:45:25.315550
INV00001651,PO0000829,2037.37,2026-02-14 21:12:57.000000,2026-08-12 21:45:25.315550
INV00002247,PO0003292,1828.69,2025-08-05 03:17:30.000000,2026-08-12 21:45:25.315550
INV00002332,PO0002201,3466.72,2025-03-24 21:28:48.000000,2026-08-12 21:45:25.315550
INV00002531,PO0002760,801.82,2025-06-15 08:06:40.000000,2026-08-12 21:45:25.315550
INV00002590,PO0003790,739.2,2024-06-18 02:12:26.000000,2026-08-12 21:45:25.315550
INV00002718,PO0001226,$272.96,2025-06-02 21:04:11.000000,2026-08-12 21:45:25.315550
INV00003228,PO0000027,3802.97,2025-05-03 11:41:51.098952,2026-08-12 21:45:25.315550
INV00003793,PO0003273,4910.38,2026-04-15 05:43:07.000000,2026-08-12 21:45:25.315550
INV00003796,PO0003699,4545.74,2025-09-02 20:31:42.000000,2026-08-12 21:45:25.315550
INV00004105,PO0002682,1082.12,2026-02-17 14:32:14.000000,2026-08-12 21:45:25.315550
INV00004327,PO0002619,4835.48,2025-09-20 03:02:21.000000,2026-08-12 21:45:25.315550
INV00004387,PO0004832,381.78,2025-04-21 11:41:51.102913,2026-08-12 21:45:25.315550
INV00004637,PO0000707,4146.62,2024-12-28 12:42:27.000000,2026-08-12 21:45:25.315550
INV00004900,PO0000499,2144.79,2026-02-17 06:37:38.000000,2026-08-12 21:45:25.315550
INV00000242,PO0001266,1953.56,2024-08-18 01:41:09.000000,2026-08-12 21:45:25.315550
INV00000594,PO0004039,470.59,2025-04-06 00:30:27.000000,2026-08-12 21:45:25.315550
INV00000650,PO0003225,372.87,2024-12-08 21:06:47.000000,2026-08-12 21:45:25.315550
INV00000690,PO0003494,5205.39,2026-01-10 03:24:14.000000,2026-08-12 21:45:25.315550
INV00000941,PO0003815,1384.19,2024-09-02 20:35:06.000000,2026-08-12 21:45:25.315550
INV00000991,PO0003744,1578.48,2025-07-07 12:11:16.000000,2026-08-12 21:45:25.315550
INV00001104,PO0000613,4410.55,2025-12-25 08:04:03.000000,2026-08-12 21:45:25.315550
INV00001130,PO0002027,3119.24,2024-12-25 02:42:20.000000,2026-08-12 21:45:25.315550
INV00001468,PO0001282,809.09,2025-07-21 17:06:31.000000,2026-08-12 21:45:25.315550
INV00001562,PO0003815,360.1,2024-09-20 20:35:06.000000,2026-08-12 21:45:25.315550
INV00001629,PO0004626,3272.04,2024-12-09 14:50:04.000000,2026-08-12 21:45:25.315550
INV00002081,PO0000419,$5284.57,2025-10-13 09:36:00.000000,2026-08-12 21:45:25.315550
INV00002214,PO0002746,4134.73,2024-07-04 13:10:17.000000,2026-08-12 21:45:25.315550
INV00002287,PO0003860,3834.18,2025-11-05 22:34:29.000000,2026-08-12 21:45:25.315550
INV00002881,PO0002929,5174.61,2024-12-11 09:36:34.000000,2026-08-12 21:45:25.315550
INV00003513,PO0002807,239.72,2025-10-30 16:32:16.000000,2026-08-12 21:45:25.315550
INV00003695,PO0001024,2774.4,2025-02-04 16:03:47.000000,2026-08-12 21:45:25.315550
INV00004242,PO0000625,2092.35,2025-10-16 16:04:05.000000,2026-08-12 21:45:25.315550
INV00000613,PO0003077,1637.96,2025-11-22 09:18:48.000000,2026-08-12 21:45:25.315550
INV00000692,PO0004381,4410.13,2025-05-27 04:48:33.000000,2026-08-12 21:45:25.315550
INV00000721,PO0000916,3713.86,2025-09-30 03:18:21.000000,2026-08-12 21:45:25.315550
INV00000922,PO0001585,474.4,2025-07-30 17:13:50.000000,2026-08-12 21:45:25.315550
INV00000957,PO0003298,1611.28,2024-11-07 15:25:21.000000,2026-08-12 21:45:25.315550
INV00000985,PO0003157,2686.46,2024-05-08 10:25:11.000000,2026-08-12 21:45:25.315550
INV00001322,PO0001724,1555.49,2024-12-05 04:18:25.000000,2026-08-12 21:45:25.315550
INV00001962,PO0003835,273.43,2026-03-01 22:42:04.000000,2026-08-12 21:45:25.315550
INV00001976,PO0000452,307.66,2024-07-03 20:28:47.000000,2026-08-12 21:45:25.315550
INV00002266,PO0004061,2351.66,2025-10-28 01:54:26.000000,2026-08-12 21:45:25.315550
INV00002487,PO0000931,1591.37,2025-04-20 11:41:51.097427,2026-08-12 21:45:25.315550
INV00002515,PO0000089,5334.37,2024-10-01 16:48:34.000000,2026-08-12 21:45:25.315550
INV00003066,PO0003980,1711.88,2026-03-30 23:02:42.000000,2026-08-12 21:45:25.315550
INV00003438,PO0000919,2131.5,2025-04-21 05:34:58.000000,2026-08-12 21:45:25.315550
INV00004151,PO0001746,2479.43,2025-10-25 23:07:57.000000,2026-08-12 21:45:25.315550
INV00000163,PO0001138,1642.88,2026-01-05 04:58:41.000000,2026-08-12 21:45:25.315550
INV00000452,PO0000516,1249.04,2024-10-14 14:33:49.000000,2026-08-12 21:45:25.315550
INV00000475,PO0003128,1863.61,2024-07-09 11:58:21.000000,2026-08-12 21:45:25.315550
INV00000590,PO0001124,3295.71,2025-03-05 00:05:36.000000,2026-08-12 21:45:25.315550
INV00001315,PO0001170,3560.8,2026-03-17 17:51:53.000000,2026-08-12 21:45:25.315550
INV00001450,PO0001439,4614.08,2025-08-01 01:09:26.000000,2026-08-12 21:45:25.315550
INV00001614,PO0001860,2244.49,2026-03-08 08:33:28.000000,2026-08-12 21:45:25.315550
INV00001624,PO0000401,2800.85,2025-09-05 16:33:31.000000,2026-08-12 21:45:25.315550
INV00001631,PO0002914,984.81,2025-10-13 20:00:33.000000,2026-08-12 21:45:25.315550
INV00001945,PO0004925,1435.28,2025-06-30 21:56:57.000000,2026-08-12 21:45:25.315550
INV00002786,PO0003572,43.65,2025-08-22 01:56:26.000000,2026-08-12 21:45:25.315550
INV00002965,PO0004440,3602.98,2024-10-07 03:05:10.000000,2026-08-12 21:45:25.315550
INV00002998,PO0002263,3334.9,2025-12-21 10:25:31.000000,2026-08-12 21:45:25.315550
INV00003422,PO0001564,779.31,2026-04-07 13:04:55.000000,2026-08-12 21:45:25.315550
INV00003474,PO0003303,1675.08,2025-09-12 17:10:08.000000,2026-08-12 21:45:25.315550
INV00003519,PO0000440,3498.93,2025-01-30 04:18:05.000000,2026-08-12 21:45:25.315550
INV00003912,PO0001742,4203.94,2025-03-28 23:30:55.000000,2026-08-12 21:45:25.315550
INV00003915,PO0004973,523.7,2026-02-15 22:59:54.000000,2026-08-12 21:45:25.315550
INV00003918,PO0003800,1502.16,2026-03-23 04:01:29.000000,2026-08-12 21:45:25.315550
INV00004083,PO0000697,$872.09,2025-05-05 16:32:40.000000,2026-08-12 21:45:25.315550
INV00004168,PO0002070,2180.52,2024-10-15 04:43:05.000000,2026-08-12 21:45:25.315550
INV00004201,PO0002420,4847.35,2025-10-27 12:23:48.000000,2026-08-12 21:45:25.315550
INV00004221,PO0000331,2512.61,2025-09-22 18:35:48.000000,2026-08-12 21:45:25.315550
INV00004223,PO0000511,3115.62,2025-02-14 07:53:34.000000,2026-08-12 21:45:25.315550
INV00004231,PO0004196,2453.52,2024-10-02 13:51:19.000000,2026-08-12 21:45:25.315550
INV00004706,PO0004069,4668.25,2026-04-01 17:38:43.000000,2026-08-12 21:45:25.315550
INV00004777,PO0004387,703.48,2025-04-23 18:38:17.000000,2026-08-12 21:45:25.315550
INV00004799,PO0000778,4468.07,2025-07-04 20:10:46.000000,2026-08-12 21:45:25.315550
INV00004950,PO0001218,3456.24,2025-01-02 18:34:53.000000,2026-08-12 21:45:25.315550
INV00000070,PO0004761,4023.95,2024-06-09 12:37:45.000000,2026-08-12 21:45:25.315550
INV00000525,PO0000984,792.69,2025-08-20 09:12:21.000000,2026-08-12 21:45:25.315550
INV00000631,PO0000542,4623.49,2025-07-25 20:59:56.000000,2026-08-12 21:45:25.315550
INV00000636,PO0004681,967.36,2025-01-10 22:19:24.000000,2026-08-12 21:45:25.315550
INV00000679,PO0000375,3928.59,2024-06-01 16:33:00.000000,2026-08-12 21:45:25.315550
INV00000901,PO0001149,1132.79,2025-05-06 11:41:51.093428,2026-08-12 21:45:25.315550
INV00001167,PO0004146,2139.22,2024-11-14 17:06:58.000000,2026-08-12 21:45:25.315550
INV00001204,PO0003783,3901.35,2026-05-18 10:19:37.000000,2026-08-12 21:45:25.315550
INV00001381,PO0000549,2663.11,2024-08-17 10:33:58.000000,2026-08-12 21:45:25.315550
INV00001436,PO0001455,4999.72,2026-01-11 10:41:14.000000,2026-08-12 21:45:25.315550
INV00001557,PO0002165,1681.85,2025-04-24 11:41:51.095433,2026-08-12 21:45:25.315550
INV00001786,PO0003155,1657.07,2025-03-03 16:23:19.000000,2026-08-12 21:45:25.315550
INV00001884,PO0000504,2248.63,2026-03-31 22:19:08.000000,2026-08-12 21:45:25.315550
INV00002015,PO0004183,1321.27,2026-01-24 03:14:00.000000,2026-08-12 21:45:25.315550
INV00002052,PO0001702,4086.72,2025-07-07 18:26:29.000000,2026-08-12 21:45:25.315550
INV00002183,PO0000671,3241.99,2025-09-08 01:05:38.000000,2026-08-12 21:45:25.315550
INV00002192,PO0000926,3027.2,2024-11-20 19:07:45.000000,2026-08-12 21:45:25.315550
INV00002550,PO0000087,1052.54,2025-05-08 11:41:51.098952,2026-08-12 21:45:25.315550
INV00002611,PO0004489,3618.12,2025-02-19 05:47:51.000000,2026-08-12 21:45:25.315550
INV00002795,PO0002570,2822.7,2024-07-25 22:41:39.000000,2026-08-12 21:45:25.315550
INV00002958,PO0002920,2642.18,2026-02-25 04:33:27.000000,2026-08-12 21:45:25.315550
INV00003191,PO0001349,$4420.79,2025-05-30 19:37:38.000000,2026-08-12 21:45:25.315550
INV00003292,PO0000753,5222.28,2025-09-10 06:37:15.000000,2026-08-12 21:45:25.315550
INV00003351,PO0000162,2124.11,2026-05-18 14:07:00.000000,2026-08-12 21:45:25.315550
INV00003621,PO0003551,1878.4,2024-08-12 15:55:52.000000,2026-08-12 21:45:25.315550
INV00003779,PO0003062,4508.93,2026-03-27 05:00:01.000000,2026-08-12 21:45:25.315550
INV00004288,PO0000116,1569.07,2024-05-08 03:05:36.000000,2026-08-12 21:45:25.315550
INV00004480,PO0001209,3371.78,2025-10-22 11:55:02.000000,2026-08-12 21:45:25.315550
INV00004865,PO0001451,1958.86,2026-03-15 08:31:30.000000,2026-08-12 21:45:25.315550
INV00000118,PO0000154,2102.68,2025-08-16 06:43:18.000000,2026-08-12 21:45:25.315550
INV00000142,PO0001577,3257.59,2026-04-23 17:14:55.000000,2026-08-12 21:45:25.315550
INV00000230,PO0001681,2593.97,2025-01-26 03:28:55.000000,2026-08-12 21:45:25.315550
INV00000269,PO0004216,599.61,2024-10-14 22:28:18.000000,2026-08-12 21:45:25.315550
INV00000371,PO0004950,253.75,2025-08-17 15:31:25.000000,2026-08-12 21:45:25.315550
INV00000490,PO0001101,1965.02,2024-06-24 12:35:19.000000,2026-08-12 21:45:25.315550
INV00000899,PO0003844,4808.64,2025-01-29 04:59:40.000000,2026-08-12 21:45:25.315550
INV00001126,PO0001398,1705.11,2025-12-04 00:36:48.000000,2026-08-12 21:45:25.315550
INV00001134,PO0001028,$3528.5,2024-08-16 22:38:57.000000,2026-08-12 21:45:25.315550
INV00001443,PO0000925,5153.03,2024-10-31 08:57:13.000000,2026-08-12 21:45:25.315550
INV00001597,PO0001320,4006.42,2024-12-26 23:48:59.000000,2026-08-12 21:45:25.315550
INV00001925,PO0003332,996.97,2025-02-01 03:42:07.000000,2026-08-12 21:45:25.315550
INV00001935,PO0001084,2197.06,2025-05-01 11:41:51.097427,2026-08-12 21:45:25.315550
INV00002088,PO0003717,4911.91,2024-08-07 13:29:18.000000,2026-08-12 21:45:25.315550
INV00002567,PO0003571,3274.02,2024-09-26 10:19:37.000000,2026-08-12 21:45:25.315550
INV00002739,PO0004176,3116.62,2024-05-29 16:55:08.000000,2026-08-12 21:45:25.315550
INV00002750,PO0000823,4458.58,2026-01-10 21:06:18.000000,2026-08-12 21:45:25.315550
INV00002832,PO0002582,4788.93,2026-04-04 01:00:08.000000,2026-08-12 21:45:25.315550
INV00002841,PO0004361,1012.36,2024-07-24 00:18:51.000000,2026-08-12 21:45:25.315550
INV00002856,PO0001715,1049.18,2026-04-20 04:14:41.000000,2026-08-12 21:45:25.315550
INV00003046,PO0000856,1131.31,2024-05-26 11:57:23.000000,2026-08-12 21:45:25.315550
INV00003148,PO0003848,3523.23,2026-04-20 02:05:02.000000,2026-08-12 21:45:25.315550
INV00003301,PO0004252,1082.85,2025-10-03 13:25:41.000000,2026-08-12 21:45:25.315550
INV00003355,PO0003253,4407.31,2025-04-26 11:41:51.098952,2026-08-12 21:45:25.315550
INV00003552,PO0003151,4690.86,2026-04-13 21:38:45.000000,2026-08-12 21:45:25.315550
INV00003577,PO0003402,3892.5,2026-01-28 17:18:08.000000,2026-08-12 21:45:25.315550
INV00003590,PO0003303,3762.91,2025-10-02 17:10:08.000000,2026-08-12 21:45:25.315550
INV00004037,PO0002051,4842.63,2024-10-04 08:14:54.000000,2026-08-12 21:45:25.315550
INV00004246,PO0002442,195.65,2025-09-16 14:02:58.000000,2026-08-12 21:45:25.315550
INV00004330,PO0002443,27.01,2025-03-09 21:55:12.000000,2026-08-12 21:45:25.315550
INV00004831,PO0004880,4016.25,2025-04-25 21:20:23.000000,2026-08-12 21:45:25.315550
INV00001326,PO0001878,5374.27,2024-09-15 08:23:48.000000,2026-08-12 21:45:25.315550
INV00001523,PO0002988,4007.91,2026-03-26 13:47:33.000000,2026-08-12 21:45:25.315550
INV00001603,PO0001809,4746.63,2024-12-25 11:46:50.000000,2026-08-12 21:45:25.315550
INV00001785,PO0001989,$802.59,2024-09-16 23:30:15.000000,2026-08-12 21:45:25.315550
INV00002089,PO0000557,1316.53,2025-11-08 20:05:32.000000,2026-08-12 21:45:25.315550
INV00002304,PO0000049,3512.97,2025-12-07 16:05:58.000000,2026-08-12 21:45:25.315550
INV00002305,PO0001552,1813.61,2024-11-26 03:16:05.000000,2026-08-12 21:45:25.315550
INV00002321,PO0004380,4012.76,2025-02-02 04:34:29.000000,2026-08-12 21:45:25.315550
INV00002394,PO0003278,2672.44,2026-01-12 10:00:14.000000,2026-08-12 21:45:25.315550
INV00002433,PO0002427,197.61,2025-11-08 14:06:27.000000,2026-08-12 21:45:25.315550
INV00002565,PO0004987,1533.38,2025-10-16 11:12:06.000000,2026-08-12 21:45:25.315550
INV00002702,PO0003455,1342.91,2026-04-21 10:40:43.000000,2026-08-12 21:45:25.315550
INV00002714,PO0003289,1757.43,2025-08-10 00:59:23.000000,2026-08-12 21:45:25.315550
INV00002776,PO0004075,819.99,2025-11-21 15:21:00.000000,2026-08-12 21:45:25.315550
INV00002777,PO0000054,2538.58,2024-10-15 07:47:18.000000,2026-08-12 21:45:25.315550
INV00002948,PO0004814,588.1,2025-12-06 15:59:00.000000,2026-08-12 21:45:25.315550
INV00003263,PO0001747,1011.5,2025-11-27 08:14:06.000000,2026-08-12 21:45:25.315550
INV00003267,PO0001095,996.39,2025-06-05 00:31:28.000000,2026-08-12 21:45:25.315550
INV00003340,PO0002607,1085.22,2024-07-28 16:53:09.000000,2026-08-12 21:45:25.315550
INV00003345,PO0000174,3337.66,2025-04-06 22:59:21.000000,2026-08-12 21:45:25.315550
INV00003446,PO0001876,2278.94,2025-09-14 22:09:15.000000,2026-08-12 21:45:25.315550
INV00003512,PO0004425,4826.48,2024-07-01 23:45:38.000000,2026-08-12 21:45:25.315550
INV00003815,PO0004396,4810.66,2025-05-25 11:41:51.101047,2026-08-12 21:45:25.315550
INV00004040,PO0004842,4269.86,2025-03-15 10:59:59.000000,2026-08-12 21:45:25.315550
INV00004287,PO0003217,3537.07,2025-11-08 00:16:03.000000,2026-08-12 21:45:25.315550
INV00004368,PO0004621,3379.67,2025-01-26 02:54:18.000000,2026-08-12 21:45:25.315550
INV00000094,PO0002724,2031.36,2024-08-24 23:57:48.000000,2026-08-12 21:45:25.315550
INV00000203,PO0003151,2931.49,2026-04-03 21:38:45.000000,2026-08-12 21:45:25.315550
INV00000227,PO0003014,4887.96,2024-06-01 16:44:04.000000,2026-08-12 21:45:25.315550
INV00000759,PO0003016,2623.75,2024-08-08 21:15:40.000000,2026-08-12 21:45:25.315550
INV00000889,PO0001807,3677.85,2026-02-11 07:39:11.000000,2026-08-12 21:45:25.315550
INV00001171,PO0000499,1416.38,2026-02-20 06:37:38.000000,2026-08-12 21:45:25.315550
INV00001174,PO0001682,5357.67,2025-09-04 22:05:26.000000,2026-08-12 21:45:25.315550
INV00001294,PO0004181,1997.37,2025-02-13 22:23:58.000000,2026-08-12 21:45:25.315550
INV00001314,PO0001235,3586.75,2026-02-11 16:33:19.000000,2026-08-12 21:45:25.315550
INV00001575,PO0004961,330.69,2025-04-05 08:04:22.000000,2026-08-12 21:45:25.315550
INV00002151,PO0003539,1207.64,2025-04-09 18:13:31.000000,2026-08-12 21:45:25.315550
INV00002222,PO0000760,3462.84,2026-02-07 22:21:14.000000,2026-08-12 21:45:25.315550
INV00002456,PO0004081,4381.29,2025-05-05 05:51:40.000000,2026-08-12 21:45:25.315550
INV00002492,PO0000659,5244.06,2024-09-05 16:23:54.000000,2026-08-12 21:45:25.315550
INV00002645,PO0000695,464.93,2025-07-24 02:56:44.000000,2026-08-12 21:45:25.315550
INV00002788,PO0003444,3600.48,2025-04-24 11:41:51.098952,2026-08-12 21:45:25.315550
INV00002794,PO0002814,321.57,2025-12-18 07:11:14.000000,2026-08-12 21:45:25.315550
INV00002809,PO0004668,1965.89,2025-09-07 03:42:55.000000,2026-08-12 21:45:25.315550
INV00002849,PO0000831,335.26,2025-07-20 00:46:40.000000,2026-08-12 21:45:25.315550
INV00003020,PO0003532,1190.07,2025-05-24 09:26:02.000000,2026-08-12 21:45:25.315550
INV00003420,PO0004446,734.73,2025-04-24 11:41:51.098952,2026-08-12 21:45:25.315550
INV00003424,PO0004334,2974.94,2024-09-09 21:14:39.000000,2026-08-12 21:45:25.315550
INV00003791,PO0001208,3937.78,2025-01-01 10:16:46.000000,2026-08-12 21:45:25.315550
INV00003994,PO0001869,594.98,2024-12-24 10:57:08.000000,2026-08-12 21:45:25.315550
INV00004414,PO0003633,4144.41,2025-04-30 11:41:51.102913,2026-08-12 21:45:25.315550
INV00004664,PO0000295,4745.26,2025-06-14 03:56:32.000000,2026-08-12 21:45:25.315550
INV00000038,PO0001738,3327.28,2025-03-19 19:58:01.000000,2026-08-12 21:45:25.315550
INV00000204,PO0004742,3471.8,2025-12-09 19:15:08.000000,2026-08-12 21:45:25.315550
INV00000280,PO0001680,3885.97,2025-04-21 17:15:36.000000,2026-08-12 21:45:25.315550
INV00000354,PO0004882,3983.76,2025-07-03 11:42:44.000000,2026-08-12 21:45:25.315550
INV00000394,PO0003408,2918.79,2024-12-05 17:02:10.000000,2026-08-12 21:45:25.315550
INV00000427,PO0001658,2342.27,2025-01-11 12:18:45.000000,2026-08-12 21:45:25.315550
INV00000506,PO0003355,3695.77,2025-05-09 17:32:46.000000,2026-08-12 21:45:25.315550
INV00000875,PO0000522,4440.62,2024-07-09 17:02:07.000000,2026-08-12 21:45:25.315550
INV00000984,PO0004351,5052.57,2025-05-23 11:41:51.094522,2026-08-12 21:45:25.315550
INV00001048,PO0003899,3425.5,2024-08-31 14:20:25.000000,2026-08-12 21:45:25.315550
INV00001166,PO0001563,$4889.68,2024-06-19 03:05:03.000000,2026-08-12 21:45:25.315550
INV00001202,PO0004162,2954.24,2025-01-10 16:34:16.000000,2026-08-12 21:45:25.315550
INV00001209,PO0001808,3932.94,2026-02-16 12:16:12.000000,2026-08-12 21:45:25.315550
INV00001257,PO0001806,865.49,2026-02-25 18:57:00.000000,2026-08-12 21:45:25.315550
INV00001802,PO0003229,1089.85,2024-12-03 08:34:36.000000,2026-08-12 21:45:25.315550
INV00001819,PO0003630,2226.9,2024-05-21 00:27:18.000000,2026-08-12 21:45:25.315550
INV00002177,PO0000464,1817.52,2026-03-31 09:26:42.000000,2026-08-12 21:45:25.315550
INV00002416,PO0003117,3053.65,2024-11-14 15:07:45.000000,2026-08-12 21:45:25.315550
INV00002578,PO0004070,4588.45,2025-06-21 04:55:34.000000,2026-08-12 21:45:25.315550
INV00002680,PO0002438,3515.38,2024-07-09 19:53:08.000000,2026-08-12 21:45:25.315550
INV00002716,PO0004304,3659.9,2026-01-28 10:16:21.000000,2026-08-12 21:45:25.315550
INV00002879,PO0003311,1511.54,2024-10-12 09:18:24.000000,2026-08-12 21:45:25.315550
INV00003252,PO0002686,3951.35,2025-02-15 15:28:27.000000,2026-08-12 21:45:25.315550
INV00003509,PO0000781,4114.29,2026-03-22 06:59:11.000000,2026-08-12 21:45:25.315550
INV00003563,PO0000324,2166.38,2025-07-19 18:04:09.000000,2026-08-12 21:45:25.315550
INV00003732,PO0002265,3895.22,2026-01-16 11:52:17.000000,2026-08-12 21:45:25.315550
INV00003749,PO0002988,375.47,2026-05-14 13:47:33.000000,2026-08-12 21:45:25.315550
INV00003787,PO0004933,2710.37,2024-06-06 00:47:18.000000,2026-08-12 21:45:25.315550
INV00003823,PO0003335,4691.55,2024-07-29 00:51:12.000000,2026-08-12 21:45:25.315550
INV00004082,PO0001227,3124.43,2026-01-11 20:04:57.000000,2026-08-12 21:45:25.315550
INV00004570,PO0000482,2256.47,2025-07-27 12:14:59.000000,2026-08-12 21:45:25.315550
INV00004773,PO0001166,2486.8,2025-06-29 13:19:07.000000,2026-08-12 21:45:25.315550
INV00004856,PO0000020,2594.98,2025-04-30 23:04:46.000000,2026-08-12 21:45:25.315550
INV00000311,PO0002215,2829.43,2025-05-29 00:48:57.000000,2026-08-12 21:45:25.315550
INV00000520,PO0001438,$2598.65,2024-07-23 15:12:10.000000,2026-08-12 21:45:25.315550
INV00000754,PO0003071,959.69,2026-01-07 00:59:17.000000,2026-08-12 21:45:25.315550
INV00000773,PO0002689,3399.26,2024-08-05 12:47:31.000000,2026-08-12 21:45:25.315550
INV00000787,PO0002809,3534.25,2026-02-01 04:27:22.000000,2026-08-12 21:45:25.315550
INV00001197,PO0002048,5268.83,2024-06-08 21:18:14.000000,2026-08-12 21:45:25.315550
INV00001576,PO0001524,3560.21,2026-02-15 10:06:17.000000,2026-08-12 21:45:25.315550
INV00001581,PO0000878,4400.37,2025-03-28 21:53:05.000000,2026-08-12 21:45:25.315550
INV00001772,PO0001865,2986.43,2024-08-03 04:58:54.000000,2026-08-12 21:45:25.315550
INV00001885,PO0001255,5175.45,2025-05-12 11:41:51.096923,2026-08-12 21:45:25.315550
INV00001964,PO0002763,4818.44,2025-08-11 08:11:50.000000,2026-08-12 21:45:25.315550
INV00002591,PO0001039,3104.32,2025-03-21 08:04:25.000000,2026-08-12 21:45:25.315550
INV00002828,PO0002941,567.51,2024-08-04 01:38:34.000000,2026-08-12 21:45:25.315550
INV00002943,PO0004037,1571.43,2025-07-08 21:40:24.000000,2026-08-12 21:45:25.315550
INV00003372,PO0003523,2931.95,2024-06-01 11:04:29.000000,2026-08-12 21:45:25.315550
INV00003416,PO0002497,4996.21,2025-09-17 04:30:25.000000,2026-08-12 21:45:25.315550
INV00003589,PO0001938,2385.22,2025-07-31 10:26:30.000000,2026-08-12 21:45:25.315550
INV00003620,PO0003524,2723.1,2024-11-02 09:13:05.000000,2026-08-12 21:45:25.315550
INV00004296,PO0001108,4557.89,2024-06-20 15:22:15.000000,2026-08-12 21:45:25.315550
INV00004554,PO0000409,5088.3,2025-08-20 10:17:08.000000,2026-08-12 21:45:25.315550
INV00004622,PO0004739,5077.48,2026-03-19 08:14:36.000000,2026-08-12 21:45:25.315550
INV00004661,PO0001270,4700.29,2024-11-22 14:07:11.000000,2026-08-12 21:45:25.315550
INV00004707,PO0000572,320.72,2025-08-06 02:36:10.000000,2026-08-12 21:45:25.315550
INV00004884,PO0001056,4171.04,2025-08-30 21:52:54.000000,2026-08-12 21:45:25.315550
INV00000273,PO0003149,2075.47,2026-01-25 11:13:47.000000,2026-08-12 21:45:25.315550
INV00000766,PO0003477,4411.57,2026-02-22 23:36:38.000000,2026-08-12 21:45:25.315550
INV00000833,PO0004321,$4382.47,2025-08-14 15:17:12.000000,2026-08-12 21:45:25.315550
INV00000837,PO0004324,1499.15,2025-05-14 15:39:38.000000,2026-08-12 21:45:25.315550
INV00000840,PO0001633,347.63,2025-03-01 04:07:44.000000,2026-08-12 21:45:25.315550
INV00000885,PO0000588,3532.95,2025-05-11 22:31:08.000000,2026-08-12 21:45:25.315550
INV00000935,PO0002549,1639.42,2025-01-24 13:01:10.000000,2026-08-12 21:45:25.315550
INV00001099,PO0000344,4880.18,2024-12-28 20:43:54.000000,2026-08-12 21:45:25.315550
INV00001384,PO0003822,3714.46,2024-09-09 07:41:15.000000,2026-08-12 21:45:25.315550
INV00001483,PO0004662,1203.0,2025-05-27 11:41:51.095433,2026-08-12 21:45:25.315550
INV00001645,PO0001910,548.41,2024-09-24 22:36:38.000000,2026-08-12 21:45:25.315550
INV00001726,PO0000388,2327.06,2026-05-14 07:26:37.000000,2026-08-12 21:45:25.315550
INV00002011,PO0003839,2373.14,2026-03-13 04:51:22.000000,2026-08-12 21:45:25.315550
INV00003073,PO0003411,233.61,2025-04-16 21:32:08.000000,2026-08-12 21:45:25.315550
INV00003541,PO0003829,4025.4,2025-03-16 16:30:29.000000,2026-08-12 21:45:25.315550
INV00003553,PO0001990,3161.07,2025-05-11 11:41:51.101047,2026-08-12 21:45:25.315550
INV00003629,PO0000846,3395.96,2024-12-01 18:01:13.000000,2026-08-12 21:45:25.315550
INV00003783,PO0003913,5443.35,2025-08-03 22:18:15.000000,2026-08-12 21:45:25.315550
INV00003784,PO0000273,5378.54,2024-09-18 22:40:49.000000,2026-08-12 21:45:25.315550
INV00004034,PO0001761,2932.26,2025-06-21 18:46:23.000000,2026-08-12 21:45:25.315550
INV00004145,PO0000653,1043.0,2025-11-05 13:16:28.000000,2026-08-12 21:45:25.315550
INV00004154,PO0004233,856.2,2025-02-22 12:47:30.000000,2026-08-12 21:45:25.315550
INV00004185,PO0004024,2265.13,2024-10-29 00:41:37.000000,2026-08-12 21:45:25.315550
INV00004219,PO0000268,4801.97,2025-05-24 11:41:51.102408,2026-08-12 21:45:25.315550
INV00004312,PO0001888,1334.28,2025-01-28 14:21:10.000000,2026-08-12 21:45:25.315550
INV00004396,PO0004626,1007.42,2024-12-01 14:50:04.000000,2026-08-12 21:45:25.315550
INV00004484,PO0000896,1592.23,2024-07-04 05:32:39.000000,2026-08-12 21:45:25.315550
INV00004666,PO0001946,4334.82,2025-07-23 02:34:52.000000,2026-08-12 21:45:25.315550
INV00004670,PO0002044,4683.62,2024-06-30 12:07:00.000000,2026-08-12 21:45:25.315550
INV00004991,PO0003438,4750.43,2026-03-25 17:04:31.000000,2026-08-12 21:45:25.315550
INV00000198,PO0004337,3954.07,2025-10-10 23:20:14.000000,2026-08-12 21:45:25.315550
INV00000250,PO0004154,376.71,2025-02-05 12:02:16.000000,2026-08-12 21:45:25.315550
INV00000592,PO0000937,801.14,2025-06-06 21:37:17.000000,2026-08-12 21:45:25.315550
INV00000624,PO0004521,479.89,2025-05-26 11:41:51.093428,2026-08-12 21:45:25.315550
INV00000894,PO0002138,3466.76,2024-12-20 23:29:03.000000,2026-08-12 21:45:25.315550
INV00000914,PO0002168,2890.65,2026-02-22 15:09:46.000000,2026-08-12 21:45:25.315550
INV00001006,PO0002909,5466.11,2024-06-18 01:46:17.000000,2026-08-12 21:45:25.315550
INV00001095,PO0003837,2400.69,2024-08-23 04:22:58.000000,2026-08-12 21:45:25.315550
INV00001477,PO0001308,2873.96,2025-10-22 00:45:15.000000,2026-08-12 21:45:25.315550
INV00001630,PO0000866,4612.73,2024-08-15 02:17:12.000000,2026-08-12 21:45:25.315550
INV00001763,PO0004332,815.23,2025-04-04 14:08:10.000000,2026-08-12 21:45:25.315550
INV00001801,PO0000797,3070.11,2025-05-21 11:41:51.096923,2026-08-12 21:45:25.315550
INV00002291,PO0001597,4718.08,2025-09-23 17:25:55.000000,2026-08-12 21:45:25.315550
INV00002587,PO0000881,4927.93,2025-07-22 09:16:16.000000,2026-08-12 21:45:25.315550
INV00002607,PO0003165,5211.1,2026-01-18 18:29:44.000000,2026-08-12 21:45:25.315550
INV00002762,PO0003129,5161.18,2025-03-27 09:09:19.000000,2026-08-12 21:45:25.315550
INV00002773,PO0003163,2484.68,2025-03-05 17:13:54.000000,2026-08-12 21:45:25.315550
INV00003126,PO0001839,4160.65,2024-12-29 13:39:46.000000,2026-08-12 21:45:25.315550
INV00003144,PO0002230,1433.34,2024-05-08 12:28:10.000000,2026-08-12 21:45:25.315550
INV00003223,PO0002817,3643.76,2025-10-08 20:42:22.000000,2026-08-12 21:45:25.315550
INV00003294,PO0003593,2693.44,2024-05-03 02:45:58.000000,2026-08-12 21:45:25.315550
INV00003471,PO0002900,5447.66,2025-05-09 18:48:03.000000,2026-08-12 21:45:25.315550
INV00003564,PO0001335,4800.19,2025-05-09 11:41:51.101047,2026-08-12 21:45:25.315550
INV00003661,PO0004370,4635.36,2025-12-23 16:02:52.000000,2026-08-12 21:45:25.315550
INV00003750,PO0003642,1275.64,2026-03-14 20:54:30.000000,2026-08-12 21:45:25.315550
INV00003773,PO0002934,$3241.43,2024-12-21 07:49:59.000000,2026-08-12 21:45:25.315550
INV00004053,PO0003479,1055.34,2025-12-24 15:21:13.000000,2026-08-12 21:45:25.315550
INV00004275,PO0001563,151.2,2024-06-16 03:05:03.000000,2026-08-12 21:45:25.315550
INV00004379,PO0003034,2762.94,2026-01-17 05:28:00.000000,2026-08-12 21:45:25.315550
INV00004584,PO0004989,3789.28,2025-01-12 05:20:27.000000,2026-08-12 21:45:25.315550
INV00004586,PO0004883,3125.13,2025-05-09 11:41:51.102913,2026-08-12 21:45:25.315550
INV00004642,PO0004407,1507.92,2025-01-28 05:36:31.000000,2026-08-12 21:45:25.315550
INV00004947,PO0002297,5145.7,2025-01-02 10:35:14.000000,2026-08-12 21:45:25.315550
INV00000025,PO0002403,1818.75,2026-04-14 14:58:42.000000,2026-08-12 21:45:25.315550
INV00000531,PO0001287,337.28,2024-06-17 16:37:30.000000,2026-08-12 21:45:25.315550
INV00000584,PO0002762,1756.51,2025-06-22 20:00:38.000000,2026-08-12 21:45:25.315550
INV00000703,PO0003007,2989.9,2025-04-15 11:41:51.093428,2026-08-12 21:45:25.315550
INV00000735,PO0000993,4887.51,2024-12-24 16:43:26.000000,2026-08-12 21:45:25.315550
INV00000808,PO0004854,2437.29,2024-11-21 18:17:13.000000,2026-08-12 21:45:25.315550
INV00001077,PO0002867,4605.71,2026-02-10 05:56:04.000000,2026-08-12 21:45:25.315550
INV00001173,PO0000263,3935.87,2024-10-11 08:13:12.000000,2026-08-12 21:45:25.315550
INV00001282,PO0002303,3407.73,2026-02-20 15:15:50.000000,2026-08-12 21:45:25.315550
INV00001288,PO0003311,5439.43,2024-10-20 09:18:24.000000,2026-08-12 21:45:25.315550
INV00001313,PO0000878,1337.54,2025-03-26 21:53:05.000000,2026-08-12 21:45:25.315550
INV00001591,PO0004091,4372.05,2024-11-09 07:39:11.000000,2026-08-12 21:45:25.315550
INV00001759,PO0001949,2671.77,2024-09-21 09:44:17.000000,2026-08-12 21:45:25.315550
INV00001781,PO0004758,685.83,2025-05-18 11:41:51.096923,2026-08-12 21:45:25.315550
INV00001881,PO0004823,5077.53,2025-05-06 11:41:51.096923,2026-08-12 21:45:25.315550
INV00002875,PO0002361,4881.51,2026-03-09 18:49:28.000000,2026-08-12 21:45:25.315550
INV00003121,PO0004985,2590.78,2025-05-30 01:27:19.000000,2026-08-12 21:45:25.315550
INV00003310,PO0000558,1234.39,2025-08-18 20:32:37.000000,2026-08-12 21:45:25.315550
INV00003338,PO0004853,400.08,2025-01-20 17:40:02.000000,2026-08-12 21:45:25.315550
INV00003347,PO0004640,221.22,2025-10-01 04:55:46.000000,2026-08-12 21:45:25.315550
INV00003387,PO0003411,2087.95,2025-05-12 21:32:08.000000,2026-08-12 21:45:25.315550
INV00003938,PO0001972,4845.21,2025-07-05 10:37:55.000000,2026-08-12 21:45:25.315550
INV00003958,PO0004857,265.02,2024-09-05 03:38:46.000000,2026-08-12 21:45:25.315550
INV00003997,PO0004953,3768.83,2025-06-25 00:35:37.000000,2026-08-12 21:45:25.315550
INV00004314,PO0000295,548.31,2025-07-01 03:56:32.000000,2026-08-12 21:45:25.315550
INV00004475,PO0001237,4034.73,2025-01-26 16:58:50.000000,2026-08-12 21:45:25.315550
INV00004619,PO0002181,1834.41,2025-07-12 11:26:14.000000,2026-08-12 21:45:25.315550
INV00004813,PO0004931,5023.21,2025-04-05 13:49:29.000000,2026-08-12 21:45:25.315550
INV00000076,PO0002828,4866.34,2025-04-22 02:17:42.000000,2026-08-12 21:45:25.315550
INV00000185,PO0002094,3864.27,2026-03-11 23:26:14.000000,2026-08-12 21:45:25.315550
INV00000483,PO0002207,4485.47,2025-01-02 18:57:00.000000,2026-08-12 21:45:25.315550
INV00000532,PO0002418,2492.88,2025-06-23 01:24:18.000000,2026-08-12 21:45:25.315550
INV00000540,PO0004234,4661.1,2024-05-20 04:46:36.000000,2026-08-12 21:45:25.315550
INV00000842,PO0004243,3469.38,2025-08-01 01:26:31.000000,2026-08-12 21:45:25.315550
INV00000970,PO0003029,3604.66,2024-04-29 08:38:06.000000,2026-08-12 21:45:25.315550
INV00000971,PO0002371,3372.76,2024-11-20 14:42:08.000000,2026-08-12 21:45:25.315550
INV00001159,PO0003290,3660.2,2025-03-01 00:55:21.000000,2026-08-12 21:45:25.315550
INV00001214,PO0004706,3062.96,2025-05-18 01:26:22.000000,2026-08-12 21:45:25.315550
INV00001920,PO0004981,5430.91,2026-02-11 17:36:36.000000,2026-08-12 21:45:25.315550
INV00002161,PO0002569,2815.63,2026-04-19 18:45:46.000000,2026-08-12 21:45:25.315550
INV00002337,PO0000841,5126.39,2024-07-27 07:54:19.000000,2026-08-12 21:45:25.315550
INV00002642,PO0002816,4241.06,2024-07-30 12:21:30.000000,2026-08-12 21:45:25.315550
INV00003237,PO0001696,2826.41,2025-05-02 11:41:51.098952,2026-08-12 21:45:25.315550
INV00003291,PO0001673,5220.53,2025-04-04 04:18:14.000000,2026-08-12 21:45:25.315550
INV00003602,PO0001448,1512.44,2025-01-05 10:05:55.000000,2026-08-12 21:45:25.315550
INV00003740,PO0001100,3278.32,2024-07-22 16:56:52.000000,2026-08-12 21:45:25.315550
INV00003834,PO0003630,$1455.0,2024-06-10 00:27:18.000000,2026-08-12 21:45:25.315550
INV00003935,PO0000814,3194.87,2024-05-09 10:19:57.000000,2026-08-12 21:45:25.315550
INV00004017,PO0004211,3634.98,2024-11-21 11:05:23.000000,2026-08-12 21:45:25.315550
INV00004188,PO0002467,$2736.86,2024-11-16 18:41:41.000000,2026-08-12 21:45:25.315550
INV00004236,PO0001062,4531.03,2024-12-16 06:23:24.000000,2026-08-12 21:45:25.315550
INV00000258,PO0004804,4838.23,2025-01-02 04:59:10.000000,2026-08-12 21:45:25.315550
INV00000407,PO0001847,2846.02,2024-11-29 15:11:22.000000,2026-08-12 21:45:25.315550
INV00000420,PO0001320,556.63,2025-01-14 23:48:59.000000,2026-08-12 21:45:25.315550
INV00000804,PO0002088,2910.07,2025-08-12 08:02:36.000000,2026-08-12 21:45:25.315550
INV00001365,PO0003700,1405.4,2024-10-16 02:19:54.000000,2026-08-12 21:45:25.315550
INV00001626,PO0000653,1791.84,2025-11-05 13:16:28.000000,2026-08-12 21:45:25.315550
INV00001683,PO0004176,704.25,2024-05-17 16:55:08.000000,2026-08-12 21:45:25.315550
INV00001834,PO0003513,3662.79,2025-02-09 07:36:46.000000,2026-08-12 21:45:25.315550
INV00001847,PO0002809,3742.41,2026-01-03 04:27:22.000000,2026-08-12 21:45:25.315550
INV00002003,PO0000819,1265.64,2025-07-09 12:16:39.000000,2026-08-12 21:45:25.315550
INV00002237,PO0002323,4595.77,2024-10-22 16:08:18.000000,2026-08-12 21:45:25.315550
INV00002816,PO0004530,4011.75,2025-12-14 11:35:02.000000,2026-08-12 21:45:25.315550
INV00002974,PO0004233,3550.9,2025-02-27 12:47:30.000000,2026-08-12 21:45:25.315550
INV00003083,PO0003950,4126.72,2025-04-17 11:41:51.098952,2026-08-12 21:45:25.315550
INV00003275,PO0004071,2459.98,2026-01-24 13:31:48.000000,2026-08-12 21:45:25.315550
INV00003452,PO0002142,1950.54,2026-01-17 16:55:26.000000,2026-08-12 21:45:25.315550
INV00003821,PO0004403,2689.53,2024-07-19 23:01:57.000000,2026-08-12 21:45:25.315550
INV00004207,PO0003089,1348.07,2024-11-28 13:00:47.000000,2026-08-12 21:45:25.315550
INV00004603,PO0004503,54.7,2025-12-09 23:54:17.000000,2026-08-12 21:45:25.315550
INV00004754,PO0004309,4345.29,2026-03-29 23:54:06.000000,2026-08-12 21:45:25.315550
INV00004894,PO0002122,4944.38,2024-09-13 15:49:21.000000,2026-08-12 21:45:25.315550
INV00000051,PO0000441,3960.45,2026-05-09 05:04:17.000000,2026-08-12 21:45:25.315550
INV00000612,PO0003048,5255.63,2025-03-16 10:08:02.000000,2026-08-12 21:45:25.315550
INV00000719,PO0000915,985.64,2024-08-14 18:37:25.000000,2026-08-12 21:45:25.315550
INV00000722,PO0003775,1850.89,2026-03-19 13:29:24.000000,2026-08-12 21:45:25.315550
INV00000816,PO0001335,398.51,2025-04-29 11:41:51.093428,2026-08-12 21:45:25.315550
INV00000883,PO0000261,$4339.0,2026-02-28 12:24:47.000000,2026-08-12 21:45:25.315550
INV00001110,PO0000807,810.29,2026-02-14 10:56:00.000000,2026-08-12 21:45:25.315550
INV00001146,PO0000658,2818.65,2025-12-27 04:56:18.000000,2026-08-12 21:45:25.315550
INV00001744,PO0001876,1514.13,2025-09-18 22:09:15.000000,2026-08-12 21:45:25.315550
INV00002116,PO0002399,1004.03,2026-03-12 12:13:22.000000,2026-08-12 21:45:25.315550
INV00002191,PO0004026,3158.19,2026-01-14 13:18:24.000000,2026-08-12 21:45:25.315550
INV00002197,PO0000850,1561.72,2025-05-06 06:19:08.000000,2026-08-12 21:45:25.315550
INV00002386,PO0003655,2186.0,2024-09-21 13:36:27.000000,2026-08-12 21:45:25.315550
INV00002467,PO0000111,1439.47,2025-05-26 00:41:40.000000,2026-08-12 21:45:25.315550
INV00002512,PO0003261,3727.06,2026-01-13 11:21:26.000000,2026-08-12 21:45:25.315550
INV00002616,PO0001102,4815.65,2025-02-14 23:27:08.000000,2026-08-12 21:45:25.315550
INV00002719,PO0000364,1436.09,2026-05-15 11:39:13.000000,2026-08-12 21:45:25.315550
INV00002920,PO0000983,4221.45,2026-04-20 19:29:45.000000,2026-08-12 21:45:25.315550
INV00003024,PO0001842,2393.07,2025-04-07 03:35:51.000000,2026-08-12 21:45:25.315550
INV00003379,PO0004014,4119.11,2025-02-15 20:06:01.000000,2026-08-12 21:45:25.315550
INV00003466,PO0004540,4326.97,2024-11-10 21:20:19.000000,2026-08-12 21:45:25.315550
INV00003535,PO0004840,4583.77,2025-05-28 11:41:51.101047,2026-08-12 21:45:25.315550
INV00003615,PO0001701,726.88,2025-08-06 03:22:12.000000,2026-08-12 21:45:25.315550
INV00003622,PO0004440,467.93,2024-10-28 03:05:10.000000,2026-08-12 21:45:25.315550
INV00003860,PO0004104,5243.14,2025-09-04 15:25:15.000000,2026-08-12 21:45:25.315550
INV00003905,PO0002273,4689.24,2025-08-10 04:48:13.000000,2026-08-12 21:45:25.315550
INV00004226,PO0001859,4514.14,2025-09-06 17:08:40.000000,2026-08-12 21:45:25.315550
INV00004409,PO0003127,5003.63,2025-02-28 21:57:19.000000,2026-08-12 21:45:25.315550
INV00004430,PO0000988,4627.52,2025-04-11 10:29:00.000000,2026-08-12 21:45:25.315550
INV00004538,PO0002356,5066.01,2025-03-07 12:10:42.000000,2026-08-12 21:45:25.315550
INV00004717,PO0001358,2590.33,2025-06-19 14:13:37.000000,2026-08-12 21:45:25.315550
INV00000219,PO0002401,2261.72,2026-02-18 18:30:49.000000,2026-08-12 21:45:25.315550
INV00000247,PO0002691,3385.49,2025-04-03 08:00:19.000000,2026-08-12 21:45:25.315550
INV00000327,PO0004830,3558.99,2025-09-11 05:01:32.000000,2026-08-12 21:45:25.315550
INV00000527,PO0002843,5483.83,2026-03-23 04:45:44.000000,2026-08-12 21:45:25.315550
INV00000618,PO0000386,2101.3,2025-12-11 03:25:15.000000,2026-08-12 21:45:25.315550
INV00000758,PO0001018,2751.97,2024-06-04 18:00:48.000000,2026-08-12 21:45:25.315550
INV00001061,PO0003786,1465.02,2026-03-16 07:44:18.000000,2026-08-12 21:45:25.315550
INV00001406,PO0000638,$4509.5,2025-02-15 19:35:50.000000,2026-08-12 21:45:25.315550
INV00001565,PO0001797,704.76,2025-04-26 23:21:48.000000,2026-08-12 21:45:25.315550
INV00001719,PO0000760,2361.29,2026-02-19 22:21:14.000000,2026-08-12 21:45:25.315550
INV00001904,PO0000680,$3970.41,2025-08-28 20:40:58.000000,2026-08-12 21:45:25.315550
INV00002129,PO0004176,3750.5,2024-05-11 16:55:08.000000,2026-08-12 21:45:25.315550
INV00002209,PO0001295,4148.98,2024-11-19 00:04:33.000000,2026-08-12 21:45:25.315550
INV00002359,PO0003552,225.84,2025-12-01 12:59:48.000000,2026-08-12 21:45:25.315550
INV00002383,PO0003956,4272.11,2025-11-29 00:52:21.000000,2026-08-12 21:45:25.315550
INV00002691,PO0000394,3437.57,2026-03-21 10:38:31.000000,2026-08-12 21:45:25.315550
INV00003135,PO0000455,2080.7,2025-09-25 17:56:16.000000,2026-08-12 21:45:25.315550
INV00003476,PO0000352,1632.45,2025-08-27 18:34:13.000000,2026-08-12 21:45:25.315550
INV00003747,PO0001587,2860.92,2025-08-15 10:59:17.000000,2026-08-12 21:45:25.315550
INV00003759,PO0002562,1940.54,2025-10-27 15:51:23.000000,2026-08-12 21:45:25.315550
INV00003817,PO0004875,2815.93,2025-10-29 20:23:16.000000,2026-08-12 21:45:25.315550
INV00003863,PO0001333,2310.83,2026-02-14 23:12:56.000000,2026-08-12 21:45:25.315550
INV00004259,PO0002682,2592.74,2026-03-11 14:32:14.000000,2026-08-12 21:45:25.315550
INV00004494,PO0004066,1528.7,2025-10-03 14:39:19.000000,2026-08-12 21:45:25.315550
INV00004679,PO0004201,2964.72,2024-10-07 00:50:31.000000,2026-08-12 21:45:25.315550
INV00004917,PO0003898,2012.4,2024-07-26 06:35:00.000000,2026-08-12 21:45:25.315550
INV00000272,PO0002225,377.38,2024-10-23 03:26:56.000000,2026-08-12 21:45:25.315550
INV00000463,PO0004028,598.38,2024-08-08 23:09:48.000000,2026-08-12 21:45:25.315550
INV00000491,PO0001507,2718.46,2025-09-25 00:02:35.000000,2026-08-12 21:45:25.315550
INV00000863,PO0001519,4726.29,2024-05-06 02:42:15.000000,2026-08-12 21:45:25.315550
INV00001068,PO0000432,1073.44,2025-11-26 20:10:57.000000,2026-08-12 21:45:25.315550
INV00002649,PO0000091,5360.17,2025-12-02 15:06:14.000000,2026-08-12 21:45:25.315550
INV00002742,PO0004979,2123.79,2024-06-16 10:58:23.000000,2026-08-12 21:45:25.315550
INV00002799,PO0004255,827.12,2025-12-04 01:18:55.000000,2026-08-12 21:45:25.315550
INV00003224,PO0001435,3033.01,2025-07-12 14:57:07.000000,2026-08-12 21:45:25.315550
INV00003511,PO0001333,3718.06,2026-02-16 23:12:56.000000,2026-08-12 21:45:25.315550
INV00003785,PO0000415,3247.02,2024-07-12 23:43:18.000000,2026-08-12 21:45:25.315550
INV00003788,PO0001693,1733.86,2026-01-12 07:36:21.000000,2026-08-12 21:45:25.315550
INV00003802,PO0003605,3673.57,2025-08-17 16:22:29.000000,2026-08-12 21:45:25.315550
INV00003812,PO0000073,5004.77,2024-07-17 18:24:19.000000,2026-08-12 21:45:25.315550
INV00003847,PO0001984,2158.75,2025-03-06 07:31:36.000000,2026-08-12 21:45:25.315550
INV00003982,PO0001114,2181.77,2025-04-10 03:55:05.000000,2026-08-12 21:45:25.315550
INV00004001,PO0001638,2155.25,2024-08-24 02:33:52.000000,2026-08-12 21:45:25.315550
INV00004213,PO0001414,4495.11,2025-06-21 12:37:15.000000,2026-08-12 21:45:25.315550
INV00004477,PO0004728,1799.0,2024-07-16 14:06:08.000000,2026-08-12 21:45:25.315550
INV00004663,PO0002150,3613.68,2024-10-07 18:07:45.000000,2026-08-12 21:45:25.315550
INV00004748,PO0004323,1972.42,2024-10-29 07:25:23.000000,2026-08-12 21:45:25.315550
INV00004937,PO0002522,5154.57,2026-03-20 19:42:37.000000,2026-08-12 21:45:25.315550
INV00004978,PO0004029,2983.02,2025-07-16 23:19:53.000000,2026-08-12 21:45:25.315550
INV00000349,PO0003838,1739.02,2025-08-16 04:06:26.000000,2026-08-12 21:45:25.315550
INV00000388,PO0001221,3039.52,2024-11-14 05:19:16.000000,2026-08-12 21:45:25.315550
INV00000391,PO0001180,2738.29,2025-08-23 17:18:22.000000,2026-08-12 21:45:25.315550
INV00000429,PO0002054,55.9,2024-08-25 19:00:46.000000,2026-08-12 21:45:25.315550
INV00000845,PO0004005,3711.73,2026-02-25 07:09:22.000000,2026-08-12 21:45:25.315550
INV00000929,PO0002953,1565.88,2025-04-13 07:14:10.000000,2026-08-12 21:45:25.315550
INV00000974,PO0003621,2684.86,2025-07-22 09:12:00.000000,2026-08-12 21:45:25.315550
INV00000997,PO0003373,3125.79,2024-07-10 15:03:24.000000,2026-08-12 21:45:25.315550
INV00001194,PO0004375,4076.9,2025-04-11 23:09:30.000000,2026-08-12 21:45:25.315550
INV00001270,PO0000855,2363.3,2024-06-03 16:51:23.000000,2026-08-12 21:45:25.315550
INV00001619,PO0000927,5448.35,2026-05-11 18:20:55.000000,2026-08-12 21:45:25.315550
INV00002000,PO0003271,42.69,2025-12-24 05:55:03.000000,2026-08-12 21:45:25.315550
INV00002785,PO0002125,2160.4,2025-04-20 11:41:51.098952,2026-08-12 21:45:25.315550
INV00002963,PO0000789,3795.64,2024-09-20 09:51:04.000000,2026-08-12 21:45:25.315550
INV00002995,PO0002244,2635.36,2025-08-06 00:32:55.000000,2026-08-12 21:45:25.315550
INV00003014,PO0001048,120.39,2025-10-29 00:28:15.000000,2026-08-12 21:45:25.315550
INV00003180,PO0002138,5335.36,2024-12-24 23:29:03.000000,2026-08-12 21:45:25.315550
INV00003260,PO0004085,4561.48,2025-05-09 16:56:40.000000,2026-08-12 21:45:25.315550
INV00003473,PO0003796,1970.7,2025-02-16 11:38:35.000000,2026-08-12 21:45:25.315550
INV00003494,PO0001843,1624.39,2024-05-20 19:45:00.000000,2026-08-12 21:45:25.315550
INV00003836,PO0003793,4863.77,2026-01-19 08:43:28.000000,2026-08-12 21:45:25.315550
INV00003885,PO0003066,367.82,2024-07-26 08:57:02.000000,2026-08-12 21:45:25.315550
INV00003975,PO0002882,413.0,2026-01-31 01:17:08.000000,2026-08-12 21:45:25.315550
INV00004345,PO0003801,2331.96,2026-01-31 03:24:18.000000,2026-08-12 21:45:25.315550
INV00004398,PO0004527,283.2,2025-09-19 23:15:40.000000,2026-08-12 21:45:25.315550
INV00004805,PO0001060,4075.1,2025-04-04 13:54:43.000000,2026-08-12 21:45:25.315550
INV00004869,PO0003152,990.78,2024-12-10 14:52:31.000000,2026-08-12 21:45:25.315550
INV00000141,PO0001374,2070.71,2025-09-02 21:40:47.000000,2026-08-12 21:45:25.315550
INV00000677,PO0004881,3806.0,2025-12-06 21:10:35.000000,2026-08-12 21:45:25.315550
INV00001121,PO0004309,2828.21,2026-03-09 23:54:06.000000,2026-08-12 21:45:25.315550
INV00001292,PO0002214,3242.79,2024-12-02 07:18:02.000000,2026-08-12 21:45:25.315550
INV00001364,PO0001165,3270.86,2025-05-28 11:41:51.095433,2026-08-12 21:45:25.315550
INV00001728,PO0001095,345.68,2025-05-12 00:31:28.000000,2026-08-12 21:45:25.315550
INV00001905,PO0003654,3354.1,2025-05-23 09:32:16.000000,2026-08-12 21:45:25.315550
INV00002085,PO0002416,1622.49,2026-02-09 08:29:24.000000,2026-08-12 21:45:25.315550
INV00002273,PO0003342,2252.13,2025-05-21 06:52:48.000000,2026-08-12 21:45:25.315550
INV00002312,PO0004918,5128.81,2026-04-29 09:00:44.000000,2026-08-12 21:45:25.315550
INV00002549,PO0000965,1278.59,2026-03-09 11:57:35.000000,2026-08-12 21:45:25.315550
INV00002805,PO0002803,5370.78,2024-09-14 15:44:56.000000,2026-08-12 21:45:25.315550
INV00003085,PO0002430,4420.3,2025-04-27 04:03:13.000000,2026-08-12 21:45:25.315550
INV00003107,PO0000066,1026.54,2024-09-10 00:57:58.000000,2026-08-12 21:45:25.315550
INV00003414,PO0001420,1552.02,2025-07-03 12:30:09.000000,2026-08-12 21:45:25.315550
INV00003604,PO0002760,355.07,2025-06-09 08:06:40.000000,2026-08-12 21:45:25.315550
INV00003775,PO0002639,1829.88,2025-04-28 11:41:51.101047,2026-08-12 21:45:25.315550
INV00004010,PO0004134,467.78,2025-11-05 07:15:25.000000,2026-08-12 21:45:25.315550
INV00004187,PO0003763,4432.26,2025-07-06 04:48:28.000000,2026-08-12 21:45:25.315550
INV00004580,PO0003621,4112.93,2025-06-08 09:12:00.000000,2026-08-12 21:45:25.315550
INV00004631,PO0003268,4756.09,2025-07-07 14:39:09.000000,2026-08-12 21:45:25.315550
INV00004689,PO0001862,2663.09,2024-05-07 00:30:31.000000,2026-08-12 21:45:25.315550
INV00004736,PO0000459,3759.26,2024-08-28 09:33:44.000000,2026-08-12 21:45:25.315550
INV00004743,PO0001514,1170.62,2025-08-07 03:30:18.000000,2026-08-12 21:45:25.315550
INV00004836,PO0001029,1831.53,2024-09-22 02:49:12.000000,2026-08-12 21:45:25.315550
INV00004841,PO0002773,3511.27,2025-04-27 11:41:51.103922,2026-08-12 21:45:25.315550
INV00004866,PO0000827,2585.11,2025-01-12 00:03:00.000000,2026-08-12 21:45:25.315550
INV00004945,PO0003323,141.16,2025-02-21 05:58:03.000000,2026-08-12 21:45:25.315550
INV00000124,PO0001120,4450.46,2026-01-03 22:57:12.000000,2026-08-12 21:45:25.315550
INV00000337,PO0002742,3858.9,2024-12-08 22:30:56.000000,2026-08-12 21:45:25.315550
INV00000358,PO0000920,4442.41,2025-03-05 05:29:38.000000,2026-08-12 21:45:25.315550
INV00000614,PO0004834,2268.29,2025-01-04 06:12:06.000000,2026-08-12 21:45:25.315550
INV00000751,PO0001062,5269.97,2024-12-07 06:23:24.000000,2026-08-12 21:45:25.315550
INV00000908,PO0001346,1393.48,2026-03-01 22:30:39.000000,2026-08-12 21:45:25.315550
INV00000943,PO0001561,5182.42,2024-09-30 11:11:01.000000,2026-08-12 21:45:25.315550
INV00001082,PO0001399,1094.61,2025-07-29 23:20:11.000000,2026-08-12 21:45:25.315550
INV00001168,PO0000778,1649.46,2025-06-21 20:10:46.000000,2026-08-12 21:45:25.315550
INV00001182,PO0003622,3810.49,2024-05-27 15:18:20.000000,2026-08-12 21:45:25.315550
INV00001250,PO0000075,1947.01,2024-09-18 19:48:22.000000,2026-08-12 21:45:25.315550
INV00001295,PO0000160,3269.63,2024-10-11 16:34:34.000000,2026-08-12 21:45:25.315550
INV00001412,PO0003140,1450.42,2025-11-30 10:29:34.000000,2026-08-12 21:45:25.315550
INV00001478,PO0004945,3609.21,2026-04-04 09:30:00.000000,2026-08-12 21:45:25.315550
INV00001514,PO0002770,3538.71,2026-03-31 04:03:53.000000,2026-08-12 21:45:25.315550
INV00001869,PO0002072,4216.47,2024-06-13 09:18:40.000000,2026-08-12 21:45:25.315550
INV00001914,PO0003155,3457.42,2025-02-18 16:23:19.000000,2026-08-12 21:45:25.315550
INV00002064,PO0004009,1365.39,2024-10-14 09:38:32.000000,2026-08-12 21:45:25.315550
INV00002165,PO0004931,4199.23,2025-04-26 13:49:29.000000,2026-08-12 21:45:25.315550
INV00002219,PO0002651,$99.1,2026-04-09 21:18:40.000000,2026-08-12 21:45:25.315550
INV00002609,PO0004927,5142.08,2025-01-21 05:07:15.000000,2026-08-12 21:45:25.315550
INV00003397,PO0001935,3072.93,2025-08-04 05:45:58.000000,2026-08-12 21:45:25.315550
INV00003669,PO0001656,5163.28,2025-04-03 08:30:26.000000,2026-08-12 21:45:25.315550
INV00003685,PO0000034,4888.55,2024-08-28 07:57:52.000000,2026-08-12 21:45:25.315550
INV00004128,PO0001284,5015.64,2026-01-04 20:22:27.000000,2026-08-12 21:45:25.315550
INV00004464,PO0000711,3745.99,2025-08-01 22:04:15.000000,2026-08-12 21:45:25.315550
INV00004744,PO0004344,5167.12,2025-04-03 17:57:55.000000,2026-08-12 21:45:25.315550
INV00004860,PO0003866,2397.45,2025-12-31 13:28:56.000000,2026-08-12 21:45:25.315550
INV00000113,PO0004968,1349.8,2024-09-17 01:02:12.000000,2026-08-12 21:45:25.315550
INV00000158,PO0004854,1381.14,2024-11-24 18:17:13.000000,2026-08-12 21:45:25.315550
INV00000471,PO0002602,3201.58,2025-07-10 17:53:23.000000,2026-08-12 21:45:25.315550
INV00000494,PO0002954,5380.02,2024-05-26 09:59:02.000000,2026-08-12 21:45:25.315550
INV00001105,PO0004963,1717.9,2025-06-27 15:42:47.000000,2026-08-12 21:45:25.315550
INV00001281,PO0003389,5073.24,2024-12-06 14:43:46.000000,2026-08-12 21:45:25.315550
INV00001389,PO0002851,2928.78,2025-06-12 10:20:53.000000,2026-08-12 21:45:25.315550
INV00001893,PO0004935,1744.26,2025-05-19 16:36:10.000000,2026-08-12 21:45:25.315550
INV00001908,PO0003109,452.54,2025-09-07 22:56:08.000000,2026-08-12 21:45:25.315550
INV00001946,PO0002105,2889.61,2025-12-01 23:42:19.000000,2026-08-12 21:45:25.315550
INV00002135,PO0000832,4374.25,2024-11-26 01:27:15.000000,2026-08-12 21:45:25.315550
INV00002363,PO0004591,1498.78,2025-04-18 17:11:42.000000,2026-08-12 21:45:25.315550
INV00002443,PO0001842,1142.68,2025-04-17 03:35:51.000000,2026-08-12 21:45:25.315550
INV00002882,PO0002037,3736.91,2024-05-31 13:55:06.000000,2026-08-12 21:45:25.315550
INV00002940,PO0000175,551.12,2024-06-20 13:48:06.000000,2026-08-12 21:45:25.315550
INV00003000,PO0001481,358.76,2024-09-24 08:28:04.000000,2026-08-12 21:45:25.315550
INV00003053,PO0000793,3568.49,2024-06-24 08:45:56.000000,2026-08-12 21:45:25.315550
INV00003141,PO0001376,3899.12,2025-10-16 15:27:47.000000,2026-08-12 21:45:25.315550
INV00003490,PO0000901,2155.39,2025-11-07 00:50:27.000000,2026-08-12 21:45:25.315550
INV00003603,PO0002942,2698.25,2026-01-03 17:09:04.000000,2026-08-12 21:45:25.315550
INV00003636,PO0004593,2433.16,2026-04-21 02:09:32.000000,2026-08-12 21:45:25.315550
INV00003976,PO0003347,4893.79,2024-12-03 17:33:40.000000,2026-08-12 21:45:25.315550
INV00003980,PO0002240,1863.57,2024-11-25 05:08:01.000000,2026-08-12 21:45:25.315550
INV00004149,PO0004202,2575.3,2025-10-16 20:42:36.000000,2026-08-12 21:45:25.315550
INV00004393,PO0003118,2481.91,2025-03-17 11:05:34.000000,2026-08-12 21:45:25.315550
INV00000079,PO0004504,990.2,2024-12-10 08:17:58.000000,2026-08-12 21:45:25.315550
INV00000392,PO0001542,686.92,2025-01-08 20:13:12.000000,2026-08-12 21:45:25.315550
INV00000534,PO0003198,3282.99,2025-12-11 16:29:48.000000,2026-08-12 21:45:25.315550
INV00000561,PO0003514,2318.9,2025-01-17 09:41:04.000000,2026-08-12 21:45:25.315550
INV00000720,PO0002077,3581.32,2026-02-25 20:44:23.000000,2026-08-12 21:45:25.315550
INV00000736,PO0004025,1445.0,2025-12-02 02:08:06.000000,2026-08-12 21:45:25.315550
INV00000753,PO0000639,1813.92,2025-09-29 05:17:07.000000,2026-08-12 21:45:25.315550
INV00000918,PO0004059,4640.13,2025-07-18 12:29:22.000000,2026-08-12 21:45:25.315550
INV00000990,PO0002822,2665.59,2024-10-20 21:46:09.000000,2026-08-12 21:45:25.315550
INV00001370,PO0004021,3917.28,2024-12-30 20:18:24.000000,2026-08-12 21:45:25.315550
INV00001494,PO0002929,710.02,2024-12-07 09:36:34.000000,2026-08-12 21:45:25.315550
INV00001505,PO0002699,4082.17,2026-01-01 02:59:55.000000,2026-08-12 21:45:25.315550
INV00001668,PO0002057,1573.15,2026-02-13 11:32:19.000000,2026-08-12 21:45:25.315550
INV00001679,PO0001016,1626.88,2024-10-17 22:39:37.000000,2026-08-12 21:45:25.315550
INV00001702,PO0004053,5441.9,2024-11-13 05:12:05.000000,2026-08-12 21:45:25.315550
INV00001773,PO0003346,4176.02,2026-01-22 15:57:10.000000,2026-08-12 21:45:25.315550
INV00001806,PO0002611,1566.77,2026-04-03 18:52:48.000000,2026-08-12 21:45:25.315550
INV00002283,PO0003186,1749.99,2024-12-28 03:17:45.000000,2026-08-12 21:45:25.315550
INV00002463,PO0001481,1014.63,2024-10-13 08:28:04.000000,2026-08-12 21:45:25.315550
INV00002798,PO0002215,1320.58,2025-06-05 00:48:57.000000,2026-08-12 21:45:25.315550
INV00002808,PO0001573,2428.28,2025-05-21 11:41:51.098952,2026-08-12 21:45:25.315550
INV00003448,PO0004798,1340.98,2026-04-10 04:31:41.000000,2026-08-12 21:45:25.315550
INV00003771,PO0003584,62.58,2024-11-17 17:48:50.000000,2026-08-12 21:45:25.315550
INV00003903,PO0003547,2236.52,2025-10-08 19:14:00.000000,2026-08-12 21:45:25.315550
INV00004240,PO0003559,1887.75,2026-03-22 23:11:26.000000,2026-08-12 21:45:25.315550
INV00004473,PO0001715,1097.77,2026-05-06 04:14:41.000000,2026-08-12 21:45:25.315550
INV00004550,PO0003385,4261.37,2024-09-23 20:01:57.000000,2026-08-12 21:45:25.315550
INV00004678,PO0001585,2005.1,2025-08-23 17:13:50.000000,2026-08-12 21:45:25.315550
INV00004727,PO0001529,844.95,2025-05-27 11:41:51.102913,2026-08-12 21:45:25.315550
INV00004870,PO0001415,1292.16,2025-12-27 17:50:47.000000,2026-08-12 21:45:25.315550
INV00000197,PO0000960,4568.47,2026-05-02 22:48:42.000000,2026-08-12 21:45:25.315550
INV00000306,PO0000849,2391.41,2026-04-18 19:53:48.000000,2026-08-12 21:45:25.315550
INV00001098,PO0004888,4437.9,2026-05-22 08:35:44.000000,2026-08-12 21:45:25.315550
INV00001343,PO0003496,3225.34,2025-01-18 02:36:22.000000,2026-08-12 21:45:25.315550
INV00001698,PO0000893,4691.04,2025-04-21 13:06:52.000000,2026-08-12 21:45:25.315550
INV00001734,PO0003486,2532.11,2024-07-09 02:28:18.000000,2026-08-12 21:45:25.315550
INV00001754,PO0002540,4594.69,2025-05-26 11:41:51.096923,2026-08-12 21:45:25.315550
INV00001756,PO0003539,2389.8,2025-05-13 18:13:31.000000,2026-08-12 21:45:25.315550
INV00002371,PO0003791,1806.69,2024-09-04 20:51:04.000000,2026-08-12 21:45:25.315550
INV00002780,PO0004404,1325.69,2025-04-24 16:38:51.000000,2026-08-12 21:45:25.315550
INV00002926,PO0001159,4197.22,2025-05-06 11:41:51.098952,2026-08-12 21:45:25.315550
INV00003030,PO0002061,2161.4,2025-12-05 07:15:26.000000,2026-08-12 21:45:25.315550
INV00003207,PO0004534,3280.42,2025-04-28 21:22:35.000000,2026-08-12 21:45:25.315550
INV00003320,PO0001628,1439.51,2024-07-20 20:47:54.000000,2026-08-12 21:45:25.315550
INV00003365,PO0001277,721.36,2026-03-25 17:53:51.000000,2026-08-12 21:45:25.315550
INV00003367,PO0004795,584.08,2025-05-07 09:21:45.000000,2026-08-12 21:45:25.315550
INV00003401,PO0000747,1208.72,2025-05-26 21:17:22.000000,2026-08-12 21:45:25.315550
INV00003696,PO0001764,2450.13,2024-12-28 02:34:01.000000,2026-08-12 21:45:25.315550
INV00003722,PO0000650,197.19,2025-03-06 13:01:00.000000,2026-08-12 21:45:25.315550
INV00003871,PO0001301,1348.43,2026-03-08 18:05:26.000000,2026-08-12 21:45:25.315550
INV00003999,PO0004124,3787.22,2025-11-25 02:03:39.000000,2026-08-12 21:45:25.315550
INV00004036,PO0000690,4341.76,2025-01-07 08:43:07.000000,2026-08-12 21:45:25.315550
INV00004786,PO0004841,2100.18,2024-05-09 19:28:06.000000,2026-08-12 21:45:25.315550
INV00004935,PO0002805,4268.64,2025-05-05 11:41:51.103922,2026-08-12 21:45:25.315550
INV00004728,PO0002466,2594.29,2026-01-03 08:48:05.000000,2026-08-12 21:45:25.315550
INV00000410,PO0003939,1615.09,2024-11-25 07:49:10.000000,2026-08-12 21:45:25.315550
INV00000655,PO0002579,5026.7,2024-12-14 19:43:22.000000,2026-08-12 21:45:25.315550
INV00001036,PO0001718,2825.37,2026-03-14 14:11:34.000000,2026-08-12 21:45:25.315550
INV00001113,PO0002418,1345.8,2025-06-12 01:24:18.000000,2026-08-12 21:45:25.315550
INV00001136,PO0002942,827.32,2025-12-05 17:09:04.000000,2026-08-12 21:45:25.315550
INV00001277,PO0001822,4870.33,2026-04-01 22:45:14.000000,2026-08-12 21:45:25.315550
INV00001355,PO0002664,1782.67,2026-02-07 23:20:42.000000,2026-08-12 21:45:25.315550
INV00001402,PO0001299,2057.97,2026-04-20 15:45:57.000000,2026-08-12 21:45:25.315550
INV00001528,PO0004485,3457.2,2025-10-03 01:56:25.000000,2026-08-12 21:45:25.315550
INV00001883,PO0002951,4508.7,2025-09-10 14:39:17.000000,2026-08-12 21:45:25.315550
INV00002195,PO0002616,1660.19,2025-08-07 00:42:18.000000,2026-08-12 21:45:25.315550
INV00002392,PO0001078,2559.54,2024-10-07 13:13:48.000000,2026-08-12 21:45:25.315550
INV00002529,PO0000697,3565.74,2025-04-17 16:32:40.000000,2026-08-12 21:45:25.315550
INV00002551,PO0004067,1775.71,2025-01-09 14:18:58.000000,2026-08-12 21:45:25.315550
INV00002775,PO0003374,2689.54,2025-05-19 11:41:51.098952,2026-08-12 21:45:25.315550
INV00002876,PO0001583,2202.17,2025-06-26 20:52:21.000000,2026-08-12 21:45:25.315550
INV00002939,PO0000033,3358.38,2025-09-03 16:37:52.000000,2026-08-12 21:45:25.315550
INV00003029,PO0004315,1797.84,2025-06-26 08:20:16.000000,2026-08-12 21:45:25.315550
INV00003762,PO0004418,1688.88,2025-08-24 01:51:01.000000,2026-08-12 21:45:25.315550
INV00004262,PO0001449,490.02,2025-07-16 17:45:21.000000,2026-08-12 21:45:25.315550
INV00004323,PO0000608,2233.48,2026-03-26 02:46:39.000000,2026-08-12 21:45:25.315550
INV00004504,PO0000311,4563.36,2025-03-24 12:18:06.000000,2026-08-12 21:45:25.315550
INV00004574,PO0003153,3975.56,2026-02-21 14:25:29.000000,2026-08-12 21:45:25.315550
INV00004887,PO0001839,2610.57,2024-12-02 13:39:46.000000,2026-08-12 21:45:25.315550
INV00004920,PO0003911,2293.01,2026-03-28 07:15:54.000000,2026-08-12 21:45:25.315550
INV00000053,PO0004634,4159.37,2024-10-21 02:36:39.000000,2026-08-12 21:45:25.315550
INV00000192,PO0001364,5104.54,2024-09-16 03:46:39.000000,2026-08-12 21:45:25.315550
INV00000199,PO0003819,5268.29,2024-10-23 05:42:04.000000,2026-08-12 21:45:25.315550
INV00000262,PO0002358,3415.38,2024-06-02 01:34:45.000000,2026-08-12 21:45:25.315550
INV00000963,PO0001535,3000.36,2025-11-11 23:19:28.000000,2026-08-12 21:45:25.315550
INV00002030,PO0003670,2019.86,2025-12-23 19:24:10.000000,2026-08-12 21:45:25.315550
INV00002595,PO0000621,4747.34,2024-07-22 17:05:37.000000,2026-08-12 21:45:25.315550
INV00002821,PO0004375,988.29,2025-05-13 23:09:30.000000,2026-08-12 21:45:25.315550
INV00003178,PO0002899,246.71,2024-11-26 04:50:05.000000,2026-08-12 21:45:25.315550
INV00003193,PO0001534,4365.63,2024-11-06 00:32:14.000000,2026-08-12 21:45:25.315550
INV00003393,PO0001026,821.71,2025-01-24 01:44:27.000000,2026-08-12 21:45:25.315550
INV00003426,PO0001306,2317.11,2024-10-03 04:14:53.000000,2026-08-12 21:45:25.315550
INV00003641,PO0003042,4323.61,2025-09-29 17:30:12.000000,2026-08-12 21:45:25.315550
INV00003838,PO0002405,3665.83,2025-04-14 07:33:00.000000,2026-08-12 21:45:25.315550
INV00003892,PO0002799,1094.81,2025-02-16 05:35:47.000000,2026-08-12 21:45:25.315550
INV00003894,PO0001695,3961.61,2024-06-21 07:01:41.000000,2026-08-12 21:45:25.315550
INV00003974,PO0000312,4792.53,2025-01-04 06:01:11.000000,2026-08-12 21:45:25.315550
INV00004029,PO0000263,2838.44,2024-10-23 08:13:12.000000,2026-08-12 21:45:25.315550
INV00004074,PO0003339,2684.77,2024-07-01 12:01:26.000000,2026-08-12 21:45:25.315550
INV00004645,PO0001362,3301.41,2025-07-25 02:06:59.000000,2026-08-12 21:45:25.315550
INV00001348,PO0004257,3123.49,2025-08-30 07:43:15.000000,2026-08-12 21:45:25.315550
INV00001380,PO0004166,3016.64,2026-02-02 07:21:02.000000,2026-08-12 21:45:25.315550
INV00001544,PO0004920,4771.23,2025-09-16 05:21:05.000000,2026-08-12 21:45:25.315550
INV00002537,PO0003572,2343.71,2025-09-23 01:56:26.000000,2026-08-12 21:45:25.315550
INV00002763,PO0002243,4307.3,2025-10-01 14:03:16.000000,2026-08-12 21:45:25.315550
INV00002960,PO0001123,3781.65,2024-10-08 20:47:09.000000,2026-08-12 21:45:25.315550
INV00003202,PO0000237,1516.17,2025-10-21 03:57:59.000000,2026-08-12 21:45:25.315550
INV00003844,PO0003559,4721.58,2026-04-13 23:11:26.000000,2026-08-12 21:45:25.315550
INV00003868,PO0001031,504.66,2025-05-15 11:41:51.101047,2026-08-12 21:45:25.315550
INV00004102,PO0003247,3368.53,2026-03-11 21:13:28.000000,2026-08-12 21:45:25.315550
INV00004161,PO0000788,4248.2,2024-06-19 09:29:52.000000,2026-08-12 21:45:25.315550
INV00004341,PO0001544,2894.03,2025-07-18 13:30:52.000000,2026-08-12 21:45:25.315550
INV00004424,PO0004976,565.18,2025-06-18 00:17:25.000000,2026-08-12 21:45:25.315550
INV00004546,PO0003942,3532.98,2025-08-02 21:50:28.000000,2026-08-12 21:45:25.315550
INV00004668,PO0003106,2916.39,2024-06-19 13:30:27.000000,2026-08-12 21:45:25.315550
INV00004833,PO0003733,1869.09,2025-12-07 02:28:42.000000,2026-08-12 21:45:25.315550
INV00000012,PO0001145,2842.22,2025-11-29 12:31:02.000000,2026-08-12 21:45:25.315550
INV00000700,PO0003105,2227.69,2025-08-07 10:51:46.000000,2026-08-12 21:45:25.315550
INV00000786,PO0001319,3913.41,2025-10-11 07:19:44.000000,2026-08-12 21:45:25.315550
INV00001274,PO0002038,1240.78,2024-05-21 04:47:38.000000,2026-08-12 21:45:25.315550
INV00001530,PO0004475,2419.76,2025-10-17 13:25:26.000000,2026-08-12 21:45:25.315550
INV00001760,PO0000608,4570.8,2026-03-23 02:46:39.000000,2026-08-12 21:45:25.315550
INV00001872,PO0000953,4363.85,2025-03-18 11:26:08.000000,2026-08-12 21:45:25.315550
INV00001900,PO0002321,5477.9,2024-05-24 03:57:17.000000,2026-08-12 21:45:25.315550
INV00002002,PO0001134,1478.56,2025-11-25 18:16:55.000000,2026-08-12 21:45:25.315550
INV00002527,PO0001862,3452.98,2024-06-05 00:30:31.000000,2026-08-12 21:45:25.315550
INV00002626,PO0004097,1429.16,2025-07-23 22:31:02.000000,2026-08-12 21:45:25.315550
INV00002629,PO0003828,4253.39,2026-01-26 19:58:56.000000,2026-08-12 21:45:25.315550
INV00002696,PO0004891,1404.38,2025-09-21 11:07:25.000000,2026-08-12 21:45:25.315550
INV00002749,PO0000540,1995.39,2024-12-01 12:06:13.000000,2026-08-12 21:45:25.315550
INV00003431,PO0004611,2594.86,2025-03-01 02:11:34.000000,2026-08-12 21:45:25.315550
INV00003609,PO0002919,5090.41,2025-07-28 19:03:55.000000,2026-08-12 21:45:25.315550
INV00003656,PO0000596,4549.98,2025-11-29 20:25:47.000000,2026-08-12 21:45:25.315550
INV00003806,PO0001554,617.43,2024-07-10 09:14:07.000000,2026-08-12 21:45:25.315550
INV00003839,PO0004893,4157.8,2025-09-15 19:17:27.000000,2026-08-12 21:45:25.315550
INV00004339,PO0004633,313.62,2024-12-07 19:22:18.000000,2026-08-12 21:45:25.315550
INV00004520,PO0000934,4335.53,2026-04-20 16:25:15.000000,2026-08-12 21:45:25.315550
INV00004528,PO0003746,5477.43,2024-12-15 21:58:24.000000,2026-08-12 21:45:25.315550
INV00004604,PO0001831,2775.99,2025-12-09 12:57:49.000000,2026-08-12 21:45:25.315550
INV00004751,PO0004912,4998.91,2025-09-11 06:12:56.000000,2026-08-12 21:45:25.315550
INV00004922,PO0004389,1794.39,2025-11-18 22:10:49.000000,2026-08-12 21:45:25.315550
INV00000132,PO0001226,2776.45,2025-06-08 21:04:11.000000,2026-08-12 21:45:25.315550
INV00000144,PO0004057,4062.05,2024-07-06 13:43:58.000000,2026-08-12 21:45:25.315550
INV00000317,PO0004395,228.16,2024-10-09 20:45:11.000000,2026-08-12 21:45:25.315550
INV00000621,PO0000372,3648.39,2024-05-06 07:05:20.000000,2026-08-12 21:45:25.315550
INV00000662,PO0003039,1202.38,2024-08-24 19:25:25.000000,2026-08-12 21:45:25.315550
INV00000890,PO0003520,3703.89,2025-08-12 16:59:36.000000,2026-08-12 21:45:25.315550
INV00000980,PO0001329,5294.89,2025-09-09 23:53:36.000000,2026-08-12 21:45:25.315550
INV00001056,PO0003760,93.35,2024-05-23 10:48:47.000000,2026-08-12 21:45:25.315550
INV00001520,PO0002033,1954.92,2024-09-03 01:52:05.000000,2026-08-12 21:45:25.315550
INV00001783,PO0000759,4200.4,2025-06-22 16:02:49.000000,2026-08-12 21:45:25.315550
INV00001952,PO0004198,4194.65,2025-12-10 16:32:03.000000,2026-08-12 21:45:25.315550
INV00002155,PO0004366,3031.06,2026-01-22 16:32:07.000000,2026-08-12 21:45:25.315550
INV00002374,PO0002776,3006.15,2024-12-20 15:31:09.000000,2026-08-12 21:45:25.315550
INV00002597,PO0004835,770.17,2025-02-13 16:33:18.000000,2026-08-12 21:45:25.315550
INV00002644,PO0003700,4943.07,2024-11-12 02:19:54.000000,2026-08-12 21:45:25.315550
INV00002801,PO0000157,1754.43,2025-04-05 15:50:15.000000,2026-08-12 21:45:25.315550
INV00003129,PO0003183,2116.75,2024-11-03 13:00:24.000000,2026-08-12 21:45:25.315550
INV00003407,PO0003116,$4591.82,2025-04-11 02:38:14.000000,2026-08-12 21:45:25.315550
INV00003754,PO0000532,4343.39,2025-11-30 13:59:01.000000,2026-08-12 21:45:25.315550
INV00004442,PO0002059,$2071.32,2025-08-13 22:06:35.000000,2026-08-12 21:45:25.315550
INV00004540,PO0002493,9.86,2025-06-24 14:55:14.000000,2026-08-12 21:45:25.315550
INV00004753,PO0002825,3462.29,2024-07-05 09:13:27.000000,2026-08-12 21:45:25.315550
INV00004818,PO0001119,888.79,2024-11-05 21:40:24.000000,2026-08-12 21:45:25.315550
INV00000193,PO0001132,650.72,2025-12-09 09:13:26.000000,2026-08-12 21:45:25.315550
INV00000543,PO0003238,5150.39,2024-12-22 16:21:10.000000,2026-08-12 21:45:25.315550
INV00000678,PO0001568,3122.94,2026-01-05 13:26:43.000000,2026-08-12 21:45:25.315550
INV00000691,PO0004664,3233.7,2025-10-01 22:52:46.000000,2026-08-12 21:45:25.315550
INV00000701,PO0002121,3883.4,2025-01-17 21:30:27.000000,2026-08-12 21:45:25.315550
INV00000884,PO0002179,3167.3,2025-01-28 22:06:20.000000,2026-08-12 21:45:25.315550
INV00001497,PO0002626,3351.24,2025-10-17 15:43:35.000000,2026-08-12 21:45:25.315550
INV00001808,PO0001596,1150.25,2024-04-22 12:47:58.000000,2026-08-12 21:45:25.315550
INV00001889,PO0000025,179.27,2025-05-14 12:13:23.000000,2026-08-12 21:45:25.315550
INV00001899,PO0002122,320.52,2024-10-13 15:49:21.000000,2026-08-12 21:45:25.315550
INV00001971,PO0003792,4791.19,2024-09-16 14:39:07.000000,2026-08-12 21:45:25.315550
INV00001993,PO0001433,4414.93,2025-04-06 10:18:18.000000,2026-08-12 21:45:25.315550
INV00002046,PO0002029,1745.28,2024-06-26 13:24:00.000000,2026-08-12 21:45:25.315550
INV00002102,PO0001276,5272.29,2024-12-02 12:04:59.000000,2026-08-12 21:45:25.315550
INV00002509,PO0004489,626.47,2025-01-17 05:47:51.000000,2026-08-12 21:45:25.315550
INV00002568,PO0003294,953.29,2025-06-09 13:33:26.000000,2026-08-12 21:45:25.315550
INV00002686,PO0004756,3437.26,2025-07-26 20:38:58.000000,2026-08-12 21:45:25.315550
INV00003281,PO0004373,3304.49,2024-09-11 18:57:37.000000,2026-08-12 21:45:25.315550
INV00003408,PO0002128,263.24,2024-07-24 22:01:41.000000,2026-08-12 21:45:25.315550
INV00003568,PO0003327,2767.36,2025-12-04 13:00:04.000000,2026-08-12 21:45:25.315550
INV00003662,PO0002576,3251.34,2025-02-05 17:10:55.000000,2026-08-12 21:45:25.315550
INV00004388,PO0001883,4685.57,2024-07-13 00:33:10.000000,2026-08-12 21:45:25.315550
INV00004407,PO0001725,2919.69,2025-04-18 02:04:17.000000,2026-08-12 21:45:25.315550
INV00004660,PO0000101,2745.58,2025-04-29 22:54:53.000000,2026-08-12 21:45:25.315550
INV00004691,PO0002624,4133.81,2024-09-07 04:05:18.000000,2026-08-12 21:45:25.315550
INV00004702,PO0001734,5270.05,2024-11-08 05:13:53.000000,2026-08-12 21:45:25.315550
INV00004867,PO0001005,3678.99,2024-11-03 02:09:59.000000,2026-08-12 21:45:25.315550
INV00000514,PO0004865,897.51,2024-11-22 21:16:52.000000,2026-08-12 21:45:25.315550
INV00000625,PO0000959,5094.33,2025-05-31 11:41:51.093428,2026-08-12 21:45:25.315550
INV00000627,PO0002051,1014.78,2024-09-15 08:14:54.000000,2026-08-12 21:45:25.315550
INV00000629,PO0002257,2919.27,2025-05-01 13:51:48.000000,2026-08-12 21:45:25.315550
INV00000658,PO0003490,3459.75,2026-03-23 03:18:48.000000,2026-08-12 21:45:25.315550
INV00000667,PO0000729,2503.58,2025-10-21 12:23:17.000000,2026-08-12 21:45:25.315550
INV00001154,PO0002683,5264.92,2024-09-02 15:53:20.000000,2026-08-12 21:45:25.315550
INV00001671,PO0000003,3606.94,2024-06-23 14:26:10.000000,2026-08-12 21:45:25.315550
INV00002009,PO0004066,2085.48,2025-10-19 14:39:19.000000,2026-08-12 21:45:25.315550
INV00002216,PO0002842,916.59,2025-05-31 17:06:26.000000,2026-08-12 21:45:25.315550
INV00002268,PO0004997,$53.72,2024-07-07 23:51:08.000000,2026-08-12 21:45:25.315550
INV00002468,PO0003311,4452.52,2024-10-10 09:18:24.000000,2026-08-12 21:45:25.315550
INV00002573,PO0000715,3475.21,2025-04-29 11:41:51.098952,2026-08-12 21:45:25.315550
INV00002782,PO0004700,1264.27,2025-11-22 17:48:34.000000,2026-08-12 21:45:25.315550
INV00003032,PO0003571,2254.45,2024-08-27 10:19:37.000000,2026-08-12 21:45:25.315550
INV00003108,PO0002842,4973.92,2025-05-24 17:06:26.000000,2026-08-12 21:45:25.315550
INV00003317,PO0002252,3274.9,2025-08-13 08:25:55.000000,2026-08-12 21:45:25.315550
INV00003361,PO0000885,5225.81,2025-05-04 11:41:51.098952,2026-08-12 21:45:25.315550
INV00003648,PO0003920,801.41,2025-05-25 13:59:09.000000,2026-08-12 21:45:25.315550
INV00003655,PO0004741,148.74,2025-04-13 11:41:51.101047,2026-08-12 21:45:25.315550
INV00003694,PO0004047,1472.18,2025-04-28 01:36:54.000000,2026-08-12 21:45:25.315550
INV00003701,PO0000466,2166.87,2025-04-27 11:41:51.101047,2026-08-12 21:45:25.315550
INV00003960,PO0000579,1112.26,2025-11-13 02:51:35.000000,2026-08-12 21:45:25.315550
INV00004173,PO0004376,4103.3,2025-04-23 11:41:51.102408,2026-08-12 21:45:25.315550
INV00004253,PO0003643,2190.94,2025-02-07 23:35:52.000000,2026-08-12 21:45:25.315550
INV00004362,PO0000710,954.58,2025-04-09 02:43:02.000000,2026-08-12 21:45:25.315550
INV00004956,PO0002921,1266.29,2025-08-01 00:04:58.000000,2026-08-12 21:45:25.315550
INV00000106,PO0002708,2578.11,2024-06-04 22:53:26.000000,2026-08-12 21:45:25.315550
INV00000156,PO0003191,1851.38,2024-07-06 05:43:53.000000,2026-08-12 21:45:25.315550
INV00000240,PO0004215,1317.5,2025-08-02 09:05:05.000000,2026-08-12 21:45:25.315550
INV00000739,PO0000353,3407.5,2025-03-31 03:35:07.000000,2026-08-12 21:45:25.315550
INV00000912,PO0003173,2447.88,2025-01-05 02:19:49.000000,2026-08-12 21:45:25.315550
INV00001016,PO0003712,63.82,2026-03-05 21:43:02.000000,2026-08-12 21:45:25.315550
INV00001418,PO0000674,3345.05,2025-07-18 05:56:36.000000,2026-08-12 21:45:25.315550
INV00001613,PO0002383,2713.13,2025-12-29 16:10:30.000000,2026-08-12 21:45:25.315550
INV00001798,PO0000256,5484.82,2024-05-26 10:10:24.000000,2026-08-12 21:45:25.315550
INV00001948,PO0001269,618.56,2025-07-19 01:59:08.000000,2026-08-12 21:45:25.315550
INV00001985,PO0004871,1410.44,2025-10-23 16:11:05.000000,2026-08-12 21:45:25.315550
INV00002610,PO0004089,3192.62,2025-07-02 07:08:44.000000,2026-08-12 21:45:25.315550
INV00003068,PO0001434,82.53,2026-02-10 09:13:01.000000,2026-08-12 21:45:25.315550
INV00003093,PO0000214,4531.71,2024-10-31 15:59:42.000000,2026-08-12 21:45:25.315550
INV00003561,PO0001874,693.96,2024-12-22 11:34:44.000000,2026-08-12 21:45:25.315550
INV00003653,PO0000773,1929.74,2026-01-16 10:22:36.000000,2026-08-12 21:45:25.315550
INV00003700,PO0003687,5488.75,2024-07-02 06:47:38.000000,2026-08-12 21:45:25.315550
INV00004052,PO0004090,2559.12,2024-10-09 00:16:39.000000,2026-08-12 21:45:25.315550
INV00004249,PO0000952,1352.81,2024-05-19 00:05:40.000000,2026-08-12 21:45:25.315550
INV00004302,PO0004449,827.09,2026-01-31 23:03:40.000000,2026-08-12 21:45:25.315550
INV00004306,PO0004195,2806.72,2025-04-05 09:17:56.000000,2026-08-12 21:45:25.315550
INV00004325,PO0003629,5392.94,2025-12-26 21:47:03.000000,2026-08-12 21:45:25.315550
INV00004353,PO0003545,4224.7,2024-09-22 18:14:35.000000,2026-08-12 21:45:25.315550
INV00004577,PO0000241,2840.43,2024-05-11 00:45:31.000000,2026-08-12 21:45:25.315550
INV00004618,PO0002776,2879.92,2025-01-13 15:31:09.000000,2026-08-12 21:45:25.315550
INV00004708,PO0003834,4390.96,2025-02-09 05:46:48.000000,2026-08-12 21:45:25.315550
INV00000045,PO0003962,789.79,2025-05-06 11:41:51.091922,2026-08-12 21:45:25.315550
INV00000249,PO0001490,$626.94,2025-01-18 04:25:47.000000,2026-08-12 21:45:25.315550
INV00000336,PO0001542,3597.48,2025-01-11 20:13:12.000000,2026-08-12 21:45:25.315550
INV00000382,PO0004150,4649.26,2025-10-26 10:48:05.000000,2026-08-12 21:45:25.315550
INV00000611,PO0000235,4579.54,2024-07-12 00:52:44.000000,2026-08-12 21:45:25.315550
INV00000694,PO0003597,621.31,2026-01-25 09:53:52.000000,2026-08-12 21:45:25.315550
INV00001353,PO0002221,5156.88,2025-06-13 00:08:55.000000,2026-08-12 21:45:25.315550
INV00001833,PO0001872,983.33,2024-06-21 16:52:09.000000,2026-08-12 21:45:25.315550
INV00002501,PO0002539,4002.15,2026-01-08 08:40:03.000000,2026-08-12 21:45:25.315550
INV00002867,PO0004165,5345.13,2024-06-23 06:20:22.000000,2026-08-12 21:45:25.315550
INV00002984,PO0001346,3878.96,2026-01-24 22:30:39.000000,2026-08-12 21:45:25.315550
INV00003434,PO0001095,628.93,2025-05-14 00:31:28.000000,2026-08-12 21:45:25.315550
INV00003856,PO0004321,53.12,2025-07-25 15:17:12.000000,2026-08-12 21:45:25.315550
INV00004023,PO0003861,1969.4,2026-01-10 11:12:39.000000,2026-08-12 21:45:25.315550
INV00004696,PO0000180,3853.63,2024-08-02 00:44:14.000000,2026-08-12 21:45:25.315550
INV00004892,PO0004370,2325.89,2025-11-24 16:02:52.000000,2026-08-12 21:45:25.315550
INV00000119,PO0000549,1810.27,2024-09-16 10:33:58.000000,2026-08-12 21:45:25.315550
INV00000123,PO0002964,3750.42,2024-08-25 20:32:58.000000,2026-08-12 21:45:25.315550
INV00000153,PO0000192,2653.7,2024-08-26 05:19:55.000000,2026-08-12 21:45:25.315550
INV00000168,PO0000418,2594.87,2025-04-09 11:41:51.091922,2026-08-12 21:45:25.315550
INV00000253,PO0004934,3357.25,2024-08-18 21:26:59.000000,2026-08-12 21:45:25.315550
INV00000501,PO0002385,2264.1,2025-11-19 11:53:07.000000,2026-08-12 21:45:25.315550
INV00000510,PO0000577,5374.45,2025-05-14 09:41:31.000000,2026-08-12 21:45:25.315550
INV00000538,PO0003169,1168.91,2024-12-19 10:09:41.000000,2026-08-12 21:45:25.315550
INV00000757,PO0000179,1238.58,2025-07-28 13:31:39.000000,2026-08-12 21:45:25.315550
INV00001448,PO0003660,2524.18,2025-07-15 14:54:05.000000,2026-08-12 21:45:25.315550
INV00001933,PO0003152,450.38,2025-01-18 14:52:31.000000,2026-08-12 21:45:25.315550
INV00002079,PO0004569,4067.69,2026-04-11 04:16:28.000000,2026-08-12 21:45:25.315550
INV00002355,PO0001367,2031.88,2025-04-04 15:00:54.000000,2026-08-12 21:45:25.315550
INV00002465,PO0002333,5241.28,2024-12-03 03:39:46.000000,2026-08-12 21:45:25.315550
INV00002812,PO0002701,4993.07,2024-08-13 01:02:38.000000,2026-08-12 21:45:25.315550
INV00002993,PO0000017,3470.15,2026-04-22 22:55:32.000000,2026-08-12 21:45:25.315550
INV00003098,PO0004549,3893.68,2025-04-23 14:21:58.000000,2026-08-12 21:45:25.315550
INV00003255,PO0003357,1363.86,2025-11-08 07:32:17.000000,2026-08-12 21:45:25.315550
INV00003318,PO0002010,963.11,2026-01-14 09:29:44.000000,2026-08-12 21:45:25.315550
INV00003376,PO0001605,942.88,2024-08-10 04:22:42.000000,2026-08-12 21:45:25.315550
INV00003435,PO0000212,330.94,2025-07-24 17:20:49.000000,2026-08-12 21:45:25.315550
INV00003719,PO0002804,2189.48,2024-05-27 08:39:28.000000,2026-08-12 21:45:25.315550
INV00003752,PO0002790,5273.1,2025-09-22 22:24:47.000000,2026-08-12 21:45:25.315550
INV00003978,PO0004436,2850.01,2024-07-30 09:54:15.000000,2026-08-12 21:45:25.315550
INV00004376,PO0002345,2200.35,2024-04-23 14:47:16.000000,2026-08-12 21:45:25.315550
INV00004423,PO0003811,3827.23,2025-08-10 05:17:46.000000,2026-08-12 21:45:25.315550
INV00004508,PO0002719,1606.33,2025-10-26 18:34:00.000000,2026-08-12 21:45:25.315550
INV00004838,PO0000051,1125.28,2025-04-24 11:41:51.103922,2026-08-12 21:45:25.315550
INV00004872,PO0001805,2873.46,2025-03-02 01:44:54.000000,2026-08-12 21:45:25.315550
INV00000013,PO0001059,2058.64,2024-08-26 23:51:23.000000,2026-08-12 21:45:25.315550
INV00000082,PO0000125,465.29,2025-09-04 19:09:52.000000,2026-08-12 21:45:25.315550
INV00000402,PO0002346,259.45,2025-07-05 22:03:34.000000,2026-08-12 21:45:25.315550
INV00000477,PO0002603,46.21,2024-09-18 07:56:07.000000,2026-08-12 21:45:25.315550
INV00000946,PO0004616,2145.93,2025-03-14 22:30:08.000000,2026-08-12 21:45:25.315550
INV00001012,PO0001051,1768.61,2024-11-05 22:58:54.000000,2026-08-12 21:45:25.315550
INV00001144,PO0001710,4432.1,2025-05-15 23:10:41.000000,2026-08-12 21:45:25.315550
INV00001496,PO0000721,3661.65,2025-05-12 04:34:30.000000,2026-08-12 21:45:25.315550
INV00001512,PO0002851,3699.31,2025-06-11 10:20:53.000000,2026-08-12 21:45:25.315550
INV00001594,PO0003742,3555.64,2026-02-24 07:53:56.000000,2026-08-12 21:45:25.315550
INV00001958,PO0004583,1354.53,2025-06-18 23:37:15.000000,2026-08-12 21:45:25.315550
INV00002006,PO0003360,3234.17,2024-07-10 21:29:11.000000,2026-08-12 21:45:25.315550
INV00002130,PO0002351,5302.38,2025-07-07 06:51:12.000000,2026-08-12 21:45:25.315550
INV00002824,PO0004228,$1384.48,2025-10-10 18:16:01.000000,2026-08-12 21:45:25.315550
INV00002980,PO0002455,1789.12,2024-10-11 21:29:28.000000,2026-08-12 21:45:25.315550
INV00003165,PO0001527,5344.56,2024-12-18 18:02:23.000000,2026-08-12 21:45:25.315550
INV00003413,PO0004675,4229.92,2025-06-29 20:35:09.000000,2026-08-12 21:45:25.315550
INV00003465,PO0002456,5128.7,2025-10-05 22:37:20.000000,2026-08-12 21:45:25.315550
INV00003524,PO0001387,2255.58,2025-09-17 13:33:04.000000,2026-08-12 21:45:25.315550
INV00003528,PO0000561,2391.36,2025-09-23 18:18:29.000000,2026-08-12 21:45:25.315550
INV00003968,PO0002962,26.68,2026-03-17 17:06:34.000000,2026-08-12 21:45:25.315550
INV00004021,PO0003438,2261.0,2026-04-01 17:04:31.000000,2026-08-12 21:45:25.315550
INV00004544,PO0004104,1040.11,2025-09-18 15:25:15.000000,2026-08-12 21:45:25.315550
INV00004567,PO0000425,2128.72,2024-06-30 06:58:40.000000,2026-08-12 21:45:25.315550
INV00004605,PO0003480,1688.06,2024-08-31 11:15:48.000000,2026-08-12 21:45:25.315550
INV00004623,PO0001265,4706.67,2025-03-23 15:09:18.000000,2026-08-12 21:45:25.315550
INV00000283,PO0001793,3801.89,2026-03-30 22:39:20.000000,2026-08-12 21:45:25.315550
INV00000288,PO0001249,1240.77,2025-05-05 04:56:30.000000,2026-08-12 21:45:25.315550
INV00000468,PO0004866,4175.82,2025-09-14 15:01:46.000000,2026-08-12 21:45:25.315550
INV00000488,PO0004039,1050.07,2025-05-09 00:30:27.000000,2026-08-12 21:45:25.315550
INV00000940,PO0004601,3817.69,2025-06-07 14:11:18.000000,2026-08-12 21:45:25.315550
INV00001156,PO0002001,4864.78,2024-06-24 07:22:55.000000,2026-08-12 21:45:25.315550
INV00001272,PO0002915,3824.68,2024-11-03 15:06:07.000000,2026-08-12 21:45:25.315550
INV00001327,PO0000907,3484.17,2025-05-18 16:50:08.000000,2026-08-12 21:45:25.315550
INV00001930,PO0003507,5381.79,2025-06-17 12:25:30.000000,2026-08-12 21:45:25.315550
INV00002152,PO0001457,2165.1,2025-10-04 01:47:17.000000,2026-08-12 21:45:25.315550
INV00002525,PO0003048,4404.11,2025-03-10 10:08:02.000000,2026-08-12 21:45:25.315550
INV00003071,PO0001486,1973.75,2024-07-18 11:16:42.000000,2026-08-12 21:45:25.315550
INV00003217,PO0002189,1303.97,2025-07-01 14:26:27.000000,2026-08-12 21:45:25.315550
INV00003505,PO0000817,2914.75,2025-06-29 03:29:50.000000,2026-08-12 21:45:25.315550
INV00004069,PO0002179,4518.12,2025-02-02 22:06:20.000000,2026-08-12 21:45:25.315550
INV00004232,PO0004530,5111.89,2025-11-23 11:35:02.000000,2026-08-12 21:45:25.315550
INV00004358,PO0000745,2701.89,2024-07-25 10:09:36.000000,2026-08-12 21:45:25.315550
INV00004445,PO0004908,299.46,2026-04-07 11:26:42.000000,2026-08-12 21:45:25.315550
INV00004568,PO0004971,8.69,2026-01-17 09:21:59.000000,2026-08-12 21:45:25.315550
INV00004674,PO0001132,1728.92,2025-12-04 09:13:26.000000,2026-08-12 21:45:25.315550
INV00004859,PO0000776,4100.65,2025-05-11 11:41:51.103922,2026-08-12 21:45:25.315550
INV00004910,PO0003341,5312.7,2025-06-21 09:36:12.000000,2026-08-12 21:45:25.315550
INV00000243,PO0003018,1730.55,2025-04-17 11:59:39.000000,2026-08-12 21:45:25.315550
INV00000264,PO0000322,1711.72,2025-03-21 14:00:05.000000,2026-08-12 21:45:25.315550
INV00000330,PO0001391,3148.6,2025-04-18 23:19:54.000000,2026-08-12 21:45:25.315550
INV00000478,PO0003121,2477.34,2024-05-11 11:34:15.000000,2026-08-12 21:45:25.315550
INV00000693,PO0001126,3009.22,2024-09-08 15:19:51.000000,2026-08-12 21:45:25.315550
INV00000791,PO0001277,2962.25,2026-04-23 17:53:51.000000,2026-08-12 21:45:25.315550
INV00000906,PO0001815,3558.68,2025-04-13 11:41:51.093428,2026-08-12 21:45:25.315550
INV00001254,PO0001480,1331.18,2025-08-08 13:07:01.000000,2026-08-12 21:45:25.315550
INV00001615,PO0002671,2710.87,2024-05-22 07:45:03.000000,2026-08-12 21:45:25.315550
INV00002112,PO0002670,5027.12,2024-11-14 18:40:50.000000,2026-08-12 21:45:25.315550
INV00002139,PO0002015,1793.44,2025-07-31 16:53:09.000000,2026-08-12 21:45:25.315550
INV00002185,PO0001652,68.66,2025-04-22 15:33:02.000000,2026-08-12 21:45:25.315550
INV00002502,PO0002583,3924.64,2025-02-25 19:39:25.000000,2026-08-12 21:45:25.315550
INV00003088,PO0002210,3750.58,2025-12-29 04:45:45.000000,2026-08-12 21:45:25.315550
INV00003442,PO0001375,4299.06,2026-04-09 21:05:10.000000,2026-08-12 21:45:25.315550
INV00003586,PO0004605,2411.06,2025-11-08 18:36:00.000000,2026-08-12 21:45:25.315550
INV00003998,PO0001140,3877.42,2025-05-22 06:23:26.000000,2026-08-12 21:45:25.315550
INV00004138,PO0002265,5275.54,2025-12-30 11:52:17.000000,2026-08-12 21:45:25.315550
INV00004147,PO0004593,4363.8,2026-05-17 02:09:32.000000,2026-08-12 21:45:25.315550
INV00004167,PO0000968,3488.86,2025-01-09 00:09:04.000000,2026-08-12 21:45:25.315550
INV00000083,PO0002442,997.49,2025-09-10 14:02:58.000000,2026-08-12 21:45:25.315550
INV00000134,PO0004882,3739.85,2025-07-18 11:42:44.000000,2026-08-12 21:45:25.315550
INV00000139,PO0002217,3097.96,2025-03-20 09:55:40.000000,2026-08-12 21:45:25.315550
INV00000187,PO0003997,5484.23,2024-08-19 23:50:02.000000,2026-08-12 21:45:25.315550
INV00000220,PO0002842,3273.12,2025-06-10 17:06:26.000000,2026-08-12 21:45:25.315550
INV00000615,PO0001803,356.23,2024-08-09 01:47:29.000000,2026-08-12 21:45:25.315550
INV00001431,PO0003860,2031.06,2025-11-23 22:34:29.000000,2026-08-12 21:45:25.315550
INV00001437,PO0002405,7.42,2025-04-13 07:33:00.000000,2026-08-12 21:45:25.315550
INV00001456,PO0002534,1221.73,2025-01-21 06:10:25.000000,2026-08-12 21:45:25.315550
INV00001608,PO0004127,2051.06,2024-09-28 05:16:56.000000,2026-08-12 21:45:25.315550
INV00001782,PO0004970,2183.65,2026-02-16 20:22:01.000000,2026-08-12 21:45:25.315550
INV00002126,PO0002195,3879.87,2025-08-21 15:02:43.000000,2026-08-12 21:45:25.315550
INV00002378,PO0002587,4035.83,2024-06-24 06:10:22.000000,2026-08-12 21:45:25.315550
INV00002379,PO0001426,5068.35,2025-09-16 17:00:02.000000,2026-08-12 21:45:25.315550
INV00002412,PO0000988,2614.82,2025-03-31 10:29:00.000000,2026-08-12 21:45:25.315550
INV00002564,PO0003010,4439.32,2026-02-04 05:14:36.000000,2026-08-12 21:45:25.315550
INV00003055,PO0000828,4710.15,2025-10-21 21:26:03.000000,2026-08-12 21:45:25.315550
INV00003102,PO0004838,445.4,2025-09-02 04:38:37.000000,2026-08-12 21:45:25.315550
INV00003183,PO0001563,3301.88,2024-07-14 03:05:03.000000,2026-08-12 21:45:25.315550
INV00003392,PO0004510,136.3,2024-06-12 10:30:11.000000,2026-08-12 21:45:25.315550
INV00004015,PO0002826,923.1,2025-07-05 14:23:47.000000,2026-08-12 21:45:25.315550
INV00004356,PO0000109,1657.28,2025-06-16 18:55:42.000000,2026-08-12 21:45:25.315550
INV00004371,PO0003778,5173.19,2024-06-10 15:29:08.000000,2026-08-12 21:45:25.315550
INV00004395,PO0003324,3250.29,2025-05-06 11:41:51.102913,2026-08-12 21:45:25.315550
INV00004462,PO0002007,1133.02,2024-10-25 15:50:41.000000,2026-08-12 21:45:25.315550
INV00004482,PO0002858,5199.39,2025-03-01 16:45:15.000000,2026-08-12 21:45:25.315550
INV00004932,PO0000629,4383.94,2025-03-24 10:53:22.000000,2026-08-12 21:45:25.315550
INV00000009,PO0002103,489.69,2026-02-11 20:16:19.000000,2026-08-12 21:45:25.315550
INV00000055,PO0003751,3669.53,2025-05-24 11:41:51.091922,2026-08-12 21:45:25.315550
INV00000088,PO0003707,3598.54,2024-09-30 17:34:46.000000,2026-08-12 21:45:25.315550
INV00000606,PO0000580,2724.33,2026-04-26 11:49:05.000000,2026-08-12 21:45:25.315550
INV00000653,PO0004532,1393.4,2024-12-27 01:16:42.000000,2026-08-12 21:45:25.315550
INV00000665,PO0001575,5498.01,2025-03-02 07:03:46.000000,2026-08-12 21:45:25.315550
INV00000761,PO0004256,4791.49,2024-11-03 21:30:06.000000,2026-08-12 21:45:25.315550
INV00001072,PO0003653,169.46,2026-03-10 16:08:33.000000,2026-08-12 21:45:25.315550
INV00001472,PO0000419,2859.63,2025-11-09 09:36:00.000000,2026-08-12 21:45:25.315550
INV00001632,PO0002901,796.66,2024-08-20 12:25:28.000000,2026-08-12 21:45:25.315550
INV00001658,PO0002336,1748.2,2025-12-15 17:10:50.000000,2026-08-12 21:45:25.315550
INV00001682,PO0002091,690.66,2026-02-04 09:35:59.000000,2026-08-12 21:45:25.315550
INV00001715,PO0000368,5380.71,2025-06-01 11:41:51.096923,2026-08-12 21:45:25.315550
INV00001720,PO0004900,3061.97,2026-04-10 21:00:57.000000,2026-08-12 21:45:25.315550
INV00001866,PO0004382,1330.88,2025-03-30 09:42:24.000000,2026-08-12 21:45:25.315550
INV00001875,PO0003571,2890.77,2024-09-17 10:19:37.000000,2026-08-12 21:45:25.315550
INV00002017,PO0003288,20.12,2024-11-08 22:10:20.000000,2026-08-12 21:45:25.315550
INV00002039,PO0000220,5438.82,2026-02-19 23:44:25.000000,2026-08-12 21:45:25.315550
INV00002160,PO0002526,999.38,2025-07-15 08:28:08.000000,2026-08-12 21:45:25.315550
INV00002260,PO0000513,1106.63,2026-02-05 07:27:31.000000,2026-08-12 21:45:25.315550
INV00002308,PO0001926,4223.43,2025-09-25 16:13:59.000000,2026-08-12 21:45:25.315550
INV00002444,PO0004655,1576.3,2025-12-03 19:37:25.000000,2026-08-12 21:45:25.315550
INV00002449,PO0003501,1990.33,2025-01-28 20:31:22.000000,2026-08-12 21:45:25.315550
INV00003341,PO0001072,179.77,2025-11-25 07:37:58.000000,2026-08-12 21:45:25.315550
INV00003363,PO0004150,4978.8,2025-10-25 10:48:05.000000,2026-08-12 21:45:25.315550
INV00003441,PO0001112,5445.21,2024-07-13 01:05:27.000000,2026-08-12 21:45:25.315550
INV00003703,PO0002383,3320.38,2025-12-22 16:10:30.000000,2026-08-12 21:45:25.315550
INV00003721,PO0001018,4814.49,2024-05-11 18:00:48.000000,2026-08-12 21:45:25.315550
INV00004057,PO0002872,3626.59,2025-05-30 11:41:51.101047,2026-08-12 21:45:25.315550
INV00004118,PO0003518,3672.58,2026-03-09 15:21:43.000000,2026-08-12 21:45:25.315550
INV00004680,PO0001526,4647.55,2025-04-23 09:58:02.000000,2026-08-12 21:45:25.315550
INV00004934,PO0004321,5238.55,2025-07-08 15:17:12.000000,2026-08-12 21:45:25.315550
INV00000521,PO0000207,1713.0,2024-12-27 19:23:39.000000,2026-08-12 21:45:25.315550
INV00000530,PO0003834,2816.19,2025-01-17 05:46:48.000000,2026-08-12 21:45:25.315550
INV00000635,PO0001681,4250.73,2025-02-04 03:28:55.000000,2026-08-12 21:45:25.315550
INV00000767,PO0003685,4083.44,2024-12-28 12:24:48.000000,2026-08-12 21:45:25.315550
INV00000827,PO0002443,2294.63,2025-02-20 21:55:12.000000,2026-08-12 21:45:25.315550
INV00000841,PO0003133,4348.8,2024-11-05 00:13:53.000000,2026-08-12 21:45:25.315550
INV00001001,PO0000807,3780.91,2026-02-16 10:56:00.000000,2026-08-12 21:45:25.315550
INV00001115,PO0002022,568.0,2024-05-30 18:09:03.000000,2026-08-12 21:45:25.315550
INV00001372,PO0001104,1163.26,2024-06-21 13:43:48.000000,2026-08-12 21:45:25.315550
INV00001396,PO0000203,629.84,2024-10-31 14:49:13.000000,2026-08-12 21:45:25.315550
INV00001737,PO0004151,4147.77,2025-08-21 00:04:01.000000,2026-08-12 21:45:25.315550
INV00001809,PO0003785,4801.71,2025-07-02 21:22:29.000000,2026-08-12 21:45:25.315550
INV00001859,PO0000231,4648.15,2024-09-10 17:29:03.000000,2026-08-12 21:45:25.315550
INV00002033,PO0000225,3937.78,2026-02-26 02:23:18.000000,2026-08-12 21:45:25.315550
INV00002258,PO0001152,2151.04,2026-02-08 04:57:31.000000,2026-08-12 21:45:25.315550
INV00002313,PO0000308,1038.36,2025-08-01 01:50:22.000000,2026-08-12 21:45:25.315550
INV00002636,PO0002385,174.8,2025-11-15 11:53:07.000000,2026-08-12 21:45:25.315550
INV00002658,PO0003779,3783.27,2025-07-12 19:38:59.000000,2026-08-12 21:45:25.315550
INV00002800,PO0001952,4886.42,2024-07-22 16:36:01.000000,2026-08-12 21:45:25.315550
INV00003279,PO0003291,4234.5,2026-01-15 06:14:37.000000,2026-08-12 21:45:25.315550
INV00004350,PO0000849,4444.92,2026-05-18 19:53:48.000000,2026-08-12 21:45:25.315550
INV00004370,PO0003260,3847.66,2025-07-30 13:14:29.000000,2026-08-12 21:45:25.315550
INV00004510,PO0000641,3578.86,2024-09-02 09:58:28.000000,2026-08-12 21:45:25.315550
INV00004558,PO0001849,1470.49,2024-05-14 13:18:02.000000,2026-08-12 21:45:25.315550
INV00004814,PO0003986,131.51,2025-08-23 04:55:48.000000,2026-08-12 21:45:25.315550
INV00000147,PO0000782,2286.56,2024-04-27 16:57:53.000000,2026-08-12 21:45:25.315550
INV00000794,PO0003452,1826.33,2026-01-17 07:30:23.000000,2026-08-12 21:45:25.315550
INV00000852,PO0003873,2866.38,2024-12-07 07:21:06.000000,2026-08-12 21:45:25.315550
INV00001059,PO0000559,1806.44,2024-09-06 08:16:20.000000,2026-08-12 21:45:25.315550
INV00001253,PO0001853,4919.89,2026-04-26 06:25:16.000000,2026-08-12 21:45:25.315550
INV00001319,PO0001681,817.01,2025-01-17 03:28:55.000000,2026-08-12 21:45:25.315550
INV00001338,PO0004928,3891.15,2024-04-30 03:37:50.000000,2026-08-12 21:45:25.315550
INV00001491,PO0002927,3142.32,2024-07-27 11:56:03.000000,2026-08-12 21:45:25.315550
INV00001921,PO0003263,937.67,2025-05-25 11:41:51.097427,2026-08-12 21:45:25.315550
INV00001949,PO0004968,3691.54,2024-10-12 01:02:12.000000,2026-08-12 21:45:25.315550
INV00002533,PO0002659,4612.01,2024-10-09 22:12:56.000000,2026-08-12 21:45:25.315550
INV00002863,PO0003991,946.58,2025-05-28 11:41:51.098952,2026-08-12 21:45:25.315550
INV00003380,PO0001805,4316.85,2025-02-18 01:44:54.000000,2026-08-12 21:45:25.315550
INV00003419,PO0001781,2688.0,2025-12-22 16:35:17.000000,2026-08-12 21:45:25.315550
INV00003729,PO0000743,2509.19,2026-02-09 21:01:37.000000,2026-08-12 21:45:25.315550
INV00003840,PO0004228,743.84,2025-10-26 18:16:01.000000,2026-08-12 21:45:25.315550
INV00004794,PO0001207,5060.86,2024-10-11 21:20:15.000000,2026-08-12 21:45:25.315550
INV00004874,PO0001098,4270.47,2024-08-04 06:40:24.000000,2026-08-12 21:45:25.315550
INV00004957,PO0000227,3549.98,2025-12-13 08:39:08.000000,2026-08-12 21:45:25.315550
INV00000003,PO0002057,4743.39,2026-01-04 11:32:19.000000,2026-08-12 21:45:25.315550
INV00000150,PO0002438,275.15,2024-08-01 19:53:08.000000,2026-08-12 21:45:25.315550
INV00000279,PO0001611,928.22,2024-12-06 07:44:00.000000,2026-08-12 21:45:25.315550
INV00000461,PO0004656,3311.12,2024-09-26 11:11:17.000000,2026-08-12 21:45:25.315550
INV00000628,PO0002491,4108.04,2024-07-07 04:15:00.000000,2026-08-12 21:45:25.315550
INV00000790,PO0001345,5270.06,2025-03-11 02:54:42.000000,2026-08-12 21:45:25.315550
INV00000951,PO0003711,5495.54,2025-07-02 03:37:20.000000,2026-08-12 21:45:25.315550
INV00001002,PO0004502,2046.7,2025-04-01 13:29:38.000000,2026-08-12 21:45:25.315550
INV00001034,PO0003073,4605.66,2025-07-18 21:33:13.000000,2026-08-12 21:45:25.315550
INV00001090,PO0004152,1286.75,2025-12-31 00:16:24.000000,2026-08-12 21:45:25.315550
INV00001149,PO0000199,2403.15,2026-02-24 15:04:51.000000,2026-08-12 21:45:25.315550
INV00001187,PO0000869,1354.62,2026-03-30 07:41:26.000000,2026-08-12 21:45:25.315550
INV00001488,PO0002405,500.42,2025-04-07 07:33:00.000000,2026-08-12 21:45:25.315550
INV00001529,PO0002260,1085.38,2024-06-24 02:48:18.000000,2026-08-12 21:45:25.315550
INV00001577,PO0003532,2195.37,2025-05-07 09:26:02.000000,2026-08-12 21:45:25.315550
INV00001593,PO0002236,4012.89,2024-12-05 00:53:34.000000,2026-08-12 21:45:25.315550
INV00001596,PO0001607,$384.72,2025-09-27 13:42:46.000000,2026-08-12 21:45:25.315550
INV00001843,PO0002866,1676.28,2024-08-06 09:21:36.000000,2026-08-12 21:45:25.315550
INV00002124,PO0003507,4739.5,2025-05-19 12:25:30.000000,2026-08-12 21:45:25.315550
INV00002569,PO0004474,2488.28,2024-12-21 04:02:52.000000,2026-08-12 21:45:25.315550
INV00003405,PO0004877,5468.43,2026-02-22 11:51:12.000000,2026-08-12 21:45:25.315550
INV00003634,PO0001865,402.19,2024-08-08 04:58:54.000000,2026-08-12 21:45:25.315550
INV00003837,PO0002635,1996.68,2025-04-19 12:27:39.000000,2026-08-12 21:45:25.315550
INV00003852,PO0004513,611.37,2024-05-21 06:02:49.000000,2026-08-12 21:45:25.315550
INV00003858,PO0001732,245.29,2025-01-14 05:16:18.000000,2026-08-12 21:45:25.315550
INV00003914,PO0002033,1229.79,2024-09-09 01:52:05.000000,2026-08-12 21:45:25.315550
INV00004340,PO0002655,3433.1,2026-04-09 06:26:40.000000,2026-08-12 21:45:25.315550
INV00004762,PO0003064,3900.61,2025-07-03 16:57:44.000000,2026-08-12 21:45:25.315550
INV00000110,PO0004564,2307.41,2025-03-20 03:25:08.000000,2026-08-12 21:45:25.315550
INV00000252,PO0002490,341.75,2024-07-10 16:37:52.000000,2026-08-12 21:45:25.315550
INV00000341,PO0002009,689.4,2026-04-03 19:47:51.000000,2026-08-12 21:45:25.315550
INV00000400,PO0001256,4781.42,2026-02-11 10:22:33.000000,2026-08-12 21:45:25.315550
INV00001325,PO0003063,2028.33,2025-03-14 15:06:14.000000,2026-08-12 21:45:25.315550
INV00001360,PO0000147,4516.49,2025-03-31 13:39:30.000000,2026-08-12 21:45:25.315550
INV00001500,PO0001359,629.67,2025-12-24 06:08:41.000000,2026-08-12 21:45:25.315550
INV00001842,PO0003827,4929.16,2024-08-28 14:16:43.000000,2026-08-12 21:45:25.315550
INV00002070,PO0001710,1254.92,2025-05-17 23:10:41.000000,2026-08-12 21:45:25.315550
INV00002110,PO0004238,1298.33,2026-04-08 17:33:42.000000,2026-08-12 21:45:25.315550
INV00002121,PO0002839,2059.91,2025-08-07 18:09:52.000000,2026-08-12 21:45:25.315550
INV00002250,PO0000703,457.85,2025-08-11 12:16:36.000000,2026-08-12 21:45:25.315550
INV00002255,PO0004536,1178.44,2026-04-04 03:06:27.000000,2026-08-12 21:45:25.315550
INV00002532,PO0004226,2535.59,2024-08-29 05:41:54.000000,2026-08-12 21:45:25.315550
INV00002657,PO0004782,3973.54,2025-07-10 09:51:47.000000,2026-08-12 21:45:25.315550
INV00002687,PO0000238,417.46,2024-12-19 08:10:56.000000,2026-08-12 21:45:25.315550
INV00002826,PO0004757,3075.62,2026-04-25 02:01:05.000000,2026-08-12 21:45:25.315550
INV00004080,PO0004205,556.45,2026-03-19 01:29:21.000000,2026-08-12 21:45:25.315550
INV00004089,PO0000738,2366.83,2024-09-25 08:02:52.000000,2026-08-12 21:45:25.315550
INV00004172,PO0000222,3941.69,2025-10-02 13:52:42.000000,2026-08-12 21:45:25.315550
INV00004455,PO0004515,4317.27,2025-12-29 15:18:22.000000,2026-08-12 21:45:25.315550
INV00004505,PO0003320,5342.06,2025-12-14 01:22:30.000000,2026-08-12 21:45:25.315550
INV00004763,PO0003167,2547.88,2025-06-05 23:40:16.000000,2026-08-12 21:45:25.315550
INV00004778,PO0003836,4549.97,2024-06-15 03:05:34.000000,2026-08-12 21:45:25.315550
INV00004941,PO0002788,4811.19,2025-01-20 04:51:41.000000,2026-08-12 21:45:25.315550
INV00004976,PO0004625,4215.91,2025-11-25 06:52:53.000000,2026-08-12 21:45:25.315550
INV00000212,PO0001906,4380.24,2024-12-29 08:42:05.000000,2026-08-12 21:45:25.315550
INV00000404,PO0002284,2864.05,2024-12-02 22:59:24.000000,2026-08-12 21:45:25.315550
INV00000414,PO0000784,3153.53,2024-09-02 18:00:34.000000,2026-08-12 21:45:25.315550
INV00000432,PO0003524,2646.44,2024-10-25 09:13:05.000000,2026-08-12 21:45:25.315550
INV00000911,PO0001581,4690.19,2025-11-06 02:34:14.000000,2026-08-12 21:45:25.315550
INV00001470,PO0001658,2249.24,2025-02-09 12:18:45.000000,2026-08-12 21:45:25.315550
INV00001736,PO0001101,3112.02,2024-06-15 12:35:19.000000,2026-08-12 21:45:25.315550
INV00001918,PO0001650,220.88,2025-07-04 02:09:49.000000,2026-08-12 21:45:25.315550
INV00002254,PO0000013,4362.77,2025-09-18 01:31:22.000000,2026-08-12 21:45:25.315550
INV00002955,PO0004943,3708.05,2024-06-06 01:01:05.000000,2026-08-12 21:45:25.315550
INV00003254,PO0001623,3173.72,2024-10-07 10:18:06.000000,2026-08-12 21:45:25.315550
INV00003751,PO0000819,1628.54,2025-07-21 12:16:39.000000,2026-08-12 21:45:25.315550
INV00003792,PO0003090,484.91,2025-10-22 17:39:31.000000,2026-08-12 21:45:25.315550
INV00003825,PO0000241,$1050.08,2024-05-24 00:45:31.000000,2026-08-12 21:45:25.315550
INV00004117,PO0003781,1281.07,2025-10-07 14:40:36.000000,2026-08-12 21:45:25.315550
INV00004367,PO0001677,5333.68,2024-08-17 10:35:40.000000,2026-08-12 21:45:25.315550
INV00004564,PO0000781,4438.86,2026-04-03 06:59:11.000000,2026-08-12 21:45:25.315550
INV00004830,PO0000981,222.24,2025-06-02 11:41:51.103922,2026-08-12 21:45:25.315550
INV00004873,PO0004029,4181.34,2025-08-27 23:19:53.000000,2026-08-12 21:45:25.315550
INV00000060,PO0002856,1027.43,2025-06-22 23:36:24.000000,2026-08-12 21:45:25.315550
INV00000277,PO0001623,1346.0,2024-09-14 10:18:06.000000,2026-08-12 21:45:25.315550
INV00000421,PO0002976,4772.44,2024-08-04 12:45:50.000000,2026-08-12 21:45:25.315550
INV00000593,PO0003422,1466.95,2025-11-05 16:33:18.000000,2026-08-12 21:45:25.315550
INV00000746,PO0004581,213.79,2025-02-06 13:03:29.000000,2026-08-12 21:45:25.315550
INV00000793,PO0003768,3233.55,2025-03-23 05:14:01.000000,2026-08-12 21:45:25.315550
INV00000891,PO0002166,2823.94,2025-05-05 15:56:20.000000,2026-08-12 21:45:25.315550
INV00000902,PO0002208,5334.84,2025-05-31 11:41:51.093428,2026-08-12 21:45:25.315550
INV00001346,PO0004209,2898.78,2025-05-11 11:41:51.095433,2026-08-12 21:45:25.315550
INV00001540,PO0004969,1148.03,2025-09-10 20:57:13.000000,2026-08-12 21:45:25.315550
INV00002105,PO0001825,4483.64,2025-04-24 11:41:51.097427,2026-08-12 21:45:25.315550
INV00002364,PO0002342,657.1,2024-07-05 09:39:10.000000,2026-08-12 21:45:25.315550
INV00002491,PO0002369,357.07,2024-09-26 06:39:39.000000,2026-08-12 21:45:25.315550
INV00002851,PO0003191,3087.37,2024-07-09 05:43:53.000000,2026-08-12 21:45:25.315550
INV00003005,PO0001718,4690.58,2026-04-05 14:11:34.000000,2026-08-12 21:45:25.315550
INV00003188,PO0003091,2693.1,2026-03-23 07:13:47.000000,2026-08-12 21:45:25.315550
INV00003454,PO0000154,2977.85,2025-09-04 06:43:18.000000,2026-08-12 21:45:25.315550
INV00003734,PO0001503,847.58,2025-10-07 14:02:51.000000,2026-08-12 21:45:25.315550
INV00003761,PO0002161,5263.48,2024-08-25 09:48:20.000000,2026-08-12 21:45:25.315550
INV00004454,PO0004847,4916.66,2025-01-14 01:50:15.000000,2026-08-12 21:45:25.315550
INV00004608,PO0003152,25.17,2025-01-12 14:52:31.000000,2026-08-12 21:45:25.315550
INV00004886,PO0002408,262.67,2025-03-19 18:29:21.000000,2026-08-12 21:45:25.315550
INV00000050,PO0003499,1466.23,2025-10-21 17:20:00.000000,2026-08-12 21:45:25.315550
INV00000564,PO0004889,1992.09,2024-05-28 08:12:12.000000,2026-08-12 21:45:25.315550
INV00000994,PO0000677,3159.21,2025-02-01 18:09:01.000000,2026-08-12 21:45:25.315550
INV00001223,PO0002889,2047.24,2025-11-30 02:35:55.000000,2026-08-12 21:45:25.315550
INV00001307,PO0003525,3307.99,2026-02-16 14:22:32.000000,2026-08-12 21:45:25.315550
INV00001393,PO0004543,2683.94,2025-05-22 11:41:51.095433,2026-08-12 21:45:25.315550
INV00001538,PO0000974,4680.65,2026-05-23 07:18:03.000000,2026-08-12 21:45:25.315550
INV00001604,PO0001270,913.31,2024-12-03 14:07:11.000000,2026-08-12 21:45:25.315550
INV00002494,PO0004303,188.37,2025-03-26 15:59:18.000000,2026-08-12 21:45:25.315550
INV00002804,PO0002629,1903.85,2025-07-14 11:55:50.000000,2026-08-12 21:45:25.315550
INV00003276,PO0001500,3036.35,2024-05-29 05:47:58.000000,2026-08-12 21:45:25.315550
INV00003391,PO0001224,105.68,2025-11-21 04:34:36.000000,2026-08-12 21:45:25.315550
INV00003770,PO0003900,5067.68,2026-03-20 07:02:43.000000,2026-08-12 21:45:25.315550
INV00003822,PO0001756,1794.28,2024-05-27 19:10:13.000000,2026-08-12 21:45:25.315550
INV00004121,PO0002260,3074.9,2024-06-08 02:48:18.000000,2026-08-12 21:45:25.315550
INV00004598,PO0003711,2155.45,2025-06-15 03:37:20.000000,2026-08-12 21:45:25.315550
INV00004815,PO0003463,2799.76,2024-06-26 16:41:45.000000,2026-08-12 21:45:25.315550
INV00004839,PO0004025,2271.22,2025-11-08 02:08:06.000000,2026-08-12 21:45:25.315550
INV00004901,PO0001372,3738.47,2025-07-01 12:22:56.000000,2026-08-12 21:45:25.315550
INV00004929,PO0002140,872.39,2026-01-30 11:28:06.000000,2026-08-12 21:45:25.315550
INV00004995,PO0003644,4178.84,2025-10-23 06:10:47.000000,2026-08-12 21:45:25.315550
INV00000098,PO0001225,5376.12,2024-11-11 21:04:03.000000,2026-08-12 21:45:25.315550
INV00000112,PO0001991,4778.89,2025-04-02 04:43:06.000000,2026-08-12 21:45:25.315550
INV00000196,PO0003727,$3828.87,2026-01-27 16:06:12.000000,2026-08-12 21:45:25.315550
INV00000295,PO0000884,5410.5,2025-07-26 02:45:11.000000,2026-08-12 21:45:25.315550
INV00000926,PO0004935,995.82,2025-05-12 16:36:10.000000,2026-08-12 21:45:25.315550
INV00001249,PO0001601,5213.91,2026-03-02 17:16:19.000000,2026-08-12 21:45:25.315550
INV00001681,PO0003536,2764.4,2025-11-22 05:20:45.000000,2026-08-12 21:45:25.315550
INV00001877,PO0000326,1003.36,2025-06-13 07:00:40.000000,2026-08-12 21:45:25.315550
INV00001917,PO0004211,2149.25,2024-11-15 11:05:23.000000,2026-08-12 21:45:25.315550
INV00001990,PO0003792,4398.16,2024-09-18 14:39:07.000000,2026-08-12 21:45:25.315550
INV00002016,PO0004661,459.75,2025-05-25 05:48:27.000000,2026-08-12 21:45:25.315550
INV00002042,PO0004328,1126.93,2025-04-13 01:45:30.000000,2026-08-12 21:45:25.315550
INV00002092,PO0001317,870.86,2025-01-10 07:22:35.000000,2026-08-12 21:45:25.315550
INV00002570,PO0004181,388.55,2025-01-24 22:23:58.000000,2026-08-12 21:45:25.315550
INV00002736,PO0003513,4564.77,2025-02-05 07:36:46.000000,2026-08-12 21:45:25.315550
INV00002887,PO0003572,3153.66,2025-08-22 01:56:26.000000,2026-08-12 21:45:25.315550
INV00002916,PO0000917,181.67,2025-12-03 15:25:55.000000,2026-08-12 21:45:25.315550
INV00002982,PO0001190,158.93,2024-09-29 23:57:11.000000,2026-08-12 21:45:25.315550
INV00003186,PO0000186,3167.71,2025-09-23 01:51:17.000000,2026-08-12 21:45:25.315550
INV00003321,PO0002727,3728.28,2025-05-08 11:41:51.098952,2026-08-12 21:45:25.315550
INV00003482,PO0001304,4964.84,2025-11-03 14:28:35.000000,2026-08-12 21:45:25.315550
INV00004014,PO0002446,4662.58,2025-02-05 02:43:02.000000,2026-08-12 21:45:25.315550
INV00004451,PO0002160,269.23,2026-05-09 21:11:55.000000,2026-08-12 21:45:25.315550
INV00004496,PO0001821,4236.0,2025-07-05 00:20:13.000000,2026-08-12 21:45:25.315550
INV00000036,PO0002640,3474.38,2026-01-15 22:57:12.000000,2026-08-12 21:45:25.315550
INV00000069,PO0000019,3514.57,2024-06-22 10:24:19.000000,2026-08-12 21:45:25.315550
INV00000361,PO0003599,1017.67,2024-09-11 09:28:26.000000,2026-08-12 21:45:25.315550
INV00000717,PO0000802,1078.39,2026-01-22 08:26:18.000000,2026-08-12 21:45:25.315550
INV00000748,PO0000464,4002.88,2026-03-25 09:26:42.000000,2026-08-12 21:45:25.315550
INV00000948,PO0002145,4800.76,2026-03-08 02:07:08.000000,2026-08-12 21:45:25.315550
INV00001014,PO0004890,2620.36,2025-03-20 02:32:10.000000,2026-08-12 21:45:25.315550
INV00001242,PO0000205,4459.42,2024-09-08 18:51:15.000000,2026-08-12 21:45:25.315550
INV00001441,PO0002733,3254.58,2026-03-05 00:13:26.000000,2026-08-12 21:45:25.315550
INV00002380,PO0003607,3385.44,2025-06-22 21:20:04.000000,2026-08-12 21:45:25.315550
INV00002544,PO0003474,881.89,2024-05-13 17:39:20.000000,2026-08-12 21:45:25.315550
INV00003101,PO0001706,1642.03,2024-10-08 05:18:00.000000,2026-08-12 21:45:25.315550
INV00003304,PO0003169,4177.78,2024-12-07 10:09:41.000000,2026-08-12 21:45:25.315550
INV00003337,PO0003520,1441.71,2025-08-10 16:59:36.000000,2026-08-12 21:45:25.315550
INV00003690,PO0000632,522.54,2025-06-16 04:30:37.000000,2026-08-12 21:45:25.315550
INV00004101,PO0003240,4742.93,2024-08-03 11:13:54.000000,2026-08-12 21:45:25.315550
INV00004181,PO0000730,1773.1,2025-08-11 20:56:00.000000,2026-08-12 21:45:25.315550
INV00004280,PO0000708,1199.44,2024-07-16 21:15:41.000000,2026-08-12 21:45:25.315550
INV00004386,PO0000208,2651.02,2025-01-20 07:12:09.000000,2026-08-12 21:45:25.315550
INV00004543,PO0000208,5389.32,2025-01-07 07:12:09.000000,2026-08-12 21:45:25.315550
INV00004877,PO0003816,3311.69,2025-06-02 11:41:51.103922,2026-08-12 21:45:25.315550
INV00000039,PO0000178,911.72,2025-01-20 07:24:32.000000,2026-08-12 21:45:25.315550
INV00000078,PO0003033,3683.5,2024-08-13 06:38:19.000000,2026-08-12 21:45:25.315550
INV00000342,PO0003433,1621.63,2024-08-19 11:27:13.000000,2026-08-12 21:45:25.315550
INV00000509,PO0003674,1146.83,2026-04-06 09:24:51.000000,2026-08-12 21:45:25.315550
INV00000526,PO0004449,2456.06,2026-03-02 23:03:40.000000,2026-08-12 21:45:25.315550
INV00000552,PO0003988,4499.78,2024-08-22 13:49:03.000000,2026-08-12 21:45:25.315550
INV00000711,PO0002024,5259.85,2025-05-05 01:32:28.000000,2026-08-12 21:45:25.315550
INV00001058,PO0002694,5437.84,2024-09-12 18:06:30.000000,2026-08-12 21:45:25.315550
INV00001065,PO0003300,2266.47,2025-02-11 08:25:09.000000,2026-08-12 21:45:25.315550
INV00001301,PO0000652,4863.01,2025-03-08 08:06:53.000000,2026-08-12 21:45:25.315550
INV00002071,PO0000581,2872.54,2025-12-21 14:54:06.000000,2026-08-12 21:45:25.315550
INV00002099,PO0001712,2451.03,2024-10-05 23:28:12.000000,2026-08-12 21:45:25.315550
INV00002366,PO0004125,2944.59,2025-07-03 13:36:26.000000,2026-08-12 21:45:25.315550
INV00002839,PO0003367,2645.18,2026-01-16 23:46:10.000000,2026-08-12 21:45:25.315550
INV00003061,PO0002803,2386.9,2024-09-23 15:44:56.000000,2026-08-12 21:45:25.315550
INV00003222,PO0002829,3276.88,2024-12-10 11:19:16.000000,2026-08-12 21:45:25.315550
INV00003557,PO0002492,1089.65,2024-06-04 11:49:06.000000,2026-08-12 21:45:25.315550
INV00003583,PO0003606,764.37,2026-01-09 06:42:35.000000,2026-08-12 21:45:25.315550
INV00004071,PO0000621,3994.34,2024-08-19 17:05:37.000000,2026-08-12 21:45:25.315550
INV00004157,PO0004914,4202.99,2024-12-11 04:56:26.000000,2026-08-12 21:45:25.315550
INV00004360,PO0003572,4973.2,2025-09-18 01:56:26.000000,2026-08-12 21:45:25.315550
INV00004374,PO0004920,2257.77,2025-10-04 05:21:05.000000,2026-08-12 21:45:25.315550
INV00004654,PO0004936,1218.39,2025-05-19 11:41:51.102913,2026-08-12 21:45:25.315550
INV00004940,PO0001190,4296.46,2024-10-01 23:57:11.000000,2026-08-12 21:45:25.315550
INV00000052,PO0001032,3384.66,2026-03-24 10:16:38.000000,2026-08-12 21:45:25.315550
INV00000091,PO0004904,2577.32,2026-04-03 20:39:53.000000,2026-08-12 21:45:25.315550
INV00000877,PO0003413,1568.74,2025-04-22 11:41:51.093428,2026-08-12 21:45:25.315550
INV00000931,PO0003467,2987.27,2025-02-04 19:06:07.000000,2026-08-12 21:45:25.315550
INV00001047,PO0004029,2992.98,2025-08-06 23:19:53.000000,2026-08-12 21:45:25.315550
INV00001088,PO0003232,2506.64,2026-04-03 23:56:53.000000,2026-08-12 21:45:25.315550
INV00001328,PO0002303,2810.44,2026-02-21 15:15:50.000000,2026-08-12 21:45:25.315550
INV00001532,PO0004584,4055.94,2025-05-26 11:41:51.095433,2026-08-12 21:45:25.315550
INV00001560,PO0002249,1057.76,2024-06-23 06:33:43.000000,2026-08-12 21:45:25.315550
INV00001600,PO0004697,4664.58,2024-09-01 09:32:51.000000,2026-08-12 21:45:25.315550
INV00001764,PO0004041,1850.11,2026-04-05 12:21:44.000000,2026-08-12 21:45:25.315550
INV00001789,PO0003367,245.13,2025-12-24 23:46:10.000000,2026-08-12 21:45:25.315550
INV00002315,PO0002724,1838.32,2024-08-28 23:57:48.000000,2026-08-12 21:45:25.315550
INV00002524,PO0001726,3947.23,2024-08-26 03:40:42.000000,2026-08-12 21:45:25.315550
INV00002989,PO0004612,523.83,2024-06-12 21:05:32.000000,2026-08-12 21:45:25.315550
INV00003231,PO0004243,5226.73,2025-08-19 01:26:31.000000,2026-08-12 21:45:25.315550
INV00003265,PO0004376,116.32,2025-04-28 11:41:51.098952,2026-08-12 21:45:25.315550
INV00003306,PO0001927,810.52,2026-05-19 09:16:19.000000,2026-08-12 21:45:25.315550
INV00003704,PO0004926,5143.07,2024-08-10 08:41:12.000000,2026-08-12 21:45:25.315550
INV00003716,PO0002587,3246.71,2024-07-15 06:10:22.000000,2026-08-12 21:45:25.315550
INV00003921,PO0004752,3379.18,2024-06-18 04:00:15.000000,2026-08-12 21:45:25.315550
INV00004048,PO0004386,3080.48,2025-05-16 11:41:51.101047,2026-08-12 21:45:25.315550
INV00004294,PO0001148,4780.98,2025-05-01 11:41:51.102408,2026-08-12 21:45:25.315550
INV00004770,PO0000074,1011.7,2025-02-23 19:22:09.000000,2026-08-12 21:45:25.315550
INV00004977,PO0000711,2907.36,2025-08-11 22:04:15.000000,2026-08-12 21:45:25.315550
INV00000122,PO0000006,1550.22,2025-02-08 06:18:23.000000,2026-08-12 21:45:25.315550
INV00000259,PO0000743,4621.24,2026-03-21 21:01:37.000000,2026-08-12 21:45:25.315550
INV00000622,PO0002242,3332.53,2026-02-08 14:11:54.000000,2026-08-12 21:45:25.315550
INV00000684,PO0000025,2601.52,2025-06-10 12:13:23.000000,2026-08-12 21:45:25.315550
INV00000934,PO0004283,4571.95,2025-05-20 11:41:51.093428,2026-08-12 21:45:25.315550
INV00001278,PO0004240,103.6,2026-03-01 03:47:53.000000,2026-08-12 21:45:25.315550
INV00001290,PO0001114,2088.86,2025-05-08 03:55:05.000000,2026-08-12 21:45:25.315550
INV00001749,PO0003735,3232.82,2025-04-17 12:33:14.000000,2026-08-12 21:45:25.315550
INV00002619,PO0004934,3669.18,2024-08-24 21:26:59.000000,2026-08-12 21:45:25.315550
INV00002754,PO0004957,935.55,2026-03-06 05:09:06.000000,2026-08-12 21:45:25.315550
INV00002865,PO0001475,3564.67,2025-07-26 04:26:31.000000,2026-08-12 21:45:25.315550
INV00002908,PO0001817,1015.7,2024-11-10 18:30:38.000000,2026-08-12 21:45:25.315550
INV00003305,PO0003964,3792.71,2024-08-16 12:17:57.000000,2026-08-12 21:45:25.315550
INV00003385,PO0000041,814.84,2025-05-10 11:41:51.098952,2026-08-12 21:45:25.315550
INV00003746,PO0001678,2012.7,2025-09-23 06:09:43.000000,2026-08-12 21:45:25.315550
INV00003924,PO0000224,2776.39,2024-09-10 21:12:34.000000,2026-08-12 21:45:25.315550
INV00004194,PO0000253,2023.21,2025-06-26 02:59:56.000000,2026-08-12 21:45:25.315550
INV00004227,PO0000425,2503.84,2024-06-04 06:58:40.000000,2026-08-12 21:45:25.315550
INV00004329,PO0003490,1566.12,2026-02-21 03:18:48.000000,2026-08-12 21:45:25.315550
INV00004665,PO0002392,5438.92,2024-05-31 22:12:16.000000,2026-08-12 21:45:25.315550
INV00000073,PO0001724,5218.54,2024-11-18 04:18:25.000000,2026-08-12 21:45:25.315550
INV00000426,PO0001886,5231.71,2025-11-08 11:31:12.000000,2026-08-12 21:45:25.315550
INV00000503,PO0001262,2698.44,2024-10-31 08:51:38.000000,2026-08-12 21:45:25.315550
INV00000623,PO0001481,4892.4,2024-11-09 08:28:04.000000,2026-08-12 21:45:25.315550
INV00000853,PO0001606,2787.72,2025-02-06 20:17:50.000000,2026-08-12 21:45:25.315550
INV00001366,PO0000289,2743.78,2025-06-26 03:18:32.000000,2026-08-12 21:45:25.315550
INV00001987,PO0004832,4011.74,2025-05-17 11:41:51.097427,2026-08-12 21:45:25.315550
INV00002227,PO0000424,3392.81,2024-06-16 11:11:06.000000,2026-08-12 21:45:25.315550
INV00002534,PO0003224,4783.28,2025-05-28 11:41:51.097427,2026-08-12 21:45:25.315550
INV00002675,PO0000809,4234.48,2025-02-14 12:23:34.000000,2026-08-12 21:45:25.315550
INV00002748,PO0004801,4855.48,2025-04-08 11:23:35.000000,2026-08-12 21:45:25.315550
INV00002759,PO0003682,2593.57,2025-03-16 21:48:55.000000,2026-08-12 21:45:25.315550
INV00002985,PO0000264,898.02,2025-11-05 02:37:55.000000,2026-08-12 21:45:25.315550
INV00003114,PO0003180,2925.3,2025-08-18 13:52:01.000000,2026-08-12 21:45:25.315550
INV00003208,PO0001852,2013.19,2025-09-16 15:56:07.000000,2026-08-12 21:45:25.315550
INV00003681,PO0003871,1579.96,2025-05-15 11:41:51.101047,2026-08-12 21:45:25.315550
INV00004072,PO0003064,3023.0,2025-07-31 16:57:44.000000,2026-08-12 21:45:25.315550
INV00004224,PO0002957,1634.57,2024-07-26 12:48:58.000000,2026-08-12 21:45:25.315550
INV00004271,PO0004453,$3985.3,2025-04-11 11:20:41.000000,2026-08-12 21:45:25.315550
INV00004490,PO0004508,1228.79,2025-09-01 05:56:52.000000,2026-08-12 21:45:25.315550
INV00004800,PO0003246,1428.73,2024-08-10 01:01:11.000000,2026-08-12 21:45:25.315550
INV00004981,PO0001006,547.22,2025-07-26 15:34:14.000000,2026-08-12 21:45:25.315550
INV00000286,PO0001168,3423.21,2025-03-15 05:30:16.000000,2026-08-12 21:45:25.315550
INV00000304,PO0000225,4311.63,2026-02-18 02:23:18.000000,2026-08-12 21:45:25.315550
INV00000572,PO0001263,3688.99,2024-10-20 00:59:59.000000,2026-08-12 21:45:25.315550
INV00000702,PO0000189,81.66,2025-11-28 05:32:18.000000,2026-08-12 21:45:25.315550
INV00000718,PO0000867,5095.72,2025-08-27 23:05:54.000000,2026-08-12 21:45:25.315550
INV00000782,PO0002390,2995.28,2024-06-06 17:59:39.000000,2026-08-12 21:45:25.315550
INV00000807,PO0002818,1460.98,2025-10-29 16:20:09.000000,2026-08-12 21:45:25.315550
INV00000947,PO0001697,1833.02,2024-08-01 15:54:07.000000,2026-08-12 21:45:25.315550
INV00001011,PO0002246,3337.38,2025-08-13 12:14:51.000000,2026-08-12 21:45:25.315550
INV00001699,PO0002858,4655.89,2025-03-26 16:45:15.000000,2026-08-12 21:45:25.315550
INV00001727,PO0000287,5051.67,2025-11-21 10:26:35.000000,2026-08-12 21:45:25.315550
INV00002045,PO0004383,1145.57,2026-03-26 15:03:20.000000,2026-08-12 21:45:25.315550
INV00002083,PO0002168,1175.92,2026-02-24 15:09:46.000000,2026-08-12 21:45:25.315550
INV00002094,PO0001528,1779.27,2024-08-26 09:35:44.000000,2026-08-12 21:45:25.315550
INV00002111,PO0002673,1384.33,2025-06-22 18:19:25.000000,2026-08-12 21:45:25.315550
INV00002119,PO0004675,262.47,2025-06-26 20:35:09.000000,2026-08-12 21:45:25.315550
INV00002239,PO0002780,79.21,2025-05-14 11:41:51.097427,2026-08-12 21:45:25.315550
INV00002318,PO0003328,2321.93,2025-05-02 07:13:07.000000,2026-08-12 21:45:25.315550
INV00002397,PO0004701,2609.59,2025-08-15 22:59:29.000000,2026-08-12 21:45:25.315550
INV00002614,PO0001552,5052.19,2024-12-23 03:16:05.000000,2026-08-12 21:45:25.315550
INV00002706,PO0003339,990.24,2024-06-11 12:01:26.000000,2026-08-12 21:45:25.315550
INV00002889,PO0002907,5446.57,2025-06-08 10:27:59.000000,2026-08-12 21:45:25.315550
INV00003010,PO0001986,1116.27,2024-05-31 01:06:05.000000,2026-08-12 21:45:25.315550
INV00003439,PO0002041,382.16,2024-11-12 22:12:42.000000,2026-08-12 21:45:25.315550
INV00004162,PO0001108,2136.78,2024-06-30 15:22:15.000000,2026-08-12 21:45:25.315550
INV00004164,PO0004149,943.34,2024-07-30 08:29:05.000000,2026-08-12 21:45:25.315550
INV00004349,PO0003566,432.95,2025-03-30 12:14:45.000000,2026-08-12 21:45:25.315550
INV00004561,PO0002046,622.43,2025-12-15 14:18:54.000000,2026-08-12 21:45:25.315550
INV00004827,PO0001682,456.58,2025-10-02 22:05:26.000000,2026-08-12 21:45:25.315550
INV00000029,PO0000766,$4982.46,2025-07-27 19:56:38.000000,2026-08-12 21:45:25.315550
INV00000149,PO0002970,2123.03,2025-09-06 02:53:24.000000,2026-08-12 21:45:25.315550
INV00000207,PO0003627,817.25,2026-03-19 06:31:15.000000,2026-08-12 21:45:25.315550
INV00000289,PO0002112,1533.28,2024-08-20 08:04:31.000000,2026-08-12 21:45:25.315550
INV00000395,PO0001862,1798.76,2024-05-23 00:30:31.000000,2026-08-12 21:45:25.315550
INV00000601,PO0001007,3607.18,2025-03-19 11:48:58.000000,2026-08-12 21:45:25.315550
INV00000825,PO0004160,4369.54,2025-09-06 06:47:48.000000,2026-08-12 21:45:25.315550
INV00001894,PO0001858,4581.34,2026-02-06 12:09:22.000000,2026-08-12 21:45:25.315550
INV00002048,PO0004300,$110.87,2026-05-18 06:53:06.000000,2026-08-12 21:45:25.315550
INV00002248,PO0000464,548.6,2026-03-30 09:26:42.000000,2026-08-12 21:45:25.315550
INV00002301,PO0004500,3035.89,2025-05-01 11:41:51.097427,2026-08-12 21:45:25.315550
INV00002398,PO0001378,1065.28,2025-09-02 06:35:59.000000,2026-08-12 21:45:25.315550
INV00002640,PO0003264,3465.02,2025-05-05 11:41:51.098952,2026-08-12 21:45:25.315550
INV00002822,PO0001990,1718.08,2025-04-19 11:41:51.098952,2026-08-12 21:45:25.315550
INV00003015,PO0001683,5065.56,2026-03-27 13:37:12.000000,2026-08-12 21:45:25.315550
INV00003018,PO0002284,632.89,2024-12-11 22:59:24.000000,2026-08-12 21:45:25.315550
INV00003177,PO0001825,1367.72,2025-04-21 11:41:51.098952,2026-08-12 21:45:25.315550
INV00003312,PO0000969,2369.62,2026-05-21 06:05:54.000000,2026-08-12 21:45:25.315550
INV00003396,PO0003137,5471.7,2026-04-28 12:55:49.000000,2026-08-12 21:45:25.315550
INV00003459,PO0000917,4558.36,2025-11-28 15:25:55.000000,2026-08-12 21:45:25.315550
INV00004049,PO0003636,3835.78,2026-04-19 14:00:23.000000,2026-08-12 21:45:25.315550
INV00004051,PO0003884,3670.47,2025-02-10 09:21:49.000000,2026-08-12 21:45:25.315550
INV00004234,PO0001604,3093.86,2025-03-25 03:43:13.000000,2026-08-12 21:45:25.315550
INV00004434,PO0004000,12.55,2026-03-24 00:37:36.000000,2026-08-12 21:45:25.315550
INV00004997,PO0001105,4001.04,2025-07-04 23:11:09.000000,2026-08-12 21:45:25.315550
INV00000234,PO0003277,269.13,2025-06-28 02:30:59.000000,2026-08-12 21:45:25.315550
INV00000575,PO0003782,917.2,2025-11-27 06:17:25.000000,2026-08-12 21:45:25.315550
INV00000969,PO0002868,1931.59,2024-08-06 06:24:53.000000,2026-08-12 21:45:25.315550
INV00001417,PO0000017,3426.44,2026-03-26 22:55:32.000000,2026-08-12 21:45:25.315550
INV00001628,PO0003600,1352.68,2024-06-20 23:44:14.000000,2026-08-12 21:45:25.315550
INV00001876,PO0004223,2337.77,2025-10-03 20:34:43.000000,2026-08-12 21:45:25.315550
INV00002044,PO0004001,2081.48,2025-06-07 00:52:37.000000,2026-08-12 21:45:25.315550
INV00002075,PO0004573,5109.46,2024-06-27 03:49:27.000000,2026-08-12 21:45:25.315550
INV00002186,PO0000330,2827.26,2025-04-02 12:12:22.000000,2026-08-12 21:45:25.315550
INV00002294,PO0001005,2634.94,2024-11-17 02:09:59.000000,2026-08-12 21:45:25.315550
INV00002695,PO0003529,3214.44,2024-09-13 07:29:12.000000,2026-08-12 21:45:25.315550
INV00002740,PO0001433,5234.01,2025-04-08 10:18:18.000000,2026-08-12 21:45:25.315550
INV00002761,PO0000364,5287.81,2026-05-11 11:39:13.000000,2026-08-12 21:45:25.315550
INV00002872,PO0000877,1451.67,2025-02-11 15:16:29.000000,2026-08-12 21:45:25.315550
INV00003517,PO0004235,4020.02,2024-12-16 17:21:36.000000,2026-08-12 21:45:25.315550
INV00004013,PO0000665,1678.76,2024-08-01 04:12:27.000000,2026-08-12 21:45:25.315550
INV00004361,PO0000400,3515.11,2026-03-03 02:05:13.000000,2026-08-12 21:45:25.315550
INV00004801,PO0004959,1623.31,2025-05-02 20:13:38.000000,2026-08-12 21:45:25.315550
INV00000518,PO0004929,1364.71,2024-10-26 03:06:01.000000,2026-08-12 21:45:25.315550
INV00000976,PO0004962,5467.84,2024-08-22 16:31:49.000000,2026-08-12 21:45:25.315550
INV00001293,PO0003706,590.15,2025-11-09 06:26:22.000000,2026-08-12 21:45:25.315550
INV00001377,PO0004704,3570.52,2025-05-25 06:06:22.000000,2026-08-12 21:45:25.315550
INV00001490,PO0002036,4158.67,2025-07-17 08:51:27.000000,2026-08-12 21:45:25.315550
INV00001578,PO0001589,2214.71,2024-10-29 07:57:18.000000,2026-08-12 21:45:25.315550
INV00002400,PO0001098,4204.32,2024-07-08 06:40:24.000000,2026-08-12 21:45:25.315550
INV00002700,PO0000883,4016.95,2025-12-14 22:49:51.000000,2026-08-12 21:45:25.315550
INV00002978,PO0000882,734.9,2024-12-10 18:40:27.000000,2026-08-12 21:45:25.315550
INV00003911,PO0003778,5302.32,2024-06-19 15:29:08.000000,2026-08-12 21:45:25.315550
INV00004251,PO0001332,2661.0,2026-04-08 18:59:27.000000,2026-08-12 21:45:25.315550
INV00004439,PO0000885,5071.98,2025-05-19 11:41:51.102913,2026-08-12 21:45:25.315550
INV00004470,PO0003077,$1177.31,2025-10-25 09:18:48.000000,2026-08-12 21:45:25.315550
INV00004912,PO0002274,4764.38,2025-12-20 07:07:00.000000,2026-08-12 21:45:25.315550
INV00000096,PO0002285,3167.01,2025-06-15 00:41:05.000000,2026-08-12 21:45:25.315550
INV00000307,PO0000852,4363.86,2025-03-08 19:52:45.000000,2026-08-12 21:45:25.315550
INV00000309,PO0003081,4175.61,2025-02-11 08:01:53.000000,2026-08-12 21:45:25.315550
INV00000559,PO0003131,3769.78,2025-11-17 00:27:12.000000,2026-08-12 21:45:25.315550
INV00000598,PO0000687,637.6,2025-12-11 10:06:01.000000,2026-08-12 21:45:25.315550
INV00000988,PO0004252,5434.36,2025-09-21 13:25:41.000000,2026-08-12 21:45:25.315550
INV00001027,PO0001264,3256.67,2026-01-16 23:23:20.000000,2026-08-12 21:45:25.315550
INV00001060,PO0000423,4592.93,2025-07-18 20:34:59.000000,2026-08-12 21:45:25.315550
INV00001084,PO0000551,2561.48,2025-06-18 21:44:46.000000,2026-08-12 21:45:25.315550
INV00001132,PO0002202,4282.2,2025-05-08 11:41:51.094522,2026-08-12 21:45:25.315550
INV00001178,PO0002071,3030.13,2024-08-28 04:12:47.000000,2026-08-12 21:45:25.315550
INV00001230,PO0001666,4741.76,2026-01-08 00:10:59.000000,2026-08-12 21:45:25.315550
INV00001262,PO0002241,1973.02,2025-04-23 11:05:30.000000,2026-08-12 21:45:25.315550
INV00001395,PO0000161,4181.74,2025-04-07 08:36:09.000000,2026-08-12 21:45:25.315550
INV00001654,PO0001740,1810.76,2026-01-30 06:41:56.000000,2026-08-12 21:45:25.315550
INV00002225,PO0002957,5126.87,2024-08-21 12:48:58.000000,2026-08-12 21:45:25.315550
INV00002349,PO0004422,1890.32,2024-12-11 20:28:36.000000,2026-08-12 21:45:25.315550
INV00002414,PO0004974,2452.37,2024-12-18 08:41:20.000000,2026-08-12 21:45:25.315550
INV00002546,PO0001331,1622.61,2026-05-27 11:26:45.000000,2026-08-12 21:45:25.315550
INV00002893,PO0004519,3243.41,2024-07-13 07:43:35.000000,2026-08-12 21:45:25.315550
INV00002929,PO0000620,4116.0,2025-03-18 06:30:00.000000,2026-08-12 21:45:25.315550
INV00002935,PO0000616,1145.35,2024-08-07 23:45:01.000000,2026-08-12 21:45:25.315550
INV00003057,PO0004664,5221.4,2025-09-16 22:52:46.000000,2026-08-12 21:45:25.315550
INV00003196,PO0003477,4066.92,2026-02-20 23:36:38.000000,2026-08-12 21:45:25.315550
INV00003233,PO0002960,4170.64,2025-05-26 11:41:51.098952,2026-08-12 21:45:25.315550
INV00003366,PO0003788,2099.67,2024-09-27 09:57:59.000000,2026-08-12 21:45:25.315550
INV00003504,PO0004591,4075.61,2025-05-03 17:11:42.000000,2026-08-12 21:45:25.315550
INV00003673,PO0003479,797.5,2026-01-04 15:21:13.000000,2026-08-12 21:45:25.315550
INV00003744,PO0003396,3901.24,2024-09-10 13:47:14.000000,2026-08-12 21:45:25.315550
INV00003758,PO0002168,2092.23,2026-01-16 15:09:46.000000,2026-08-12 21:45:25.315550
INV00003951,PO0003558,1509.78,2025-09-27 20:20:07.000000,2026-08-12 21:45:25.315550
INV00004624,PO0004825,1068.13,2024-11-08 09:44:00.000000,2026-08-12 21:45:25.315550
INV00004781,PO0002105,4099.52,2025-12-25 23:42:19.000000,2026-08-12 21:45:25.315550
INV00000037,PO0000139,66.83,2025-11-01 15:10:27.000000,2026-08-12 21:45:25.315550
INV00000146,PO0004051,2309.79,2025-10-27 19:53:56.000000,2026-08-12 21:45:25.315550
INV00000580,PO0000010,5413.35,2026-01-06 02:07:51.000000,2026-08-12 21:45:25.315550
INV00000633,PO0002301,132.51,2024-08-13 23:44:06.000000,2026-08-12 21:45:25.315550
INV00000819,PO0002795,3054.64,2025-12-18 10:14:39.000000,2026-08-12 21:45:25.315550
INV00001103,PO0003203,740.45,2024-06-22 22:42:54.000000,2026-08-12 21:45:25.315550
INV00001217,PO0003002,3185.67,2024-05-15 14:06:08.000000,2026-08-12 21:45:25.315550
INV00001248,PO0001188,3701.81,2025-07-02 12:19:44.000000,2026-08-12 21:45:25.315550
INV00001434,PO0004657,3672.97,2025-04-15 17:17:00.000000,2026-08-12 21:45:25.315550
INV00001525,PO0001832,3969.94,2025-02-11 23:06:40.000000,2026-08-12 21:45:25.315550
INV00001831,PO0003008,$1723.2,2025-10-06 01:39:03.000000,2026-08-12 21:45:25.315550
INV00001873,PO0004838,4209.81,2025-09-08 04:38:37.000000,2026-08-12 21:45:25.315550
INV00002827,PO0002527,1785.66,2025-02-26 06:12:48.000000,2026-08-12 21:45:25.315550
INV00003130,PO0003824,2162.11,2025-01-29 16:50:59.000000,2026-08-12 21:45:25.315550
INV00003200,PO0002674,225.94,2025-11-21 14:38:10.000000,2026-08-12 21:45:25.315550
INV00003229,PO0004050,65.31,2025-03-06 18:47:09.000000,2026-08-12 21:45:25.315550
INV00003570,PO0004645,2070.3,2025-06-01 20:18:48.000000,2026-08-12 21:45:25.315550
INV00003728,PO0001648,5049.4,2026-03-06 07:23:07.000000,2026-08-12 21:45:25.315550
INV00003872,PO0002471,4960.07,2024-06-10 06:53:00.000000,2026-08-12 21:45:25.315550
INV00004108,PO0001396,2703.56,2026-04-30 10:21:39.000000,2026-08-12 21:45:25.315550
INV00004489,PO0002947,2913.61,2025-07-29 00:52:13.000000,2026-08-12 21:45:25.315550
INV00004636,PO0000374,362.02,2025-10-27 02:00:34.000000,2026-08-12 21:45:25.315550
INV00004890,PO0003263,1248.23,2025-05-02 11:41:51.103922,2026-08-12 21:45:25.315550
INV00000131,PO0001944,1017.95,2026-03-22 07:12:06.000000,2026-08-12 21:45:25.315550
INV00000200,PO0000823,3920.62,2026-01-14 21:06:18.000000,2026-08-12 21:45:25.315550
INV00000313,PO0001325,63.32,2025-06-20 17:00:45.000000,2026-08-12 21:45:25.315550
INV00000318,PO0003690,4281.98,2025-02-24 16:48:40.000000,2026-08-12 21:45:25.315550
INV00000713,PO0001982,4234.93,2024-08-03 01:42:43.000000,2026-08-12 21:45:25.315550
INV00001020,PO0004743,2324.1,2025-04-20 22:13:50.000000,2026-08-12 21:45:25.315550
INV00001401,PO0000699,466.1,2025-09-27 07:47:26.000000,2026-08-12 21:45:25.315550
INV00001972,PO0002483,2064.06,2024-12-12 07:34:17.000000,2026-08-12 21:45:25.315550
INV00002188,PO0004161,4379.59,2026-03-14 13:25:09.000000,2026-08-12 21:45:25.315550
INV00002290,PO0003093,397.97,2024-10-01 19:28:57.000000,2026-08-12 21:45:25.315550
INV00002344,PO0001588,1626.0,2024-11-05 13:45:32.000000,2026-08-12 21:45:25.315550
INV00002967,PO0004586,4501.4,2025-08-18 17:06:44.000000,2026-08-12 21:45:25.315550
INV00003261,PO0003771,376.15,2025-02-19 06:13:10.000000,2026-08-12 21:45:25.315550
INV00003339,PO0000116,975.25,2024-05-21 03:05:36.000000,2026-08-12 21:45:25.315550
INV00003359,PO0004493,861.1,2025-01-10 22:20:32.000000,2026-08-12 21:45:25.315550
INV00003415,PO0001571,2460.64,2025-06-05 09:49:02.000000,2026-08-12 21:45:25.315550
INV00003888,PO0000116,3238.31,2024-05-05 03:05:36.000000,2026-08-12 21:45:25.315550
INV00004203,PO0000433,3172.17,2025-10-27 12:56:53.000000,2026-08-12 21:45:25.315550
INV00004237,PO0000562,2476.76,2025-06-16 21:01:32.000000,2026-08-12 21:45:25.315550
INV00004457,PO0000101,3917.55,2025-04-22 22:54:53.000000,2026-08-12 21:45:25.315550
INV00004512,PO0002108,4675.04,2026-02-13 12:37:09.000000,2026-08-12 21:45:25.315550
INV00004835,PO0001022,1140.13,2024-08-17 13:23:45.000000,2026-08-12 21:45:25.315550
INV00000224,PO0003310,2104.29,2024-09-29 21:15:44.000000,2026-08-12 21:45:25.315550
INV00000770,PO0004693,$329.82,2024-10-29 17:32:37.000000,2026-08-12 21:45:25.315550
INV00000784,PO0003991,726.1,2025-05-17 11:41:51.093428,2026-08-12 21:45:25.315550
INV00000814,PO0004947,2943.68,2024-10-18 03:18:57.000000,2026-08-12 21:45:25.315550
INV00000942,PO0001274,4497.84,2026-02-08 14:55:36.000000,2026-08-12 21:45:25.315550
INV00002251,PO0004898,4996.29,2024-08-12 11:23:09.000000,2026-08-12 21:45:25.315550
INV00002548,PO0002961,1173.92,2025-02-23 08:09:34.000000,2026-08-12 21:45:25.315550
INV00002991,PO0002642,3094.67,2026-03-25 05:27:06.000000,2026-08-12 21:45:25.315550
INV00003064,PO0001393,$3971.77,2024-07-04 15:49:22.000000,2026-08-12 21:45:25.315550
INV00003628,PO0002243,4445.33,2025-09-20 14:03:16.000000,2026-08-12 21:45:25.315550
INV00003827,PO0002442,67.97,2025-08-28 14:02:58.000000,2026-08-12 21:45:25.315550
INV00004003,PO0000787,4466.88,2026-04-07 10:47:42.000000,2026-08-12 21:45:25.315550
INV00004019,PO0004242,4968.58,2024-07-01 20:59:59.000000,2026-08-12 21:45:25.315550
INV00004837,PO0002709,4019.04,2025-06-27 15:51:25.000000,2026-08-12 21:45:25.315550
INV00000366,PO0001182,4905.67,2025-04-22 18:20:46.000000,2026-08-12 21:45:25.315550
INV00000393,PO0004447,5465.6,2024-10-12 12:47:28.000000,2026-08-12 21:45:25.315550
INV00000457,PO0003907,1741.91,2025-09-06 19:59:12.000000,2026-08-12 21:45:25.315550
INV00000989,PO0000807,1636.82,2026-02-21 10:56:00.000000,2026-08-12 21:45:25.315550
INV00001198,PO0000888,5441.95,2025-07-09 11:54:08.000000,2026-08-12 21:45:25.315550
INV00001633,PO0002783,4086.15,2025-07-17 09:44:33.000000,2026-08-12 21:45:25.315550
INV00001934,PO0001057,1681.66,2025-04-29 20:59:04.000000,2026-08-12 21:45:25.315550
INV00002163,PO0002338,2911.6,2025-04-11 06:20:54.000000,2026-08-12 21:45:25.315550
INV00002481,PO0001450,356.28,2024-05-15 19:52:41.000000,2026-08-12 21:45:25.315550
INV00002682,PO0004654,4572.73,2024-10-11 04:13:23.000000,2026-08-12 21:45:25.315550
INV00002720,PO0000760,1792.8,2026-02-12 22:21:14.000000,2026-08-12 21:45:25.315550
INV00003192,PO0002615,654.6,2024-08-05 18:28:03.000000,2026-08-12 21:45:25.315550
INV00003530,PO0004695,4602.83,2025-05-06 11:41:51.101047,2026-08-12 21:45:25.315550
INV00003642,PO0004127,3346.89,2024-10-18 05:16:56.000000,2026-08-12 21:45:25.315550
INV00003663,PO0004906,1356.58,2025-12-26 05:56:38.000000,2026-08-12 21:45:25.315550
INV00003984,PO0003862,3877.4,2024-11-10 16:23:52.000000,2026-08-12 21:45:25.315550
INV00004212,PO0001811,4318.79,2025-11-28 21:40:13.000000,2026-08-12 21:45:25.315550
INV00004483,PO0001718,4308.01,2026-03-19 14:11:34.000000,2026-08-12 21:45:25.315550
INV00004500,PO0003109,1669.26,2025-08-13 22:56:08.000000,2026-08-12 21:45:25.315550
INV00004643,PO0001443,3617.58,2026-03-04 00:30:37.000000,2026-08-12 21:45:25.315550
INV00004647,PO0002038,929.71,2024-06-10 04:47:38.000000,2026-08-12 21:45:25.315550
INV00004658,PO0002547,4768.93,2026-05-02 18:55:34.000000,2026-08-12 21:45:25.315550
INV00000136,PO0004959,4760.88,2025-04-27 20:13:38.000000,2026-08-12 21:45:25.315550
INV00000180,PO0004190,1128.34,2026-04-15 19:03:17.000000,2026-08-12 21:45:25.315550
INV00000275,PO0004726,32.3,2025-10-12 10:01:25.000000,2026-08-12 21:45:25.315550
INV00000364,PO0003520,2977.41,2025-07-31 16:59:36.000000,2026-08-12 21:45:25.315550
INV00000405,PO0003037,96.31,2026-02-21 09:46:57.000000,2026-08-12 21:45:25.315550
INV00000499,PO0001390,4994.49,2026-03-14 21:29:08.000000,2026-08-12 21:45:25.315550
INV00000910,PO0004317,$3052.23,2026-05-15 15:43:52.000000,2026-08-12 21:45:25.315550
INV00001153,PO0003552,1882.49,2026-01-11 12:59:48.000000,2026-08-12 21:45:25.315550
INV00001636,PO0000116,1324.55,2024-05-02 03:05:36.000000,2026-08-12 21:45:25.315550
INV00001959,PO0003925,4141.7,2025-05-20 03:12:17.000000,2026-08-12 21:45:25.315550
INV00002297,PO0001346,2513.51,2026-01-26 22:30:39.000000,2026-08-12 21:45:25.315550
INV00002506,PO0003238,2137.46,2025-01-09 16:21:10.000000,2026-08-12 21:45:25.315550
INV00002604,PO0001553,4036.62,2025-01-29 13:41:56.000000,2026-08-12 21:45:25.315550
INV00002652,PO0000122,4141.16,2024-06-06 00:38:17.000000,2026-08-12 21:45:25.315550
INV00002725,PO0001514,594.99,2025-08-23 03:30:18.000000,2026-08-12 21:45:25.315550
INV00002728,PO0000315,1777.1,2024-08-12 18:00:48.000000,2026-08-12 21:45:25.315550
INV00003257,PO0000454,3988.57,2025-01-15 22:19:14.000000,2026-08-12 21:45:25.315550
INV00003881,PO0000187,2712.34,2025-02-01 12:42:01.000000,2026-08-12 21:45:25.315550
INV00000315,PO0000687,4959.7,2026-01-11 10:06:01.000000,2026-08-12 21:45:25.315550
INV00000709,PO0004631,2600.48,2025-08-01 22:28:10.000000,2026-08-12 21:45:25.315550
INV00000945,PO0001490,1272.71,2025-01-27 04:25:47.000000,2026-08-12 21:45:25.315550
INV00000950,PO0004696,917.06,2026-02-19 15:26:42.000000,2026-08-12 21:45:25.315550
INV00001215,PO0002223,5447.36,2025-03-21 05:47:51.000000,2026-08-12 21:45:25.315550
INV00001362,PO0000208,4239.16,2025-01-17 07:12:09.000000,2026-08-12 21:45:25.315550
INV00001777,PO0000171,3083.07,2025-07-06 14:16:25.000000,2026-08-12 21:45:25.315550
INV00002334,PO0003401,5430.61,2025-07-04 22:44:19.000000,2026-08-12 21:45:25.315550
INV00002615,PO0001531,434.28,2024-12-26 18:58:58.000000,2026-08-12 21:45:25.315550
INV00002668,PO0001845,4652.57,2024-11-10 00:26:27.000000,2026-08-12 21:45:25.315550
INV00002810,PO0003049,1595.25,2024-11-17 05:00:50.000000,2026-08-12 21:45:25.315550
INV00003250,PO0001352,3127.88,2025-12-03 11:08:26.000000,2026-08-12 21:45:25.315550
INV00003325,PO0001138,4387.74,2026-01-05 04:58:41.000000,2026-08-12 21:45:25.315550
INV00003542,PO0002883,612.5,2025-12-01 01:39:51.000000,2026-08-12 21:45:25.315550
INV00003927,PO0004694,4827.12,2025-01-15 15:49:22.000000,2026-08-12 21:45:25.315550
INV00004041,PO0004617,776.57,2025-11-26 19:13:39.000000,2026-08-12 21:45:25.315550
INV00004176,PO0004205,36.17,2026-02-15 01:29:21.000000,2026-08-12 21:45:25.315550
INV00004317,PO0003322,3764.4,2026-02-19 10:55:45.000000,2026-08-12 21:45:25.315550
INV00004375,PO0004897,686.46,2025-10-21 11:18:02.000000,2026-08-12 21:45:25.315550
INV00004485,PO0000009,5122.55,2025-03-10 01:38:58.000000,2026-08-12 21:45:25.315550
INV00004513,PO0001458,2115.56,2026-04-30 04:48:10.000000,2026-08-12 21:45:25.315550
INV00004847,PO0001975,2269.01,2024-06-14 02:24:04.000000,2026-08-12 21:45:25.315550
INV00000263,PO0004093,4540.88,2024-10-28 03:10:01.000000,2026-08-12 21:45:25.315550
INV00000438,PO0001853,5260.39,2026-04-14 06:25:16.000000,2026-08-12 21:45:25.315550
INV00000689,PO0000814,3552.81,2024-04-21 10:19:57.000000,2026-08-12 21:45:25.315550
INV00000732,PO0001544,4698.99,2025-07-02 13:30:52.000000,2026-08-12 21:45:25.315550
INV00000789,PO0002970,1253.31,2025-09-08 02:53:24.000000,2026-08-12 21:45:25.315550
INV00001207,PO0004459,2672.75,2026-03-23 23:26:55.000000,2026-08-12 21:45:25.315550
INV00001911,PO0001858,392.89,2026-01-29 12:09:22.000000,2026-08-12 21:45:25.315550
INV00002561,PO0000089,3633.62,2024-09-22 16:48:34.000000,2026-08-12 21:45:25.315550
INV00002650,PO0001257,2356.19,2025-03-16 17:56:14.000000,2026-08-12 21:45:25.315550
INV00002743,PO0000803,963.1,2025-06-27 19:51:42.000000,2026-08-12 21:45:25.315550
INV00002869,PO0002539,2557.36,2026-01-05 08:40:03.000000,2026-08-12 21:45:25.315550
INV00003007,PO0002625,4871.72,2024-05-12 19:34:55.000000,2026-08-12 21:45:25.315550
INV00003120,PO0000527,4079.0,2026-04-05 01:34:34.000000,2026-08-12 21:45:25.315550
INV00003591,PO0003323,3663.95,2025-03-11 05:58:03.000000,2026-08-12 21:45:25.315550
INV00003691,PO0003964,3314.66,2024-08-19 12:17:57.000000,2026-08-12 21:45:25.315550
INV00003880,PO0002318,5153.95,2025-03-07 01:38:05.000000,2026-08-12 21:45:25.315550
INV00004007,PO0003862,4429.1,2024-11-02 16:23:52.000000,2026-08-12 21:45:25.315550
INV00004055,PO0003080,4276.78,2025-12-26 06:02:44.000000,2026-08-12 21:45:25.315550
INV00004274,PO0002872,4997.44,2025-05-30 11:41:51.102408,2026-08-12 21:45:25.315550
INV00004311,PO0000861,2361.78,2025-12-12 09:45:01.000000,2026-08-12 21:45:25.315550
INV00004322,PO0000724,4646.57,2025-10-10 22:59:45.000000,2026-08-12 21:45:25.315550
INV00004400,PO0004744,2933.82,2024-05-30 02:33:46.000000,2026-08-12 21:45:25.315550
INV00004949,PO0003333,3577.96,2024-06-19 05:29:14.000000,2026-08-12 21:45:25.315550
INV00000159,PO0001793,870.14,2026-03-15 22:39:20.000000,2026-08-12 21:45:25.315550
INV00000425,PO0004446,1670.4,2025-04-24 11:41:51.091922,2026-08-12 21:45:25.315550
INV00000513,PO0003599,2521.03,2024-10-17 09:28:26.000000,2026-08-12 21:45:25.315550
INV00000524,PO0001651,4658.25,2025-08-15 18:29:08.000000,2026-08-12 21:45:25.315550
INV00000745,PO0004199,4332.41,2025-05-19 11:41:51.093428,2026-08-12 21:45:25.315550
INV00000895,PO0002869,1142.96,2024-06-29 23:35:41.000000,2026-08-12 21:45:25.315550
INV00000913,PO0000758,798.55,2025-08-14 16:35:19.000000,2026-08-12 21:45:25.315550
INV00001045,PO0003379,2500.28,2025-11-15 02:57:56.000000,2026-08-12 21:45:25.315550
INV00002001,PO0000360,4052.72,2024-07-15 20:09:04.000000,2026-08-12 21:45:25.315550
INV00002038,PO0002849,5336.24,2024-06-24 07:37:53.000000,2026-08-12 21:45:25.315550
INV00002168,PO0003601,3001.27,2026-04-10 21:13:19.000000,2026-08-12 21:45:25.315550
INV00002705,PO0004493,2531.29,2024-12-27 22:20:32.000000,2026-08-12 21:45:25.315550
INV00003076,PO0004004,1887.18,2025-01-28 23:45:13.000000,2026-08-12 21:45:25.315550
INV00003356,PO0004261,345.06,2025-12-18 12:25:03.000000,2026-08-12 21:45:25.315550
INV00003946,PO0002272,2620.79,2025-03-08 06:56:20.000000,2026-08-12 21:45:25.315550
INV00004238,PO0004929,1606.18,2024-10-22 03:06:01.000000,2026-08-12 21:45:25.315550
INV00004303,PO0002154,857.95,2025-09-02 07:35:18.000000,2026-08-12 21:45:25.315550
INV00004359,PO0001512,1056.8,2024-08-18 09:48:27.000000,2026-08-12 21:45:25.315550
INV00004421,PO0003002,1371.31,2024-06-06 14:06:08.000000,2026-08-12 21:45:25.315550
INV00004903,PO0003129,4602.13,2025-04-26 09:09:19.000000,2026-08-12 21:45:25.315550
INV00000278,PO0002900,2276.43,2025-06-07 18:48:03.000000,2026-08-12 21:45:25.315550
INV00000301,PO0003789,3532.72,2025-08-09 04:11:20.000000,2026-08-12 21:45:25.315550
INV00000401,PO0004168,1307.17,2025-03-10 07:40:28.000000,2026-08-12 21:45:25.315550
INV00000467,PO0002317,4478.45,2024-05-27 07:18:45.000000,2026-08-12 21:45:25.315550
INV00000581,PO0001606,1019.3,2025-03-02 20:17:50.000000,2026-08-12 21:45:25.315550
INV00001092,PO0004368,3374.04,2024-07-18 08:14:41.000000,2026-08-12 21:45:25.315550
INV00001287,PO0004576,2089.25,2025-04-22 11:41:51.095433,2026-08-12 21:45:25.315550
INV00001298,PO0002890,3866.44,2025-04-01 19:43:17.000000,2026-08-12 21:45:25.315550
INV00001352,PO0004999,2173.98,2025-04-19 09:56:28.000000,2026-08-12 21:45:25.315550
INV00001622,PO0001479,5202.88,2025-05-16 11:41:51.095433,2026-08-12 21:45:25.315550
INV00001767,PO0000619,2626.74,2025-04-30 08:01:22.000000,2026-08-12 21:45:25.315550
INV00002076,PO0004042,679.67,2025-08-16 06:25:47.000000,2026-08-12 21:45:25.315550
INV00002148,PO0001624,135.18,2025-02-14 08:24:50.000000,2026-08-12 21:45:25.315550
INV00002340,PO0002312,1048.6,2025-10-26 02:05:42.000000,2026-08-12 21:45:25.315550
INV00002375,PO0000056,11.39,2026-04-03 04:29:29.000000,2026-08-12 21:45:25.315550
INV00002513,PO0000646,4474.09,2026-02-24 09:39:54.000000,2026-08-12 21:45:25.315550
INV00003049,PO0003430,3244.86,2025-05-19 15:22:21.000000,2026-08-12 21:45:25.315550
INV00003258,PO0000598,4953.3,2026-01-30 05:01:07.000000,2026-08-12 21:45:25.315550
INV00003328,PO0001387,2737.35,2025-09-06 13:33:04.000000,2026-08-12 21:45:25.315550
INV00003877,PO0004411,3674.57,2025-04-27 20:06:09.000000,2026-08-12 21:45:25.315550
INV00003913,PO0001243,2224.86,2025-01-01 21:08:49.000000,2026-08-12 21:45:25.315550
INV00004008,PO0003016,812.26,2024-08-23 21:15:40.000000,2026-08-12 21:45:25.315550
INV00004635,PO0004791,3079.07,2026-02-15 17:05:45.000000,2026-08-12 21:45:25.315550
INV00004730,PO0000112,1179.79,2025-09-09 10:27:13.000000,2026-08-12 21:45:25.315550
INV00004731,PO0000935,3467.45,2024-07-01 14:42:41.000000,2026-08-12 21:45:25.315550
INV00004749,PO0003847,2477.51,2025-10-19 11:17:43.000000,2026-08-12 21:45:25.315550
INV00000005,PO0003369,3080.2,2026-03-29 06:08:10.000000,2026-08-12 21:45:25.315550
INV00000430,PO0004497,5381.09,2025-05-27 03:52:48.000000,2026-08-12 21:45:25.315550
INV00000498,PO0004437,1485.31,2025-12-13 23:35:33.000000,2026-08-12 21:45:25.315550
INV00000558,PO0002090,1870.83,2025-07-18 23:56:07.000000,2026-08-12 21:45:25.315550
INV00000829,PO0001979,1643.55,2025-02-26 03:50:05.000000,2026-08-12 21:45:25.315550
INV00000936,PO0000263,2201.68,2024-11-18 08:13:12.000000,2026-08-12 21:45:25.315550
INV00000962,PO0000421,2717.73,2024-07-25 03:23:06.000000,2026-08-12 21:45:25.315550
INV00001024,PO0002194,1862.19,2025-06-29 03:01:54.000000,2026-08-12 21:45:25.315550
INV00001229,PO0001827,5380.64,2025-07-03 22:39:37.000000,2026-08-12 21:45:25.315550
INV00001709,PO0002155,4604.32,2025-09-09 20:31:39.000000,2026-08-12 21:45:25.315550
INV00001733,PO0002075,4009.97,2024-12-10 04:57:08.000000,2026-08-12 21:45:25.315550
INV00001903,PO0003272,4074.14,2026-01-02 03:17:21.000000,2026-08-12 21:45:25.315550
INV00002062,PO0001117,3124.64,2024-12-19 03:16:05.000000,2026-08-12 21:45:25.315550
INV00002133,PO0000469,2556.34,2026-04-29 11:45:37.000000,2026-08-12 21:45:25.315550
INV00002296,PO0003049,2778.14,2024-11-10 05:00:50.000000,2026-08-12 21:45:25.315550
INV00002351,PO0002762,3822.05,2025-06-10 20:00:38.000000,2026-08-12 21:45:25.315550
INV00002608,PO0001633,2214.8,2025-02-19 04:07:44.000000,2026-08-12 21:45:25.315550
INV00003389,PO0001480,4994.21,2025-08-17 13:07:01.000000,2026-08-12 21:45:25.315550
INV00003579,PO0002668,2792.49,2024-07-25 10:42:54.000000,2026-08-12 21:45:25.315550
INV00003594,PO0001071,3669.8,2025-04-25 11:41:51.101047,2026-08-12 21:45:25.315550
INV00003742,PO0001784,2344.39,2025-11-30 11:24:08.000000,2026-08-12 21:45:25.315550
INV00004156,PO0003844,331.25,2025-01-28 04:59:40.000000,2026-08-12 21:45:25.315550
INV00004165,PO0003530,4474.42,2026-02-27 09:34:38.000000,2026-08-12 21:45:25.315550
INV00004170,PO0004078,$1832.55,2025-01-15 23:23:36.000000,2026-08-12 21:45:25.315550
INV00004218,PO0001431,3438.41,2025-01-10 10:16:53.000000,2026-08-12 21:45:25.315550
INV00004229,PO0002428,1135.06,2026-03-07 14:18:51.000000,2026-08-12 21:45:25.315550
INV00004511,PO0001186,2849.48,2025-05-31 12:16:23.000000,2026-08-12 21:45:25.315550
INV00004621,PO0001806,3751.41,2026-01-30 18:57:00.000000,2026-08-12 21:45:25.315550
INV00004699,PO0000586,5313.56,2026-03-17 16:21:37.000000,2026-08-12 21:45:25.315550
INV00000064,PO0004236,3302.65,2026-04-23 11:23:29.000000,2026-08-12 21:45:25.315550
INV00000205,PO0001521,3408.52,2026-03-03 03:54:49.000000,2026-08-12 21:45:25.315550
INV00000728,PO0002844,5460.54,2026-02-25 02:18:22.000000,2026-08-12 21:45:25.315550
INV00000992,PO0002617,2745.09,2025-12-10 21:43:17.000000,2026-08-12 21:45:25.315550
INV00001251,PO0003165,2161.43,2026-02-03 18:29:44.000000,2026-08-12 21:45:25.315550
INV00001279,PO0002533,5305.88,2025-09-30 00:50:48.000000,2026-08-12 21:45:25.315550
INV00001421,PO0004010,1082.3,2024-09-17 02:39:21.000000,2026-08-12 21:45:25.315550
INV00001454,PO0004480,4246.95,2025-04-08 00:09:52.000000,2026-08-12 21:45:25.315550
INV00001515,PO0004242,3299.99,2024-06-11 20:59:59.000000,2026-08-12 21:45:25.315550
INV00001535,PO0003945,597.61,2025-04-04 02:03:05.000000,2026-08-12 21:45:25.315550
INV00001568,PO0000051,635.81,2025-04-20 11:41:51.095433,2026-08-12 21:45:25.315550
INV00001710,PO0003989,5303.55,2025-04-10 10:06:26.000000,2026-08-12 21:45:25.315550
INV00001919,PO0000718,330.83,2025-07-27 17:25:35.000000,2026-08-12 21:45:25.315550
INV00002014,PO0003338,3443.01,2024-10-13 03:04:32.000000,2026-08-12 21:45:25.315550
INV00002026,PO0002270,5051.33,2026-03-23 04:35:01.000000,2026-08-12 21:45:25.315550
INV00002158,PO0001518,$3261.41,2024-07-03 00:08:03.000000,2026-08-12 21:45:25.315550
INV00002441,PO0000586,2740.65,2026-03-15 16:21:37.000000,2026-08-12 21:45:25.315550
INV00002656,PO0000948,4644.82,2025-02-25 16:14:30.000000,2026-08-12 21:45:25.315550
INV00002701,PO0001154,4476.77,2025-09-10 09:33:24.000000,2026-08-12 21:45:25.315550
INV00003425,PO0004310,3251.01,2024-08-22 19:48:29.000000,2026-08-12 21:45:25.315550
INV00003484,PO0002533,1192.08,2025-11-15 00:50:48.000000,2026-08-12 21:45:25.315550
INV00003876,PO0001770,241.47,2024-11-21 10:18:13.000000,2026-08-12 21:45:25.315550
INV00004042,PO0000665,2420.49,2024-07-20 04:12:27.000000,2026-08-12 21:45:25.315550
INV00004148,PO0000929,555.89,2025-01-03 08:48:24.000000,2026-08-12 21:45:25.315550
INV00004755,PO0002579,845.1,2024-11-21 19:43:22.000000,2026-08-12 21:45:25.315550
INV00004849,PO0001817,4768.53,2024-10-03 18:30:38.000000,2026-08-12 21:45:25.315550
INV00004931,PO0002924,1202.62,2026-03-28 16:54:10.000000,2026-08-12 21:45:25.315550
INV00000016,PO0002804,5065.02,2024-05-04 08:39:28.000000,2026-08-12 21:45:25.315550
INV00000137,PO0002542,3812.38,2025-09-13 21:57:07.000000,2026-08-12 21:45:25.315550
INV00000206,PO0003350,3487.57,2025-05-09 08:46:59.000000,2026-08-12 21:45:25.315550
INV00000704,PO0004034,3203.29,2025-10-25 10:51:58.000000,2026-08-12 21:45:25.315550
INV00000928,PO0002671,3854.69,2024-05-14 07:45:03.000000,2026-08-12 21:45:25.315550
INV00001241,PO0003100,608.48,2024-09-11 15:37:29.000000,2026-08-12 21:45:25.315550
INV00001513,PO0002398,3908.93,2025-06-13 00:31:14.000000,2026-08-12 21:45:25.315550
INV00001519,PO0001548,3439.13,2025-06-20 03:30:48.000000,2026-08-12 21:45:25.315550
INV00001548,PO0002966,3680.53,2026-05-09 01:18:33.000000,2026-08-12 21:45:25.315550
INV00001757,PO0003952,3930.77,2024-09-16 10:44:51.000000,2026-08-12 21:45:25.315550
INV00002053,PO0001941,1648.51,2025-12-13 04:57:48.000000,2026-08-12 21:45:25.315550
INV00002100,PO0001277,4061.64,2026-04-12 17:53:51.000000,2026-08-12 21:45:25.315550
INV00002207,PO0001623,3424.32,2024-09-17 10:18:06.000000,2026-08-12 21:45:25.315550
INV00002228,PO0004945,2052.18,2026-03-23 09:30:00.000000,2026-08-12 21:45:25.315550
INV00002259,PO0002561,3029.7,2025-07-08 11:52:26.000000,2026-08-12 21:45:25.315550
INV00002354,PO0004577,4181.83,2026-03-05 06:50:45.000000,2026-08-12 21:45:25.315550
INV00002552,PO0002735,3507.26,2025-04-28 07:36:51.000000,2026-08-12 21:45:25.315550
INV00002843,PO0003429,3193.21,2025-03-19 09:14:52.000000,2026-08-12 21:45:25.315550
INV00002968,PO0004129,4379.5,2025-12-23 20:43:49.000000,2026-08-12 21:45:25.315550
INV00003009,PO0002353,4761.8,2024-07-24 05:42:37.000000,2026-08-12 21:45:25.315550
INV00003026,PO0004311,3527.13,2025-03-29 15:29:51.000000,2026-08-12 21:45:25.315550
INV00003087,PO0003238,4391.5,2025-01-21 16:21:10.000000,2026-08-12 21:45:25.315550
INV00003204,PO0001458,1172.57,2026-05-05 04:48:10.000000,2026-08-12 21:45:25.315550
INV00003243,PO0002751,186.48,2025-09-17 10:05:15.000000,2026-08-12 21:45:25.315550
INV00003269,PO0000872,4122.23,2025-03-01 10:27:57.000000,2026-08-12 21:45:25.315550
INV00003667,PO0003118,3138.67,2025-03-10 11:05:34.000000,2026-08-12 21:45:25.315550
INV00003969,PO0002391,915.47,2025-03-14 12:50:07.000000,2026-08-12 21:45:25.315550
INV00004043,PO0003022,4555.63,2025-12-05 09:50:27.000000,2026-08-12 21:45:25.315550
INV00004509,PO0004593,1495.97,2026-04-29 02:09:32.000000,2026-08-12 21:45:25.315550
INV00004571,PO0002284,3811.91,2024-12-06 22:59:24.000000,2026-08-12 21:45:25.315550
INV00000285,PO0003626,757.12,2025-04-30 20:04:30.000000,2026-08-12 21:45:25.315550
INV00000355,PO0001239,3032.69,2025-10-12 11:55:29.000000,2026-08-12 21:45:25.315550
INV00000417,PO0000043,3586.71,2024-09-18 10:07:06.000000,2026-08-12 21:45:25.315550
INV00001416,PO0003367,5331.8,2026-01-25 23:46:10.000000,2026-08-12 21:45:25.315550
INV00001442,PO0004038,3953.09,2026-03-05 06:32:11.000000,2026-08-12 21:45:25.315550
INV00001554,PO0003346,$5463.14,2026-02-10 15:57:10.000000,2026-08-12 21:45:25.315550
INV00001612,PO0004039,1089.88,2025-05-01 00:30:27.000000,2026-08-12 21:45:25.315550
INV00001691,PO0003842,5226.58,2025-01-08 06:19:46.000000,2026-08-12 21:45:25.315550
INV00001891,PO0001458,1341.98,2026-04-17 04:48:10.000000,2026-08-12 21:45:25.315550
INV00002159,PO0000786,3902.68,2025-05-14 11:41:51.097427,2026-08-12 21:45:25.315550
INV00002753,PO0003639,4625.77,2026-03-31 00:48:26.000000,2026-08-12 21:45:25.315550
INV00002871,PO0002121,3955.49,2025-01-31 21:30:27.000000,2026-08-12 21:45:25.315550
INV00002915,PO0001085,5154.27,2025-02-09 23:13:03.000000,2026-08-12 21:45:25.315550
INV00003036,PO0000729,3806.08,2025-11-16 12:23:17.000000,2026-08-12 21:45:25.315550
INV00003287,PO0002781,4662.87,2025-11-25 13:53:33.000000,2026-08-12 21:45:25.315550
INV00003421,PO0002499,1308.92,2024-06-04 11:02:06.000000,2026-08-12 21:45:25.315550
INV00003599,PO0000985,1245.59,2025-09-17 22:45:21.000000,2026-08-12 21:45:25.315550
INV00004277,PO0002304,4398.41,2024-05-31 13:31:37.000000,2026-08-12 21:45:25.315550
INV00004373,PO0001824,530.22,2025-05-20 00:08:08.000000,2026-08-12 21:45:25.315550
INV00004392,PO0002645,5220.83,2025-12-03 14:15:13.000000,2026-08-12 21:45:25.315550
INV00004563,PO0000335,1498.37,2026-02-10 04:04:20.000000,2026-08-12 21:45:25.315550
INV00004646,PO0001518,4483.43,2024-07-23 00:08:03.000000,2026-08-12 21:45:25.315550
INV00004698,PO0001422,517.78,2024-07-13 11:24:46.000000,2026-08-12 21:45:25.315550
INV00004737,PO0003005,4026.51,2024-09-19 07:21:42.000000,2026-08-12 21:45:25.315550
INV00004891,PO0000720,4753.1,2025-08-25 09:10:07.000000,2026-08-12 21:45:25.315550
INV00000462,PO0003283,587.6,2025-05-10 16:23:06.000000,2026-08-12 21:45:25.315550
INV00000660,PO0003347,4724.61,2024-12-15 17:33:40.000000,2026-08-12 21:45:25.315550
INV00000803,PO0001104,4549.4,2024-07-09 13:43:48.000000,2026-08-12 21:45:25.315550
INV00001220,PO0003640,720.09,2025-12-27 17:04:22.000000,2026-08-12 21:45:25.315550
INV00001286,PO0001458,3714.48,2026-05-10 04:48:10.000000,2026-08-12 21:45:25.315550
INV00001356,PO0004902,2650.94,2025-07-08 21:17:30.000000,2026-08-12 21:45:25.315550
INV00001465,PO0003418,2641.92,2025-05-03 11:07:12.000000,2026-08-12 21:45:25.315550
INV00001639,PO0000501,3575.64,2024-10-10 17:28:58.000000,2026-08-12 21:45:25.315550
INV00001730,PO0002347,3100.74,2025-05-17 11:41:51.096923,2026-08-12 21:45:25.315550
INV00002032,PO0002198,3381.37,2024-07-15 15:01:36.000000,2026-08-12 21:45:25.315550
INV00002149,PO0000785,5446.79,2024-08-24 20:50:41.000000,2026-08-12 21:45:25.315550
INV00002215,PO0002056,3539.21,2025-06-12 20:29:46.000000,2026-08-12 21:45:25.315550
INV00002485,PO0001127,52.99,2025-05-29 11:41:51.097427,2026-08-12 21:45:25.315550
INV00002601,PO0003388,1326.7,2025-01-31 03:16:20.000000,2026-08-12 21:45:25.315550
INV00002772,PO0003724,1056.96,2025-01-04 19:58:15.000000,2026-08-12 21:45:25.315550
INV00003213,PO0003381,942.23,2025-10-14 17:55:34.000000,2026-08-12 21:45:25.315550
INV00003253,PO0002677,41.48,2025-09-20 04:12:01.000000,2026-08-12 21:45:25.315550
INV00003308,PO0001190,2173.2,2024-09-19 23:57:11.000000,2026-08-12 21:45:25.315550
INV00003831,PO0003942,5416.96,2025-07-31 21:50:28.000000,2026-08-12 21:45:25.315550
INV00003859,PO0001494,1138.27,2025-11-25 05:11:05.000000,2026-08-12 21:45:25.315550
INV00004406,PO0004338,196.47,2024-07-20 11:24:36.000000,2026-08-12 21:45:25.315550
INV00004812,PO0001010,3865.32,2024-07-27 20:59:48.000000,2026-08-12 21:45:25.315550
INV00004951,PO0002419,4682.0,2024-12-03 09:59:01.000000,2026-08-12 21:45:25.315550
INV00004969,PO0004632,3498.55,2025-06-18 12:16:47.000000,2026-08-12 21:45:25.315550
INV00000002,PO0001617,282.25,2026-02-09 05:45:13.000000,2026-08-12 21:45:25.315550
INV00000047,PO0004851,5039.8,2024-10-24 11:15:18.000000,2026-08-12 21:45:25.315550
INV00000314,PO0000709,2126.2,2025-12-26 18:55:41.000000,2026-08-12 21:45:25.315550
INV00000455,PO0001711,1415.79,2025-03-14 23:55:23.000000,2026-08-12 21:45:25.315550
INV00000502,PO0002876,2594.82,2025-01-12 13:40:35.000000,2026-08-12 21:45:25.315550
INV00000801,PO0001147,2609.43,2025-08-16 13:48:25.000000,2026-08-12 21:45:25.315550
INV00000867,PO0001175,2316.55,2024-11-23 03:30:04.000000,2026-08-12 21:45:25.315550
INV00001299,PO0004920,2018.72,2025-09-20 05:21:05.000000,2026-08-12 21:45:25.315550
INV00001371,PO0000682,1522.07,2025-11-04 07:33:10.000000,2026-08-12 21:45:25.315550
INV00001567,PO0003716,3416.04,2025-08-12 18:03:52.000000,2026-08-12 21:45:25.315550
INV00002023,PO0000437,3279.35,2024-04-11 15:54:04.000000,2026-08-12 21:45:25.315550
INV00002353,PO0003847,5036.34,2025-11-08 11:17:43.000000,2026-08-12 21:45:25.315550
INV00002723,PO0004465,4597.13,2024-10-27 01:50:07.000000,2026-08-12 21:45:25.315550
INV00003139,PO0004960,5421.59,2024-08-21 18:22:44.000000,2026-08-12 21:45:25.315550
INV00003171,PO0004103,2412.03,2026-04-10 18:45:08.000000,2026-08-12 21:45:25.315550
INV00003315,PO0002706,1113.15,2025-02-21 05:21:50.000000,2026-08-12 21:45:25.315550
INV00003462,PO0003106,3539.96,2024-06-20 13:30:27.000000,2026-08-12 21:45:25.315550
INV00004098,PO0000216,1725.75,2024-11-22 19:26:52.000000,2026-08-12 21:45:25.315550
INV00004134,PO0002799,3564.79,2025-01-23 05:35:47.000000,2026-08-12 21:45:25.315550
INV00004357,PO0003324,2852.38,2025-04-28 11:41:51.102913,2026-08-12 21:45:25.315550
INV00004488,PO0004033,1546.35,2024-11-25 16:23:49.000000,2026-08-12 21:45:25.315550
INV00004771,PO0000346,1636.81,2025-05-18 11:41:51.103922,2026-08-12 21:45:25.315550
INV00004975,PO0003505,256.47,2025-11-25 06:06:24.000000,2026-08-12 21:45:25.315550
INV00000209,PO0000765,5258.21,2025-12-02 01:25:45.000000,2026-08-12 21:45:25.315550
INV00000368,PO0003315,4317.27,2024-09-14 05:46:45.000000,2026-08-12 21:45:25.315550
INV00000415,PO0000549,4150.86,2024-09-13 10:33:58.000000,2026-08-12 21:45:25.315550
INV00000428,PO0003753,35.17,2025-11-27 17:01:53.000000,2026-08-12 21:45:25.315550
INV00000470,PO0002208,2126.31,2025-05-08 11:41:51.091922,2026-08-12 21:45:25.315550
INV00000566,PO0001334,4006.89,2025-10-18 09:43:57.000000,2026-08-12 21:45:25.315550
INV00000834,PO0000799,2066.93,2026-04-28 09:40:36.000000,2026-08-12 21:45:25.315550
INV00001280,PO0000892,102.45,2024-12-12 12:16:16.000000,2026-08-12 21:45:25.315550
INV00001982,PO0000306,2828.25,2025-05-17 11:41:51.097427,2026-08-12 21:45:25.315550
INV00002187,PO0003273,431.88,2026-04-07 05:43:07.000000,2026-08-12 21:45:25.315550
INV00002331,PO0001338,3196.07,2025-07-19 17:04:57.000000,2026-08-12 21:45:25.315550
INV00002949,PO0004115,3609.86,2024-06-23 12:53:13.000000,2026-08-12 21:45:25.315550
INV00002957,PO0003922,390.89,2024-09-27 20:48:14.000000,2026-08-12 21:45:25.315550
INV00003111,PO0001813,5288.44,2026-02-07 21:51:20.000000,2026-08-12 21:45:25.315550
INV00003280,PO0001591,1515.01,2024-10-25 23:16:54.000000,2026-08-12 21:45:25.315550
INV00003290,PO0000314,4745.53,2025-11-30 14:37:07.000000,2026-08-12 21:45:25.315550
INV00003369,PO0003766,1429.32,2026-02-20 20:43:22.000000,2026-08-12 21:45:25.315550
INV00003610,PO0001800,3380.71,2025-07-03 22:24:51.000000,2026-08-12 21:45:25.315550
INV00003735,PO0000928,1824.74,2024-12-20 15:03:11.000000,2026-08-12 21:45:25.315550
INV00003842,PO0003886,945.49,2025-12-04 22:12:10.000000,2026-08-12 21:45:25.315550
INV00003908,PO0004341,593.14,2026-03-17 05:30:55.000000,2026-08-12 21:45:25.315550
INV00004278,PO0000271,3885.55,2024-09-27 07:35:58.000000,2026-08-12 21:45:25.315550
INV00004383,PO0000466,3942.36,2025-04-22 11:41:51.102913,2026-08-12 21:45:25.315550
INV00004474,PO0003929,2053.83,2025-01-03 19:46:25.000000,2026-08-12 21:45:25.315550
INV00004914,PO0004860,1806.41,2025-08-01 01:38:25.000000,2026-08-12 21:45:25.315550
INV00000553,PO0003863,1598.58,2025-08-29 12:18:35.000000,2026-08-12 21:45:25.315550
INV00000576,PO0004333,3912.56,2025-10-11 21:28:34.000000,2026-08-12 21:45:25.315550
INV00000696,PO0003913,3254.29,2025-08-25 22:18:15.000000,2026-08-12 21:45:25.315550
INV00000869,PO0003110,4634.86,2025-09-28 13:11:04.000000,2026-08-12 21:45:25.315550
INV00001106,PO0003849,1006.44,2024-05-17 22:37:00.000000,2026-08-12 21:45:25.315550
INV00001189,PO0004923,1411.69,2026-02-14 03:51:38.000000,2026-08-12 21:45:25.315550
INV00001508,PO0003839,4014.78,2026-04-01 04:51:22.000000,2026-08-12 21:45:25.315550
INV00001723,PO0001674,4098.18,2025-06-02 11:41:51.096923,2026-08-12 21:45:25.315550
INV00001827,PO0000746,3576.79,2025-03-17 04:54:20.000000,2026-08-12 21:45:25.315550
INV00002096,PO0003583,$3277.52,2025-07-30 21:24:01.000000,2026-08-12 21:45:25.315550
INV00002198,PO0003497,4599.73,2024-10-01 00:33:32.000000,2026-08-12 21:45:25.315550
INV00002234,PO0001576,1477.25,2024-09-08 15:22:25.000000,2026-08-12 21:45:25.315550
INV00002894,PO0000681,2517.99,2024-12-12 22:04:24.000000,2026-08-12 21:45:25.315550
INV00003300,PO0001896,1332.22,2024-07-15 11:48:53.000000,2026-08-12 21:45:25.315550
INV00003406,PO0003947,1861.99,2025-08-30 05:35:52.000000,2026-08-12 21:45:25.315550
INV00003409,PO0004540,1345.26,2024-11-03 21:20:19.000000,2026-08-12 21:45:25.315550
INV00003468,PO0003297,107.74,2025-01-19 09:34:37.000000,2026-08-12 21:45:25.315550
INV00004030,PO0004409,3356.84,2025-06-17 09:02:16.000000,2026-08-12 21:45:25.315550
INV00004088,PO0001669,3504.8,2024-06-06 08:36:52.000000,2026-08-12 21:45:25.315550
INV00004135,PO0002229,5392.5,2026-04-23 03:48:50.000000,2026-08-12 21:45:25.315550
INV00004146,PO0003908,2588.69,2025-03-01 02:54:23.000000,2026-08-12 21:45:25.315550
INV00004265,PO0000726,2306.91,2024-12-08 00:02:46.000000,2026-08-12 21:45:25.315550
INV00004468,PO0000388,3550.82,2026-04-18 07:26:37.000000,2026-08-12 21:45:25.315550
INV00004578,PO0004376,5429.16,2025-05-18 11:41:51.102913,2026-08-12 21:45:25.315550
INV00004842,PO0002761,3867.18,2024-12-25 14:14:58.000000,2026-08-12 21:45:25.315550
INV00000208,PO0001310,3653.79,2025-07-16 16:08:51.000000,2026-08-12 21:45:25.315550
INV00001025,PO0001765,3212.87,2026-04-24 22:47:46.000000,2026-08-12 21:45:25.315550
INV00001124,PO0000425,5452.97,2024-07-02 06:58:40.000000,2026-08-12 21:45:25.315550
INV00001662,PO0004197,2333.77,2025-08-05 11:36:17.000000,2026-08-12 21:45:25.315550
INV00001670,PO0003210,2504.68,2024-09-17 11:10:08.000000,2026-08-12 21:45:25.315550
INV00001839,PO0004073,2932.04,2025-08-28 19:38:16.000000,2026-08-12 21:45:25.315550
INV00002108,PO0003416,1004.67,2025-05-12 11:41:51.097427,2026-08-12 21:45:25.315550
INV00002343,PO0003068,3174.15,2026-04-12 08:10:00.000000,2026-08-12 21:45:25.315550
INV00002423,PO0001945,2949.06,2026-04-22 22:11:04.000000,2026-08-12 21:45:25.315550
INV00002918,PO0000716,248.65,2025-08-06 20:44:31.000000,2026-08-12 21:45:25.315550
INV00003072,PO0002305,39.56,2024-10-10 15:08:27.000000,2026-08-12 21:45:25.315550
INV00003184,PO0002698,$683.51,2024-07-08 21:19:59.000000,2026-08-12 21:45:25.315550
INV00003274,PO0002627,5443.92,2026-04-10 12:20:12.000000,2026-08-12 21:45:25.315550
INV00003709,PO0003685,3522.39,2025-01-28 12:24:48.000000,2026-08-12 21:45:25.315550
INV00003843,PO0000923,1247.99,2024-08-27 10:44:17.000000,2026-08-12 21:45:25.315550
INV00004026,PO0002485,3995.17,2025-04-01 03:08:58.000000,2026-08-12 21:45:25.315550
INV00004333,PO0001253,3380.26,2026-05-09 02:09:54.000000,2026-08-12 21:45:25.315550
INV00004335,PO0004652,1442.47,2026-04-20 16:51:20.000000,2026-08-12 21:45:25.315550
INV00004382,PO0002069,4515.82,2024-08-24 17:13:24.000000,2026-08-12 21:45:25.315550
INV00004533,PO0003933,4189.28,2024-06-12 13:42:00.000000,2026-08-12 21:45:25.315550
INV00004715,PO0001598,121.43,2025-01-07 07:50:32.000000,2026-08-12 21:45:25.315550
INV00004967,PO0003240,3837.03,2024-07-09 11:13:54.000000,2026-08-12 21:45:25.315550
INV00000265,PO0001652,4828.41,2025-03-20 15:33:02.000000,2026-08-12 21:45:25.315550
INV00000733,PO0000551,1728.43,2025-05-31 21:44:46.000000,2026-08-12 21:45:25.315550
INV00000849,PO0000104,2377.35,2026-03-10 10:00:08.000000,2026-08-12 21:45:25.315550
INV00001028,PO0001945,3376.82,2026-04-15 22:11:04.000000,2026-08-12 21:45:25.315550
INV00001057,PO0002946,3071.14,2024-07-04 19:50:01.000000,2026-08-12 21:45:25.315550
INV00001344,PO0003757,3429.17,2024-06-10 04:17:25.000000,2026-08-12 21:45:25.315550
INV00001413,PO0004410,789.51,2025-06-29 13:51:00.000000,2026-08-12 21:45:25.315550
INV00001507,PO0003661,5420.95,2024-11-11 21:32:33.000000,2026-08-12 21:45:25.315550
INV00001649,PO0001045,283.25,2026-03-03 22:02:57.000000,2026-08-12 21:45:25.315550
INV00002174,PO0001335,2401.34,2025-05-13 11:41:51.097427,2026-08-12 21:45:25.315550
INV00002328,PO0004048,130.12,2025-08-23 06:51:22.000000,2026-08-12 21:45:25.315550
INV00002474,PO0000121,45.58,2024-09-14 02:33:30.000000,2026-08-12 21:45:25.315550
INV00002593,PO0001295,3608.52,2024-10-23 00:04:33.000000,2026-08-12 21:45:25.315550
INV00002678,PO0001426,36.34,2025-10-10 17:00:02.000000,2026-08-12 21:45:25.315550
INV00003211,PO0001865,1319.28,2024-09-09 04:58:54.000000,2026-08-12 21:45:25.315550
INV00003311,PO0001903,4236.77,2025-07-27 11:45:03.000000,2026-08-12 21:45:25.315550
INV00003507,PO0000964,1155.55,2025-03-29 19:18:37.000000,2026-08-12 21:45:25.315550
INV00003605,PO0001387,3465.12,2025-09-12 13:33:04.000000,2026-08-12 21:45:25.315550
INV00003660,PO0000872,5328.39,2025-02-22 10:27:57.000000,2026-08-12 21:45:25.315550
INV00003937,PO0002333,5323.61,2024-10-29 03:39:46.000000,2026-08-12 21:45:25.315550
INV00003977,PO0002203,4077.21,2026-03-12 04:15:59.000000,2026-08-12 21:45:25.315550
INV00004411,PO0000494,931.0,2025-05-07 06:31:10.000000,2026-08-12 21:45:25.315550
INV00004615,PO0003715,4820.94,2026-03-31 00:36:05.000000,2026-08-12 21:45:25.315550
INV00004898,PO0000483,4243.42,2025-12-26 23:48:17.000000,2026-08-12 21:45:25.315550
INV00000001,PO0000665,3865.0,2024-08-04 04:12:27.000000,2026-08-12 21:45:25.315550
INV00000389,PO0004654,2532.38,2024-10-09 04:13:23.000000,2026-08-12 21:45:25.315550
INV00000449,PO0003521,2703.67,2025-11-25 04:19:57.000000,2026-08-12 21:45:25.315550
INV00000843,PO0002959,1254.2,2025-09-18 14:35:04.000000,2026-08-12 21:45:25.315550
INV00000865,PO0003956,4526.92,2025-11-27 00:52:21.000000,2026-08-12 21:45:25.315550
INV00001079,PO0003705,2829.99,2025-04-17 20:48:17.000000,2026-08-12 21:45:25.315550
INV00001224,PO0004468,2501.06,2025-11-25 03:27:36.000000,2026-08-12 21:45:25.315550
INV00001369,PO0004846,5072.42,2025-09-19 04:35:25.000000,2026-08-12 21:45:25.315550
INV00001451,PO0001044,896.15,2025-04-27 11:41:51.095433,2026-08-12 21:45:25.315550
INV00002008,PO0004986,4840.02,2025-05-23 07:19:00.000000,2026-08-12 21:45:25.315550
INV00002179,PO0002744,3569.58,2025-05-03 19:12:29.000000,2026-08-12 21:45:25.315550
INV00002403,PO0001541,4262.55,2025-07-05 12:56:57.000000,2026-08-12 21:45:25.315550
INV00002431,PO0004048,4471.68,2025-09-02 06:51:22.000000,2026-08-12 21:45:25.315550
INV00002585,PO0000765,2005.42,2025-12-22 01:25:45.000000,2026-08-12 21:45:25.315550
INV00003016,PO0003771,2402.84,2025-01-26 06:13:10.000000,2026-08-12 21:45:25.315550
INV00003353,PO0001158,3113.37,2024-11-06 17:11:23.000000,2026-08-12 21:45:25.315550
INV00003399,PO0000029,2583.28,2026-01-09 18:48:54.000000,2026-08-12 21:45:25.315550
INV00003496,PO0004290,5247.46,2024-08-24 12:26:41.000000,2026-08-12 21:45:25.315550
INV00003532,PO0001403,1205.44,2024-12-05 01:06:49.000000,2026-08-12 21:45:25.315550
INV00003816,PO0002019,263.29,2025-07-15 07:30:19.000000,2026-08-12 21:45:25.315550
INV00003988,PO0000629,2325.6,2025-03-20 10:53:22.000000,2026-08-12 21:45:25.315550
INV00004539,PO0002124,$814.58,2026-03-30 21:20:10.000000,2026-08-12 21:45:25.315550
INV00004673,PO0003093,544.31,2024-10-24 19:28:57.000000,2026-08-12 21:45:25.315550
INV00004828,PO0004365,803.15,2026-04-23 00:03:17.000000,2026-08-12 21:45:25.315550
INV00000323,PO0000893,444.46,2025-04-15 13:06:52.000000,2026-08-12 21:45:25.315550
INV00000485,PO0001309,1163.46,2024-06-24 00:24:04.000000,2026-08-12 21:45:25.315550
INV00000537,PO0003327,3520.83,2025-12-18 13:00:04.000000,2026-08-12 21:45:25.315550
INV00000670,PO0001127,3298.26,2025-05-18 11:41:51.093428,2026-08-12 21:45:25.315550
INV00001210,PO0000249,801.93,2025-11-18 05:44:41.000000,2026-08-12 21:45:25.315550
INV00001447,PO0000929,3706.9,2025-01-11 08:48:24.000000,2026-08-12 21:45:25.315550
INV00001495,PO0000428,3021.81,2025-04-24 13:04:23.000000,2026-08-12 21:45:25.315550
INV00001511,PO0000511,3522.76,2025-03-22 07:53:34.000000,2026-08-12 21:45:25.315550
INV00001599,PO0003330,1016.25,2024-08-20 19:03:57.000000,2026-08-12 21:45:25.315550
INV00001665,PO0004594,1379.13,2025-11-05 10:25:07.000000,2026-08-12 21:45:25.315550
INV00002200,PO0001925,4052.98,2025-04-14 11:41:51.097427,2026-08-12 21:45:25.315550
INV00002310,PO0001153,2275.98,2026-03-30 01:39:53.000000,2026-08-12 21:45:25.315550
INV00002415,PO0004909,1495.31,2024-06-08 05:53:36.000000,2026-08-12 21:45:25.315550
INV00002633,PO0001311,1655.72,2025-08-25 17:32:48.000000,2026-08-12 21:45:25.315550
INV00002679,PO0003103,4493.39,2024-07-12 09:52:42.000000,2026-08-12 21:45:25.315550
INV00002938,PO0004818,2966.24,2025-11-16 14:06:01.000000,2026-08-12 21:45:25.315550
INV00003215,PO0004539,4492.41,2024-11-12 05:35:58.000000,2026-08-12 21:45:25.315550
INV00004137,PO0003413,422.88,2025-04-21 11:41:51.102408,2026-08-12 21:45:25.315550
INV00004179,PO0003741,2111.63,2025-05-18 08:12:59.000000,2026-08-12 21:45:25.315550
INV00004193,PO0003662,3972.87,2026-03-23 09:44:12.000000,2026-08-12 21:45:25.315550
INV00000117,PO0000114,2432.43,2026-05-01 11:51:58.000000,2026-08-12 21:45:25.315550
INV00000176,PO0000923,5310.59,2024-07-26 10:44:17.000000,2026-08-12 21:45:25.315550
INV00000370,PO0000498,3462.41,2024-10-26 13:53:25.000000,2026-08-12 21:45:25.315550
INV00000640,PO0004880,2104.02,2025-05-04 21:20:23.000000,2026-08-12 21:45:25.315550
INV00000856,PO0003557,2344.07,2025-02-01 03:57:52.000000,2026-08-12 21:45:25.315550
INV00000872,PO0002330,1416.17,2025-07-10 01:46:26.000000,2026-08-12 21:45:25.315550
INV00001141,PO0002216,637.89,2025-06-28 20:49:01.000000,2026-08-12 21:45:25.315550
INV00001147,PO0004295,372.01,2025-01-06 20:19:19.000000,2026-08-12 21:45:25.315550
INV00001219,PO0003641,4606.28,2024-06-14 13:29:04.000000,2026-08-12 21:45:25.315550
INV00001247,PO0002397,1949.03,2024-12-05 04:20:25.000000,2026-08-12 21:45:25.315550
INV00001573,PO0002414,3696.76,2025-09-02 11:56:31.000000,2026-08-12 21:45:25.315550
INV00001932,PO0002060,2746.32,2024-06-28 01:15:12.000000,2026-08-12 21:45:25.315550
INV00002051,PO0001461,2211.84,2025-11-27 08:28:26.000000,2026-08-12 21:45:25.315550
INV00002080,PO0004986,910.59,2025-06-03 07:19:00.000000,2026-08-12 21:45:25.315550
INV00002270,PO0003296,5473.63,2025-02-01 03:42:14.000000,2026-08-12 21:45:25.315550
INV00002500,PO0003438,3357.47,2026-04-11 17:04:31.000000,2026-08-12 21:45:25.315550
INV00002508,PO0004631,2657.69,2025-08-13 22:28:10.000000,2026-08-12 21:45:25.315550
INV00002892,PO0003737,1725.27,2025-05-25 11:41:51.098952,2026-08-12 21:45:25.315550
INV00002969,PO0003971,1958.13,2025-11-01 16:29:42.000000,2026-08-12 21:45:25.315550
INV00003050,PO0002350,1241.3,2025-05-19 11:41:51.098952,2026-08-12 21:45:25.315550
INV00003240,PO0000873,1120.85,2025-09-27 00:46:05.000000,2026-08-12 21:45:25.315550
INV00003283,PO0002128,3760.61,2024-08-03 22:01:41.000000,2026-08-12 21:45:25.315550
INV00004127,PO0001895,3583.37,2024-12-28 02:24:24.000000,2026-08-12 21:45:25.315550
INV00004729,PO0004379,1021.08,2025-06-30 12:17:40.000000,2026-08-12 21:45:25.315550
INV00004893,PO0004001,684.59,2025-06-26 00:52:37.000000,2026-08-12 21:45:25.315550
INV00004972,PO0001935,1588.13,2025-07-31 05:45:58.000000,2026-08-12 21:45:25.315550
INV00000054,PO0000193,5243.05,2025-08-23 05:43:18.000000,2026-08-12 21:45:25.315550
INV00000089,PO0002249,49.1,2024-05-23 06:33:43.000000,2026-08-12 21:45:25.315550
INV00000133,PO0004460,4485.89,2024-12-24 21:57:29.000000,2026-08-12 21:45:25.315550
INV00000274,PO0003432,669.82,2025-11-13 05:04:05.000000,2026-08-12 21:45:25.315550
INV00000779,PO0004951,4074.18,2025-07-15 23:43:05.000000,2026-08-12 21:45:25.315550
INV00001070,PO0003488,5312.69,2025-02-04 06:49:54.000000,2026-08-12 21:45:25.315550
INV00001081,PO0002966,2454.38,2026-05-31 01:18:33.000000,2026-08-12 21:45:25.315550
INV00001101,PO0003674,4728.9,2026-04-28 09:24:51.000000,2026-08-12 21:45:25.315550
INV00001986,PO0000462,3585.61,2026-04-20 09:55:51.000000,2026-08-12 21:45:25.315550
INV00002538,PO0002467,5452.76,2024-11-27 18:41:41.000000,2026-08-12 21:45:25.315550
INV00003151,PO0000603,4525.28,2026-04-13 04:01:46.000000,2026-08-12 21:45:25.315550
INV00003523,PO0004114,2220.37,2024-12-14 13:22:36.000000,2026-08-12 21:45:25.315550
INV00003682,PO0003379,4132.98,2025-11-03 02:57:56.000000,2026-08-12 21:45:25.315550
INV00003687,PO0001480,992.89,2025-07-20 13:07:01.000000,2026-08-12 21:45:25.315550
INV00003766,PO0002806,4505.04,2025-09-21 14:04:03.000000,2026-08-12 21:45:25.315550
INV00003873,PO0003071,5370.42,2026-02-07 00:59:17.000000,2026-08-12 21:45:25.315550
INV00004104,PO0003722,3365.5,2025-09-17 14:23:28.000000,2026-08-12 21:45:25.315550
INV00004220,PO0003201,5147.13,2026-01-17 15:54:27.000000,2026-08-12 21:45:25.315550
INV00004315,PO0002641,5127.79,2025-12-22 13:30:30.000000,2026-08-12 21:45:25.315550
INV00004471,PO0004175,5158.95,2025-02-04 03:25:06.000000,2026-08-12 21:45:25.315550
INV00004556,PO0002260,3957.16,2024-06-23 02:48:18.000000,2026-08-12 21:45:25.315550
INV00004560,PO0004992,2558.8,2025-09-29 08:12:22.000000,2026-08-12 21:45:25.315550
INV00000017,PO0000919,4241.2,2025-04-21 05:34:58.000000,2026-08-12 21:45:25.315550
INV00000062,PO0002746,235.82,2024-07-20 13:10:17.000000,2026-08-12 21:45:25.315550
INV00000108,PO0001386,333.39,2024-10-09 16:01:00.000000,2026-08-12 21:45:25.315550
INV00000350,PO0002510,5215.83,2026-04-12 02:20:49.000000,2026-08-12 21:45:25.315550
INV00001100,PO0002683,1740.34,2024-08-26 15:53:20.000000,2026-08-12 21:45:25.315550
INV00001109,PO0003009,795.64,2026-03-12 14:29:07.000000,2026-08-12 21:45:25.315550
INV00001296,PO0000428,3656.48,2025-04-07 13:04:23.000000,2026-08-12 21:45:25.315550
INV00001973,PO0001083,396.47,2025-10-05 03:55:50.000000,2026-08-12 21:45:25.315550
INV00001984,PO0003974,5227.26,2025-09-18 23:56:20.000000,2026-08-12 21:45:25.315550
INV00002095,PO0004002,5212.63,2026-04-14 21:52:02.000000,2026-08-12 21:45:25.315550
INV00002490,PO0002575,1433.39,2025-02-07 06:41:03.000000,2026-08-12 21:45:25.315550
INV00002711,PO0001101,4733.32,2024-07-05 12:35:19.000000,2026-08-12 21:45:25.315550
INV00003094,PO0002986,1995.56,2026-02-22 16:29:12.000000,2026-08-12 21:45:25.315550
INV00003142,PO0002341,1942.4,2025-09-02 04:21:44.000000,2026-08-12 21:45:25.315550
INV00003189,PO0002638,5331.61,2025-01-05 12:31:25.000000,2026-08-12 21:45:25.315550
INV00003902,PO0002959,4403.65,2025-08-11 14:35:04.000000,2026-08-12 21:45:25.315550
INV00003953,PO0002300,2175.9,2024-10-11 15:16:31.000000,2026-08-12 21:45:25.315550
INV00003979,PO0000158,3838.42,2024-10-17 02:48:30.000000,2026-08-12 21:45:25.315550
INV00004697,PO0003295,3660.51,2024-07-12 11:38:57.000000,2026-08-12 21:45:25.315550
INV00004721,PO0002427,4299.34,2025-12-03 14:06:27.000000,2026-08-12 21:45:25.315550
INV00004791,PO0003290,5457.88,2025-03-05 00:55:21.000000,2026-08-12 21:45:25.315550
INV00000338,PO0003030,5100.38,2025-07-16 03:59:11.000000,2026-08-12 21:45:25.315550
INV00000423,PO0000992,4716.93,2025-05-12 12:25:15.000000,2026-08-12 21:45:25.315550
INV00000686,PO0003045,2503.48,2025-11-28 21:27:17.000000,2026-08-12 21:45:25.315550
INV00000838,PO0002394,3147.43,2025-12-27 14:58:22.000000,2026-08-12 21:45:25.315550
INV00000847,PO0000862,4024.38,2025-04-28 11:41:51.093428,2026-08-12 21:45:25.315550
INV00001094,PO0002541,1825.0,2025-01-25 11:18:25.000000,2026-08-12 21:45:25.315550
INV00001297,PO0003143,3751.34,2024-09-03 07:56:58.000000,2026-08-12 21:45:25.315550
INV00001553,PO0001312,4342.1,2025-03-11 03:39:05.000000,2026-08-12 21:45:25.315550
INV00001902,PO0004093,3488.9,2024-11-10 03:10:01.000000,2026-08-12 21:45:25.315550
INV00002346,PO0002115,5103.7,2024-09-03 00:43:14.000000,2026-08-12 21:45:25.315550
INV00002402,PO0004803,2891.47,2026-02-04 01:02:46.000000,2026-08-12 21:45:25.315550
INV00002417,PO0003551,1092.75,2024-07-17 15:55:52.000000,2026-08-12 21:45:25.315550
INV00002890,PO0003521,3988.61,2025-10-26 04:19:57.000000,2026-08-12 21:45:25.315550
INV00002970,PO0003999,2728.66,2025-12-30 04:49:45.000000,2026-08-12 21:45:25.315550
INV00003004,PO0002060,163.4,2024-06-28 01:15:12.000000,2026-08-12 21:45:25.315550
INV00003461,PO0001144,2683.12,2025-01-19 05:48:25.000000,2026-08-12 21:45:25.315550
INV00003639,PO0003981,781.54,2026-03-26 11:45:56.000000,2026-08-12 21:45:25.315550
INV00003845,PO0003912,5430.81,2025-09-06 03:37:25.000000,2026-08-12 21:45:25.315550
INV00003879,PO0002385,1994.36,2025-11-17 11:53:07.000000,2026-08-12 21:45:25.315550
INV00004110,PO0001232,896.6,2024-07-13 20:46:51.000000,2026-08-12 21:45:25.315550
INV00004175,PO0002028,3064.05,2024-06-24 07:53:07.000000,2026-08-12 21:45:25.315550
INV00004328,PO0003231,2500.32,2025-10-31 15:52:34.000000,2026-08-12 21:45:25.315550
INV00004760,PO0003252,4467.85,2025-05-19 11:41:51.102913,2026-08-12 21:45:25.315550
INV00004855,PO0003350,3282.19,2025-05-11 08:46:59.000000,2026-08-12 21:45:25.315550
INV00004987,PO0004317,952.9,2026-05-14 15:43:52.000000,2026-08-12 21:45:25.315550
INV00000617,PO0002812,4540.23,2026-02-04 15:31:11.000000,2026-08-12 21:45:25.315550
INV00000909,PO0003443,117.45,2026-02-22 06:24:02.000000,2026-08-12 21:45:25.315550
INV00001181,PO0000395,4807.72,2025-11-25 17:27:20.000000,2026-08-12 21:45:25.315550
INV00001273,PO0002590,502.88,2024-09-05 07:08:14.000000,2026-08-12 21:45:25.315550
INV00001407,PO0000454,2658.78,2024-12-30 22:19:14.000000,2026-08-12 21:45:25.315550
INV00001927,PO0001046,4870.13,2024-07-06 19:35:34.000000,2026-08-12 21:45:25.315550
INV00001975,PO0003611,3577.96,2024-12-15 17:24:24.000000,2026-08-12 21:45:25.315550
INV00002040,PO0004184,5275.24,2025-09-10 12:13:22.000000,2026-08-12 21:45:25.315550
INV00002203,PO0003201,$3292.32,2026-01-16 15:54:27.000000,2026-08-12 21:45:25.315550
INV00002476,PO0004103,3801.64,2026-03-28 18:45:08.000000,2026-08-12 21:45:25.315550
INV00002479,PO0001449,4741.69,2025-08-20 17:45:21.000000,2026-08-12 21:45:25.315550
INV00002599,PO0002455,3641.54,2024-09-27 21:29:28.000000,2026-08-12 21:45:25.315550
INV00002830,PO0002104,152.41,2024-10-30 05:20:50.000000,2026-08-12 21:45:25.315550
INV00002910,PO0001169,3398.94,2024-07-31 14:07:44.000000,2026-08-12 21:45:25.315550
INV00003518,PO0001585,$662.72,2025-08-09 17:13:50.000000,2026-08-12 21:45:25.315550
INV00003671,PO0000266,1375.58,2025-05-31 11:41:51.101047,2026-08-12 21:45:25.315550
INV00003830,PO0003685,3274.76,2025-01-29 12:24:48.000000,2026-08-12 21:45:25.315550
INV00003897,PO0000840,1337.29,2025-11-19 12:15:40.000000,2026-08-12 21:45:25.315550
INV00004593,PO0000559,757.02,2024-08-06 08:16:20.000000,2026-08-12 21:45:25.315550
INV00004629,PO0001110,615.25,2025-01-05 15:17:31.000000,2026-08-12 21:45:25.315550
INV00004684,PO0003385,4686.26,2024-09-13 20:01:57.000000,2026-08-12 21:45:25.315550
INV00000024,PO0001493,5150.38,2025-07-08 05:49:07.000000,2026-08-12 21:45:25.315550
INV00000191,PO0000410,2749.55,2025-09-06 02:41:48.000000,2026-08-12 21:45:25.315550
INV00000569,PO0004175,3923.59,2025-02-17 03:25:06.000000,2026-08-12 21:45:25.315550
INV00000600,PO0004201,1086.8,2024-09-27 00:50:31.000000,2026-08-12 21:45:25.315550
INV00000796,PO0000752,$4200.81,2025-06-05 02:48:23.000000,2026-08-12 21:45:25.315550
INV00001957,PO0003968,2564.57,2025-04-26 17:58:21.000000,2026-08-12 21:45:25.315550
INV00002230,PO0002199,1783.48,2024-09-25 14:48:23.000000,2026-08-12 21:45:25.315550
INV00002317,PO0003828,49.57,2026-01-24 19:58:56.000000,2026-08-12 21:45:25.315550
INV00002902,PO0004884,4785.35,2025-03-23 19:00:53.000000,2026-08-12 21:45:25.315550
INV00002959,PO0003072,4399.78,2024-11-17 18:26:30.000000,2026-08-12 21:45:25.315550
INV00003099,PO0000952,198.62,2024-05-28 00:05:40.000000,2026-08-12 21:45:25.315550
INV00003316,PO0000802,1258.59,2026-02-26 08:26:18.000000,2026-08-12 21:45:25.315550
INV00003334,PO0001247,5497.7,2024-08-04 01:34:34.000000,2026-08-12 21:45:25.315550
INV00003573,PO0000372,3279.98,2024-06-02 07:05:20.000000,2026-08-12 21:45:25.315550
INV00004081,PO0001288,2624.35,2024-07-18 03:05:40.000000,2026-08-12 21:45:25.315550
INV00004211,PO0004154,2574.61,2025-02-06 12:02:16.000000,2026-08-12 21:45:25.315550
INV00004363,PO0002715,1092.59,2025-05-03 11:41:51.102913,2026-08-12 21:45:25.315550
INV00004954,PO0004756,741.67,2025-08-23 20:38:58.000000,2026-08-12 21:45:25.315550
INV00004974,PO0003160,3890.73,2024-05-02 11:59:43.000000,2026-08-12 21:45:25.315550
INV00000011,PO0000256,687.54,2024-06-28 10:10:24.000000,2026-08-12 21:45:25.315550
INV00000419,PO0001157,958.96,2025-01-02 22:38:43.000000,2026-08-12 21:45:25.315550
INV00000760,PO0004053,5422.24,2024-11-29 05:12:05.000000,2026-08-12 21:45:25.315550
INV00001122,PO0004545,2868.97,2025-03-04 09:58:26.000000,2026-08-12 21:45:25.315550
INV00001857,PO0002668,2912.02,2024-07-13 10:42:54.000000,2026-08-12 21:45:25.315550
INV00001967,PO0002226,4551.43,2025-05-01 02:28:30.000000,2026-08-12 21:45:25.315550
INV00001991,PO0002709,5157.61,2025-06-02 15:51:25.000000,2026-08-12 21:45:25.315550
INV00002025,PO0001993,520.72,2025-11-13 09:49:24.000000,2026-08-12 21:45:25.315550
INV00002131,PO0002955,1198.44,2026-01-26 09:00:03.000000,2026-08-12 21:45:25.315550
INV00002145,PO0003227,3691.56,2025-11-08 17:52:43.000000,2026-08-12 21:45:25.315550
INV00002407,PO0003847,298.38,2025-10-09 11:17:43.000000,2026-08-12 21:45:25.315550
INV00002516,PO0001933,3555.01,2025-05-14 15:53:26.000000,2026-08-12 21:45:25.315550
INV00002566,PO0001750,1549.37,2025-10-11 01:57:57.000000,2026-08-12 21:45:25.315550
INV00002621,PO0003274,3727.6,2026-02-20 06:32:36.000000,2026-08-12 21:45:25.315550
INV00002672,PO0001028,2596.54,2024-08-03 22:38:57.000000,2026-08-12 21:45:25.315550
INV00002854,PO0004550,1903.48,2026-03-03 23:20:07.000000,2026-08-12 21:45:25.315550
INV00003436,PO0004374,2888.12,2025-04-19 08:18:38.000000,2026-08-12 21:45:25.315550
INV00003483,PO0001357,3800.81,2024-08-10 04:47:14.000000,2026-08-12 21:45:25.315550
INV00003491,PO0003156,4566.5,2024-06-23 11:23:48.000000,2026-08-12 21:45:25.315550
INV00003855,PO0001375,5134.24,2026-03-11 21:05:10.000000,2026-08-12 21:45:25.315550
INV00003945,PO0000776,4742.83,2025-04-29 11:41:51.101047,2026-08-12 21:45:25.315550
INV00004119,PO0004998,141.76,2024-07-30 11:09:44.000000,2026-08-12 21:45:25.315550
INV00004243,PO0004270,481.06,2025-08-20 22:39:32.000000,2026-08-12 21:45:25.315550
INV00004437,PO0004749,3329.41,2026-02-27 15:04:34.000000,2026-08-12 21:45:25.315550
INV00004465,PO0003466,629.47,2025-04-25 11:41:51.102913,2026-08-12 21:45:25.315550
INV00004585,PO0000938,189.3,2024-11-24 00:43:51.000000,2026-08-12 21:45:25.315550
INV00004720,PO0002179,5212.13,2025-02-11 22:06:20.000000,2026-08-12 21:45:25.315550
INV00004962,PO0004194,$779.22,2025-07-22 02:58:35.000000,2026-08-12 21:45:25.315550
INV00000080,PO0003266,633.98,2025-05-28 11:41:51.091922,2026-08-12 21:45:25.315550
INV00000215,PO0003905,855.84,2025-01-08 22:04:51.000000,2026-08-12 21:45:25.315550
INV00000556,PO0000490,4610.8,2025-10-17 18:38:26.000000,2026-08-12 21:45:25.315550
INV00000587,PO0004228,1117.35,2025-10-18 18:16:01.000000,2026-08-12 21:45:25.315550
INV00000588,PO0003743,2307.33,2024-09-05 02:27:10.000000,2026-08-12 21:45:25.315550
INV00001225,PO0001420,397.47,2025-06-29 12:30:09.000000,2026-08-12 21:45:25.315550
INV00001432,PO0000007,3368.17,2025-11-07 16:08:18.000000,2026-08-12 21:45:25.315550
INV00001510,PO0003624,1138.9,2024-07-17 12:09:19.000000,2026-08-12 21:45:25.315550
INV00001721,PO0003144,356.34,2024-07-09 11:30:36.000000,2026-08-12 21:45:25.315550
INV00001771,PO0001346,537.01,2026-01-28 22:30:39.000000,2026-08-12 21:45:25.315550
INV00001800,PO0003303,5458.86,2025-09-10 17:10:08.000000,2026-08-12 21:45:25.315550
INV00002120,PO0000947,1405.28,2026-04-17 21:49:56.000000,2026-08-12 21:45:25.315550
INV00002988,PO0002266,4908.29,2025-06-03 23:03:54.000000,2026-08-12 21:45:25.315550
INV00003039,PO0000574,2253.7,2026-02-21 23:45:09.000000,2026-08-12 21:45:25.315550
INV00003346,PO0001953,1349.83,2025-06-13 06:27:13.000000,2026-08-12 21:45:25.315550
INV00003475,PO0000561,4958.59,2025-10-30 18:18:29.000000,2026-08-12 21:45:25.315550
INV00003809,PO0002469,2505.52,2025-03-27 16:41:13.000000,2026-08-12 21:45:25.315550
INV00004006,PO0001168,4035.88,2025-04-05 05:30:16.000000,2026-08-12 21:45:25.315550
INV00004103,PO0001174,973.41,2024-11-02 03:49:14.000000,2026-08-12 21:45:25.315550
INV00004189,PO0002342,1455.89,2024-08-27 09:39:10.000000,2026-08-12 21:45:25.315550
INV00004535,PO0000611,1854.68,2024-12-16 22:15:10.000000,2026-08-12 21:45:25.315550
INV00004792,PO0004997,2651.1,2024-06-26 23:51:08.000000,2026-08-12 21:45:25.315550
INV00004810,PO0000085,2663.43,2025-03-02 02:29:48.000000,2026-08-12 21:45:25.315550
INV00004811,PO0004660,2848.13,2026-02-27 03:24:15.000000,2026-08-12 21:45:25.315550
INV00004854,PO0003822,$3196.48,2024-08-28 07:41:15.000000,2026-08-12 21:45:25.315550
INV00000026,PO0004387,1087.73,2025-03-24 18:38:17.000000,2026-08-12 21:45:25.315550
INV00000049,PO0004046,2164.17,2024-11-23 16:14:02.000000,2026-08-12 21:45:25.315550
INV00000116,PO0002619,302.14,2025-09-03 03:02:21.000000,2026-08-12 21:45:25.315550
INV00000178,PO0000656,4229.47,2025-07-12 16:10:18.000000,2026-08-12 21:45:25.315550
INV00000201,PO0004794,1652.22,2024-07-29 06:02:44.000000,2026-08-12 21:45:25.315550
INV00000369,PO0001681,3911.28,2025-01-22 03:28:55.000000,2026-08-12 21:45:25.315550
INV00000380,PO0002296,5329.51,2025-04-10 15:12:11.000000,2026-08-12 21:45:25.315550
INV00000783,PO0002995,3255.41,2025-01-25 15:46:21.000000,2026-08-12 21:45:25.315550
INV00000831,PO0001624,1062.69,2025-01-28 08:24:50.000000,2026-08-12 21:45:25.315550
INV00000871,PO0000213,2161.17,2025-03-25 10:09:40.000000,2026-08-12 21:45:25.315550
INV00001143,PO0000822,2723.83,2025-10-21 02:11:53.000000,2026-08-12 21:45:25.315550
INV00001226,PO0003962,1812.46,2025-05-04 11:41:51.094522,2026-08-12 21:45:25.315550
INV00001337,PO0002612,2948.76,2024-09-10 12:58:24.000000,2026-08-12 21:45:25.315550
INV00001481,PO0004545,2099.15,2025-02-07 09:58:26.000000,2026-08-12 21:45:25.315550
INV00001825,PO0003074,5463.61,2024-05-11 14:23:15.000000,2026-08-12 21:45:25.315550
INV00002330,PO0002150,3039.09,2024-10-03 18:07:45.000000,2026-08-12 21:45:25.315550
INV00002368,PO0004657,3388.55,2025-03-14 17:17:00.000000,2026-08-12 21:45:25.315550
INV00002470,PO0001461,2248.1,2025-12-04 08:28:26.000000,2026-08-12 21:45:25.315550
INV00002905,PO0003662,2612.48,2026-02-10 09:44:12.000000,2026-08-12 21:45:25.315550
INV00003195,PO0001699,1562.61,2024-10-22 17:42:12.000000,2026-08-12 21:45:25.315550
INV00003221,PO0004784,5125.57,2025-03-28 04:55:48.000000,2026-08-12 21:45:25.315550
INV00003358,PO0004163,2838.83,2025-11-16 12:58:30.000000,2026-08-12 21:45:25.315550
INV00003418,PO0002346,3810.0,2025-06-11 22:03:34.000000,2026-08-12 21:45:25.315550
INV00003527,PO0004948,4291.48,2024-06-13 03:41:47.000000,2026-08-12 21:45:25.315550
INV00003543,PO0004429,562.16,2025-07-29 06:04:50.000000,2026-08-12 21:45:25.315550
INV00003549,PO0000406,3918.55,2025-03-27 13:15:00.000000,2026-08-12 21:45:25.315550
INV00003618,PO0000248,109.8,2024-11-03 01:13:52.000000,2026-08-12 21:45:25.315550
INV00003714,PO0000378,1475.65,2024-09-13 16:29:29.000000,2026-08-12 21:45:25.315550
INV00003956,PO0000776,5242.15,2025-04-29 11:41:51.101047,2026-08-12 21:45:25.315550
INV00004024,PO0004167,4098.5,2025-08-11 20:35:39.000000,2026-08-12 21:45:25.315550
INV00004569,PO0004219,3627.44,2026-02-04 02:41:58.000000,2026-08-12 21:45:25.315550
INV00004701,PO0000066,319.87,2024-08-26 00:57:58.000000,2026-08-12 21:45:25.315550
INV00004861,PO0001230,4486.45,2025-06-02 13:53:59.000000,2026-08-12 21:45:25.315550
INV00004990,PO0003246,464.71,2024-08-09 01:01:11.000000,2026-08-12 21:45:25.315550
INV00000086,PO0000268,506.48,2025-05-09 11:41:51.091922,2026-08-12 21:45:25.315550
INV00000184,PO0003401,4671.26,2025-06-30 22:44:19.000000,2026-08-12 21:45:25.315550
INV00000785,PO0003126,379.29,2025-11-07 05:29:32.000000,2026-08-12 21:45:25.315550
INV00001378,PO0000353,2928.33,2025-04-02 03:35:07.000000,2026-08-12 21:45:25.315550
INV00001840,PO0004454,3942.22,2025-08-13 22:49:45.000000,2026-08-12 21:45:25.315550
INV00002123,PO0002253,$901.08,2026-03-17 09:40:20.000000,2026-08-12 21:45:25.315550
INV00002138,PO0003508,766.68,2025-08-24 10:50:30.000000,2026-08-12 21:45:25.315550
INV00002194,PO0001509,5403.0,2025-04-30 11:41:51.097427,2026-08-12 21:45:25.315550
INV00002818,PO0002968,2211.06,2025-11-03 02:04:08.000000,2026-08-12 21:45:25.315550
INV00002861,PO0000929,3780.73,2024-12-19 08:48:24.000000,2026-08-12 21:45:25.315550
INV00003079,PO0000656,1287.91,2025-06-23 16:10:18.000000,2026-08-12 21:45:25.315550
INV00003227,PO0001482,1935.99,2024-11-01 16:07:26.000000,2026-08-12 21:45:25.315550
INV00003571,PO0002964,4918.1,2024-08-28 20:32:58.000000,2026-08-12 21:45:25.315550
INV00003832,PO0000949,$966.78,2024-10-06 00:55:07.000000,2026-08-12 21:45:25.315550
INV00003963,PO0001652,2131.78,2025-03-17 15:33:02.000000,2026-08-12 21:45:25.315550
INV00004261,PO0001091,4944.52,2025-03-18 10:03:41.000000,2026-08-12 21:45:25.315550
INV00004276,PO0003109,2544.86,2025-08-31 22:56:08.000000,2026-08-12 21:45:25.315550
INV00004405,PO0002858,3903.73,2025-03-19 16:45:15.000000,2026-08-12 21:45:25.315550
INV00004429,PO0004737,3177.02,2024-07-09 09:31:59.000000,2026-08-12 21:45:25.315550
INV00004587,PO0001709,449.43,2024-09-19 20:28:59.000000,2026-08-12 21:45:25.315550
INV00004700,PO0000303,200.73,2025-07-27 17:16:22.000000,2026-08-12 21:45:25.315550
INV00004783,PO0002102,489.68,2024-09-14 09:34:34.000000,2026-08-12 21:45:25.315550
INV00000015,PO0000956,65.89,2026-01-15 09:21:45.000000,2026-08-12 21:45:25.315550
INV00000027,PO0002524,2573.4,2024-09-16 07:43:54.000000,2026-08-12 21:45:25.315550
INV00000221,PO0002019,4339.27,2025-06-21 07:30:19.000000,2026-08-12 21:45:25.315550
INV00000570,PO0001166,3616.73,2025-06-07 13:19:07.000000,2026-08-12 21:45:25.315550
INV00000673,PO0002068,2711.55,2025-05-25 23:05:49.000000,2026-08-12 21:45:25.315550
INV00000687,PO0004842,802.41,2025-02-15 10:59:59.000000,2026-08-12 21:45:25.315550
INV00000812,PO0001647,1413.12,2024-05-23 21:21:39.000000,2026-08-12 21:45:25.315550
INV00000861,PO0002038,4107.3,2024-05-16 04:47:38.000000,2026-08-12 21:45:25.315550
INV00000870,PO0000646,571.07,2026-02-22 09:39:54.000000,2026-08-12 21:45:25.315550
INV00001467,PO0000741,2614.32,2026-01-05 22:13:04.000000,2026-08-12 21:45:25.315550
INV00001625,PO0002677,4524.21,2025-08-27 04:12:01.000000,2026-08-12 21:45:25.315550
INV00001706,PO0001209,3078.8,2025-10-25 11:55:02.000000,2026-08-12 21:45:25.315550
INV00001766,PO0002080,4031.72,2025-12-31 18:46:39.000000,2026-08-12 21:45:25.315550
INV00001820,PO0002386,3007.11,2025-05-07 04:03:03.000000,2026-08-12 21:45:25.315550
INV00002295,PO0001786,3894.14,2025-05-08 09:16:59.000000,2026-08-12 21:45:25.315550
INV00002382,PO0002278,472.08,2024-09-09 07:36:59.000000,2026-08-12 21:45:25.315550
INV00002418,PO0002440,2041.29,2025-05-19 11:41:51.097427,2026-08-12 21:45:25.315550
INV00002662,PO0004001,4962.2,2025-06-10 00:52:37.000000,2026-08-12 21:45:25.315550
INV00002722,PO0000252,421.94,2025-09-11 12:41:38.000000,2026-08-12 21:45:25.315550
INV00002807,PO0002806,3095.12,2025-10-20 14:04:03.000000,2026-08-12 21:45:25.315550
INV00002880,PO0001234,2435.87,2025-08-11 11:41:14.000000,2026-08-12 21:45:25.315550
INV00003056,PO0002150,251.5,2024-11-04 18:07:45.000000,2026-08-12 21:45:25.315550
INV00003242,PO0000543,4342.94,2024-12-19 16:14:57.000000,2026-08-12 21:45:25.315550
INV00003296,PO0004965,2305.06,2025-08-05 12:53:11.000000,2026-08-12 21:45:25.315550
INV00003768,PO0004394,456.48,2025-01-03 01:22:13.000000,2026-08-12 21:45:25.315550
INV00004054,PO0003325,4920.85,2024-12-01 15:10:42.000000,2026-08-12 21:45:25.315550
INV00004493,PO0004591,1605.75,2025-04-19 17:11:42.000000,2026-08-12 21:45:25.315550
INV00004905,PO0004070,2167.92,2025-07-14 04:55:34.000000,2026-08-12 21:45:25.315550
INV00000032,PO0002005,2089.72,2026-01-13 09:51:28.000000,2026-08-12 21:45:25.315550
INV00000107,PO0000984,3645.19,2025-09-03 09:12:21.000000,2026-08-12 21:45:25.315550
INV00000328,PO0000235,4937.68,2024-07-01 00:52:44.000000,2026-08-12 21:45:25.315550
INV00000822,PO0001053,1825.52,2025-12-26 22:04:45.000000,2026-08-12 21:45:25.315550
INV00000930,PO0003355,3486.12,2025-06-04 17:32:46.000000,2026-08-12 21:45:25.315550
INV00000998,PO0003815,3489.22,2024-09-01 20:35:06.000000,2026-08-12 21:45:25.315550
INV00001043,PO0001427,3863.85,2024-05-23 01:32:39.000000,2026-08-12 21:45:25.315550
INV00001206,PO0002612,1838.41,2024-09-24 12:58:24.000000,2026-08-12 21:45:25.315550
INV00001246,PO0001725,3458.59,2025-04-11 02:04:17.000000,2026-08-12 21:45:25.315550
INV00001703,PO0002585,5386.57,2026-03-30 03:22:45.000000,2026-08-12 21:45:25.315550
INV00001738,PO0000469,1015.93,2026-05-02 11:45:37.000000,2026-08-12 21:45:25.315550
INV00002278,PO0003772,1748.69,2025-05-28 11:41:51.097427,2026-08-12 21:45:25.315550
INV00002422,PO0000508,3899.85,2025-06-08 14:42:36.000000,2026-08-12 21:45:25.315550
INV00002769,PO0000479,4480.23,2024-09-12 18:17:03.000000,2026-08-12 21:45:25.315550
INV00002793,PO0002378,1436.13,2025-12-21 11:07:39.000000,2026-08-12 21:45:25.315550
INV00002886,PO0004627,1591.6,2025-04-11 00:47:48.000000,2026-08-12 21:45:25.315550
INV00003187,PO0002600,2228.81,2025-07-04 04:22:11.000000,2026-08-12 21:45:25.315550
INV00003386,PO0002694,2244.23,2024-08-29 18:06:30.000000,2026-08-12 21:45:25.315550
INV00003614,PO0001454,1957.99,2025-12-12 03:24:57.000000,2026-08-12 21:45:25.315550
INV00003632,PO0003681,1940.53,2025-11-28 21:29:21.000000,2026-08-12 21:45:25.315550
INV00003755,PO0004906,5158.19,2026-01-02 05:56:38.000000,2026-08-12 21:45:25.315550
INV00003874,PO0002582,570.12,2026-04-22 01:00:08.000000,2026-08-12 21:45:25.315550
INV00003901,PO0002456,73.02,2025-09-25 22:37:20.000000,2026-08-12 21:45:25.315550
INV00004436,PO0003990,3393.77,2026-01-14 02:32:05.000000,2026-08-12 21:45:25.315550
INV00004613,PO0004042,2572.19,2025-07-18 06:25:47.000000,2026-08-12 21:45:25.315550
INV00004704,PO0002349,5135.16,2025-12-11 14:56:01.000000,2026-08-12 21:45:25.315550
INV00004705,PO0004093,1695.82,2024-11-20 03:10:01.000000,2026-08-12 21:45:25.315550
INV00004726,PO0002194,1630.17,2025-06-29 03:01:54.000000,2026-08-12 21:45:25.315550
INV00004959,PO0002820,4800.08,2025-06-14 23:26:15.000000,2026-08-12 21:45:25.315550
INV00000041,PO0001091,1931.59,2025-02-28 10:03:41.000000,2026-08-12 21:45:25.315550
INV00000972,PO0001387,2336.64,2025-09-19 13:33:04.000000,2026-08-12 21:45:25.315550
INV00001083,PO0002099,2920.94,2024-11-08 05:02:30.000000,2026-08-12 21:45:25.315550
INV00002117,PO0003440,4132.85,2025-04-27 23:01:29.000000,2026-08-12 21:45:25.315550
INV00002164,PO0000789,962.86,2024-10-05 09:51:04.000000,2026-08-12 21:45:25.315550
INV00002211,PO0002960,213.58,2025-05-29 11:41:51.097427,2026-08-12 21:45:25.315550
INV00002424,PO0004415,2015.69,2026-02-27 07:03:53.000000,2026-08-12 21:45:25.315550
INV00002432,PO0003445,2808.33,2025-08-30 18:35:19.000000,2026-08-12 21:45:25.315550
INV00002558,PO0003471,4270.05,2024-04-28 16:31:06.000000,2026-08-12 21:45:25.315550
INV00003043,PO0004912,5152.79,2025-10-13 06:12:56.000000,2026-08-12 21:45:25.315550
INV00003235,PO0003179,4842.8,2024-07-15 09:26:44.000000,2026-08-12 21:45:25.315550
INV00003678,PO0001352,3787.05,2025-11-25 11:08:26.000000,2026-08-12 21:45:25.315550
INV00003970,PO0002019,4054.78,2025-07-28 07:30:19.000000,2026-08-12 21:45:25.315550
INV00004059,PO0002863,4421.35,2024-05-28 05:03:48.000000,2026-08-12 21:45:25.315550
INV00004085,PO0002601,1581.19,2024-10-29 05:01:54.000000,2026-08-12 21:45:25.315550
INV00004418,PO0004407,4994.99,2025-02-05 05:36:31.000000,2026-08-12 21:45:25.315550
INV00004735,PO0001308,856.26,2025-10-26 00:45:15.000000,2026-08-12 21:45:25.315550
INV00004845,PO0002849,5470.24,2024-06-04 07:37:53.000000,2026-08-12 21:45:25.315550
INV00000004,PO0001872,4129.53,2024-06-20 16:52:09.000000,2026-08-12 21:45:25.315550
INV00000231,PO0001308,3483.28,2025-11-17 00:45:15.000000,2026-08-12 21:45:25.315550
INV00000603,PO0001401,2618.06,2024-12-07 10:34:39.000000,2026-08-12 21:45:25.315550
INV00000741,PO0000266,2311.76,2025-05-10 11:41:51.093428,2026-08-12 21:45:25.315550
INV00000815,PO0000297,2723.8,2025-03-03 19:59:51.000000,2026-08-12 21:45:25.315550
INV00000933,PO0000820,797.82,2024-10-26 13:10:28.000000,2026-08-12 21:45:25.315550
INV00000968,PO0001144,1982.01,2025-01-10 05:48:25.000000,2026-08-12 21:45:25.315550
INV00001175,PO0004388,2432.85,2026-02-25 22:37:50.000000,2026-08-12 21:45:25.315550
INV00001482,PO0000480,11.34,2025-10-02 15:11:06.000000,2026-08-12 21:45:25.315550
INV00001546,PO0000573,2944.14,2025-11-22 17:06:01.000000,2026-08-12 21:45:25.315550
INV00001845,PO0002784,3026.47,2024-08-18 08:22:50.000000,2026-08-12 21:45:25.315550
INV00002309,PO0001227,335.62,2026-02-13 20:04:57.000000,2026-08-12 21:45:25.315550
INV00002584,PO0002443,3155.82,2025-03-08 21:55:12.000000,2026-08-12 21:45:25.315550
INV00002737,PO0004746,1571.36,2025-03-04 12:21:46.000000,2026-08-12 21:45:25.315550
INV00002783,PO0003678,4784.81,2024-10-11 16:00:29.000000,2026-08-12 21:45:25.315550
INV00002999,PO0004451,39.41,2025-07-12 18:12:20.000000,2026-08-12 21:45:25.315550
INV00003156,PO0001047,5248.31,2026-05-08 19:30:18.000000,2026-08-12 21:45:25.315550
INV00003173,PO0000115,5269.94,2025-02-04 18:53:21.000000,2026-08-12 21:45:25.315550
INV00003560,PO0003491,2980.45,2025-05-03 01:04:45.000000,2026-08-12 21:45:25.315550
INV00003717,PO0004769,3004.52,2026-02-07 02:34:34.000000,2026-08-12 21:45:25.315550
INV00004047,PO0002727,3210.18,2025-05-16 11:41:51.101047,2026-08-12 21:45:25.315550
INV00004075,PO0000121,405.51,2024-09-06 02:33:30.000000,2026-08-12 21:45:25.315550
INV00004086,PO0004449,4385.26,2026-01-30 23:03:40.000000,2026-08-12 21:45:25.315550
INV00004106,PO0003831,5072.4,2025-09-21 09:53:29.000000,2026-08-12 21:45:25.315550
INV00004507,PO0001672,458.38,2025-10-21 11:25:51.000000,2026-08-12 21:45:25.315550
INV00004985,PO0000199,142.43,2026-03-10 15:04:51.000000,2026-08-12 21:45:25.315550
INV00000225,PO0002137,358.49,2024-12-10 23:06:57.000000,2026-08-12 21:45:25.315550
INV00000339,PO0003354,3851.19,2024-11-01 13:27:14.000000,2026-08-12 21:45:25.315550
INV00000365,PO0004766,544.89,2025-08-20 13:24:27.000000,2026-08-12 21:45:25.315550
INV00000602,PO0004223,1294.16,2025-10-01 20:34:43.000000,2026-08-12 21:45:25.315550
INV00000715,PO0003473,5059.95,2026-01-01 05:25:00.000000,2026-08-12 21:45:25.315550
INV00000924,PO0003708,1203.56,2025-12-18 20:23:02.000000,2026-08-12 21:45:25.315550
INV00001129,PO0003662,1615.62,2026-03-26 09:44:12.000000,2026-08-12 21:45:25.315550
INV00001289,PO0003075,4962.47,2025-11-04 07:32:04.000000,2026-08-12 21:45:25.315550
INV00001303,PO0004008,5111.13,2024-07-12 10:52:25.000000,2026-08-12 21:45:25.315550
INV00001390,PO0003920,4753.74,2025-05-11 13:59:09.000000,2026-08-12 21:45:25.315550
INV00001502,PO0004692,3605.65,2025-03-29 02:55:58.000000,2026-08-12 21:45:25.315550
INV00001850,PO0003828,3408.11,2026-02-18 19:58:56.000000,2026-08-12 21:45:25.315550
INV00002028,PO0004571,4696.43,2026-03-23 02:10:04.000000,2026-08-12 21:45:25.315550
INV00002181,PO0004749,2200.5,2026-02-27 15:04:34.000000,2026-08-12 21:45:25.315550
INV00002489,PO0003051,1750.58,2025-06-01 22:04:57.000000,2026-08-12 21:45:25.315550
INV00002592,PO0003584,873.94,2024-11-05 17:48:50.000000,2026-08-12 21:45:25.315550
INV00002641,PO0002034,4363.39,2025-02-14 01:46:58.000000,2026-08-12 21:45:25.315550
INV00002976,PO0002035,5146.42,2026-02-05 18:52:55.000000,2026-08-12 21:45:25.315550
INV00003097,PO0001010,764.89,2024-07-26 20:59:48.000000,2026-08-12 21:45:25.315550
INV00003206,PO0001377,1283.93,2026-03-03 21:41:47.000000,2026-08-12 21:45:25.315550
INV00003364,PO0000458,4048.54,2026-02-07 20:27:35.000000,2026-08-12 21:45:25.315550
INV00003558,PO0000538,2718.17,2025-05-11 07:40:37.000000,2026-08-12 21:45:25.315550
INV00003708,PO0003525,2535.1,2026-02-10 14:22:32.000000,2026-08-12 21:45:25.315550
INV00004065,PO0001455,1419.39,2026-01-12 10:41:14.000000,2026-08-12 21:45:25.315550
INV00004139,PO0002989,3061.69,2025-05-30 11:41:51.102408,2026-08-12 21:45:25.315550
INV00004435,PO0002780,1282.59,2025-05-14 11:41:51.102913,2026-08-12 21:45:25.315550
INV00004718,PO0004205,5173.93,2026-02-13 01:29:21.000000,2026-08-12 21:45:25.315550
INV00004776,PO0001719,2634.49,2024-08-18 13:57:27.000000,2026-08-12 21:45:25.315550
INV00000021,PO0003568,2369.69,2024-07-14 10:34:39.000000,2026-08-12 21:45:25.315550
INV00000044,PO0002232,5405.64,2025-06-06 04:33:35.000000,2026-08-12 21:45:25.315550
INV00000067,PO0003293,3201.7,2025-05-10 14:55:12.000000,2026-08-12 21:45:25.315550
INV00000129,PO0004376,572.92,2025-05-20 11:41:51.091922,2026-08-12 21:45:25.315550
INV00000161,PO0004452,4046.28,2025-04-26 11:41:51.091922,2026-08-12 21:45:25.315550
INV00000647,PO0000452,4626.08,2024-07-10 20:28:47.000000,2026-08-12 21:45:25.315550
INV00000756,PO0002528,3514.05,2025-06-06 23:42:44.000000,2026-08-12 21:45:25.315550
INV00000844,PO0003695,3469.86,2025-05-08 11:41:51.093428,2026-08-12 21:45:25.315550
INV00000878,PO0001477,1979.52,2025-03-27 06:57:15.000000,2026-08-12 21:45:25.315550
INV00001003,PO0002186,1391.45,2024-08-27 01:53:52.000000,2026-08-12 21:45:25.315550
INV00001160,PO0002598,$5462.79,2024-07-15 05:24:34.000000,2026-08-12 21:45:25.315550
INV00001195,PO0000794,2016.36,2025-03-29 03:20:36.000000,2026-08-12 21:45:25.315550
INV00001341,PO0004201,4556.62,2024-10-10 00:50:31.000000,2026-08-12 21:45:25.315550
INV00001455,PO0000110,261.65,2025-06-02 15:59:47.000000,2026-08-12 21:45:25.315550
INV00001516,PO0001939,2760.82,2025-05-13 16:39:26.000000,2026-08-12 21:45:25.315550
INV00001595,PO0000051,101.87,2025-04-24 11:41:51.095433,2026-08-12 21:45:25.315550
INV00001675,PO0004532,3057.95,2025-01-14 01:16:42.000000,2026-08-12 21:45:25.315550
INV00002338,PO0001169,923.19,2024-07-29 14:07:44.000000,2026-08-12 21:45:25.315550
INV00002387,PO0000664,3337.48,2026-03-01 05:55:44.000000,2026-08-12 21:45:25.315550
INV00002643,PO0000680,369.48,2025-08-05 20:40:58.000000,2026-08-12 21:45:25.315550
INV00002933,PO0003234,4423.59,2025-08-20 06:37:32.000000,2026-08-12 21:45:25.315550
INV00003012,PO0004507,163.68,2025-12-14 00:42:59.000000,2026-08-12 21:45:25.315550
INV00003033,PO0002645,482.78,2026-01-05 14:15:13.000000,2026-08-12 21:45:25.315550
INV00003118,PO0001745,1327.04,2024-11-12 01:18:35.000000,2026-08-12 21:45:25.315550
INV00003138,PO0003369,2911.41,2026-04-03 06:08:10.000000,2026-08-12 21:45:25.315550
INV00003495,PO0001453,3132.15,2024-06-09 14:39:48.000000,2026-08-12 21:45:25.315550
INV00003658,PO0003628,4453.37,2026-03-14 00:09:31.000000,2026-08-12 21:45:25.315550
INV00003992,PO0000790,3871.12,2025-03-24 12:13:34.000000,2026-08-12 21:45:25.315550
INV00004002,PO0000164,1953.64,2025-05-02 07:15:33.000000,2026-08-12 21:45:25.315550
INV00004028,PO0004782,4496.29,2025-08-01 09:51:47.000000,2026-08-12 21:45:25.315550
INV00004039,PO0002903,793.25,2025-04-22 11:41:51.101047,2026-08-12 21:45:25.315550
INV00004281,PO0002466,5265.58,2026-01-10 08:48:05.000000,2026-08-12 21:45:25.315550
INV00004469,PO0003659,1351.77,2025-03-01 15:01:44.000000,2026-08-12 21:45:25.315550
INV00000020,PO0000651,2260.95,2025-03-19 17:33:02.000000,2026-08-12 21:45:25.315550
INV00000046,PO0003811,1896.97,2025-07-21 05:17:46.000000,2026-08-12 21:45:25.315550
INV00000256,PO0000364,2664.84,2026-04-26 11:39:13.000000,2026-08-12 21:45:25.315550
INV00000397,PO0000647,4162.8,2025-12-21 11:29:25.000000,2026-08-12 21:45:25.315550
INV00000445,PO0004796,4204.1,2025-11-23 20:52:38.000000,2026-08-12 21:45:25.315550
INV00000645,PO0004256,3560.89,2024-10-31 21:30:06.000000,2026-08-12 21:45:25.315550
INV00001162,PO0003200,1517.12,2025-08-30 13:47:42.000000,2026-08-12 21:45:25.315550
INV00001243,PO0004568,4200.45,2025-07-29 21:17:00.000000,2026-08-12 21:45:25.315550
INV00001300,PO0000284,4047.71,2026-04-17 03:25:56.000000,2026-08-12 21:45:25.315550
INV00001336,PO0004201,5427.22,2024-09-16 00:50:31.000000,2026-08-12 21:45:25.315550
INV00001423,PO0004904,3040.27,2026-03-05 20:39:53.000000,2026-08-12 21:45:25.315550
INV00001522,PO0000325,1330.31,2026-04-26 20:37:51.000000,2026-08-12 21:45:25.315550
INV00001974,PO0002781,2860.48,2025-12-28 13:53:33.000000,2026-08-12 21:45:25.315550
INV00002448,PO0003871,853.92,2025-04-20 11:41:51.097427,2026-08-12 21:45:25.315550
INV00002482,PO0004002,3842.45,2026-04-09 21:52:02.000000,2026-08-12 21:45:25.315550
INV00002676,PO0001493,226.21,2025-07-19 05:49:07.000000,2026-08-12 21:45:25.315550
INV00002747,PO0003271,143.28,2025-12-07 05:55:03.000000,2026-08-12 21:45:25.315550
INV00002764,PO0003932,2557.3,2026-04-16 00:58:02.000000,2026-08-12 21:45:25.315550
INV00003450,PO0004165,4674.08,2024-07-01 06:20:22.000000,2026-08-12 21:45:25.315550
INV00003499,PO0004143,5433.44,2024-05-15 23:31:31.000000,2026-08-12 21:45:25.315550
INV00003551,PO0001605,4925.52,2024-07-16 04:22:42.000000,2026-08-12 21:45:25.315550
INV00003804,PO0001598,2338.41,2025-01-06 07:50:32.000000,2026-08-12 21:45:25.315550
INV00004136,PO0002665,2366.32,2024-06-20 13:04:02.000000,2026-08-12 21:45:25.315550
INV00000048,PO0004869,3759.76,2026-02-07 11:47:31.000000,2026-08-12 21:45:25.315550
INV00000114,PO0000816,3279.16,2026-02-23 09:29:09.000000,2026-08-12 21:45:25.315550
INV00001415,PO0002554,169.8,2024-07-25 17:30:55.000000,2026-08-12 21:45:25.315550
INV00002082,PO0001545,172.03,2026-01-21 12:32:22.000000,2026-08-12 21:45:25.315550
INV00002101,PO0002353,65.7,2024-09-04 05:42:37.000000,2026-08-12 21:45:25.315550
INV00002276,PO0004683,2104.36,2025-09-08 07:52:43.000000,2026-08-12 21:45:25.315550
INV00002429,PO0002456,5159.98,2025-09-28 22:37:20.000000,2026-08-12 21:45:25.315550
INV00002517,PO0001272,2345.04,2025-02-08 02:38:29.000000,2026-08-12 21:45:25.315550
INV00002553,PO0003367,2608.2,2025-12-27 23:46:10.000000,2026-08-12 21:45:25.315550
INV00003176,PO0001207,4117.89,2024-09-24 21:20:15.000000,2026-08-12 21:45:25.315550
INV00003388,PO0001600,3205.94,2025-01-11 22:09:53.000000,2026-08-12 21:45:25.315550
INV00003433,PO0002498,3151.05,2025-11-02 00:55:20.000000,2026-08-12 21:45:25.315550
INV00003617,PO0002345,689.47,2024-05-17 14:47:16.000000,2026-08-12 21:45:25.315550
INV00003627,PO0002102,1138.32,2024-09-10 09:34:34.000000,2026-08-12 21:45:25.315550
INV00003736,PO0003665,4960.58,2026-02-10 20:43:32.000000,2026-08-12 21:45:25.315550
INV00004122,PO0004757,5421.13,2026-05-12 02:01:05.000000,2026-08-12 21:45:25.315550
INV00004155,PO0004857,5052.99,2024-10-06 03:38:46.000000,2026-08-12 21:45:25.315550
INV00004166,PO0004699,4508.67,2025-07-02 01:10:04.000000,2026-08-12 21:45:25.315550
INV00004171,PO0004361,2780.47,2024-07-18 00:18:51.000000,2026-08-12 21:45:25.315550
INV00004254,PO0001292,1684.12,2025-07-12 09:25:01.000000,2026-08-12 21:45:25.315550
INV00004446,PO0003516,2642.93,2024-08-31 08:08:54.000000,2026-08-12 21:45:25.315550
INV00004579,PO0004673,2845.23,2025-05-31 15:34:22.000000,2026-08-12 21:45:25.315550
INV00004620,PO0003097,2088.4,2024-10-03 16:08:25.000000,2026-08-12 21:45:25.315550
INV00004994,PO0001453,1153.23,2024-05-29 14:39:48.000000,2026-08-12 21:45:25.315550
INV00000229,PO0003568,2299.19,2024-07-01 10:34:39.000000,2026-08-12 21:45:25.315550
INV00000385,PO0003628,5419.07,2026-03-15 00:09:31.000000,2026-08-12 21:45:25.315550
INV00000549,PO0001587,3497.31,2025-06-27 10:59:17.000000,2026-08-12 21:45:25.315550
INV00000763,PO0004580,386.26,2025-06-10 11:44:53.000000,2026-08-12 21:45:25.315550
INV00001332,PO0000786,2689.78,2025-05-13 11:41:51.095433,2026-08-12 21:45:25.315550
INV00001476,PO0003639,3930.04,2026-04-22 00:48:26.000000,2026-08-12 21:45:25.315550
INV00001813,PO0002154,2501.35,2025-09-17 07:35:18.000000,2026-08-12 21:45:25.315550
INV00001863,PO0001989,1570.85,2024-09-23 23:30:15.000000,2026-08-12 21:45:25.315550
INV00002035,PO0002489,866.61,2025-12-07 05:30:38.000000,2026-08-12 21:45:25.315550
INV00002074,PO0001396,4856.67,2026-04-11 10:21:39.000000,2026-08-12 21:45:25.315550
INV00002210,PO0003452,5104.94,2026-01-22 07:30:23.000000,2026-08-12 21:45:25.315550
INV00002514,PO0001552,4274.61,2024-11-25 03:16:05.000000,2026-08-12 21:45:25.315550
INV00002834,PO0003878,4391.42,2025-04-26 11:27:44.000000,2026-08-12 21:45:25.315550
INV00003089,PO0004959,5159.88,2025-04-08 20:13:38.000000,2026-08-12 21:45:25.315550
INV00003302,PO0002296,3380.06,2025-04-13 15:12:11.000000,2026-08-12 21:45:25.315550
INV00003485,PO0000850,1264.91,2025-05-09 06:19:08.000000,2026-08-12 21:45:25.315550
INV00003763,PO0004504,191.1,2024-12-03 08:17:58.000000,2026-08-12 21:45:25.315550
INV00003884,PO0000660,3021.01,2025-08-23 01:53:26.000000,2026-08-12 21:45:25.315550
INV00003933,PO0000221,3303.12,2024-08-19 18:06:07.000000,2026-08-12 21:45:25.315550
INV00003943,PO0000067,4214.02,2024-05-21 16:17:44.000000,2026-08-12 21:45:25.315550
INV00004064,PO0003214,543.45,2024-06-07 08:42:50.000000,2026-08-12 21:45:25.315550
INV00000973,,4821.55,2025-07-20 03:18:32.000000,2026-08-12 21:45:25.315550
INV00000574,PO0004719,,2025-09-18 15:00:05.000000,2026-08-12 21:45:25.315550
INV00003608,PO0004033,,2024-12-02 16:23:49.000000,2026-08-12 21:45:25.315550
INV00001374,PO0002556,,2025-08-28 09:14:49.000000,2026-08-12 21:45:25.315550
INV00004318,PO0004373,,2024-10-12 18:57:37.000000,2026-08-12 21:45:25.315550
INV00000379,,4527.3,2026-03-31 22:48:42.000000,2026-08-12 21:45:25.315550
INV00002303,,5080.65,2025-08-17 04:10:37.000000,2026-08-12 21:45:25.315550
INV00003489,,4775.63,2025-11-29 11:53:07.000000,2026-08-12 21:45:25.315550
INV00004722,,531.46,2026-03-29 06:08:10.000000,2026-08-12 21:45:25.315550
INV00002356,PO0003884,,2025-02-07 09:21:49.000000,2026-08-12 21:45:25.315550
INV00003572,,676.47,2025-04-30 01:06:54.000000,2026-08-12 21:45:25.315550
INV00001664,,1672.77,2025-11-13 10:30:56.000000,2026-08-12 21:45:25.315550
INV00001838,PO0004558,,2025-03-28 15:26:46.000000,2026-08-12 21:45:25.315550
INV00004186,,1905.08,2025-01-12 10:35:53.000000,2026-08-12 21:45:25.315550
INV00000157,PO0002827,,2024-09-22 23:49:40.000000,2026-08-12 21:45:25.315550
INV00001824,PO0001467,,2024-07-28 20:20:41.000000,2026-08-12 21:45:25.315550
INV00003510,,278.61,2025-08-08 07:08:44.000000,2026-08-12 21:45:25.315550
INV00004523,,1717.44,2025-12-06 21:47:03.000000,2026-08-12 21:45:25.315550
INV00004671,PO0000401,,2025-08-26 16:33:31.000000,2026-08-12 21:45:25.315550
INV00000586,,3731.7,2024-05-23 08:09:44.000000,2026-08-12 21:45:25.315550
INV00001832,,4908.96,2024-10-20 06:06:26.000000,2026-08-12 21:45:25.315550
INV00002554,PO0001491,,2025-12-12 06:54:55.000000,2026-08-12 21:45:25.315550
INV00004766,PO0002265,,2025-12-22 11:52:17.000000,2026-08-12 21:45:25.315550
INV00001851,,4666.63,2026-04-20 17:04:31.000000,2026-08-12 21:45:25.315550
INV00000424,PO0002626,,2025-09-07 15:43:35.000000,2026-08-12 21:45:25.315550
INV00004516,PO0000780,,2025-03-06 10:09:43.000000,2026-08-12 21:45:25.315550
INV00001177,PO0003111,,2025-12-26 23:19:37.000000,2026-08-12 21:45:25.315550
INV00002442,PO0003955,,2024-06-26 01:10:20.000000,2026-08-12 21:45:25.315550
INV00004807,,1945.67,2024-12-13 16:39:27.000000,2026-08-12 21:45:25.315550
INV00004840,PO0004088,,2025-05-06 11:41:51.103922,2026-08-12 21:45:25.315550
INV00000028,,5098.48,2025-03-21 13:15:00.000000,2026-08-12 21:45:25.315550
INV00002421,PO0004782,,2025-08-08 09:51:47.000000,2026-08-12 21:45:25.315550
INV00004609,,5359.2,2025-08-05 07:22:03.000000,2026-08-12 21:45:25.315550
INV00001157,,2887.13,2025-05-21 10:27:59.000000,2026-08-12 21:45:25.315550
INV00004337,PO0003204,,2026-01-01 07:07:17.000000,2026-08-12 21:45:25.315550
INV00001108,,3124.17,2024-08-19 12:10:35.000000,2026-08-12 21:45:25.315550
INV00000154,PO0004366,,2026-01-29 16:32:07.000000,2026-08-12 21:45:25.315550
INV00003967,,380.53,2025-04-12 11:41:51.101047,2026-08-12 21:45:25.315550
INV00002376,PO0000997,,2024-12-21 19:12:24.000000,2026-08-12 21:45:25.315550
INV00002471,,3153.28,2025-03-16 17:48:27.000000,2026-08-12 21:45:25.315550
INV00003162,,470.6,2024-08-28 13:00:04.000000,2026-08-12 21:45:25.315550
INV00003731,PO0004540,,2024-10-31 21:20:19.000000,2026-08-12 21:45:25.315550
INV00004515,,2791.81,2026-02-21 00:20:35.000000,2026-08-12 21:45:25.315550
INV00001089,,4285.52,2025-07-08 14:39:09.000000,2026-08-12 21:45:25.315550
INV00002012,,2286.29,2025-03-01 11:32:01.000000,2026-08-12 21:45:25.315550
INV00000377,PO0002708,,2024-05-12 22:53:26.000000,2026-08-12 21:45:25.315550
INV00000486,,1036.37,2025-05-31 11:41:51.093428,2026-08-12 21:45:25.315550
INV00000121,,,2025-12-01 06:52:53.000000,2026-08-12 21:45:25.315550
INV00000680,PO0002169,,2024-12-22 02:35:42.000000,2026-08-12 21:45:25.315550
INV00000063,PO0000830,,2025-07-18 02:29:04.000000,2026-08-12 21:45:25.315550
INV00000290,PO0004457,,2024-08-28 13:27:59.000000,2026-08-12 21:45:25.315550
INV00004130,PO0003138,,2025-05-05 11:41:51.102408,2026-08-12 21:45:25.315550
INV00003091,PO0002096,,2025-05-21 06:02:36.000000,2026-08-12 21:45:25.315550
INV00004936,,4770.09,2026-02-27 09:46:57.000000,2026-08-12 21:45:25.315550
INV00000768,PO0004350,,2025-08-20 09:57:28.000000,2026-08-12 21:45:25.315550
INV00000644,PO0000570,,2025-04-18 03:27:17.000000,2026-08-12 21:45:25.315550
INV00001674,PO0001699,,2024-10-12 17:42:12.000000,2026-08-12 21:45:25.315550
INV00004310,,5010.25,2024-06-30 11:19:39.000000,2026-08-12 21:45:25.315550
INV00000848,,1185.55,2024-10-21 09:28:26.000000,2026-08-12 21:45:25.315550
INV00003616,PO0001450,,2024-05-14 19:52:41.000000,2026-08-12 21:45:25.315550
INV00000539,,3102.48,2024-06-02 20:59:59.000000,2026-08-12 21:45:25.315550
INV00004825,PO0004006,,2024-08-03 18:01:54.000000,2026-08-12 21:45:25.315550
INV00000577,PO0003532,,2025-05-10 09:26:02.000000,2026-08-12 21:45:25.315550
INV00003743,PO0002351,,2025-08-06 06:51:12.000000,2026-08-12 21:45:25.315550
INV00003214,,2162.92,2025-04-12 09:42:40.000000,2026-08-12 21:45:25.315550
INV00003159,,$3482.01,2024-08-18 03:47:59.000000,2026-08-12 21:45:25.315550
INV00002091,,1183.56,2024-06-17 05:00:34.000000,2026-08-12 21:45:25.315550
INV00003733,,216.43,2025-05-13 07:13:07.000000,2026-08-12 21:45:25.315550
INV00000864,PO0002862,,2025-12-14 07:02:03.000000,2026-08-12 21:45:25.315550
INV00002306,PO0001925,,2025-04-29 11:41:51.097427,2026-08-12 21:45:25.315550
INV00002153,PO0000238,,2024-12-04 08:10:56.000000,2026-08-12 21:45:25.315550
INV00002428,,710.89,2025-04-21 16:19:17.000000,2026-08-12 21:45:25.315550
INV00002661,PO0002584,,2024-08-04 21:09:46.000000,2026-08-12 21:45:25.315550
INV00001731,PO0000938,,2024-12-18 00:43:51.000000,2026-08-12 21:45:25.315550
INV00002493,PO0003605,,2025-07-16 16:22:29.000000,2026-08-12 21:45:25.315550
INV00003402,,2154.32,2025-04-14 04:58:15.000000,2026-08-12 21:45:25.315550
INV00000591,PO0002872,,2025-04-21 11:41:51.093428,2026-08-12 21:45:25.315550
INV00004611,PO0004491,,2025-06-15 00:52:51.000000,2026-08-12 21:45:25.315550
INV00000596,PO0004092,,2026-04-16 00:15:57.000000,2026-08-12 21:45:25.315550
INV00004216,,5050.75,2024-11-10 07:21:06.000000,2026-08-12 21:45:25.315550
INV00001074,PO0000197,,2025-02-03 13:30:37.000000,2026-08-12 21:45:25.315550
INV00002937,PO0003309,,2025-04-21 17:52:04.000000,2026-08-12 21:45:25.315550
INV00000093,PO0001420,,2025-06-16 12:30:09.000000,2026-08-12 21:45:25.315550
INV00001385,PO0002893,,2025-08-25 19:38:59.000000,2026-08-12 21:45:25.315550
INV00001656,PO0004351,,2025-05-26 11:41:51.095433,2026-08-12 21:45:25.315550
INV00002698,PO0002506,,2024-07-13 03:45:55.000000,2026-08-12 21:45:25.315550
INV00000738,PO0004610,,2025-08-06 14:28:13.000000,2026-08-12 21:45:25.315550
INV00001186,PO0004203,,2024-05-16 21:09:12.000000,2026-08-12 21:45:25.315550
INV00001623,PO0003662,,2026-02-26 09:44:12.000000,2026-08-12 21:45:25.315550
INV00001534,,1085.84,2025-03-05 15:27:42.000000,2026-08-12 21:45:25.315550
INV00002813,PO0000731,,2026-02-14 16:39:50.000000,2026-08-12 21:45:25.315550
INV00001821,PO0004525,,2025-05-24 14:44:30.000000,2026-08-12 21:45:25.315550
INV00003600,PO0004650,,2024-08-13 09:39:54.000000,2026-08-12 21:45:25.315550
INV00003670,PO0001760,,2025-05-16 18:17:39.000000,2026-08-12 21:45:25.315550
INV00002954,,1414.5,2026-05-17 17:31:18.000000,2026-08-12 21:45:25.315550
INV00001617,PO0000252,,2025-09-24 12:41:38.000000,2026-08-12 21:45:25.315550
INV00002870,PO0001639,,2026-03-07 03:34:45.000000,2026-08-12 21:45:25.315550
INV00004881,,285.3,2025-01-11 22:56:30.000000,2026-08-12 21:45:25.315550
INV00000378,PO0004362,,2025-03-15 05:19:47.000000,2026-08-12 21:45:25.315550
INV00001816,,2779.58,2025-07-07 21:01:32.000000,2026-08-12 21:45:25.315550
INV00001708,,809.48,2025-03-24 06:30:00.000000,2026-08-12 21:45:25.315550
INV00000406,PO0004871,,2025-11-01 16:11:05.000000,2026-08-12 21:45:25.315550
INV00000695,PO0002548,,2024-10-30 15:34:31.000000,2026-08-12 21:45:25.315550
INV00001705,PO0002684,,2025-05-01 11:41:51.095433,2026-08-12 21:45:25.315550
INV00000008,,2805.74,2026-03-25 12:35:01.000000,2026-08-12 21:45:25.315550
INV00003597,PO0002014,,2024-07-04 10:32:03.000000,2026-08-12 21:45:25.315550
INV00004553,PO0003882,,2025-06-12 10:06:26.000000,2026-08-12 21:45:25.315550
INV00000824,,3640.7,2025-07-25 13:07:01.000000,2026-08-12 21:45:25.315550
INV00003672,,1314.14,2025-09-21 01:51:17.000000,2026-08-12 21:45:25.315550
INV00004257,,826.77,2025-08-03 10:27:13.000000,2026-08-12 21:45:25.315550
INV00002182,,1002.54,2024-08-11 23:09:48.000000,2026-08-12 21:45:25.315550
INV00004286,PO0001856,,2024-09-18 21:59:02.000000,2026-08-12 21:45:25.315550
INV00001879,,1739.09,2026-04-29 11:43:19.000000,2026-08-12 21:45:25.315550
INV00001844,PO0004212,,2024-08-01 17:30:28.000000,2026-08-12 21:45:25.315550
INV00003679,,2119.65,2025-10-18 21:51:18.000000,2026-08-12 21:45:25.315550
INV00001411,PO0002546,,2024-09-17 02:29:43.000000,2026-08-12 21:45:25.315550
INV00000898,PO0001225,,2024-11-03 21:04:03.000000,2026-08-12 21:45:25.315550
INV00000839,,5321.6,2025-02-09 00:55:21.000000,2026-08-12 21:45:25.315550
INV00003470,PO0002721,,2025-04-08 20:14:52.000000,2026-08-12 21:45:25.315550
INV00004440,,2764.13,2025-05-14 11:38:05.000000,2026-08-12 21:45:25.315550
INV00003262,PO0001270,,2024-11-05 14:07:11.000000,2026-08-12 21:45:25.315550
INV00001142,,3604.51,2025-11-30 18:46:39.000000,2026-08-12 21:45:25.315550
INV00002906,PO0004480,,2025-04-11 00:09:52.000000,2026-08-12 21:45:25.315550
INV00004182,PO0003361,,2025-05-09 00:28:31.000000,2026-08-12 21:45:25.315550
INV00000508,PO0004594,,2025-10-13 10:25:07.000000,2026-08-12 21:45:25.315550
INV00000975,,2415.79,2025-08-11 17:14:18.000000,2026-08-12 21:45:25.315550
INV00004916,PO0004507,,2025-12-14 00:42:59.000000,2026-08-12 21:45:25.315550
INV00001770,,433.22,2026-04-16 02:10:04.000000,2026-08-12 21:45:25.315550
INV00000042,,1198.6,2024-09-25 13:25:31.000000,2026-08-12 21:45:25.315550
INV00002275,,426.05,2026-01-15 20:43:32.000000,2026-08-12 21:45:25.315550
INV00003545,,4143.86,2024-09-16 02:36:01.000000,2026-08-12 21:45:25.315550
INV00003326,PO0003578,,2024-12-10 07:52:42.000000,2026-08-12 21:45:25.315550
INV00004050,PO0004048,,2025-08-17 06:51:22.000000,2026-08-12 21:45:25.315550
INV00000059,,4284.12,2025-07-30 23:22:02.000000,2026-08-12 21:45:25.315550
INV00003432,,3467.5,2025-08-23 22:20:36.000000,2026-08-12 21:45:25.315550
INV00001469,PO0000440,,2025-02-13 04:18:05.000000,2026-08-12 21:45:25.315550
INV00002942,PO0001020,,2026-02-18 00:38:22.000000,2026-08-12 21:45:25.315550
INV00004803,PO0002491,,2024-07-17 04:15:00.000000,2026-08-12 21:45:25.315550
INV00002814,PO0000375,,2024-07-20 16:33:00.000000,2026-08-12 21:45:25.315550
INV00003814,PO0001520,,2024-11-20 02:47:10.000000,2026-08-12 21:45:25.315550
INV00003556,PO0002450,,2025-07-17 07:50:38.000000,2026-08-12 21:45:25.315550
INV00003550,,4892.15,2025-05-20 01:16:13.000000,2026-08-12 21:45:25.315550
INV00000334,PO0002677,,2025-09-23 04:12:01.000000,2026-08-12 21:45:25.315550
INV00003756,,4535.22,2024-10-14 04:50:05.000000,2026-08-12 21:45:25.315550
INV00002586,,1716.98,2024-05-24 23:15:02.000000,2026-08-12 21:45:25.315550
INV00003554,PO0002545,,2024-12-26 00:19:11.000000,2026-08-12 21:45:25.315550
INV00004617,,5064.01,2026-04-12 15:59:31.000000,2026-08-12 21:45:25.315550
INV00000925,PO0003272,,2026-01-11 03:17:21.000000,2026-08-12 21:45:25.315550
INV00003870,,1800.71,2025-04-27 00:54:17.000000,2026-08-12 21:45:25.315550
INV00003019,,4212.83,2024-11-18 00:15:25.000000,2026-08-12 21:45:25.315550
INV00004537,PO0001854,,2024-08-01 13:22:34.000000,2026-08-12 21:45:25.315550
INV00000656,PO0000960,,2026-04-29 22:48:42.000000,2026-08-12 21:45:25.315550
INV00002037,PO0003662,,2026-03-13 09:44:12.000000,2026-08-12 21:45:25.315550
INV00002372,,3347.24,2025-04-20 11:41:51.097427,2026-08-12 21:45:25.315550
INV00001340,PO0002990,2484.37,2025-04-28 11:41:51.095433,2026-08-12 21:45:25.315550
