po_id,vendor_id,item_name,quantity_requested,po_timestamp,ingestion_timestamp
PO0000001,V00637,E-markets,487,2025-04-08 15:51:30,2026-08-12 21:41:41.391515
PO0000002,V01075,Channels,326,2025-05-21 20:44:55,2026-08-12 21:41:41.391515
PO0000003,V03667,Models,24,2024-05-20 14:26:10,2026-08-12 21:41:41.391515
PO0000004,V01296,Architectures,756,2024-10-18 02:03:33,2026-08-12 21:41:41.391515
PO0000005,V04012,Bandwidth,554,2025-10-11 07:07:53,2026-08-12 21:41:41.391515
PO0000006,V01322,E-services,952,2025-01-12 06:18:23,2026-08-12 21:41:41.391515
PO0000007,V00343,Bandwidth,998,2025-10-04 16:08:18,2026-08-12 21:41:41.391515
PO0000008,V00673,E-tailers,154,2025-06-21 09:05:46,2026-08-12 21:41:41.391515
PO0000009,V02350,E-markets,837,2025-03-07 01:38:58,2026-08-12 21:41:41.391515
PO0000010,V03484,Niches,551,2026-01-05 02:07:51,2026-08-12 21:41:41.391515
PO0000012,V01871,Metrics,334,2025-11-15 21:59:25,2026-08-12 21:41:41.391515
PO0000013,V04322,E-markets,955,2025-08-08 01:31:22,2026-08-12 21:41:41.391515
PO0000014,V04592,Architectures,650,2024-05-26 20:10:55,2026-08-12 21:41:41.391515
PO0000015,V03442,Paradigms,497,2025-09-20 02:36:20,2026-08-12 21:41:41.391515
PO0000016,V04943,Platforms,534,2026-03-30 17:49:16,2026-08-12 21:41:41.391515
PO0000017,V04803,Relationships,270,2026-03-10 22:55:32,2026-08-12 21:41:41.391515
PO0000018,V01212,Users,524,2026-03-17 03:09:52,2026-08-12 21:41:41.391515
PO0000019,V04033,Users,-764,2024-06-14 10:24:19,2026-08-12 21:41:41.391515
PO0000020,V02435,Platforms,330,2025-04-05 23:04:46,2026-08-12 21:41:41.391515
PO0000022,V02737,Markets,956,2024-05-26 10:37:17,2026-08-12 21:41:41.391515
PO0000023,V03885,Schemas,766,2026-02-17 06:48:12,2026-08-12 21:41:41.391515
PO0000024,V03347,Schemas,14,2026-01-18 07:43:08,2026-08-12 21:41:41.391515
PO0000025,V01297,E-tailers,316,2025-04-29 12:13:23,2026-08-12 21:41:41.391515
PO0000026,V00797,Channels,401,2024-11-30 07:17:55,2026-08-12 21:41:41.391515
PO0000028,V03226,Models,782,2024-05-16 00:15:59,2026-08-12 21:41:41.391515
PO0000029,V00813,Platforms,158,2025-12-28 18:48:54,2026-08-12 21:41:41.391515
PO0000030,V03077,E-services,378,2025-08-19 18:47:52,2026-08-12 21:41:41.391515
PO0000031,V01478,Systems,1000,2026-04-12 07:50:29,2026-08-12 21:41:41.391515
PO0000032,V02119,Architectures,764,2024-10-10 04:27:35,2026-08-12 21:41:41.391515
PO0000033,V02795,Niches,621,2025-07-26 16:37:52,2026-08-12 21:41:41.391515
PO0000034,V03233,E-commerce,840,2024-08-13 07:57:52,2026-08-12 21:41:41.391515
PO0000035,V03613,Relationships,119,2025-01-16 19:39:35,2026-08-12 21:41:41.391515
PO0000036,V00622,E-services,-406,2024-07-07 10:50:37,2026-08-12 21:41:41.391515
PO0000037,V03041,E-services,272,2025-07-18 12:45:40,2026-08-12 21:41:41.391515
PO0000038,V02797,Niches,561,2025-08-12 03:07:18,2026-08-12 21:41:41.391515
PO0000039,V02542,Niches,984,2025-08-10 10:33:40,2026-08-12 21:41:41.391515
PO0000040,V01640,Services,280,2024-10-30 14:25:36,2026-08-12 21:41:41.391515
PO0000042,V01100,Relationships,464,2025-01-18 17:06:17,2026-08-12 21:41:41.391515
PO0000044,V00925,Info-mediaries,574,2025-07-26 15:00:59,2026-08-12 21:41:41.391515
PO0000045,V04713,Users,691,2024-12-21 06:27:16,2026-08-12 21:41:41.391515
PO0000046,V04671,Channels,542,2025-11-10 01:38:47,2026-08-12 21:41:41.391515
PO0000047,V00763,Convergence,221,2026-03-06 23:44:43,2026-08-12 21:41:41.391515
PO0000048,V02992,Relationships,70,2026-03-16 00:55:25,2026-08-12 21:41:41.391515
PO0000049,V00381,E-markets,829,2025-12-02 16:05:58,2026-08-12 21:41:41.391515
PO0000050,V03011,Bandwidth,357,2024-07-11 23:23:29,2026-08-12 21:41:41.391515
PO0000052,V00536,Partnerships,397,2024-07-06 06:02:11,2026-08-12 21:41:41.391515
PO0000053,V02880,E-services,811,2024-08-30 02:51:29,2026-08-12 21:41:41.391515
PO0000054,V00020,Schemas,695,2024-09-01 07:47:18,2026-08-12 21:41:41.391515
PO0000058,V04733,Infrastructures,23,2025-02-13 05:29:16,2026-08-12 21:41:41.391515
PO0000059,V00090,Models,824,2025-11-20 08:04:42,2026-08-12 21:41:41.391515
PO0000060,V00464,Services,624,2024-11-01 16:54:27,2026-08-12 21:41:41.391515
PO0000061,V02200,E-services,539,2024-10-29 00:17:24,2026-08-12 21:41:41.391515
PO0000062,V00503,Communities,694,2024-10-06 03:05:29,2026-08-12 21:41:41.391515
PO0000063,V01512,Relationships,393,2025-06-25 01:46:49,2026-08-12 21:41:41.391515
PO0000064,V02244,Networks,827,2025-04-05 22:52:22,2026-08-12 21:41:41.391515
PO0000065,V00368,Roi,356,2024-09-06 04:56:58,2026-08-12 21:41:41.391515
PO0000066,V04162,E-services,635,2024-08-23 00:57:58,2026-08-12 21:41:41.391515
PO0000067,V03052,Bandwidth,856,2024-05-04 16:17:44,2026-08-12 21:41:41.391515
PO0000068,V04584,Infrastructures,696,2025-01-23 04:25:17,2026-08-12 21:41:41.391515
PO0000069,V01164,E-services,777,2026-02-12 18:42:18,2026-08-12 21:41:41.391515
PO0000070,V03738,Systems,970,2024-11-28 16:24:01,2026-08-12 21:41:41.391515
PO0000071,V01985,Partnerships,85,2024-08-12 05:55:16,2026-08-12 21:41:41.391515
PO0000072,V03689,Infrastructures,476,2024-08-08 02:54:24,2026-08-12 21:41:41.391515
PO0000073,V01370,Web-readiness,704,2024-07-14 18:24:19,2026-08-12 21:41:41.391515
PO0000074,V03187,E-services,899,2025-02-03 19:22:09,2026-08-12 21:41:41.391515
PO0000075,V02561,Web-readiness,863,2024-09-01 19:48:22,2026-08-12 21:41:41.391515
PO0000076,V03692,Solutions,781,2025-02-04 17:48:27,2026-08-12 21:41:41.391515
PO0000077,V03982,Markets,893,2025-09-27 12:01:34,2026-08-12 21:41:41.391515
PO0000078,V02781,Partnerships,924,2024-12-22 22:46:52,2026-08-12 21:41:41.391515
PO0000079,V04245,Info-mediaries,-878,2025-10-02 03:21:08,2026-08-12 21:41:41.391515
PO0000080,V00522,E-commerce,435,2026-01-07 20:36:52,2026-08-12 21:41:41.391515
PO0000081,V02215,Action-items,543,2024-11-06 11:28:33,2026-08-12 21:41:41.391515
PO0000082,V04394,Users,921,2025-07-21 03:07:43,2026-08-12 21:41:41.391515
PO0000083,V00989,Relationships,218,2026-03-01 19:13:52,2026-08-12 21:41:41.391515
PO0000084,V03078,Metrics,709,2025-09-01 19:24:12,2026-08-12 21:41:41.391515
PO0000085,V01811,E-commerce,37,2025-02-09 02:29:48,2026-08-12 21:41:41.391515
PO0000086,V02136,Channels,602,2026-02-07 05:16:37,2026-08-12 21:41:41.391515
PO0000088,V00970,E-tailers,946,2026-03-24 20:54:30,2026-08-12 21:41:41.391515
PO0000089,V04087,Roi,402,2024-09-16 16:48:34,2026-08-12 21:41:41.391515
PO0000090,V04654,Networks,360,2025-11-13 19:29:02,2026-08-12 21:41:41.391515
PO0000091,V02893,Users,479,2025-11-10 15:06:14,2026-08-12 21:41:41.391515
PO0000092,V03573,Partnerships,320,2024-04-19 04:17:00,2026-08-12 21:41:41.391515
PO0000093,V04371,Schemas,24,2025-10-07 18:37:48,2026-08-12 21:41:41.391515
PO0000094,V02947,E-commerce,725,2025-06-11 02:38:56,2026-08-12 21:41:41.391515
PO0000096,V02799,E-services,60,2024-09-16 20:35:57,2026-08-12 21:41:41.391515
PO0000098,V01999,Relationships,706,2024-11-29 04:14:42,2026-08-12 21:41:41.391515
PO0000099,V00412,Channels,681,2024-12-02 16:42:23,2026-08-12 21:41:41.391515
PO0000100,V03922,Networks,124,2024-12-08 14:38:49,2026-08-12 21:41:41.391515
PO0000102,V02241,Communities,70,2026-02-28 08:32:24,2026-08-12 21:41:41.391515
PO0000103,V03648,Communities,749,2026-03-21 19:41:02,2026-08-12 21:41:41.391515
PO0000104,V04696,Platforms,666,2026-01-25 10:00:08,2026-08-12 21:41:41.391515
PO0000105,V04834,Partnerships,328,2024-05-02 09:26:48,2026-08-12 21:41:41.391515
PO0000106,V01748,Channels,365,2024-12-10 16:49:01,2026-08-12 21:41:41.391515
PO0000107,V00869,Users,70,2025-05-13 01:55:35,2026-08-12 21:41:41.391515
PO0000108,V03170,Channels,225,2026-01-30 22:25:46,2026-08-12 21:41:41.391515
PO0000109,V04058,Channels,950,2025-05-25 18:55:42,2026-08-12 21:41:41.391515
PO0000110,V01692,Paradigms,686,2025-05-10 15:59:47,2026-08-12 21:41:41.391515
PO0000111,V01172,Users,968,2025-05-18 00:41:40,2026-08-12 21:41:41.391515
PO0000112,V00739,E-commerce,479,2025-07-27 10:27:13,2026-08-12 21:41:41.391515
PO0000113,V04411,Models,325,2025-07-12 14:13:22,2026-08-12 21:41:41.391515
PO0000114,V00513,Channels,373,2026-04-04 11:51:58,2026-08-12 21:41:41.391515
PO0000115,V03504,Platforms,641,2024-12-30 18:53:21,2026-08-12 21:41:41.391515
PO0000116,V02678,Platforms,894,2024-04-27 03:05:36,2026-08-12 21:41:41.391515
PO0000117,V00636,Niches,623,2024-11-14 11:16:39,2026-08-12 21:41:41.391515
PO0000119,V02271,E-services,747,2024-05-04 04:05:44,2026-08-12 21:41:41.391515
PO0000120,V03269,Info-mediaries,365,2026-01-02 20:00:59,2026-08-12 21:41:41.391515
PO0000121,V01663,Schemas,62,2024-08-25 02:33:30,2026-08-12 21:41:41.391515
PO0000122,V04703,Systems,797,2024-04-26 00:38:17,2026-08-12 21:41:41.391515
PO0000123,V03286,Channels,-625,2026-02-15 03:07:15,2026-08-12 21:41:41.391515
PO0000124,V02123,Methodologies,875,2025-02-02 15:36:13,2026-08-12 21:41:41.391515
PO0000125,V03817,E-markets,620,2025-08-07 19:09:52,2026-08-12 21:41:41.391515
PO0000126,V03408,Bandwidth,-752,2025-09-30 14:23:35,2026-08-12 21:41:41.391515
PO0000127,V01300,Niches,724,2025-02-05 05:43:09,2026-08-12 21:41:41.391515
PO0000128,V04258,Users,130,2025-12-03 22:37:04,2026-08-12 21:41:41.391515
PO0000129,V04570,E-business,124,2025-05-17 04:25:04,2026-08-12 21:41:41.391515
PO0000130,V01877,Users,882,2025-10-01 13:28:26,2026-08-12 21:41:41.391515
PO0000131,V04391,Info-mediaries,333,2025-01-14 08:44:10,2026-08-12 21:41:41.391515
PO0000132,V01282,Roi,454,2024-06-12 10:38:15,2026-08-12 21:41:41.391515
PO0000133,V02963,Methodologies,861,2025-08-06 10:07:40,2026-08-12 21:41:41.391515
PO0000134,V01360,Platforms,538,2025-12-04 01:06:22,2026-08-12 21:41:41.391515
PO0000135,V01333,Users,668,2026-02-26 14:32:20,2026-08-12 21:41:41.391515
PO0000136,V03829,Users,-359,2024-12-17 07:03:18,2026-08-12 21:41:41.391515
PO0000137,V03705,E-services,635,2024-09-12 04:05:19,2026-08-12 21:41:41.391515
PO0000139,V04458,Paradigms,595,2025-09-29 15:10:27,2026-08-12 21:41:41.391515
PO0000141,V03498,Info-mediaries,285,2025-05-08 21:51:24,2026-08-12 21:41:41.391515
PO0000142,V00533,Users,770,2024-11-03 22:03:48,2026-08-12 21:41:41.391515
PO0000143,V00525,Systems,709,2025-08-15 14:46:41,2026-08-12 21:41:41.391515
PO0000144,V03760,Architectures,707,2025-10-15 06:14:04,2026-08-12 21:41:41.391515
PO0000147,V04993,Infrastructures,783,2025-02-20 13:39:30,2026-08-12 21:41:41.391515
PO0000149,V00350,E-services,455,2025-08-23 23:06:46,2026-08-12 21:41:41.391515
PO0000150,V02743,Schemas,99,2025-09-11 00:55:50,2026-08-12 21:41:41.391515
PO0000151,V01335,Infrastructures,130,2024-09-27 12:00:19,2026-08-12 21:41:41.391515
PO0000152,V01509,Partnerships,261,2024-08-20 06:01:00,2026-08-12 21:41:41.391515
PO0000153,V04472,Markets,40,2026-02-28 16:43:29,2026-08-12 21:41:41.391515
PO0000154,V02110,Functionalities,751,2025-07-26 06:43:18,2026-08-12 21:41:41.391515
PO0000155,V02337,Partnerships,16,2025-11-14 14:55:36,2026-08-12 21:41:41.391515
PO0000156,V04905,E-markets,-106,2024-12-19 20:46:09,2026-08-12 21:41:41.391515
PO0000157,V02487,Networks,456,2025-03-05 15:50:15,2026-08-12 21:41:41.391515
PO0000158,V02299,Schemas,831,2024-10-16 02:48:30,2026-08-12 21:41:41.391515
PO0000159,V04362,Paradigms,580,2024-11-12 04:11:55,2026-08-12 21:41:41.391515
PO0000160,V00058,Web-readiness,430,2024-09-08 16:34:34,2026-08-12 21:41:41.391515
PO0000161,V03581,Users,170,2025-04-04 08:36:09,2026-08-12 21:41:41.391515
PO0000162,V04542,Channels,345,2026-04-03 14:07:00,2026-08-12 21:41:41.391515
PO0000164,V05000,Services,531,2025-04-21 07:15:33,2026-08-12 21:41:41.391515
PO0000165,V00868,E-commerce,-909,2024-12-21 17:01:50,2026-08-12 21:41:41.391515
PO0000166,V01194,Schemas,746,2025-12-26 08:08:40,2026-08-12 21:41:41.391515
PO0000167,V01472,Niches,741,2024-08-28 10:27:35,2026-08-12 21:41:41.391515
PO0000168,V00526,E-markets,220,2024-08-20 07:07:43,2026-08-12 21:41:41.391515
PO0000169,V00491,Roi,193,2026-03-27 09:59:39,2026-08-12 21:41:41.391515
PO0000170,V01776,Experiences,567,2025-01-21 14:41:40,2026-08-12 21:41:41.391515
PO0000171,V02918,Architectures,856,2025-07-02 14:16:25,2026-08-12 21:41:41.391515
PO0000172,V02158,Bandwidth,246,2024-08-15 07:41:36,2026-08-12 21:41:41.391515
PO0000173,V02963,Methodologies,656,2024-05-01 15:05:18,2026-08-12 21:41:41.391515
PO0000174,V03041,E-services,749,2025-03-08 22:59:21,2026-08-12 21:41:41.391515
PO0000175,V04540,Models,492,2024-06-19 13:48:06,2026-08-12 21:41:41.391515
PO0000176,V03322,Schemas,860,2026-03-07 01:06:04,2026-08-12 21:41:41.391515
PO0000177,V04170,Niches,744,2025-02-22 04:55:36,2026-08-12 21:41:41.391515
PO0000178,V02272,Services,510,2025-01-14 07:24:32,2026-08-12 21:41:41.391515
PO0000179,V03309,Roi,555,2025-06-13 13:31:39,2026-08-12 21:41:41.391515
PO0000180,V03658,Channels,112,2024-06-22 00:44:14,2026-08-12 21:41:41.391515
PO0000181,V01623,E-markets,190,2024-08-06 02:46:23,2026-08-12 21:41:41.391515
PO0000182,V03392,Systems,348,2026-01-06 18:44:47,2026-08-12 21:41:41.391515
PO0000183,V03297,Channels,621,2025-07-31 14:29:11,2026-08-12 21:41:41.391515
PO0000184,V03152,Methodologies,683,2024-07-30 22:47:09,2026-08-12 21:41:41.391515
PO0000185,V03600,Solutions,906,2024-05-09 13:58:39,2026-08-12 21:41:41.391515
PO0000186,V04677,Schemas,506,2025-09-08 01:51:17,2026-08-12 21:41:41.391515
PO0000187,V02571,Paradigms,495,2025-01-29 12:42:01,2026-08-12 21:41:41.391515
PO0000188,V01522,E-services,-913,2025-07-06 20:09:55,2026-08-12 21:41:41.391515
PO0000189,V03611,Users,206,2025-11-02 05:32:18,2026-08-12 21:41:41.391515
PO0000190,V02682,Users,842,2026-04-08 09:01:56,2026-08-12 21:41:41.391515
PO0000191,V04520,Niches,433,2024-08-18 11:19:13,2026-08-12 21:41:41.391515
PO0000192,V00183,Users,159,2024-08-13 05:19:55,2026-08-12 21:41:41.391515
PO0000193,V04329,Architectures,843,2025-07-22 05:43:18,2026-08-12 21:41:41.391515
PO0000194,V00748,Systems,438,2024-11-26 00:34:31,2026-08-12 21:41:41.391515
PO0000195,V04980,Functionalities,86,2024-07-17 21:41:35,2026-08-12 21:41:41.391515
PO0000196,V01385,Roi,236,2024-06-12 09:58:28,2026-08-12 21:41:41.391515
PO0000197,V02546,Info-mediaries,498,2024-12-24 13:30:37,2026-08-12 21:41:41.391515
PO0000198,V04692,Niches,522,2026-04-05 17:54:52,2026-08-12 21:41:41.391515
PO0000199,V04174,Systems,104,2026-02-18 15:04:51,2026-08-12 21:41:41.391515
PO0000200,V00891,Metrics,979,2026-04-09 12:49:09,2026-08-12 21:41:41.391515
PO0000201,V04429,Roi,628,2025-12-06 00:00:42,2026-08-12 21:41:41.391515
PO0000202,V02901,Channels,719,2025-03-02 20:41:21,2026-08-12 21:41:41.391515
PO0000203,V02295,Experiences,908,2024-10-04 14:49:13,2026-08-12 21:41:41.391515
PO0000204,V03854,E-services,854,2024-05-20 15:53:17,2026-08-12 21:41:41.391515
PO0000205,V01208,Relationships,65,2024-08-13 18:51:15,2026-08-12 21:41:41.391515
PO0000206,V00256,Paradigms,258,2025-07-21 08:54:12,2026-08-12 21:41:41.391515
PO0000207,V03658,Channels,771,2024-12-20 19:23:39,2026-08-12 21:41:41.391515
PO0000208,V03224,Paradigms,733,2024-12-19 07:12:09,2026-08-12 21:41:41.391515
PO0000209,V00942,Users,234,2025-11-27 08:05:04,2026-08-12 21:41:41.391515
PO0000210,V02034,Users,360,2025-09-16 09:42:11,2026-08-12 21:41:41.391515
PO0000211,V03021,E-services,598,2025-10-14 14:12:52,2026-08-12 21:41:41.391515
PO0000212,V04984,Systems,673,2025-07-13 17:20:49,2026-08-12 21:41:41.391515
PO0000213,V00113,Services,173,2025-02-24 10:09:40,2026-08-12 21:41:41.391515
PO0000214,V01015,Infrastructures,318,2024-10-15 15:59:42,2026-08-12 21:41:41.391515
PO0000215,V03675,Solutions,537,2025-03-22 13:47:12,2026-08-12 21:41:41.391515
PO0000216,V00161,Platforms,580,2024-10-24 19:26:52,2026-08-12 21:41:41.391515
PO0000217,V04202,Schemas,574,2025-04-12 20:12:00,2026-08-12 21:41:41.391515
PO0000218,V03642,Info-mediaries,230,2025-09-19 03:35:30,2026-08-12 21:41:41.391515
PO0000219,V04605,Partnerships,31,2025-10-29 09:42:26,2026-08-12 21:41:41.391515
PO0000220,V04119,Schemas,412,2026-01-08 23:44:25,2026-08-12 21:41:41.391515
PO0000221,V02593,Users,556,2024-08-15 18:06:07,2026-08-12 21:41:41.391515
PO0000222,V04827,E-services,744,2025-09-01 13:52:42,2026-08-12 21:41:41.391515
PO0000223,V01889,Partnerships,794,2025-03-01 09:08:13,2026-08-12 21:41:41.391515
PO0000224,V02245,Users,-74,2024-08-29 21:12:34,2026-08-12 21:41:41.391515
PO0000226,V02169,Solutions,846,2025-08-14 10:58:58,2026-08-12 21:41:41.391515
PO0000227,V02244,Networks,286,2025-10-31 08:39:08,2026-08-12 21:41:41.391515
PO0000228,V00043,Metrics,764,2024-12-04 10:18:05,2026-08-12 21:41:41.391515
PO0000229,V03552,Bandwidth,869,2025-09-15 19:31:53,2026-08-12 21:41:41.391515
PO0000230,V00796,Experiences,408,2025-12-02 09:09:17,2026-08-12 21:41:41.391515
PO0000231,V04161,Users,290,2024-09-04 17:29:03,2026-08-12 21:41:41.391515
PO0000232,V01585,Methodologies,78,2024-05-21 05:00:34,2026-08-12 21:41:41.391515
PO0000233,V00059,Roi,389,2025-03-19 03:15:28,2026-08-12 21:41:41.391515
PO0000234,V04303,Systems,44,2025-02-04 19:39:14,2026-08-12 21:41:41.391515
PO0000235,V00159,Niches,143,2024-06-16 00:52:44,2026-08-12 21:41:41.391515
PO0000236,V03008,Paradigms,92,2025-01-03 09:12:54,2026-08-12 21:41:41.391515
PO0000237,V00687,Services,486,2025-09-15 03:57:59,2026-08-12 21:41:41.391515
PO0000238,V04271,Systems,166,2024-11-05 08:10:56,2026-08-12 21:41:41.391515
PO0000239,V02080,Roi,939,2025-08-15 07:06:15,2026-08-12 21:41:41.391515
PO0000240,V01194,Solutions,583,2025-05-22 12:46:03,2026-08-12 21:41:41.391515
PO0000241,V03304,Roi,625,2024-05-09 00:45:31,2026-08-12 21:41:41.391515
PO0000242,V00310,Architectures,892,2025-09-02 00:12:56,2026-08-12 21:41:41.391515
PO0000243,V04418,E-services,446,2025-09-19 11:56:43,2026-08-12 21:41:41.391515
PO0000244,V02375,Niches,466,2025-06-20 03:45:11,2026-08-12 21:41:41.391515
PO0000245,V02702,Models,751,2025-01-06 19:34:17,2026-08-12 21:41:41.391515
PO0000246,V02690,Users,628,2024-07-02 10:10:44,2026-08-12 21:41:41.391515
PO0000247,V02097,Metrics,896,2024-09-16 02:30:44,2026-08-12 21:41:41.391515
PO0000248,V01639,Experiences,254,2024-09-24 01:13:52,2026-08-12 21:41:41.391515
PO0000249,V03784,Experiences,115,2025-11-01 05:44:41,2026-08-12 21:41:41.391515
PO0000250,V02713,Systems,136,2024-07-10 02:13:37,2026-08-12 21:41:41.391515
PO0000252,V04294,Systems,463,2025-09-08 12:41:38,2026-08-12 21:41:41.391515
PO0000253,V00795,Niches,902,2025-06-10 02:59:56,2026-08-12 21:41:41.391515
PO0000254,V00767,E-tailers,707,2025-11-29 12:52:55,2026-08-12 21:41:41.391515
PO0000255,V00032,Channels,335,2026-02-08 06:10:47,2026-08-12 21:41:41.391515
PO0000256,V02799,E-services,768,2024-05-19 10:10:24,2026-08-12 21:41:41.391515
PO0000257,V03181,Models,684,2024-05-21 21:06:55,2026-08-12 21:41:41.391515
PO0000258,V00886,Metrics,906,2024-11-15 18:01:17,2026-08-12 21:41:41.391515
PO0000259,V01980,Architectures,100,2025-07-07 18:23:09,2026-08-12 21:41:41.391515
PO0000260,V03324,Action-items,563,2025-06-07 02:43:29,2026-08-12 21:41:41.391515
PO0000261,V03214,Experiences,457,2026-02-08 12:24:47,2026-08-12 21:41:41.391515
PO0000262,V02316,Paradigms,938,2026-02-07 23:48:28,2026-08-12 21:41:41.391515
PO0000263,V02660,Solutions,854,2024-10-09 08:13:12,2026-08-12 21:41:41.391515
PO0000264,V00937,Networks,645,2025-10-17 02:37:55,2026-08-12 21:41:41.391515
PO0000265,V02849,Paradigms,184,2026-02-11 12:35:01,2026-08-12 21:41:41.391515
PO0000267,V00637,E-markets,215,2024-06-06 21:33:18,2026-08-12 21:41:41.391515
PO0000269,V01114,Architectures,911,2025-08-29 22:45:05,2026-08-12 21:41:41.391515
PO0000270,V02732,E-business,617,2024-06-22 00:36:25,2026-08-12 21:41:41.391515
PO0000271,V04294,Schemas,619,2024-09-02 07:35:58,2026-08-12 21:41:41.391515
PO0000272,V00477,Functionalities,594,2026-02-07 14:42:58,2026-08-12 21:41:41.391515
PO0000273,V03780,Roi,792,2024-08-13 22:40:49,2026-08-12 21:41:41.391515
PO0000274,V01241,Convergence,-705,2024-06-30 07:11:52,2026-08-12 21:41:41.391515
PO0000275,V04806,E-markets,203,2026-01-21 18:47:40,2026-08-12 21:41:41.391515
PO0000276,V04997,Metrics,967,2024-08-30 07:11:17,2026-08-12 21:41:41.391515
PO0000277,V00699,E-markets,291,2025-12-16 11:46:57,2026-08-12 21:41:41.391515
PO0000278,V02042,Experiences,911,2024-06-16 05:56:34,2026-08-12 21:41:41.391515
PO0000279,V03688,Relationships,549,2025-02-01 00:52:12,2026-08-12 21:41:41.391515
PO0000280,V03643,E-commerce,717,2025-11-20 21:57:58,2026-08-12 21:41:41.391515
PO0000281,V02282,Bandwidth,818,2024-12-03 23:22:09,2026-08-12 21:41:41.391515
PO0000282,V00295,Channels,66,2025-05-20 04:39:08,2026-08-12 21:41:41.391515
PO0000283,V00288,Infrastructures,731,2025-09-14 18:39:48,2026-08-12 21:41:41.391515
PO0000284,V00924,Users,43,2026-03-27 03:25:56,2026-08-12 21:41:41.391515
PO0000285,V01343,Niches,614,2026-03-05 04:36:50,2026-08-12 21:41:41.391515
PO0000286,V00283,Metrics,163,2024-07-14 12:10:35,2026-08-12 21:41:41.391515
PO0000287,V03911,Web-readiness,308,2025-10-22 10:26:35,2026-08-12 21:41:41.391515
PO0000288,V00554,E-services,93,2025-02-01 07:53:04,2026-08-12 21:41:41.391515
PO0000289,V01400,Metrics,522,2025-06-10 03:18:32,2026-08-12 21:41:41.391515
PO0000290,V00081,Schemas,257,2024-08-15 08:29:24,2026-08-12 21:41:41.391515
PO0000291,V01735,Platforms,613,2026-02-22 13:07:24,2026-08-12 21:41:41.391515
PO0000292,V03345,Niches,563,2025-03-22 05:22:17,2026-08-12 21:41:41.391515
PO0000293,V03262,Users,598,2025-06-14 02:37:51,2026-08-12 21:41:41.391515
PO0000294,V03163,Systems,618,2025-03-08 00:32:09,2026-08-12 21:41:41.391515
PO0000295,V03730,Bandwidth,11,2025-06-08 03:56:32,2026-08-12 21:41:41.391515
PO0000296,V01009,Info-mediaries,721,2025-05-10 23:35:53,2026-08-12 21:41:41.391515
PO0000297,V04294,E-services,922,2025-02-23 19:59:51,2026-08-12 21:41:41.391515
PO0000298,V03901,Niches,148,2024-12-05 10:26:50,2026-08-12 21:41:41.391515
PO0000299,V01615,Paradigms,109,2026-03-13 02:38:19,2026-08-12 21:41:41.391515
PO0000300,V00722,Architectures,301,2024-04-24 13:26:16,2026-08-12 21:41:41.391515
PO0000301,V03193,Users,807,2024-07-07 18:31:38,2026-08-12 21:41:41.391515
PO0000302,V04509,Roi,90,2025-12-02 02:15:51,2026-08-12 21:41:41.391515
PO0000303,V02228,Info-mediaries,719,2025-07-14 17:16:22,2026-08-12 21:41:41.391515
PO0000304,V02949,Users,309,2024-07-12 05:47:28,2026-08-12 21:41:41.391515
PO0000305,V01783,Infrastructures,644,2025-06-04 07:43:14,2026-08-12 21:41:41.391515
PO0000307,V00383,Users,353,2024-11-07 14:53:36,2026-08-12 21:41:41.391515
PO0000308,V04002,Channels,353,2025-06-24 01:50:22,2026-08-12 21:41:41.391515
PO0000309,V04207,Schemas,918,2025-06-09 06:56:24,2026-08-12 21:41:41.391515
PO0000311,V00609,Info-mediaries,965,2025-02-14 12:18:06,2026-08-12 21:41:41.391515
PO0000312,V03810,E-services,383,2024-12-14 06:01:11,2026-08-12 21:41:41.391515
PO0000313,V01495,Roi,759,2024-12-11 08:52:32,2026-08-12 21:41:41.391515
PO0000314,V02412,Info-mediaries,937,2025-11-21 14:37:07,2026-08-12 21:41:41.391515
PO0000315,V02016,Services,216,2024-07-30 18:00:48,2026-08-12 21:41:41.391515
PO0000316,V04060,Experiences,557,2026-01-28 06:11:18,2026-08-12 21:41:41.391515
PO0000318,V04830,Networks,119,2025-09-23 07:12:58,2026-08-12 21:41:41.391515
PO0000319,V02632,Niches,883,2024-04-18 18:04:23,2026-08-12 21:41:41.391515
PO0000321,V03442,Paradigms,846,2025-12-26 04:49:38,2026-08-12 21:41:41.391515
PO0000322,V00990,Solutions,448,2025-02-13 14:00:05,2026-08-12 21:41:41.391515
PO0000323,V01617,Paradigms,485,2024-09-03 00:01:31,2026-08-12 21:41:41.391515
PO0000324,V04538,Niches,207,2025-07-04 18:04:09,2026-08-12 21:41:41.391515
PO0000325,V03178,Solutions,99,2026-04-08 20:37:51,2026-08-12 21:41:41.391515
PO0000326,V00840,E-services,226,2025-05-13 07:00:40,2026-08-12 21:41:41.391515
PO0000327,V00752,Systems,587,2026-03-30 03:34:11,2026-08-12 21:41:41.391515
PO0000328,V00453,E-tailers,464,2026-04-12 06:04:48,2026-08-12 21:41:41.391515
PO0000329,V03766,Action-items,201,2025-05-09 16:21:51,2026-08-12 21:41:41.391515
PO0000330,V03167,Web-readiness,923,2025-03-27 12:12:22,2026-08-12 21:41:41.391515
PO0000331,V02517,Paradigms,561,2025-08-26 18:35:48,2026-08-12 21:41:41.391515
PO0000333,V03483,Niches,129,2025-04-26 04:15:25,2026-08-12 21:41:41.391515
PO0000334,V01399,Action-items,752,2024-10-24 22:57:22,2026-08-12 21:41:41.391515
PO0000335,V04501,E-markets,989,2026-01-24 04:04:20,2026-08-12 21:41:41.391515
PO0000337,V03739,Users,893,2025-05-27 12:14:18,2026-08-12 21:41:41.391515
PO0000338,V04708,Models,345,2024-12-28 05:20:48,2026-08-12 21:41:41.391515
PO0000339,V04028,Networks,877,2025-12-11 16:43:02,2026-08-12 21:41:41.391515
PO0000340,V02334,Channels,384,2025-11-11 06:10:24,2026-08-12 21:41:41.391515
PO0000341,V00158,E-services,897,2025-02-13 03:44:32,2026-08-12 21:41:41.391515
PO0000342,V04478,Roi,880,2025-08-26 09:44:27,2026-08-12 21:41:41.391515
PO0000343,V04520,Niches,78,2025-02-24 00:54:15,2026-08-12 21:41:41.391515
PO0000344,V04264,Markets,102,2024-11-22 20:43:54,2026-08-12 21:41:41.391515
PO0000345,V03806,E-services,748,2026-02-22 22:11:05,2026-08-12 21:41:41.391515
PO0000347,V02878,Channels,842,2025-11-20 17:19:31,2026-08-12 21:41:41.391515
PO0000348,V01594,Models,647,2024-12-15 09:45:51,2026-08-12 21:41:41.391515
PO0000349,V03922,Networks,795,2025-12-11 00:32:39,2026-08-12 21:41:41.391515
PO0000350,V03955,Paradigms,853,2025-11-17 22:36:59,2026-08-12 21:41:41.391515
PO0000351,V00310,E-services,377,2024-07-19 05:52:27,2026-08-12 21:41:41.391515
PO0000352,V04101,Users,885,2025-07-24 18:34:13,2026-08-12 21:41:41.391515
PO0000353,V01985,Channels,135,2025-03-22 03:35:07,2026-08-12 21:41:41.391515
PO0000354,V03536,Niches,815,2025-11-01 12:37:32,2026-08-12 21:41:41.391515
PO0000355,V04162,Systems,920,2024-07-27 10:31:34,2026-08-12 21:41:41.391515
PO0000356,V02719,E-tailers,588,2024-10-04 02:36:52,2026-08-12 21:41:41.391515
PO0000358,V03743,Models,149,2025-09-11 11:34:54,2026-08-12 21:41:41.391515
PO0000359,V00332,Markets,606,2024-09-05 01:04:30,2026-08-12 21:41:41.391515
PO0000360,V02272,Platforms,740,2024-07-13 20:09:04,2026-08-12 21:41:41.391515
PO0000361,V02756,Systems,644,2025-08-05 05:00:07,2026-08-12 21:41:41.391515
PO0000362,V01729,Users,824,2024-08-05 10:55:05,2026-08-12 21:41:41.391515
PO0000363,V03318,Networks,143,2025-10-25 06:06:55,2026-08-12 21:41:41.391515
PO0000364,V02652,Channels,740,2026-04-10 11:39:13,2026-08-12 21:41:41.391515
PO0000365,V03744,Systems,503,2025-03-22 18:01:10,2026-08-12 21:41:41.391515
PO0000366,V02449,Platforms,627,2026-01-06 02:45:15,2026-08-12 21:41:41.391515
PO0000367,V02593,Users,6,2024-08-08 12:00:54,2026-08-12 21:41:41.391515
PO0000369,V04438,E-services,833,2024-06-15 08:12:44,2026-08-12 21:41:41.391515
PO0000370,V04588,Platforms,12,2024-09-15 03:41:55,2026-08-12 21:41:41.391515
PO0000371,V04468,Niches,371,2024-09-07 03:56:59,2026-08-12 21:41:41.391515
PO0000372,V02414,Bandwidth,708,2024-05-01 07:05:20,2026-08-12 21:41:41.391515
PO0000373,V03967,Roi,690,2024-12-11 09:41:16,2026-08-12 21:41:41.391515
PO0000374,V01452,Roi,646,2025-10-06 02:00:34,2026-08-12 21:41:41.391515
PO0000375,V01273,Metrics,52,2024-06-06 16:33:00,2026-08-12 21:41:41.391515
PO0000376,V02020,Communities,622,2024-05-23 07:50:22,2026-08-12 21:41:41.391515
PO0000377,V01176,E-services,353,2024-11-24 20:19:32,2026-08-12 21:41:41.391515
PO0000378,V04384,Channels,173,2024-08-22 16:29:29,2026-08-12 21:41:41.391515
PO0000379,V04904,Info-mediaries,313,2025-08-06 03:43:48,2026-08-12 21:41:41.391515
PO0000380,V01889,Convergence,342,2024-10-31 11:14:22,2026-08-12 21:41:41.391515
PO0000381,V02498,E-services,996,2025-06-05 03:27:58,2026-08-12 21:41:41.391515
PO0000382,V03780,Roi,917,2024-10-03 12:34:14,2026-08-12 21:41:41.391515
PO0000383,V01871,Metrics,100,2025-12-27 03:40:01,2026-08-12 21:41:41.391515
PO0000384,V04305,E-markets,596,2024-07-14 14:19:24,2026-08-12 21:41:41.391515
PO0000385,V02749,Channels,503,2024-11-22 13:56:15,2026-08-12 21:41:41.391515
PO0000386,V00162,Markets,125,2025-11-08 03:25:15,2026-08-12 21:41:41.391515
PO0000387,V00291,Niches,547,2025-04-30 04:22:18,2026-08-12 21:41:41.391515
PO0000388,V01010,Networks,780,2026-04-16 07:26:37,2026-08-12 21:41:41.391515
PO0000389,V00857,E-business,455,2025-05-19 23:23:50,2026-08-12 21:41:41.391515
PO0000390,V04118,Metrics,538,2026-03-31 06:58:41,2026-08-12 21:41:41.391515
PO0000391,V00268,Paradigms,320,2026-03-02 12:05:29,2026-08-12 21:41:41.391515
PO0000393,V01981,Users,362,2025-12-09 00:21:10,2026-08-12 21:41:41.391515
PO0000394,V02508,Architectures,574,2026-02-16 10:38:31,2026-08-12 21:41:41.391515
PO0000395,V04013,Paradigms,124,2025-10-13 17:27:20,2026-08-12 21:41:41.391515
PO0000397,V03352,Bandwidth,765,2024-07-13 22:27:18,2026-08-12 21:41:41.391515
PO0000398,V04650,Niches,535,2024-06-26 22:47:11,2026-08-12 21:41:41.391515
PO0000399,V04168,Roi,926,2025-04-18 21:21:42,2026-08-12 21:41:41.391515
PO0000400,V04552,Users,510,2026-02-17 02:05:13,2026-08-12 21:41:41.391515
PO0000401,V01657,E-services,740,2025-08-08 16:33:31,2026-08-12 21:41:41.391515
PO0000402,V03096,Schemas,417,2025-03-30 19:47:33,2026-08-12 21:41:41.391515
PO0000403,V02293,E-services,98,2024-08-15 04:12:45,2026-08-12 21:41:41.391515
PO0000404,V04078,Roi,484,2026-01-19 02:25:10,2026-08-12 21:41:41.391515
PO0000405,V00503,Communities,774,2025-11-29 14:09:18,2026-08-12 21:41:41.391515
PO0000406,V02546,E-tailers,123,2025-02-27 13:15:00,2026-08-12 21:41:41.391515
PO0000407,V02620,Models,475,2025-07-18 19:40:08,2026-08-12 21:41:41.391515
PO0000408,V00935,Users,766,2025-08-04 08:24:36,2026-08-12 21:41:41.391515
PO0000409,V04857,Web-readiness,634,2025-07-23 10:17:08,2026-08-12 21:41:41.391515
PO0000410,V02323,E-services,720,2025-08-07 02:41:48,2026-08-12 21:41:41.391515
PO0000411,V00310,Architectures,776,2024-11-19 16:36:09,2026-08-12 21:41:41.391515
PO0000412,V00465,Partnerships,325,2025-07-08 21:48:05,2026-08-12 21:41:41.391515
PO0000413,V04998,Niches,667,2025-10-06 10:54:50,2026-08-12 21:41:41.391515
PO0000414,V02387,Niches,440,2025-06-01 05:17:52,2026-08-12 21:41:41.391515
PO0000415,V04423,Experiences,426,2024-07-01 23:43:18,2026-08-12 21:41:41.391515
PO0000416,V01534,Functionalities,508,2025-09-06 04:30:59,2026-08-12 21:41:41.391515
PO0000417,V03795,Roi,512,2024-08-20 23:15:57,2026-08-12 21:41:41.391515
PO0000419,V03541,Channels,790,2025-10-12 09:36:00,2026-08-12 21:41:41.391515
PO0000420,V03167,Web-readiness,153,2024-09-19 16:50:07,2026-08-12 21:41:41.391515
PO0000421,V03873,Partnerships,966,2024-07-13 03:23:06,2026-08-12 21:41:41.391515
PO0000422,V01249,Infrastructures,618,2025-11-10 04:12:14,2026-08-12 21:41:41.391515
PO0000423,V01493,Schemas,102,2025-06-18 20:34:59,2026-08-12 21:41:41.391515
PO0000424,V03518,Solutions,934,2024-05-03 11:11:06,2026-08-12 21:41:41.391515
PO0000425,V04594,Paradigms,633,2024-06-01 06:58:40,2026-08-12 21:41:41.391515
PO0000426,V04168,Roi,932,2024-10-05 08:58:28,2026-08-12 21:41:41.391515
PO0000427,V00840,E-services,487,2026-02-26 18:46:41,2026-08-12 21:41:41.391515
PO0000428,V00463,E-business,636,2025-03-19 13:04:23,2026-08-12 21:41:41.391515
PO0000429,V04238,Channels,820,2025-03-11 23:27:25,2026-08-12 21:41:41.391515
PO0000430,V03865,Infrastructures,137,2025-03-02 07:48:03,2026-08-12 21:41:41.391515
PO0000431,V03452,Models,552,2024-05-04 06:28:01,2026-08-12 21:41:41.391515
PO0000432,V01114,Users,753,2025-11-11 20:10:57,2026-08-12 21:41:41.391515
PO0000433,V01989,Methodologies,95,2025-10-04 12:56:53,2026-08-12 21:41:41.391515
PO0000434,V00856,Paradigms,124,2025-11-17 18:20:01,2026-08-12 21:41:41.391515
PO0000435,V02568,Models,358,2024-08-26 13:37:48,2026-08-12 21:41:41.391515
PO0000437,V04552,Users,350,2024-04-19 15:54:04,2026-08-12 21:41:41.391515
PO0000438,V02212,Platforms,603,2024-06-05 11:10:24,2026-08-12 21:41:41.391515
PO0000439,V00222,Solutions,141,2024-04-22 04:31:02,2026-08-12 21:41:41.391515
PO0000440,V00282,Users,590,2025-01-13 04:18:05,2026-08-12 21:41:41.391515
PO0000441,V00966,Web-readiness,40,2026-04-15 05:04:17,2026-08-12 21:41:41.391515
PO0000442,V04903,Bandwidth,213,2024-09-17 19:05:21,2026-08-12 21:41:41.391515
PO0000443,V01056,E-services,596,2025-11-19 23:49:43,2026-08-12 21:41:41.391515
PO0000444,V03364,Functionalities,681,2024-08-21 06:54:32,2026-08-12 21:41:41.391515
PO0000445,V02524,Bandwidth,77,2025-06-10 20:21:54,2026-08-12 21:41:41.391515
PO0000446,V00710,Users,760,2025-01-04 11:59:06,2026-08-12 21:41:41.391515
PO0000447,V01681,Systems,539,2024-09-15 05:15:42,2026-08-12 21:41:41.391515
PO0000448,V04246,Schemas,951,2025-06-14 12:32:50,2026-08-12 21:41:41.391515
PO0000449,V02409,Bandwidth,218,2025-02-19 14:42:20,2026-08-12 21:41:41.391515
PO0000450,V01802,Niches,825,2024-09-11 11:02:33,2026-08-12 21:41:41.391515
PO0000451,V00133,Services,468,2026-02-25 01:29:01,2026-08-12 21:41:41.391515
PO0000452,V03318,Networks,240,2024-07-01 20:28:47,2026-08-12 21:41:41.391515
PO0000453,V04192,Channels,398,2024-04-20 23:55:30,2026-08-12 21:41:41.391515
PO0000454,V04823,Experiences,968,2024-12-23 22:19:14,2026-08-12 21:41:41.391515
PO0000455,V02993,Models,584,2025-08-21 17:56:16,2026-08-12 21:41:41.391515
PO0000456,V03006,E-markets,750,2024-05-24 01:22:59,2026-08-12 21:41:41.391515
PO0000457,V02497,Channels,395,2024-12-27 17:08:27,2026-08-12 21:41:41.391515
PO0000458,V04968,E-tailers,-12,2026-01-06 20:27:35,2026-08-12 21:41:41.391515
PO0000459,V02416,Markets,-263,2024-09-04 09:33:44,2026-08-12 21:41:41.391515
PO0000460,V04302,Bandwidth,977,2024-11-13 20:11:26,2026-08-12 21:41:41.391515
PO0000461,V03599,Architectures,68,2024-10-24 17:44:01,2026-08-12 21:41:41.391515
PO0000462,V01332,Communities,5,2026-03-07 09:55:51,2026-08-12 21:41:41.391515
PO0000463,V01964,E-tailers,510,2025-06-03 06:01:48,2026-08-12 21:41:41.391515
PO0000465,V02694,Action-items,179,2024-10-17 11:50:17,2026-08-12 21:41:41.391515
PO0000467,V03712,Systems,27,2025-10-21 07:31:02,2026-08-12 21:41:41.391515
PO0000468,V03901,Niches,302,2024-04-19 11:48:03,2026-08-12 21:41:41.391515
PO0000469,V00922,E-business,334,2026-04-14 11:45:37,2026-08-12 21:41:41.391515
PO0000470,V02898,Infrastructures,408,2025-01-18 23:02:25,2026-08-12 21:41:41.391515
PO0000471,V03347,Relationships,834,2025-06-21 15:39:15,2026-08-12 21:41:41.391515
PO0000472,V01703,Models,206,2025-10-05 06:09:53,2026-08-12 21:41:41.391515
PO0000473,V00364,Systems,272,2024-08-21 17:04:18,2026-08-12 21:41:41.391515
PO0000474,V00542,Action-items,912,2026-04-06 09:39:11,2026-08-12 21:41:41.391515
PO0000475,V04076,Schemas,572,2025-03-08 14:57:16,2026-08-12 21:41:41.391515
PO0000476,V03968,Niches,455,2026-02-01 08:36:27,2026-08-12 21:41:41.391515
PO0000477,V02150,Solutions,975,2026-01-07 09:34:33,2026-08-12 21:41:41.391515
PO0000478,V04001,Platforms,27,2025-08-09 10:12:51,2026-08-12 21:41:41.391515
PO0000479,V03707,Platforms,50,2024-08-28 18:17:03,2026-08-12 21:41:41.391515
PO0000480,V02271,Partnerships,705,2025-09-12 15:11:06,2026-08-12 21:41:41.391515
PO0000481,V03748,Schemas,735,2025-12-13 13:44:12,2026-08-12 21:41:41.391515
PO0000482,V03082,E-tailers,619,2025-06-30 12:14:59,2026-08-12 21:41:41.391515
PO0000483,V03585,E-tailers,45,2025-12-04 23:48:17,2026-08-12 21:41:41.391515
PO0000484,V02316,Paradigms,30,2025-08-05 22:42:20,2026-08-12 21:41:41.391515
PO0000485,V03908,Users,412,2024-06-05 12:17:17,2026-08-12 21:41:41.391515
PO0000486,V01729,Users,15,2024-06-03 07:58:18,2026-08-12 21:41:41.391515
PO0000487,V04838,Networks,316,2025-04-03 09:19:32,2026-08-12 21:41:41.391515
PO0000488,V04683,Functionalities,352,2025-02-21 05:26:26,2026-08-12 21:41:41.391515
PO0000489,V03611,Users,170,2025-06-06 18:19:15,2026-08-12 21:41:41.391515
PO0000490,V03270,Systems,191,2025-10-11 18:38:26,2026-08-12 21:41:41.391515
PO0000491,V00022,Infrastructures,174,2025-03-19 16:53:11,2026-08-12 21:41:41.391515
PO0000492,V03248,Metrics,591,2024-08-23 09:37:18,2026-08-12 21:41:41.391515
PO0000493,V03732,Models,342,2026-01-16 23:12:16,2026-08-12 21:41:41.391515
PO0000494,V01294,Web-readiness,456,2025-04-08 06:31:10,2026-08-12 21:41:41.391515
PO0000495,V03355,Users,226,2025-11-26 10:22:47,2026-08-12 21:41:41.391515
PO0000496,V04742,Markets,849,2025-03-22 18:33:37,2026-08-12 21:41:41.391515
PO0000497,V00727,E-services,950,2026-04-13 03:02:30,2026-08-12 21:41:41.391515
PO0000498,V01194,Schemas,157,2024-10-24 13:53:25,2026-08-12 21:41:41.391515
PO0000499,V00090,Models,294,2026-02-13 06:37:38,2026-08-12 21:41:41.391515
PO0000500,V01623,E-markets,243,2024-10-11 10:20:40,2026-08-12 21:41:41.391515
PO0000501,V03483,Architectures,592,2024-09-02 17:28:58,2026-08-12 21:41:41.391515
PO0000502,V01833,Architectures,833,2026-02-02 10:25:43,2026-08-12 21:41:41.391515
PO0000503,V00876,Roi,117,2025-06-23 17:13:36,2026-08-12 21:41:41.391515
PO0000504,V02790,Systems,74,2026-03-09 22:19:08,2026-08-12 21:41:41.391515
PO0000505,V02008,Users,673,2024-09-25 15:22:44,2026-08-12 21:41:41.391515
PO0000506,V03316,Systems,980,2026-03-04 02:06:45,2026-08-12 21:41:41.391515
PO0000507,V00649,Roi,921,2026-02-24 08:56:23,2026-08-12 21:41:41.391515
PO0000508,V00366,E-markets,194,2025-05-12 14:42:36,2026-08-12 21:41:41.391515
PO0000509,V00149,Roi,633,2025-08-04 08:28:25,2026-08-12 21:41:41.391515
PO0000510,V01046,E-markets,761,2026-03-12 14:05:57,2026-08-12 21:41:41.391515
PO0000511,V03486,Niches,218,2025-02-11 07:53:34,2026-08-12 21:41:41.391515
PO0000512,V02774,E-services,463,2025-09-22 21:04:04,2026-08-12 21:41:41.391515
PO0000513,V00972,Services,750,2025-12-22 07:27:31,2026-08-12 21:41:41.391515
PO0000514,V02951,Partnerships,4,2026-03-04 16:05:24,2026-08-12 21:41:41.391515
PO0000515,V03170,Relationships,169,2024-09-23 08:09:15,2026-08-12 21:41:41.391515
PO0000516,V00149,E-business,909,2024-10-01 14:33:49,2026-08-12 21:41:41.391515
PO0000517,V02295,Experiences,785,2026-01-10 16:37:38,2026-08-12 21:41:41.391515
PO0000518,V03494,Niches,35,2025-04-28 16:06:27,2026-08-12 21:41:41.391515
PO0000519,V03569,Schemas,374,2025-02-28 12:41:47,2026-08-12 21:41:41.391515
PO0000520,V04674,Solutions,962,2026-03-18 03:47:06,2026-08-12 21:41:41.391515
PO0000521,V04691,Platforms,235,2025-11-19 04:57:55,2026-08-12 21:41:41.391515
PO0000522,V01882,Services,449,2024-06-21 17:02:07,2026-08-12 21:41:41.391515
PO0000523,V02439,E-services,225,2025-05-15 18:19:45,2026-08-12 21:41:41.391515
PO0000524,V03002,Users,112,2025-01-04 03:49:08,2026-08-12 21:41:41.391515
PO0000525,V03873,Niches,886,2025-08-24 05:25:50,2026-08-12 21:41:41.391515
PO0000526,V01144,E-markets,470,2024-07-15 14:07:30,2026-08-12 21:41:41.391515
PO0000527,V04530,E-services,117,2026-03-05 01:34:34,2026-08-12 21:41:41.391515
PO0000528,V01236,Networks,725,2025-08-21 04:50:42,2026-08-12 21:41:41.391515
PO0000529,V01962,E-services,278,2025-06-13 05:57:37,2026-08-12 21:41:41.391515
PO0000530,V03048,Niches,58,2026-03-28 04:40:51,2026-08-12 21:41:41.391515
PO0000532,V00305,Roi,736,2025-11-21 13:59:01,2026-08-12 21:41:41.391515
PO0000533,V01510,Paradigms,824,2026-01-20 11:23:55,2026-08-12 21:41:41.391515
PO0000534,V02614,Niches,970,2025-12-05 12:03:26,2026-08-12 21:41:41.391515
PO0000535,V03224,Paradigms,207,2025-02-24 15:08:36,2026-08-12 21:41:41.391515
PO0000537,V03808,E-services,222,2025-02-20 20:53:58,2026-08-12 21:41:41.391515
PO0000538,V03376,Partnerships,169,2025-04-06 07:40:37,2026-08-12 21:41:41.391515
PO0000539,V03071,Systems,469,2024-07-08 08:56:58,2026-08-12 21:41:41.391515
PO0000540,V03052,Bandwidth,379,2024-10-27 12:06:13,2026-08-12 21:41:41.391515
PO0000541,V00741,E-services,550,2025-03-21 03:31:12,2026-08-12 21:41:41.391515
PO0000542,V00729,Web-readiness,123,2025-06-20 20:59:56,2026-08-12 21:41:41.391515
PO0000543,V02816,E-business,485,2024-12-10 16:14:57,2026-08-12 21:41:41.391515
PO0000544,V04057,Roi,548,2025-12-12 11:58:32,2026-08-12 21:41:41.391515
PO0000545,V03705,E-services,737,2024-07-11 09:44:59,2026-08-12 21:41:41.391515
PO0000546,V04263,Communities,861,2024-04-18 15:28:20,2026-08-12 21:41:41.391515
PO0000547,V00545,Niches,953,2024-06-14 18:49:31,2026-08-12 21:41:41.391515
PO0000548,V03053,E-business,37,2024-09-12 11:38:47,2026-08-12 21:41:41.391515
PO0000549,V04335,E-services,408,2024-08-16 10:33:58,2026-08-12 21:41:41.391515
PO0000550,V04719,Web-readiness,735,2025-09-15 14:45:14,2026-08-12 21:41:41.391515
PO0000551,V02844,Systems,217,2025-05-15 21:44:46,2026-08-12 21:41:41.391515
PO0000552,V02947,E-commerce,623,2025-12-23 11:23:11,2026-08-12 21:41:41.391515
PO0000554,V03676,Users,642,2024-09-21 05:25:14,2026-08-12 21:41:41.391515
PO0000555,V04413,Info-mediaries,297,2026-03-18 02:40:42,2026-08-12 21:41:41.391515
PO0000556,V00920,Users,268,2024-10-10 05:49:51,2026-08-12 21:41:41.391515
PO0000557,V01160,Functionalities,397,2025-10-26 20:05:32,2026-08-12 21:41:41.391515
PO0000558,V01738,Convergence,487,2025-08-03 20:32:37,2026-08-12 21:41:41.391515
PO0000559,V00526,Web-readiness,296,2024-08-14 08:16:20,2026-08-12 21:41:41.391515
PO0000561,V04190,Niches,150,2025-09-22 18:18:29,2026-08-12 21:41:41.391515
PO0000562,V04732,Niches,651,2025-06-11 21:01:32,2026-08-12 21:41:41.391515
PO0000563,V02993,Models,108,2026-02-06 13:27:21,2026-08-12 21:41:41.391515
PO0000564,V02025,Solutions,-937,2025-05-17 15:52:54,2026-08-12 21:41:41.391515
PO0000565,V02713,Partnerships,53,2025-11-06 20:40:45,2026-08-12 21:41:41.391515
PO0000567,V01877,Users,977,2025-01-14 08:06:58,2026-08-12 21:41:41.391515
PO0000568,V01112,Markets,145,2026-03-16 06:43:58,2026-08-12 21:41:41.391515
PO0000569,V04838,Models,315,2024-09-10 03:02:01,2026-08-12 21:41:41.391515
PO0000570,V04465,Metrics,603,2025-04-11 03:27:17,2026-08-12 21:41:41.391515
PO0000571,V03922,Networks,944,2025-11-11 14:04:49,2026-08-12 21:41:41.391515
PO0000572,V02763,Communities,522,2025-07-28 02:36:10,2026-08-12 21:41:41.391515
PO0000573,V02146,E-services,312,2025-11-04 17:06:01,2026-08-12 21:41:41.391515
PO0000574,V02586,Relationships,141,2026-02-11 23:45:09,2026-08-12 21:41:41.391515
PO0000575,V04238,Partnerships,309,2024-06-06 04:11:16,2026-08-12 21:41:41.391515
PO0000576,V02795,E-services,16,2025-06-02 09:25:41,2026-08-12 21:41:41.391515
PO0000577,V03001,Markets,19,2025-04-23 09:41:31,2026-08-12 21:41:41.391515
PO0000578,V01005,Solutions,-902,2024-12-26 17:27:17,2026-08-12 21:41:41.391515
PO0000579,V00162,Markets,695,2025-10-20 02:51:35,2026-08-12 21:41:41.391515
PO0000580,V01586,Experiences,963,2026-04-16 11:49:05,2026-08-12 21:41:41.391515
PO0000581,V01433,Platforms,11,2025-12-02 14:54:06,2026-08-12 21:41:41.391515
PO0000582,V02852,Relationships,41,2025-11-10 21:29:27,2026-08-12 21:41:41.391515
PO0000583,V02981,Action-items,10,2025-10-13 23:02:12,2026-08-12 21:41:41.391515
PO0000584,V00586,Schemas,456,2024-05-03 08:59:37,2026-08-12 21:41:41.391515
PO0000585,V01525,Paradigms,922,2025-02-27 09:41:45,2026-08-12 21:41:41.391515
PO0000586,V04512,Platforms,346,2026-03-14 16:21:37,2026-08-12 21:41:41.391515
PO0000587,V03970,Markets,258,2025-04-27 14:30:00,2026-08-12 21:41:41.391515
PO0000588,V02435,Platforms,550,2025-05-05 22:31:08,2026-08-12 21:41:41.391515
PO0000589,V04980,Paradigms,301,2025-02-11 13:04:45,2026-08-12 21:41:41.391515
PO0000590,V01295,Convergence,791,2024-06-30 18:34:56,2026-08-12 21:41:41.391515
PO0000591,V02593,Users,36,2025-09-05 09:02:06,2026-08-12 21:41:41.391515
PO0000592,V04733,Niches,860,2024-05-21 18:07:15,2026-08-12 21:41:41.391515
PO0000593,V02910,E-tailers,676,2025-03-12 03:59:52,2026-08-12 21:41:41.391515
PO0000594,V01233,Partnerships,69,2025-11-25 20:02:50,2026-08-12 21:41:41.391515
PO0000595,V01356,Communities,904,2025-08-19 16:22:38,2026-08-12 21:41:41.391515
PO0000596,V00231,Networks,715,2025-10-31 20:25:47,2026-08-12 21:41:41.391515
PO0000597,V02446,Niches,473,2025-01-30 13:50:26,2026-08-12 21:41:41.391515
PO0000598,V03988,Paradigms,287,2026-01-19 05:01:07,2026-08-12 21:41:41.391515
PO0000599,V01512,Relationships,752,2025-07-14 01:27:56,2026-08-12 21:41:41.391515
PO0000600,V03126,Platforms,640,2024-08-25 18:10:50,2026-08-12 21:41:41.391515
PO0000601,V00389,Architectures,998,2024-04-22 21:07:56,2026-08-12 21:41:41.391515
PO0000602,V03365,Schemas,972,2025-08-24 01:46:58,2026-08-12 21:41:41.391515
PO0000603,V00686,Info-mediaries,731,2026-03-17 04:01:46,2026-08-12 21:41:41.391515
PO0000604,V04661,Convergence,237,2026-04-13 17:23:43,2026-08-12 21:41:41.391515
PO0000605,V03060,Metrics,530,2025-06-10 01:26:32,2026-08-12 21:41:41.391515
PO0000606,V01273,Metrics,367,2025-05-28 23:01:03,2026-08-12 21:41:41.391515
PO0000608,V00943,Functionalities,739,2026-02-12 02:46:39,2026-08-12 21:41:41.391515
PO0000609,V04282,Users,392,2025-09-08 03:08:52,2026-08-12 21:41:41.391515
PO0000610,V01833,Architectures,98,2026-01-09 15:40:19,2026-08-12 21:41:41.391515
PO0000612,V04760,Info-mediaries,190,2024-10-27 03:20:40,2026-08-12 21:41:41.391515
PO0000613,V01064,Metrics,277,2025-12-07 08:04:03,2026-08-12 21:41:41.391515
PO0000614,V02127,Methodologies,305,2024-06-15 07:24:14,2026-08-12 21:41:41.391515
PO0000615,V04970,Channels,323,2025-08-13 11:37:26,2026-08-12 21:41:41.391515
PO0000616,V00382,Paradigms,263,2024-07-25 23:45:01,2026-08-12 21:41:41.391515
PO0000617,V02948,Partnerships,450,2025-04-15 19:20:43,2026-08-12 21:41:41.391515
PO0000618,V02884,Users,996,2025-08-02 05:51:46,2026-08-12 21:41:41.391515
PO0000619,V04236,Models,74,2025-03-29 08:01:22,2026-08-12 21:41:41.391515
PO0000620,V01604,E-services,215,2025-03-02 06:30:00,2026-08-12 21:41:41.391515
PO0000621,V00488,E-tailers,801,2024-07-17 17:05:37,2026-08-12 21:41:41.391515
PO0000622,V03336,Users,313,2025-04-10 19:12:35,2026-08-12 21:41:41.391515
PO0000623,V01420,Metrics,523,2026-04-01 05:03:19,2026-08-12 21:41:41.391515
PO0000624,V04698,E-commerce,684,2025-05-13 19:54:30,2026-08-12 21:41:41.391515
PO0000626,V01590,Channels,164,2024-07-12 23:11:49,2026-08-12 21:41:41.391515
PO0000627,V00283,Niches,473,2025-01-16 16:19:56,2026-08-12 21:41:41.391515
PO0000629,V02614,Niches,125,2025-03-09 10:53:22,2026-08-12 21:41:41.391515
PO0000630,V00192,Communities,-741,2025-07-12 03:52:23,2026-08-12 21:41:41.391515
PO0000631,V02491,E-services,854,2026-02-09 17:30:54,2026-08-12 21:41:41.391515
PO0000632,V04188,E-business,516,2025-06-06 04:30:37,2026-08-12 21:41:41.391515
PO0000633,V04726,Roi,283,2025-08-30 15:15:16,2026-08-12 21:41:41.391515
PO0000634,V02025,Users,631,2024-10-26 19:39:20,2026-08-12 21:41:41.391515
PO0000635,V04023,E-services,757,2025-06-12 05:28:47,2026-08-12 21:41:41.391515
PO0000636,V01030,Channels,345,2025-10-08 02:30:57,2026-08-12 21:41:41.391515
PO0000637,V03248,Metrics,747,2024-12-06 04:14:14,2026-08-12 21:41:41.391515
PO0000638,V02246,E-services,785,2025-01-14 19:35:50,2026-08-12 21:41:41.391515
PO0000639,V03041,E-services,142,2025-09-13 05:17:07,2026-08-12 21:41:41.391515
PO0000640,V00089,Models,198,2025-05-09 09:51:00,2026-08-12 21:41:41.391515
PO0000641,V00615,Metrics,787,2024-09-03 09:58:28,2026-08-12 21:41:41.391515
PO0000642,V02491,E-services,554,2025-11-09 10:50:15,2026-08-12 21:41:41.391515
PO0000643,V00958,Solutions,336,2025-09-24 17:28:17,2026-08-12 21:41:41.391515
PO0000645,V04101,Channels,559,2025-10-26 06:56:08,2026-08-12 21:41:41.391515
PO0000646,V04524,Networks,363,2026-01-16 09:39:54,2026-08-12 21:41:41.391515
PO0000647,V00079,Solutions,348,2025-11-07 11:29:25,2026-08-12 21:41:41.391515
PO0000649,V03356,Metrics,659,2025-10-14 20:59:45,2026-08-12 21:41:41.391515
PO0000650,V01009,Architectures,46,2025-02-15 13:01:00,2026-08-12 21:41:41.391515
PO0000651,V04823,Models,594,2025-02-04 17:33:02,2026-08-12 21:41:41.391515
PO0000652,V02463,Markets,642,2025-01-29 08:06:53,2026-08-12 21:41:41.391515
PO0000653,V00327,Bandwidth,58,2025-10-10 13:16:28,2026-08-12 21:41:41.391515
PO0000654,V02269,Channels,413,2026-01-16 10:54:28,2026-08-12 21:41:41.391515
PO0000655,V02534,Schemas,624,2025-02-22 02:48:26,2026-08-12 21:41:41.391515
PO0000656,V03730,Bandwidth,264,2025-06-06 16:10:18,2026-08-12 21:41:41.391515
PO0000657,V01052,Infrastructures,881,2025-02-10 15:15:32,2026-08-12 21:41:41.391515
PO0000658,V04256,Architectures,566,2025-12-02 04:56:18,2026-08-12 21:41:41.391515
PO0000659,V02274,Schemas,265,2024-08-28 16:23:54,2026-08-12 21:41:41.391515
PO0000660,V01746,Bandwidth,823,2025-08-06 01:53:26,2026-08-12 21:41:41.391515
PO0000661,V03039,Niches,226,2026-02-22 15:52:17,2026-08-12 21:41:41.391515
PO0000662,V02640,E-commerce,292,2025-01-17 21:23:11,2026-08-12 21:41:41.391515
PO0000663,V01774,Methodologies,54,2025-07-08 10:13:19,2026-08-12 21:41:41.391515
PO0000664,V00551,E-commerce,561,2026-01-22 05:55:44,2026-08-12 21:41:41.391515
PO0000665,V03908,Solutions,445,2024-06-30 04:12:27,2026-08-12 21:41:41.391515
PO0000666,V03359,Infrastructures,956,2024-08-03 11:30:11,2026-08-12 21:41:41.391515
PO0000667,V02293,E-services,-943,2024-12-25 09:52:31,2026-08-12 21:41:41.391515
PO0000668,V04615,Solutions,379,2025-04-01 03:33:17,2026-08-12 21:41:41.391515
PO0000669,V04808,E-markets,781,2024-09-23 13:37:23,2026-08-12 21:41:41.391515
PO0000670,V00964,Convergence,162,2024-12-13 06:36:23,2026-08-12 21:41:41.391515
PO0000671,V04741,Roi,767,2025-08-10 01:05:38,2026-08-12 21:41:41.391515
PO0000672,V02213,Channels,737,2025-05-16 23:37:34,2026-08-12 21:41:41.391515
PO0000674,V03256,Roi,920,2025-07-01 05:56:36,2026-08-12 21:41:41.391515
PO0000675,V04577,Platforms,405,2026-03-11 03:39:20,2026-08-12 21:41:41.391515
PO0000676,V01590,Channels,487,2024-08-22 05:32:22,2026-08-12 21:41:41.391515
PO0000677,V02768,Functionalities,596,2025-01-09 18:09:01,2026-08-12 21:41:41.391515
PO0000678,V02008,Paradigms,434,2024-12-27 08:03:34,2026-08-12 21:41:41.391515
PO0000679,V02425,E-services,24,2024-10-08 14:48:43,2026-08-12 21:41:41.391515
PO0000680,V04953,Action-items,383,2025-07-29 20:40:58,2026-08-12 21:41:41.391515
PO0000681,V02135,Paradigms,202,2024-11-15 22:04:24,2026-08-12 21:41:41.391515
PO0000682,V01327,E-services,592,2025-09-21 07:33:10,2026-08-12 21:41:41.391515
PO0000683,V01793,Partnerships,83,2025-03-22 00:03:37,2026-08-12 21:41:41.391515
PO0000684,V03909,Platforms,129,2025-08-19 00:03:52,2026-08-12 21:41:41.391515
PO0000685,V02830,Platforms,894,2025-08-25 08:41:16,2026-08-12 21:41:41.391515
PO0000686,V02759,E-tailers,729,2024-04-25 00:33:17,2026-08-12 21:41:41.391515
PO0000687,V04689,E-markets,212,2025-12-02 10:06:01,2026-08-12 21:41:41.391515
PO0000688,V04011,Communities,475,2025-03-29 03:13:53,2026-08-12 21:41:41.391515
PO0000689,V02184,Roi,303,2025-11-12 08:44:25,2026-08-12 21:41:41.391515
PO0000690,V02938,E-services,691,2024-12-05 08:43:07,2026-08-12 21:41:41.391515
PO0000691,V01215,E-services,595,2026-03-07 15:29:44,2026-08-12 21:41:41.391515
PO0000692,V03187,Convergence,791,2024-08-02 00:47:26,2026-08-12 21:41:41.391515
PO0000693,V03253,Networks,324,2025-07-11 23:42:02,2026-08-12 21:41:41.391515
PO0000694,V01885,Niches,60,2026-02-16 06:33:24,2026-08-12 21:41:41.391515
PO0000695,V02067,Experiences,908,2025-08-03 02:56:44,2026-08-12 21:41:41.391515
PO0000696,V03739,Users,426,2024-05-05 11:08:18,2026-08-12 21:41:41.391515
PO0000697,V03745,Channels,808,2025-03-29 16:32:40,2026-08-12 21:41:41.391515
PO0000698,V00966,Partnerships,220,2024-11-12 06:14:31,2026-08-12 21:41:41.391515
PO0000699,V01352,E-markets,999,2025-08-18 07:47:26,2026-08-12 21:41:41.391515
PO0000700,V03881,Functionalities,179,2025-04-22 02:09:56,2026-08-12 21:41:41.391515
PO0000701,V02047,Relationships,773,2024-08-06 20:39:34,2026-08-12 21:41:41.391515
PO0000702,V02818,Infrastructures,705,2025-12-03 01:40:57,2026-08-12 21:41:41.391515
PO0000703,V01552,Infrastructures,989,2025-08-10 12:16:36,2026-08-12 21:41:41.391515
PO0000704,V02856,Bandwidth,826,2025-03-04 00:31:15,2026-08-12 21:41:41.391515
PO0000705,V00857,E-business,217,2025-03-12 14:25:35,2026-08-12 21:41:41.391515
PO0000706,V02883,Infrastructures,703,2025-07-20 11:31:37,2026-08-12 21:41:41.391515
PO0000707,V03603,Paradigms,396,2024-12-10 12:42:27,2026-08-12 21:41:41.391515
PO0000708,V04260,Infrastructures,442,2024-06-05 21:15:41,2026-08-12 21:41:41.391515
PO0000709,V02790,Infrastructures,562,2025-12-02 18:55:41,2026-08-12 21:41:41.391515
PO0000710,V01293,Roi,384,2025-03-24 02:43:02,2026-08-12 21:41:41.391515
PO0000711,V00066,Infrastructures,884,2025-07-07 22:04:15,2026-08-12 21:41:41.391515
PO0000713,V00639,Bandwidth,739,2025-02-19 20:48:45,2026-08-12 21:41:41.391515
PO0000714,V03708,Infrastructures,658,2025-04-29 06:37:47,2026-08-12 21:41:41.391515
PO0000716,V04456,Niches,969,2025-06-28 20:44:31,2026-08-12 21:41:41.391515
PO0000717,V01936,Roi,479,2024-04-20 23:53:42,2026-08-12 21:41:41.391515
PO0000718,V04808,E-markets,288,2025-06-21 17:25:35,2026-08-12 21:41:41.391515
PO0000719,V00265,Roi,658,2025-12-16 06:51:34,2026-08-12 21:41:41.391515
PO0000720,V02741,Web-readiness,124,2025-07-24 09:10:07,2026-08-12 21:41:41.391515
PO0000721,V04733,Relationships,979,2025-04-08 04:34:30,2026-08-12 21:41:41.391515
PO0000722,V01344,Models,399,2024-12-12 10:57:05,2026-08-12 21:41:41.391515
PO0000724,V00644,Metrics,417,2025-09-27 22:59:45,2026-08-12 21:41:41.391515
PO0000725,V01692,Paradigms,852,2025-05-09 20:08:21,2026-08-12 21:41:41.391515
PO0000726,V01471,E-tailers,780,2024-11-02 00:02:46,2026-08-12 21:41:41.391515
PO0000727,V01057,E-business,557,2025-06-26 07:29:18,2026-08-12 21:41:41.391515
PO0000728,V01094,Info-mediaries,244,2025-01-16 08:52:36,2026-08-12 21:41:41.391515
PO0000729,V03977,E-tailers,949,2025-10-02 12:23:17,2026-08-12 21:41:41.391515
PO0000730,V01335,Infrastructures,564,2025-08-10 20:56:00,2026-08-12 21:41:41.391515
PO0000731,V04810,Info-mediaries,-407,2026-02-07 16:39:50,2026-08-12 21:41:41.391515
PO0000732,V02064,Users,267,2025-07-05 11:59:22,2026-08-12 21:41:41.391515
PO0000733,V04187,E-services,581,2024-11-24 18:32:45,2026-08-12 21:41:41.391515
PO0000734,V03275,Communities,292,2025-02-27 01:38:00,2026-08-12 21:41:41.391515
PO0000735,V03628,E-business,386,2024-11-18 05:27:17,2026-08-12 21:41:41.391515
PO0000736,V00794,Functionalities,408,2024-06-15 11:16:26,2026-08-12 21:41:41.391515
PO0000738,V02978,Niches,495,2024-09-15 08:02:52,2026-08-12 21:41:41.391515
PO0000739,V02755,E-tailers,823,2026-01-01 12:06:23,2026-08-12 21:41:41.391515
PO0000740,V00735,Niches,997,2025-08-03 11:00:49,2026-08-12 21:41:41.391515
PO0000741,V01493,E-services,894,2025-12-31 22:13:04,2026-08-12 21:41:41.391515
PO0000742,V04530,Web-readiness,866,2025-05-14 12:41:33,2026-08-12 21:41:41.391515
PO0000743,V03864,Functionalities,19,2026-02-04 21:01:37,2026-08-12 21:41:41.391515
PO0000744,V04380,Users,858,2024-12-08 18:52:46,2026-08-12 21:41:41.391515
PO0000745,V01728,Platforms,11,2024-07-14 10:09:36,2026-08-12 21:41:41.391515
PO0000746,V01146,Roi,375,2025-03-03 04:54:20,2026-08-12 21:41:41.391515
PO0000748,V04282,Architectures,890,2024-10-23 09:17:57,2026-08-12 21:41:41.391515
PO0000749,V02822,Architectures,161,2024-11-28 11:04:00,2026-08-12 21:41:41.391515
PO0000750,V03324,Action-items,984,2026-01-29 14:19:36,2026-08-12 21:41:41.391515
PO0000751,V02676,Platforms,363,2025-04-09 00:10:16,2026-08-12 21:41:41.391515
PO0000752,V01740,Metrics,164,2025-05-26 02:48:23,2026-08-12 21:41:41.391515
PO0000753,V01967,Metrics,261,2025-08-20 06:37:15,2026-08-12 21:41:41.391515
PO0000754,V03778,Schemas,443,2025-01-09 16:55:18,2026-08-12 21:41:41.391515
PO0000755,V01285,Channels,645,2024-09-25 05:06:11,2026-08-12 21:41:41.391515
PO0000756,V02060,Solutions,503,2025-02-21 15:53:15,2026-08-12 21:41:41.391515
PO0000757,V02151,Systems,396,2025-11-08 09:42:25,2026-08-12 21:41:41.391515
PO0000758,V01577,Niches,357,2025-07-13 16:35:19,2026-08-12 21:41:41.391515
PO0000759,V03172,Roi,225,2025-06-08 16:02:49,2026-08-12 21:41:41.391515
PO0000760,V01288,Info-mediaries,175,2026-01-05 22:21:14,2026-08-12 21:41:41.391515
PO0000761,V04175,E-services,79,2025-06-06 04:04:51,2026-08-12 21:41:41.391515
PO0000762,V00380,Infrastructures,424,2024-07-09 23:24:22,2026-08-12 21:41:41.391515
PO0000763,V04730,Info-mediaries,539,2025-02-07 19:11:19,2026-08-12 21:41:41.391515
PO0000764,V01400,Models,736,2024-12-01 13:29:01,2026-08-12 21:41:41.391515
PO0000765,V01344,Models,159,2025-12-12 01:25:45,2026-08-12 21:41:41.391515
PO0000766,V02801,Web-readiness,476,2025-07-15 19:56:38,2026-08-12 21:41:41.391515
PO0000767,V04909,Relationships,595,2025-06-06 13:08:41,2026-08-12 21:41:41.391515
PO0000768,V03409,Metrics,809,2024-05-09 17:17:05,2026-08-12 21:41:41.391515
PO0000769,V04968,Paradigms,-616,2024-11-10 00:15:25,2026-08-12 21:41:41.391515
PO0000770,V00235,Schemas,976,2024-11-29 06:27:47,2026-08-12 21:41:41.391515
PO0000771,V03060,Metrics,919,2024-12-19 11:32:09,2026-08-12 21:41:41.391515
PO0000772,V03620,Paradigms,937,2024-04-25 16:17:07,2026-08-12 21:41:41.391515
PO0000773,V02266,Niches,720,2025-12-24 10:22:36,2026-08-12 21:41:41.391515
PO0000774,V01785,Metrics,934,2025-07-31 20:51:10,2026-08-12 21:41:41.391515
PO0000775,V02791,Niches,149,2024-08-25 11:02:37,2026-08-12 21:41:41.391515
PO0000777,V00415,Bandwidth,855,2025-08-28 02:49:25,2026-08-12 21:41:41.391515
PO0000778,V02910,E-tailers,89,2025-05-22 20:10:46,2026-08-12 21:41:41.391515
PO0000779,V04055,Architectures,244,2026-01-04 04:54:02,2026-08-12 21:41:41.391515
PO0000780,V01300,Web-readiness,801,2025-02-18 10:09:43,2026-08-12 21:41:41.391515
PO0000781,V04584,Systems,724,2026-02-27 06:59:11,2026-08-12 21:41:41.391515
PO0000782,V01443,Infrastructures,842,2024-04-25 16:57:53,2026-08-12 21:41:41.391515
PO0000783,V04182,Networks,554,2024-12-27 17:41:31,2026-08-12 21:41:41.391515
PO0000784,V00033,Infrastructures,75,2024-08-28 18:00:34,2026-08-12 21:41:41.391515
PO0000785,V01140,Paradigms,145,2024-07-18 20:50:41,2026-08-12 21:41:41.391515
PO0000787,V03650,E-markets,833,2026-03-08 10:47:42,2026-08-12 21:41:41.391515
PO0000788,V00650,Solutions,736,2024-05-12 09:29:52,2026-08-12 21:41:41.391515
PO0000789,V00894,Systems,543,2024-08-23 09:51:04,2026-08-12 21:41:41.391515
PO0000790,V04706,Platforms,633,2025-02-21 12:13:34,2026-08-12 21:41:41.391515
PO0000791,V01888,Metrics,972,2024-08-04 09:24:36,2026-08-12 21:41:41.391515
PO0000792,V04957,Infrastructures,257,2025-04-09 06:36:35,2026-08-12 21:41:41.391515
PO0000793,V00198,Metrics,815,2024-05-18 08:45:56,2026-08-12 21:41:41.391515
PO0000794,V03699,Niches,211,2025-02-20 03:20:36,2026-08-12 21:41:41.391515
PO0000795,V00371,Users,669,2025-02-22 20:43:17,2026-08-12 21:41:41.391515
PO0000796,V01009,Models,10,2024-11-29 03:53:41,2026-08-12 21:41:41.391515
PO0000798,V00068,Channels,681,2025-07-29 11:05:20,2026-08-12 21:41:41.391515
PO0000799,V03863,Web-readiness,617,2026-03-19 09:40:36,2026-08-12 21:41:41.391515
PO0000800,V02855,E-markets,444,2024-06-04 13:09:01,2026-08-12 21:41:41.391515
PO0000801,V00364,E-markets,764,2024-05-02 01:10:45,2026-08-12 21:41:41.391515
PO0000802,V01131,Methodologies,512,2026-01-30 08:26:18,2026-08-12 21:41:41.391515
PO0000803,V00258,Metrics,777,2025-06-14 19:51:42,2026-08-12 21:41:41.391515
PO0000804,V00235,Services,550,2024-09-04 03:37:01,2026-08-12 21:41:41.391515
PO0000806,V00281,Architectures,813,2025-06-07 06:36:48,2026-08-12 21:41:41.391515
PO0000807,V03925,Relationships,892,2026-01-25 10:56:00,2026-08-12 21:41:41.391515
PO0000808,V04318,Channels,595,2024-10-31 06:09:03,2026-08-12 21:41:41.391515
PO0000809,V04679,E-commerce,826,2025-01-21 12:23:34,2026-08-12 21:41:41.391515
PO0000810,V02676,Systems,398,2025-05-26 23:14:09,2026-08-12 21:41:41.391515
PO0000811,V03991,E-markets,49,2024-07-08 01:51:43,2026-08-12 21:41:41.391515
PO0000812,V01942,E-services,708,2025-12-07 05:13:56,2026-08-12 21:41:41.391515
PO0000813,V03442,Paradigms,768,2024-10-07 00:06:34,2026-08-12 21:41:41.391515
PO0000814,V03999,Markets,118,2024-04-18 10:19:57,2026-08-12 21:41:41.391515
PO0000815,V01075,Channels,168,2025-06-24 02:01:29,2026-08-12 21:41:41.391515
PO0000816,V01760,Paradigms,123,2026-02-28 09:29:09,2026-08-12 21:41:41.391515
PO0000817,V03553,Markets,845,2025-06-11 03:29:50,2026-08-12 21:41:41.391515
PO0000818,V02041,Users,789,2025-07-07 04:10:37,2026-08-12 21:41:41.391515
PO0000819,V01512,Systems,574,2025-06-23 12:16:39,2026-08-12 21:41:41.391515
PO0000820,V03121,Paradigms,683,2024-09-12 13:10:28,2026-08-12 21:41:41.391515
PO0000821,V03670,Niches,938,2026-02-26 14:07:47,2026-08-12 21:41:41.391515
PO0000822,V02175,Metrics,71,2025-09-17 02:11:53,2026-08-12 21:41:41.391515
PO0000823,V01059,Niches,930,2026-01-02 21:06:18,2026-08-12 21:41:41.391515
PO0000824,V01167,E-business,581,2024-05-19 23:15:02,2026-08-12 21:41:41.391515
PO0000825,V03376,Partnerships,565,2024-12-30 05:35:12,2026-08-12 21:41:41.391515
PO0000826,V00519,Solutions,494,2025-04-27 18:01:32,2026-08-12 21:41:41.391515
PO0000827,V00091,Functionalities,510,2024-12-11 00:03:00,2026-08-12 21:41:41.391515
PO0000828,V03155,Channels,146,2025-09-17 21:26:03,2026-08-12 21:41:41.391515
PO0000829,V00929,Methodologies,324,2026-01-10 21:12:57,2026-08-12 21:41:41.391515
PO0000830,V04236,Models,809,2025-06-12 02:29:04,2026-08-12 21:41:41.391515
PO0000831,V01531,Paradigms,895,2025-06-20 00:46:40,2026-08-12 21:41:41.391515
PO0000832,V00411,E-services,412,2024-10-19 01:27:15,2026-08-12 21:41:41.391515
PO0000833,V02520,Paradigms,1,2025-08-11 16:27:32,2026-08-12 21:41:41.391515
PO0000834,V04518,Niches,154,2025-07-24 03:51:47,2026-08-12 21:41:41.391515
PO0000835,V04818,E-services,-238,2025-11-11 08:51:54,2026-08-12 21:41:41.391515
PO0000836,V03238,Channels,101,2025-04-20 23:05:07,2026-08-12 21:41:41.391515
PO0000837,V04778,Methodologies,667,2024-11-07 10:33:41,2026-08-12 21:41:41.391515
PO0000838,V04997,Models,943,2026-01-25 08:01:13,2026-08-12 21:41:41.391515
PO0000839,V03650,Services,643,2026-02-10 19:16:14,2026-08-12 21:41:41.391515
PO0000840,V03638,Platforms,550,2025-11-16 12:15:40,2026-08-12 21:41:41.391515
PO0000841,V02501,Solutions,559,2024-07-09 07:54:19,2026-08-12 21:41:41.391515
PO0000842,V02007,Users,966,2025-06-21 19:02:15,2026-08-12 21:41:41.391515
PO0000843,V01495,Paradigms,694,2025-01-13 00:31:33,2026-08-12 21:41:41.391515
PO0000844,V01169,E-markets,969,2025-03-07 02:52:06,2026-08-12 21:41:41.391515
PO0000845,V00586,Schemas,525,2026-02-19 06:08:58,2026-08-12 21:41:41.391515
PO0000846,V02387,Niches,248,2024-10-18 18:01:13,2026-08-12 21:41:41.391515
PO0000847,V01604,E-services,310,2024-04-29 07:45:40,2026-08-12 21:41:41.391515
PO0000848,V01761,Niches,187,2024-08-12 00:46:21,2026-08-12 21:41:41.391515
PO0000849,V01689,E-tailers,842,2026-04-06 19:53:48,2026-08-12 21:41:41.391515
PO0000850,V02312,Experiences,978,2025-03-31 06:19:08,2026-08-12 21:41:41.391515
PO0000851,V02395,Convergence,510,2025-12-21 07:12:23,2026-08-12 21:41:41.391515
PO0000852,V01590,Channels,121,2025-01-30 19:52:45,2026-08-12 21:41:41.391515
PO0000853,V01248,Paradigms,254,2026-03-29 20:42:55,2026-08-12 21:41:41.391515
PO0000856,V04702,Infrastructures,684,2024-04-18 11:57:23,2026-08-12 21:41:41.391515
PO0000857,V03167,Web-readiness,37,2024-09-30 08:03:53,2026-08-12 21:41:41.391515
PO0000858,V00400,Solutions,414,2024-05-23 16:16:04,2026-08-12 21:41:41.391515
PO0000859,V04554,Niches,268,2025-09-27 21:54:11,2026-08-12 21:41:41.391515
PO0000860,V04512,Platforms,333,2025-01-10 21:49:46,2026-08-12 21:41:41.391515
PO0000861,V03389,E-commerce,990,2025-10-29 09:45:01,2026-08-12 21:41:41.391515
PO0000863,V00134,Systems,102,2025-11-29 03:21:34,2026-08-12 21:41:41.391515
PO0000864,V00628,E-services,292,2025-09-27 06:23:44,2026-08-12 21:41:41.391515
PO0000866,V04197,Infrastructures,608,2024-07-06 02:17:12,2026-08-12 21:41:41.391515
PO0000868,V02373,Roi,105,2026-03-09 04:57:59,2026-08-12 21:41:41.391515
PO0000869,V00391,Paradigms,396,2026-02-22 07:41:26,2026-08-12 21:41:41.391515
PO0000870,V02095,Web-readiness,46,2025-12-13 17:28:52,2026-08-12 21:41:41.391515
PO0000871,V02781,Partnerships,656,2025-07-25 06:37:44,2026-08-12 21:41:41.391515
PO0000872,V01579,Niches,84,2025-01-19 10:27:57,2026-08-12 21:41:41.391515
PO0000873,V00741,Architectures,360,2025-09-01 00:46:05,2026-08-12 21:41:41.391515
PO0000874,V03293,Schemas,698,2024-09-22 22:04:17,2026-08-12 21:41:41.391515
PO0000875,V01196,Niches,397,2024-05-01 10:26:16,2026-08-12 21:41:41.391515
PO0000876,V04055,Architectures,2,2026-03-26 17:26:22,2026-08-12 21:41:41.391515
PO0000877,V01843,Bandwidth,390,2025-01-20 15:16:29,2026-08-12 21:41:41.391515
PO0000878,V01090,Communities,104,2025-02-12 21:53:05,2026-08-12 21:41:41.391515
PO0000879,V04144,Networks,59,2024-12-01 10:03:50,2026-08-12 21:41:41.391515
PO0000880,V02831,Functionalities,344,2024-07-02 10:05:32,2026-08-12 21:41:41.391515
PO0000881,V03628,E-business,278,2025-06-25 09:16:16,2026-08-12 21:41:41.391515
PO0000882,V02547,Channels,763,2024-11-06 18:40:27,2026-08-12 21:41:41.391515
PO0000883,V03079,Communities,370,2025-12-04 22:49:51,2026-08-12 21:41:41.391515
PO0000884,V03368,Roi,252,2025-07-01 02:45:11,2026-08-12 21:41:41.391515
PO0000886,V02277,Convergence,26,2026-01-19 04:01:00,2026-08-12 21:41:41.391515
PO0000887,V00116,Roi,608,2025-03-24 10:12:50,2026-08-12 21:41:41.391515
PO0000888,V03780,Roi,764,2025-06-12 11:54:08,2026-08-12 21:41:41.391515
PO0000889,V02260,Infrastructures,308,2025-09-16 12:03:01,2026-08-12 21:41:41.391515
PO0000890,V00619,Architectures,305,2026-02-03 01:58:52,2026-08-12 21:41:41.391515
PO0000892,V03274,Channels,296,2024-12-02 12:16:16,2026-08-12 21:41:41.391515
PO0000893,V01081,Niches,213,2025-03-19 13:06:52,2026-08-12 21:41:41.391515
PO0000894,V04952,Models,102,2025-04-01 14:53:28,2026-08-12 21:41:41.391515
PO0000895,V00400,E-services,478,2025-07-04 08:05:44,2026-08-12 21:41:41.391515
PO0000896,V01577,E-tailers,369,2024-05-28 05:32:39,2026-08-12 21:41:41.391515
PO0000897,V03017,Schemas,329,2025-05-13 10:19:11,2026-08-12 21:41:41.391515
PO0000898,V03017,Schemas,651,2025-11-30 05:24:54,2026-08-12 21:41:41.391515
PO0000899,V03114,Roi,108,2025-04-25 17:16:26,2026-08-12 21:41:41.391515
PO0000900,V04432,Methodologies,246,2026-03-28 22:00:39,2026-08-12 21:41:41.391515
PO0000901,V04651,Services,554,2025-10-30 00:50:27,2026-08-12 21:41:41.391515
PO0000902,V03225,E-tailers,437,2026-03-27 14:03:07,2026-08-12 21:41:41.391515
PO0000903,V02981,Action-items,308,2024-05-03 03:47:22,2026-08-12 21:41:41.391515
PO0000904,V04480,Users,582,2025-09-07 16:40:51,2026-08-12 21:41:41.391515
PO0000905,V01277,Convergence,340,2024-07-18 21:43:54,2026-08-12 21:41:41.391515
PO0000907,V01988,Niches,2,2025-04-19 16:50:08,2026-08-12 21:41:41.391515
PO0000909,V01090,Platforms,919,2025-03-05 21:59:58,2026-08-12 21:41:41.391515
PO0000910,V00439,Services,399,2026-03-01 02:46:02,2026-08-12 21:41:41.391515
PO0000911,V00533,Users,486,2025-08-30 05:42:06,2026-08-12 21:41:41.391515
PO0000912,V03573,Platforms,363,2026-01-02 05:13:20,2026-08-12 21:41:41.391515
PO0000913,V02719,E-tailers,56,2024-05-15 03:07:25,2026-08-12 21:41:41.391515
PO0000914,V01844,Paradigms,31,2024-05-12 06:20:49,2026-08-12 21:41:41.391515
PO0000915,V04578,Services,693,2024-07-14 18:37:25,2026-08-12 21:41:41.391515
PO0000916,V03227,Partnerships,348,2025-08-21 03:18:21,2026-08-12 21:41:41.391515
PO0000917,V00282,Users,390,2025-11-21 15:25:55,2026-08-12 21:41:41.391515
PO0000918,V01606,E-services,127,2024-09-23 11:51:01,2026-08-12 21:41:41.391515
PO0000919,V01465,E-markets,43,2025-03-16 05:34:58,2026-08-12 21:41:41.391515
PO0000920,V01727,Solutions,399,2025-02-01 05:29:38,2026-08-12 21:41:41.391515
PO0000921,V01091,Methodologies,219,2026-03-09 04:03:15,2026-08-12 21:41:41.391515
PO0000922,V02078,Niches,318,2025-10-04 08:09:43,2026-08-12 21:41:41.391515
PO0000923,V01681,E-tailers,761,2024-07-22 10:44:17,2026-08-12 21:41:41.391515
PO0000924,V00449,Metrics,41,2024-05-24 23:36:26,2026-08-12 21:41:41.391515
PO0000925,V02371,E-business,191,2024-10-14 08:57:13,2026-08-12 21:41:41.391515
PO0000926,V04552,Architectures,76,2024-11-14 19:07:45,2026-08-12 21:41:41.391515
PO0000927,V01518,Partnerships,128,2026-04-01 18:20:55,2026-08-12 21:41:41.391515
PO0000928,V02573,Platforms,501,2024-12-03 15:03:11,2026-08-12 21:41:41.391515
PO0000929,V00675,E-tailers,27,2024-12-09 08:48:24,2026-08-12 21:41:41.391515
PO0000932,V02371,E-business,883,2025-07-29 04:04:25,2026-08-12 21:41:41.391515
PO0000933,V02981,Action-items,954,2025-07-24 09:29:08,2026-08-12 21:41:41.391515
PO0000934,V03838,Markets,34,2026-04-16 16:25:15,2026-08-12 21:41:41.391515
PO0000935,V01657,E-services,680,2024-05-21 14:42:41,2026-08-12 21:41:41.391515
PO0000936,V02201,Services,111,2025-02-17 13:35:07,2026-08-12 21:41:41.391515
PO0000937,V01604,Markets,611,2025-04-28 21:37:17,2026-08-12 21:41:41.391515
PO0000938,V01199,E-markets,534,2024-11-17 00:43:51,2026-08-12 21:41:41.391515
PO0000939,V02744,Bandwidth,255,2025-09-16 17:37:07,2026-08-12 21:41:41.391515
PO0000941,V00381,Networks,790,2025-03-11 17:41:57,2026-08-12 21:41:41.391515
PO0000944,V03031,Info-mediaries,139,2026-04-09 16:20:04,2026-08-12 21:41:41.391515
PO0000945,V02168,Methodologies,62,2025-02-23 08:55:20,2026-08-12 21:41:41.391515
PO0000946,V02907,Bandwidth,707,2026-01-13 18:07:37,2026-08-12 21:41:41.391515
PO0000947,V02911,Action-items,95,2026-03-30 21:49:56,2026-08-12 21:41:41.391515
PO0000948,V03344,Web-readiness,959,2025-02-02 16:14:30,2026-08-12 21:41:41.391515
PO0000949,V00358,Roi,142,2024-08-24 00:55:07,2026-08-12 21:41:41.391515
PO0000950,V00757,Metrics,848,2024-12-07 17:03:07,2026-08-12 21:41:41.391515
PO0000951,V04323,E-markets,514,2026-04-18 03:01:11,2026-08-12 21:41:41.391515
PO0000952,V01584,E-business,915,2024-05-18 00:05:40,2026-08-12 21:41:41.391515
PO0000953,V01052,Info-mediaries,489,2025-02-05 11:26:08,2026-08-12 21:41:41.391515
PO0000954,V02169,Solutions,967,2024-08-06 02:50:18,2026-08-12 21:41:41.391515
PO0000955,V01617,Infrastructures,763,2025-12-20 14:19:46,2026-08-12 21:41:41.391515
PO0000956,V03621,E-services,7,2025-12-13 09:21:45,2026-08-12 21:41:41.391515
PO0000957,V00897,E-services,420,2024-07-24 21:50:44,2026-08-12 21:41:41.391515
PO0000958,V02894,Convergence,979,2024-07-17 18:01:50,2026-08-12 21:41:41.391515
PO0000960,V00770,Metrics,947,2026-03-25 22:48:42,2026-08-12 21:41:41.391515
PO0000961,V00282,Convergence,823,2025-01-10 08:23:59,2026-08-12 21:41:41.391515
PO0000962,V02184,E-business,985,2025-08-05 19:17:48,2026-08-12 21:41:41.391515
PO0000963,V04669,E-commerce,380,2025-07-25 23:42:36,2026-08-12 21:41:41.391515
PO0000964,V01270,Solutions,114,2025-03-22 19:18:37,2026-08-12 21:41:41.391515
PO0000965,V03567,E-markets,179,2026-02-24 11:57:35,2026-08-12 21:41:41.391515
PO0000966,V00959,Schemas,260,2025-04-24 00:54:17,2026-08-12 21:41:41.391515
PO0000967,V04852,Solutions,57,2024-08-02 08:40:55,2026-08-12 21:41:41.391515
PO0000968,V04280,Solutions,571,2024-12-19 00:09:04,2026-08-12 21:41:41.391515
PO0000969,V03157,E-commerce,443,2026-04-12 06:05:54,2026-08-12 21:41:41.391515
PO0000970,V00741,Solutions,997,2025-03-14 11:31:01,2026-08-12 21:41:41.391515
PO0000971,V00381,E-markets,614,2025-12-05 14:56:32,2026-08-12 21:41:41.391515
PO0000972,V00628,E-services,707,2024-09-03 11:11:34,2026-08-12 21:41:41.391515
PO0000973,V03777,Systems,316,2024-09-08 02:36:01,2026-08-12 21:41:41.391515
PO0000974,V03831,E-tailers,4,2026-04-17 07:18:03,2026-08-12 21:41:41.391515
PO0000975,V04302,Bandwidth,914,2026-02-11 04:33:11,2026-08-12 21:41:41.391515
PO0000976,V01389,Roi,876,2024-09-05 10:32:04,2026-08-12 21:41:41.391515
PO0000977,V04953,Info-mediaries,933,2024-07-24 00:11:14,2026-08-12 21:41:41.391515
PO0000978,V01721,Models,300,2025-08-04 00:32:39,2026-08-12 21:41:41.391515
PO0000979,V01344,E-services,932,2024-04-24 03:42:45,2026-08-12 21:41:41.391515
PO0000980,V01186,Infrastructures,393,2024-12-31 17:06:08,2026-08-12 21:41:41.391515
PO0000982,V00074,Info-mediaries,131,2024-10-02 08:32:49,2026-08-12 21:41:41.391515
PO0000983,V01074,Action-items,96,2026-04-11 19:29:45,2026-08-12 21:41:41.391515
PO0000984,V03585,E-tailers,546,2025-08-24 09:12:21,2026-08-12 21:41:41.391515
PO0000985,V02116,Solutions,540,2025-09-02 22:45:21,2026-08-12 21:41:41.391515
PO0000986,V03295,E-services,238,2025-09-12 13:43:35,2026-08-12 21:41:41.391515
PO0000987,V04258,Users,673,2024-12-03 01:25:21,2026-08-12 21:41:41.391515
PO0000988,V04326,Users,590,2025-03-25 10:29:00,2026-08-12 21:41:41.391515
PO0000989,V01758,Solutions,82,2025-12-25 01:09:31,2026-08-12 21:41:41.391515
PO0000990,V00341,E-services,775,2024-05-10 20:13:30,2026-08-12 21:41:41.391515
PO0000991,V03897,Web-readiness,870,2024-11-04 21:11:59,2026-08-12 21:41:41.391515
PO0000992,V01897,E-services,285,2025-05-10 12:25:15,2026-08-12 21:41:41.391515
PO0000993,V03603,Paradigms,726,2024-12-12 16:43:26,2026-08-12 21:41:41.391515
PO0000994,V04909,Relationships,885,2025-04-26 03:29:18,2026-08-12 21:41:41.391515
PO0000996,V03384,Solutions,347,2025-02-13 23:53:26,2026-08-12 21:41:41.391515
PO0000997,V00142,Metrics,378,2024-12-09 19:12:24,2026-08-12 21:41:41.391515
PO0000998,V02672,Systems,76,2025-06-12 08:34:32,2026-08-12 21:41:41.391515
PO0000999,V03987,Solutions,344,2024-11-28 03:34:52,2026-08-12 21:41:41.391515
PO0001000,V00810,Markets,802,2025-10-01 20:32:59,2026-08-12 21:41:41.391515
PO0001001,V04232,Users,445,2025-12-19 02:21:01,2026-08-12 21:41:41.391515
PO0001002,V01337,Solutions,961,2024-12-26 23:17:54,2026-08-12 21:41:41.391515
PO0001003,V03717,Platforms,836,2025-02-01 05:34:19,2026-08-12 21:41:41.391515
PO0001004,V03873,E-tailers,339,2025-07-25 22:25:39,2026-08-12 21:41:41.391515
PO0001005,V03915,Solutions,84,2024-10-08 02:09:59,2026-08-12 21:41:41.391515
PO0001006,V02835,Action-items,561,2025-07-28 15:34:14,2026-08-12 21:41:41.391515
PO0001007,V00655,Models,29,2025-03-23 11:48:58,2026-08-12 21:41:41.391515
PO0001008,V01448,Methodologies,681,2024-12-27 10:03:35,2026-08-12 21:41:41.391515
PO0001009,V01670,Systems,780,2024-08-28 14:40:29,2026-08-12 21:41:41.391515
PO0001010,V04269,E-tailers,39,2024-07-01 20:59:48,2026-08-12 21:41:41.391515
PO0001011,V03729,Bandwidth,437,2026-02-05 17:57:58,2026-08-12 21:41:41.391515
PO0001012,V00711,Users,108,2026-01-18 02:19:07,2026-08-12 21:41:41.391515
PO0001013,V04011,Communities,471,2026-01-13 04:43:23,2026-08-12 21:41:41.391515
PO0001014,V00383,Channels,711,2024-10-15 00:30:06,2026-08-12 21:41:41.391515
PO0001015,V02550,E-tailers,69,2025-06-07 01:41:49,2026-08-12 21:41:41.391515
PO0001016,V02141,Users,539,2024-10-09 22:39:37,2026-08-12 21:41:41.391515
PO0001017,V02974,Services,548,2024-12-16 18:20:31,2026-08-12 21:41:41.391515
PO0001018,V00022,Infrastructures,207,2024-04-22 18:00:48,2026-08-12 21:41:41.391515
PO0001019,V00741,E-services,671,2025-05-02 21:38:31,2026-08-12 21:41:41.391515
PO0001020,V02745,Convergence,68,2026-01-23 00:38:22,2026-08-12 21:41:41.391515
PO0001022,V00966,Partnerships,804,2024-08-02 13:23:45,2026-08-12 21:41:41.391515
PO0001023,V01700,Schemas,657,2024-11-27 07:00:14,2026-08-12 21:41:41.391515
PO0001024,V00355,Services,865,2025-01-01 16:03:47,2026-08-12 21:41:41.391515
PO0001025,V04588,Architectures,573,2025-11-04 23:16:31,2026-08-12 21:41:41.391515
PO0001026,V03781,Functionalities,886,2025-01-13 01:44:27,2026-08-12 21:41:41.391515
PO0001028,V01817,Metrics,97,2024-07-05 22:38:57,2026-08-12 21:41:41.391515
PO0001029,V04443,E-services,988,2024-08-25 02:49:12,2026-08-12 21:41:41.391515
PO0001030,V00886,Convergence,602,2025-10-14 21:23:53,2026-08-12 21:41:41.391515
PO0001032,V04092,Convergence,433,2026-02-16 10:16:38,2026-08-12 21:41:41.391515
PO0001033,V01578,Markets,173,2026-03-17 15:31:43,2026-08-12 21:41:41.391515
PO0001034,V02964,Systems,227,2025-07-24 21:09:21,2026-08-12 21:41:41.391515
PO0001035,V03041,Markets,694,2024-05-31 18:44:26,2026-08-12 21:41:41.391515
PO0001036,V02400,Methodologies,749,2024-04-20 14:08:49,2026-08-12 21:41:41.391515
PO0001037,V03354,Paradigms,588,2025-11-14 13:50:05,2026-08-12 21:41:41.391515
PO0001038,V04898,E-commerce,148,2024-10-28 12:25:30,2026-08-12 21:41:41.391515
PO0001039,V04182,Networks,803,2025-02-18 08:04:25,2026-08-12 21:41:41.391515
PO0001040,V02894,Platforms,122,2024-07-26 05:09:32,2026-08-12 21:41:41.391515
PO0001041,V02786,Paradigms,205,2025-09-11 09:52:02,2026-08-12 21:41:41.391515
PO0001042,V04761,Systems,817,2024-09-08 13:44:57,2026-08-12 21:41:41.391515
PO0001045,V00632,Niches,332,2026-02-21 22:02:57,2026-08-12 21:41:41.391515
PO0001046,V03312,Infrastructures,971,2024-06-09 19:35:34,2026-08-12 21:41:41.391515
PO0001047,V01719,Niches,575,2026-04-09 19:30:18,2026-08-12 21:41:41.391515
PO0001048,V01962,E-tailers,946,2025-10-27 00:28:15,2026-08-12 21:41:41.391515
PO0001049,V00646,Convergence,500,2025-12-14 04:15:49,2026-08-12 21:41:41.391515
PO0001050,V00166,Systems,932,2025-04-19 20:30:51,2026-08-12 21:41:41.391515
PO0001051,V01300,Platforms,463,2024-10-18 22:58:54,2026-08-12 21:41:41.391515
PO0001053,V03410,Niches,960,2025-12-13 22:04:45,2026-08-12 21:41:41.391515
PO0001054,V00286,E-services,454,2025-08-28 04:22:00,2026-08-12 21:41:41.391515
PO0001055,V03495,Functionalities,964,2024-08-07 05:21:54,2026-08-12 21:41:41.391515
PO0001056,V02532,Services,684,2025-08-22 21:52:54,2026-08-12 21:41:41.391515
PO0001057,V01238,Models,291,2025-04-12 20:59:04,2026-08-12 21:41:41.391515
PO0001058,V01681,Systems,223,2025-05-07 05:11:12,2026-08-12 21:41:41.391515
PO0001059,V01556,E-services,484,2024-08-17 23:51:23,2026-08-12 21:41:41.391515
PO0001060,V02669,Architectures,189,2025-03-14 13:54:43,2026-08-12 21:41:41.391515
PO0001061,V03517,Communities,151,2025-12-08 22:46:25,2026-08-12 21:41:41.391515
PO0001062,V01583,Users,709,2024-11-14 06:23:24,2026-08-12 21:41:41.391515
PO0001063,V00268,Paradigms,243,2025-06-08 09:16:42,2026-08-12 21:41:41.391515
PO0001064,V04255,Architectures,310,2025-08-30 01:57:17,2026-08-12 21:41:41.391515
PO0001066,V02546,E-tailers,136,2025-11-07 04:26:42,2026-08-12 21:41:41.391515
PO0001067,V02736,Web-readiness,558,2024-10-26 09:02:52,2026-08-12 21:41:41.391515
PO0001068,V04418,Solutions,100,2025-08-10 14:56:29,2026-08-12 21:41:41.391515
PO0001069,V01328,Schemas,427,2025-01-12 03:29:59,2026-08-12 21:41:41.391515
PO0001070,V02383,Niches,195,2025-06-23 14:53:51,2026-08-12 21:41:41.391515
PO0001072,V01929,E-commerce,286,2025-10-23 07:37:58,2026-08-12 21:41:41.391515
PO0001073,V03253,Networks,300,2025-09-24 09:04:47,2026-08-12 21:41:41.391515
PO0001074,V00964,Convergence,920,2024-12-23 12:19:06,2026-08-12 21:41:41.391515
PO0001075,V04083,Roi,446,2025-06-22 10:10:03,2026-08-12 21:41:41.391515
PO0001076,V02577,Niches,86,2024-12-26 05:28:18,2026-08-12 21:41:41.391515
PO0001077,V00861,Niches,820,2024-08-28 19:16:27,2026-08-12 21:41:41.391515
PO0001078,V00958,Info-mediaries,108,2024-09-05 13:13:48,2026-08-12 21:41:41.391515
PO0001080,V00149,E-business,665,2025-09-19 07:39:41,2026-08-12 21:41:41.391515
PO0001081,V02150,Architectures,386,2024-12-11 02:53:39,2026-08-12 21:41:41.391515
PO0001082,V04861,E-tailers,49,2024-08-28 07:00:28,2026-08-12 21:41:41.391515
PO0001083,V03865,Web-readiness,941,2025-09-29 03:55:50,2026-08-12 21:41:41.391515
PO0001085,V04175,E-services,817,2025-01-11 23:13:03,2026-08-12 21:41:41.391515
PO0001086,V00162,Info-mediaries,973,2024-08-04 16:54:21,2026-08-12 21:41:41.391515
PO0001087,V01176,E-services,178,2025-10-23 15:46:55,2026-08-12 21:41:41.391515
PO0001088,V01070,Action-items,824,2026-02-14 09:08:58,2026-08-12 21:41:41.391515
PO0001089,V01056,E-services,584,2024-12-16 19:58:56,2026-08-12 21:41:41.391515
PO0001090,V02142,Metrics,399,2024-07-05 18:28:09,2026-08-12 21:41:41.391515
PO0001091,V00236,Architectures,750,2025-02-27 10:03:41,2026-08-12 21:41:41.391515
PO0001092,V04604,Methodologies,697,2024-07-16 20:09:52,2026-08-12 21:41:41.391515
PO0001093,V02119,Paradigms,261,2025-05-13 04:47:32,2026-08-12 21:41:41.391515
PO0001094,V01569,Networks,672,2024-12-28 12:47:39,2026-08-12 21:41:41.391515
PO0001095,V04366,Methodologies,680,2025-05-03 00:31:28,2026-08-12 21:41:41.391515
PO0001096,V01115,Infrastructures,11,2025-01-29 00:43:54,2026-08-12 21:41:41.391515
PO0001097,V03164,Action-items,299,2025-08-08 15:38:06,2026-08-12 21:41:41.391515
PO0001098,V00621,Platforms,147,2024-06-22 06:40:24,2026-08-12 21:41:41.391515
PO0001099,V04144,Networks,682,2025-04-01 11:11:05,2026-08-12 21:41:41.391515
PO0001100,V03934,Infrastructures,712,2024-06-08 16:56:52,2026-08-12 21:41:41.391515
PO0001101,V00322,Platforms,51,2024-05-30 12:35:19,2026-08-12 21:41:41.391515
PO0001102,V03265,Info-mediaries,369,2025-01-03 23:27:08,2026-08-12 21:41:41.391515
PO0001104,V01162,Channels,316,2024-05-28 13:43:48,2026-08-12 21:41:41.391515
PO0001105,V04640,Schemas,834,2025-06-02 23:11:09,2026-08-12 21:41:41.391515
PO0001106,V02201,Services,395,2026-02-08 12:38:01,2026-08-12 21:41:41.391515
PO0001107,V03459,Niches,652,2025-08-25 13:43:25,2026-08-12 21:41:41.391515
PO0001108,V04208,Experiences,479,2024-05-24 15:22:15,2026-08-12 21:41:41.391515
PO0001109,V03222,E-services,388,2025-01-25 04:04:24,2026-08-12 21:41:41.391515
PO0001110,V03187,Convergence,824,2024-12-13 15:17:31,2026-08-12 21:41:41.391515
PO0001111,V01140,Paradigms,720,2025-07-27 11:41:04,2026-08-12 21:41:41.391515
PO0001112,V02079,E-services,-932,2024-06-29 01:05:27,2026-08-12 21:41:41.391515
PO0001113,V02530,Communities,114,2024-11-04 15:43:47,2026-08-12 21:41:41.391515
PO0001114,V00805,Markets,719,2025-04-01 03:55:05,2026-08-12 21:41:41.391515
PO0001115,V03676,Channels,708,2025-04-05 17:21:52,2026-08-12 21:41:41.391515
PO0001116,V02652,Experiences,17,2024-12-12 15:51:01,2026-08-12 21:41:41.391515
PO0001117,V02338,Users,857,2024-11-13 03:16:05,2026-08-12 21:41:41.391515
PO0001118,V02763,Communities,197,2025-04-19 07:44:08,2026-08-12 21:41:41.391515
PO0001119,V01144,E-markets,59,2024-10-13 21:40:24,2026-08-12 21:41:41.391515
PO0001120,V04757,Users,493,2025-12-02 22:57:12,2026-08-12 21:41:41.391515
PO0001121,V00900,Users,38,2025-01-27 09:10:35,2026-08-12 21:41:41.391515
PO0001122,V02883,Infrastructures,-94,2025-08-27 01:04:37,2026-08-12 21:41:41.391515
PO0001123,V03144,Schemas,340,2024-10-01 20:47:09,2026-08-12 21:41:41.391515
PO0001124,V01621,Channels,279,2025-01-20 00:05:36,2026-08-12 21:41:41.391515
PO0001125,V03832,Solutions,282,2025-12-08 22:19:59,2026-08-12 21:41:41.391515
PO0001126,V01270,Solutions,180,2024-08-05 15:19:51,2026-08-12 21:41:41.391515
PO0001128,V04251,E-services,811,2025-03-24 11:48:27,2026-08-12 21:41:41.391515
PO0001129,V02119,Paradigms,369,2026-02-25 17:49:46,2026-08-12 21:41:41.391515
PO0001130,V01386,Communities,585,2025-06-02 20:02:34,2026-08-12 21:41:41.391515
PO0001131,V00729,Users,114,2025-11-07 09:55:14,2026-08-12 21:41:41.391515
PO0001132,V04232,Users,389,2025-11-16 09:13:26,2026-08-12 21:41:41.391515
PO0001133,V00309,Users,-786,2026-02-09 16:30:32,2026-08-12 21:41:41.391515
PO0001134,V01719,Infrastructures,155,2025-11-07 18:16:55,2026-08-12 21:41:41.391515
PO0001135,V03401,E-commerce,898,2024-12-03 18:13:32,2026-08-12 21:41:41.391515
PO0001136,V04554,Roi,482,2024-07-14 02:31:30,2026-08-12 21:41:41.391515
PO0001137,V01273,Metrics,76,2026-01-25 05:23:49,2026-08-12 21:41:41.391515
PO0001138,V01589,Services,102,2025-12-22 04:58:41,2026-08-12 21:41:41.391515
PO0001139,V01589,Info-mediaries,567,2026-02-02 15:25:30,2026-08-12 21:41:41.391515
PO0001140,V02421,Niches,241,2025-04-11 06:23:26,2026-08-12 21:41:41.391515
PO0001141,V03609,E-tailers,853,2024-07-19 12:02:09,2026-08-12 21:41:41.391515
PO0001142,V01115,Networks,372,2025-01-19 20:05:15,2026-08-12 21:41:41.391515
PO0001143,V00033,Infrastructures,230,2025-07-12 22:59:27,2026-08-12 21:41:41.391515
PO0001144,V03638,Platforms,823,2024-12-07 05:48:25,2026-08-12 21:41:41.391515
PO0001145,V04800,Partnerships,318,2025-10-15 12:31:02,2026-08-12 21:41:41.391515
PO0001146,V01497,Paradigms,132,2026-01-03 20:57:41,2026-08-12 21:41:41.391515
PO0001147,V00268,Relationships,997,2025-07-05 13:48:25,2026-08-12 21:41:41.391515
PO0001150,V01700,Schemas,282,2024-11-05 22:08:09,2026-08-12 21:41:41.391515
PO0001151,V02238,Methodologies,226,2024-11-28 18:42:14,2026-08-12 21:41:41.391515
PO0001152,V02197,Schemas,304,2026-02-05 04:57:31,2026-08-12 21:41:41.391515
PO0001153,V03603,E-services,379,2026-03-19 01:39:53,2026-08-12 21:41:41.391515
PO0001154,V04610,Users,931,2025-07-30 09:33:24,2026-08-12 21:41:41.391515
PO0001156,V01859,E-markets,396,2024-05-16 11:19:39,2026-08-12 21:41:41.391515
PO0001157,V00383,Channels,523,2025-01-01 22:38:43,2026-08-12 21:41:41.391515
PO0001158,V01237,E-services,91,2024-10-14 17:11:23,2026-08-12 21:41:41.391515
PO0001160,V03389,E-commerce,43,2025-05-19 13:25:41,2026-08-12 21:41:41.391515
PO0001161,V00835,E-services,580,2025-06-07 00:32:31,2026-08-12 21:41:41.391515
PO0001162,V01539,E-business,815,2024-05-11 12:44:02,2026-08-12 21:41:41.391515
PO0001163,V02265,Metrics,935,2024-10-07 15:08:04,2026-08-12 21:41:41.391515
PO0001164,V03874,Users,707,2024-09-16 15:38:06,2026-08-12 21:41:41.391515
PO0001166,V01947,E-tailers,186,2025-06-03 13:19:07,2026-08-12 21:41:41.391515
PO0001167,V03111,Users,845,2024-10-04 03:45:53,2026-08-12 21:41:41.391515
PO0001168,V03743,Methodologies,266,2025-03-11 05:30:16,2026-08-12 21:41:41.391515
PO0001169,V01081,Niches,933,2024-06-21 14:07:44,2026-08-12 21:41:41.391515
PO0001170,V04418,E-services,906,2026-02-25 17:51:53,2026-08-12 21:41:41.391515
PO0001171,V02546,Info-mediaries,15,2025-12-20 16:31:36,2026-08-12 21:41:41.391515
PO0001172,V03649,Users,313,2024-06-10 07:51:46,2026-08-12 21:41:41.391515
PO0001173,V02087,Web-readiness,81,2025-10-04 16:31:35,2026-08-12 21:41:41.391515
PO0001174,V02383,E-services,633,2024-09-21 03:49:14,2026-08-12 21:41:41.391515
PO0001175,V03873,E-tailers,952,2024-10-21 03:30:04,2026-08-12 21:41:41.391515
PO0001176,V04803,Infrastructures,560,2026-01-19 04:34:51,2026-08-12 21:41:41.391515
PO0001177,V03562,Partnerships,819,2025-08-31 10:58:54,2026-08-12 21:41:41.391515
PO0001179,V04884,Platforms,721,2026-04-01 09:13:03,2026-08-12 21:41:41.391515
PO0001180,V01263,E-tailers,303,2025-07-28 17:18:22,2026-08-12 21:41:41.391515
PO0001181,V01108,Solutions,286,2024-09-06 13:00:04,2026-08-12 21:41:41.391515
PO0001182,V02557,Experiences,881,2025-03-15 18:20:46,2026-08-12 21:41:41.391515
PO0001183,V00714,Communities,422,2026-04-15 06:48:11,2026-08-12 21:41:41.391515
PO0001185,V04650,Niches,117,2025-05-21 10:48:54,2026-08-12 21:41:41.391515
PO0001186,V01759,E-markets,330,2025-04-21 12:16:23,2026-08-12 21:41:41.391515
PO0001187,V02273,Metrics,472,2025-05-16 01:12:56,2026-08-12 21:41:41.391515
PO0001188,V01648,Metrics,83,2025-06-07 12:19:44,2026-08-12 21:41:41.391515
PO0001189,V04224,Partnerships,114,2026-03-09 23:58:44,2026-08-12 21:41:41.391515
PO0001190,V03779,E-tailers,483,2024-08-31 23:57:11,2026-08-12 21:41:41.391515
PO0001191,V02795,Metrics,884,2026-01-08 18:32:24,2026-08-12 21:41:41.391515
PO0001193,V04556,E-markets,992,2025-06-24 11:59:14,2026-08-12 21:41:41.391515
PO0001194,V02031,Schemas,484,2024-06-10 01:42:20,2026-08-12 21:41:41.391515
PO0001195,V01578,Schemas,700,2025-01-16 21:36:34,2026-08-12 21:41:41.391515
PO0001196,V02139,Infrastructures,976,2025-12-26 00:56:21,2026-08-12 21:41:41.391515
PO0001197,V04276,Users,271,2024-08-31 05:25:06,2026-08-12 21:41:41.391515
PO0001198,V01834,E-markets,949,2025-04-25 18:30:59,2026-08-12 21:41:41.391515
PO0001199,V02644,Paradigms,166,2025-06-14 00:07:04,2026-08-12 21:41:41.391515
PO0001200,V03708,Infrastructures,770,2025-04-22 02:52:48,2026-08-12 21:41:41.391515
PO0001201,V00972,E-business,981,2024-09-17 11:27:39,2026-08-12 21:41:41.391515
PO0001202,V01296,Architectures,128,2024-04-25 11:55:48,2026-08-12 21:41:41.391515
PO0001203,V04411,Models,311,2024-11-25 13:27:19,2026-08-12 21:41:41.391515
PO0001204,V01385,Niches,782,2026-01-20 12:29:17,2026-08-12 21:41:41.391515
PO0001205,V01147,E-services,805,2025-06-22 23:22:02,2026-08-12 21:41:41.391515
PO0001206,V02713,Metrics,951,2025-03-21 17:20:33,2026-08-12 21:41:41.391515
PO0001207,V04418,Niches,123,2024-09-07 21:20:15,2026-08-12 21:41:41.391515
PO0001208,V01327,Users,635,2024-12-19 10:16:46,2026-08-12 21:41:41.391515
PO0001209,V01481,Schemas,650,2025-10-01 11:55:02,2026-08-12 21:41:41.391515
PO0001210,V03583,Architectures,375,2024-06-05 15:01:50,2026-08-12 21:41:41.391515
PO0001211,V01578,E-tailers,610,2024-12-17 11:30:46,2026-08-12 21:41:41.391515
PO0001212,V02597,Niches,823,2024-09-06 00:18:53,2026-08-12 21:41:41.391515
PO0001213,V03037,E-markets,870,2024-07-21 22:39:23,2026-08-12 21:41:41.391515
PO0001214,V01233,Partnerships,187,2025-03-29 18:45:14,2026-08-12 21:41:41.391515
PO0001215,V02853,Markets,574,2025-10-07 02:50:56,2026-08-12 21:41:41.391515
PO0001217,V02281,Users,743,2025-03-01 08:54:58,2026-08-12 21:41:41.391515
PO0001218,V03075,Solutions,114,2024-12-27 18:34:53,2026-08-12 21:41:41.391515
PO0001219,V03905,Convergence,412,2026-01-24 00:47:24,2026-08-12 21:41:41.391515
PO0001220,V02781,Partnerships,467,2025-09-13 08:07:53,2026-08-12 21:41:41.391515
PO0001221,V00101,Solutions,212,2024-09-30 05:19:16,2026-08-12 21:41:41.391515
PO0001222,V01671,E-services,999,2026-04-07 16:55:16,2026-08-12 21:41:41.391515
PO0001223,V04906,Functionalities,814,2024-12-28 08:03:25,2026-08-12 21:41:41.391515
PO0001224,V04053,Niches,403,2025-11-05 04:34:36,2026-08-12 21:41:41.391515
PO0001225,V02072,Systems,651,2024-10-10 21:04:03,2026-08-12 21:41:41.391515
PO0001226,V01622,Platforms,211,2025-04-27 21:04:11,2026-08-12 21:41:41.391515
PO0001227,V01419,Metrics,218,2026-01-08 20:04:57,2026-08-12 21:41:41.391515
PO0001228,V00732,E-services,684,2026-01-03 20:56:58,2026-08-12 21:41:41.391515
PO0001229,V01180,Users,848,2025-12-18 03:38:13,2026-08-12 21:41:41.391515
PO0001230,V01822,E-commerce,930,2025-05-20 13:53:59,2026-08-12 21:41:41.391515
PO0001231,V04802,Platforms,545,2024-05-26 20:17:32,2026-08-12 21:41:41.391515
PO0001232,V00132,Infrastructures,191,2024-07-05 20:46:51,2026-08-12 21:41:41.391515
PO0001233,V00388,Metrics,457,2025-05-20 14:23:16,2026-08-12 21:41:41.391515
PO0001234,V00655,Models,252,2025-06-30 11:41:14,2026-08-12 21:41:41.391515
PO0001235,V02116,Solutions,965,2026-02-17 16:33:19,2026-08-12 21:41:41.391515
PO0001236,V04988,Relationships,861,2024-07-10 09:53:04,2026-08-12 21:41:41.391515
PO0001237,V00271,Schemas,276,2025-01-19 16:58:50,2026-08-12 21:41:41.391515
PO0001238,V02861,Functionalities,16,2025-03-14 00:03:47,2026-08-12 21:41:41.391515
PO0001239,V03508,E-services,438,2025-10-02 11:55:29,2026-08-12 21:41:41.391515
PO0001240,V00597,E-commerce,676,2025-04-24 13:34:09,2026-08-12 21:41:41.391515
PO0001241,V01774,Methodologies,820,2024-09-11 00:35:36,2026-08-12 21:41:41.391515
PO0001242,V04544,Users,641,2024-12-01 05:28:09,2026-08-12 21:41:41.391515
PO0001243,V02256,Communities,811,2024-11-20 21:08:49,2026-08-12 21:41:41.391515
PO0001244,V04869,E-commerce,56,2026-02-22 06:09:28,2026-08-12 21:41:41.391515
PO0001245,V02256,Communities,916,2025-02-08 08:08:59,2026-08-12 21:41:41.391515
PO0001246,V00189,Relationships,196,2025-05-08 16:48:06,2026-08-12 21:41:41.391515
PO0001247,V02907,Bandwidth,651,2024-06-25 01:34:34,2026-08-12 21:41:41.391515
PO0001248,V01143,Systems,151,2025-11-10 01:41:02,2026-08-12 21:41:41.391515
PO0001249,V01927,Info-mediaries,812,2025-04-25 04:56:30,2026-08-12 21:41:41.391515
PO0001250,V01111,E-markets,30,2025-03-27 20:34:28,2026-08-12 21:41:41.391515
PO0001251,V04090,Channels,500,2025-11-15 13:46:42,2026-08-12 21:41:41.391515
PO0001252,V03041,Methodologies,13,2025-02-06 07:23:00,2026-08-12 21:41:41.391515
PO0001253,V04490,Channels,439,2026-04-13 02:09:54,2026-08-12 21:41:41.391515
PO0001254,V00646,Convergence,297,2024-08-22 06:59:12,2026-08-12 21:41:41.391515
PO0001256,V04878,Convergence,676,2026-01-06 10:22:33,2026-08-12 21:41:41.391515
PO0001257,V01187,Channels,280,2025-02-20 17:56:14,2026-08-12 21:41:41.391515
PO0001258,V04555,Methodologies,329,2025-07-19 09:08:35,2026-08-12 21:41:41.391515
PO0001259,V00322,Platforms,444,2026-04-12 00:34:19,2026-08-12 21:41:41.391515
PO0001260,V02555,E-markets,298,2024-06-07 17:32:23,2026-08-12 21:41:41.391515
PO0001261,V04986,Convergence,81,2024-12-15 02:17:49,2026-08-12 21:41:41.391515
PO0001262,V01699,Roi,425,2024-10-09 08:51:38,2026-08-12 21:41:41.391515
PO0001263,V01193,Communities,379,2024-09-28 00:59:59,2026-08-12 21:41:41.391515
PO0001264,V03052,Users,484,2026-01-09 23:23:20,2026-08-12 21:41:41.391515
PO0001265,V01483,Roi,420,2025-02-19 15:09:18,2026-08-12 21:41:41.391515
PO0001266,V02862,Channels,993,2024-08-02 01:41:09,2026-08-12 21:41:41.391515
PO0001267,V03638,Infrastructures,523,2025-07-18 10:58:05,2026-08-12 21:41:41.391515
PO0001268,V02986,Users,873,2025-07-31 14:45:39,2026-08-12 21:41:41.391515
PO0001269,V00748,Systems,682,2025-07-09 01:59:08,2026-08-12 21:41:41.391515
PO0001270,V02338,Roi,609,2024-11-03 14:07:11,2026-08-12 21:41:41.391515
PO0001272,V02008,Paradigms,317,2025-02-04 02:38:29,2026-08-12 21:41:41.391515
PO0001273,V00619,Systems,611,2025-08-19 15:32:39,2026-08-12 21:41:41.391515
PO0001274,V03688,Metrics,60,2025-12-25 14:55:36,2026-08-12 21:41:41.391515
PO0001275,V03775,Info-mediaries,672,2025-03-18 00:10:30,2026-08-12 21:41:41.391515
PO0001276,V00303,Roi,570,2024-11-07 12:04:59,2026-08-12 21:41:41.391515
PO0001277,V02933,Users,256,2026-03-22 17:53:51,2026-08-12 21:41:41.391515
PO0001278,V01115,Models,523,2025-01-08 05:21:39,2026-08-12 21:41:41.391515
PO0001279,V00779,E-business,553,2024-05-28 21:47:56,2026-08-12 21:41:41.391515
PO0001280,V01732,Infrastructures,57,2025-08-04 11:47:04,2026-08-12 21:41:41.391515
PO0001281,V04277,E-services,671,2025-07-18 08:45:10,2026-08-12 21:41:41.391515
PO0001282,V00832,Niches,324,2025-07-08 17:06:31,2026-08-12 21:41:41.391515
PO0001283,V00050,Users,358,2025-07-17 00:58:30,2026-08-12 21:41:41.391515
PO0001284,V03428,Paradigms,577,2025-12-22 20:22:27,2026-08-12 21:41:41.391515
PO0001285,V01150,Users,8,2024-05-10 12:38:55,2026-08-12 21:41:41.391515
PO0001286,V00275,Infrastructures,412,2025-10-05 13:16:20,2026-08-12 21:41:41.391515
PO0001287,V02993,Models,73,2024-05-16 16:37:30,2026-08-12 21:41:41.391515
PO0001288,V02630,Relationships,177,2024-07-14 03:05:40,2026-08-12 21:41:41.391515
PO0001289,V03991,Platforms,546,2024-05-25 11:08:31,2026-08-12 21:41:41.391515
PO0001290,V00061,Architectures,658,2025-06-05 10:20:04,2026-08-12 21:41:41.391515
PO0001291,V03889,Relationships,469,2025-07-24 14:32:40,2026-08-12 21:41:41.391515
PO0001292,V04107,Systems,334,2025-06-22 09:25:01,2026-08-12 21:41:41.391515
PO0001293,V03873,Niches,81,2025-01-07 07:32:13,2026-08-12 21:41:41.391515
PO0001294,V04042,Solutions,550,2025-04-25 14:15:27,2026-08-12 21:41:41.391515
PO0001295,V00682,Infrastructures,206,2024-10-12 00:04:33,2026-08-12 21:41:41.391515
PO0001296,V04505,Paradigms,606,2025-07-10 12:25:44,2026-08-12 21:41:41.391515
PO0001298,V04953,Info-mediaries,838,2025-06-04 16:10:22,2026-08-12 21:41:41.391515
PO0001299,V04840,Markets,676,2026-03-22 15:45:57,2026-08-12 21:41:41.391515
PO0001300,V01123,Paradigms,962,2024-10-16 17:22:08,2026-08-12 21:41:41.391515
PO0001301,V00342,Infrastructures,641,2026-01-24 18:05:26,2026-08-12 21:41:41.391515
PO0001302,V02475,E-services,272,2026-04-11 05:34:53,2026-08-12 21:41:41.391515
PO0001303,V02844,Web-readiness,233,2025-10-01 02:21:10,2026-08-12 21:41:41.391515
PO0001304,V03401,Relationships,550,2025-10-20 14:28:35,2026-08-12 21:41:41.391515
PO0001305,V04372,Schemas,99,2025-01-07 09:19:57,2026-08-12 21:41:41.391515
PO0001307,V00526,Web-readiness,943,2024-06-30 22:49:40,2026-08-12 21:41:41.391515
PO0001308,V03301,Info-mediaries,789,2025-10-17 00:45:15,2026-08-12 21:41:41.391515
PO0001309,V00069,Roi,931,2024-06-23 00:24:04,2026-08-12 21:41:41.391515
PO0001310,V04995,E-services,733,2025-06-11 16:08:51,2026-08-12 21:41:41.391515
PO0001311,V01266,Solutions,402,2025-07-23 17:32:48,2026-08-12 21:41:41.391515
PO0001312,V03650,Services,181,2025-03-02 03:39:05,2026-08-12 21:41:41.391515
PO0001313,V01265,Infrastructures,860,2025-09-15 10:02:23,2026-08-12 21:41:41.391515
PO0001314,V04870,Platforms,1000,2025-05-28 12:12:57,2026-08-12 21:41:41.391515
PO0001315,V02871,Solutions,185,2024-11-29 15:39:53,2026-08-12 21:41:41.391515
PO0001317,V03105,E-services,670,2024-11-27 07:22:35,2026-08-12 21:41:41.391515
PO0001319,V02053,Metrics,519,2025-09-05 07:19:44,2026-08-12 21:41:41.391515
PO0001320,V02963,Metrics,624,2024-12-02 23:48:59,2026-08-12 21:41:41.391515
PO0001321,V04143,Relationships,688,2025-02-14 19:44:24,2026-08-12 21:41:41.391515
PO0001322,V01115,Models,944,2024-11-19 02:37:35,2026-08-12 21:41:41.391515
PO0001323,V03976,Experiences,216,2025-11-10 18:29:47,2026-08-12 21:41:41.391515
PO0001324,V02371,E-business,258,2026-04-16 11:35:02,2026-08-12 21:41:41.391515
PO0001325,V04967,Solutions,173,2025-05-22 17:00:45,2026-08-12 21:41:41.391515
PO0001326,V01249,Infrastructures,921,2025-12-12 02:47:41,2026-08-12 21:41:41.391515
PO0001327,V01229,Infrastructures,787,2025-05-24 08:12:57,2026-08-12 21:41:41.391515
PO0001329,V00981,Channels,273,2025-08-11 23:53:36,2026-08-12 21:41:41.391515
PO0001330,V04344,Metrics,436,2025-11-22 09:22:17,2026-08-12 21:41:41.391515
PO0001331,V00871,E-services,27,2026-04-17 11:26:45,2026-08-12 21:41:41.391515
PO0001332,V00611,Users,-948,2026-03-18 18:59:27,2026-08-12 21:41:41.391515
PO0001333,V04998,Niches,100,2026-01-29 23:12:56,2026-08-12 21:41:41.391515
PO0001334,V02281,Users,12,2025-09-20 09:43:57,2026-08-12 21:41:41.391515
PO0001336,V03495,Functionalities,964,2025-11-01 12:11:26,2026-08-12 21:41:41.391515
PO0001337,V02675,Solutions,855,2025-04-08 14:34:58,2026-08-12 21:41:41.391515
PO0001338,V04525,Services,232,2025-07-14 17:04:57,2026-08-12 21:41:41.391515
PO0001339,V04604,Methodologies,998,2025-01-30 22:45:10,2026-08-12 21:41:41.391515
PO0001340,V01600,Niches,542,2025-03-24 05:50:34,2026-08-12 21:41:41.391515
PO0001341,V03360,Relationships,70,2024-08-28 14:11:31,2026-08-12 21:41:41.391515
PO0001342,V04366,Methodologies,919,2025-06-27 18:43:16,2026-08-12 21:41:41.391515
PO0001343,V00588,Info-mediaries,147,2026-03-26 11:26:26,2026-08-12 21:41:41.391515
PO0001344,V00482,Models,146,2026-02-28 01:41:30,2026-08-12 21:41:41.391515
PO0001346,V01218,Systems,144,2026-01-17 22:30:39,2026-08-12 21:41:41.391515
PO0001347,V00832,Niches,555,2025-12-11 01:39:14,2026-08-12 21:41:41.391515
PO0001348,V01741,Methodologies,253,2026-03-10 03:51:56,2026-08-12 21:41:41.391515
PO0001349,V03243,E-services,722,2025-05-03 19:37:38,2026-08-12 21:41:41.391515
PO0001350,V00610,Niches,19,2024-12-29 05:36:09,2026-08-12 21:41:41.391515
PO0001351,V00362,Niches,906,2025-08-24 07:28:32,2026-08-12 21:41:41.391515
PO0001352,V00072,Relationships,581,2025-10-21 11:08:26,2026-08-12 21:41:41.391515
PO0001354,V02486,Users,807,2025-01-13 17:14:16,2026-08-12 21:41:41.391515
PO0001356,V01123,Paradigms,388,2025-05-26 19:48:09,2026-08-12 21:41:41.391515
PO0001357,V03836,E-services,587,2024-07-25 04:47:14,2026-08-12 21:41:41.391515
PO0001358,V02868,E-business,94,2025-05-25 14:13:37,2026-08-12 21:41:41.391515
PO0001359,V01430,Systems,442,2025-11-15 06:08:41,2026-08-12 21:41:41.391515
PO0001360,V04383,Users,307,2024-07-13 08:23:06,2026-08-12 21:41:41.391515
PO0001361,V03495,Functionalities,492,2026-02-01 11:08:16,2026-08-12 21:41:41.391515
PO0001362,V00219,Bandwidth,309,2025-07-22 02:06:59,2026-08-12 21:41:41.391515
PO0001363,V04556,E-markets,348,2024-05-27 21:15:51,2026-08-12 21:41:41.391515
PO0001364,V00003,Services,897,2024-09-04 03:46:39,2026-08-12 21:41:41.391515
PO0001365,V02917,E-markets,693,2024-08-07 10:27:04,2026-08-12 21:41:41.391515
PO0001366,V04389,Metrics,69,2024-06-12 12:14:04,2026-08-12 21:41:41.391515
PO0001368,V00599,Markets,700,2025-11-17 19:34:15,2026-08-12 21:41:41.391515
PO0001369,V00768,E-services,604,2025-07-15 11:07:42,2026-08-12 21:41:41.391515
PO0001370,V04489,Paradigms,233,2025-04-12 10:39:48,2026-08-12 21:41:41.391515
PO0001371,V03430,E-tailers,659,2025-11-06 21:23:33,2026-08-12 21:41:41.391515
PO0001372,V01691,E-services,142,2025-06-10 12:22:56,2026-08-12 21:41:41.391515
PO0001373,V00343,Relationships,280,2025-08-04 04:32:20,2026-08-12 21:41:41.391515
PO0001374,V01518,Systems,307,2025-09-12 21:40:47,2026-08-12 21:41:41.391515
PO0001375,V04152,Paradigms,958,2026-03-15 21:05:10,2026-08-12 21:41:41.391515
PO0001376,V01586,Services,370,2025-09-14 15:27:47,2026-08-12 21:41:41.391515
PO0001377,V01335,Systems,298,2026-02-03 21:41:47,2026-08-12 21:41:41.391515
PO0001378,V03841,Users,174,2025-08-21 06:35:59,2026-08-12 21:41:41.391515
PO0001379,V02287,Solutions,94,2026-01-29 08:39:31,2026-08-12 21:41:41.391515
PO0001380,V04224,Channels,360,2024-06-14 11:14:24,2026-08-12 21:41:41.391515
PO0001381,V02183,E-services,241,2026-01-14 22:07:00,2026-08-12 21:41:41.391515
PO0001382,V03107,Schemas,357,2024-08-02 22:19:37,2026-08-12 21:41:41.391515
PO0001384,V03573,Platforms,144,2025-06-02 18:01:38,2026-08-12 21:41:41.391515
PO0001385,V03971,E-tailers,481,2025-06-11 18:51:24,2026-08-12 21:41:41.391515
PO0001386,V01627,E-commerce,968,2024-09-10 16:01:00,2026-08-12 21:41:41.391515
PO0001387,V04570,Convergence,758,2025-08-27 13:33:04,2026-08-12 21:41:41.391515
PO0001388,V03450,E-services,529,2025-08-03 14:14:40,2026-08-12 21:41:41.391515
PO0001389,V02036,Methodologies,520,2026-03-23 17:32:53,2026-08-12 21:41:41.391515
PO0001390,V04902,Niches,48,2026-02-14 21:29:08,2026-08-12 21:41:41.391515
PO0001391,V01564,Schemas,85,2025-04-03 23:19:54,2026-08-12 21:41:41.391515
PO0001392,V03025,Metrics,842,2026-03-17 01:24:53,2026-08-12 21:41:41.391515
PO0001393,V04058,Channels,157,2024-06-20 15:49:22,2026-08-12 21:41:41.391515
PO0001394,V03717,Users,652,2025-04-11 22:45:28,2026-08-12 21:41:41.391515
PO0001395,V01968,Users,945,2024-04-29 04:24:08,2026-08-12 21:41:41.391515
PO0001396,V02665,Action-items,184,2026-04-07 10:21:39,2026-08-12 21:41:41.391515
PO0001397,V02249,Platforms,736,2024-12-28 21:38:19,2026-08-12 21:41:41.391515
PO0001398,V01327,E-services,498,2025-11-22 00:36:48,2026-08-12 21:41:41.391515
PO0001399,V00990,Users,469,2025-07-12 23:20:11,2026-08-12 21:41:41.391515
PO0001400,V01912,Metrics,291,2025-06-02 23:42:21,2026-08-12 21:41:41.391515
PO0001401,V02713,Relationships,958,2024-12-06 10:34:39,2026-08-12 21:41:41.391515
PO0001403,V00639,Schemas,191,2024-11-08 01:06:49,2026-08-12 21:41:41.391515
PO0001404,V02630,Action-items,42,2026-04-06 19:38:22,2026-08-12 21:41:41.391515
PO0001405,V02994,Niches,816,2024-12-29 08:10:34,2026-08-12 21:41:41.391515
PO0001406,V02361,Niches,568,2026-01-07 20:10:22,2026-08-12 21:41:41.391515
PO0001407,V04002,Channels,554,2024-07-03 19:27:46,2026-08-12 21:41:41.391515
PO0001408,V02831,Functionalities,195,2025-12-22 13:07:18,2026-08-12 21:41:41.391515
PO0001409,V02025,Users,366,2024-11-10 12:27:47,2026-08-12 21:41:41.391515
PO0001410,V02049,Users,280,2025-12-26 08:25:01,2026-08-12 21:41:41.391515
PO0001411,V04170,Users,909,2026-04-07 05:24:47,2026-08-12 21:41:41.391515
PO0001412,V04840,Markets,581,2024-09-25 02:21:32,2026-08-12 21:41:41.391515
PO0001413,V03230,Solutions,929,2025-03-14 11:12:57,2026-08-12 21:41:41.391515
PO0001414,V03747,Niches,60,2025-05-08 12:37:15,2026-08-12 21:41:41.391515
PO0001415,V04761,Services,853,2025-11-29 17:50:47,2026-08-12 21:41:41.391515
PO0001416,V01844,E-markets,314,2026-02-25 17:53:48,2026-08-12 21:41:41.391515
PO0001417,V00567,Metrics,957,2024-08-20 04:28:53,2026-08-12 21:41:41.391515
PO0001418,V00826,E-services,482,2025-05-29 06:57:05,2026-08-12 21:41:41.391515
PO0001419,V03740,E-markets,263,2025-02-15 21:01:15,2026-08-12 21:41:41.391515
PO0001420,V04885,Services,847,2025-05-29 12:30:09,2026-08-12 21:41:41.391515
PO0001421,V03963,Channels,12,2024-07-08 09:59:56,2026-08-12 21:41:41.391515
PO0001422,V03270,Functionalities,178,2024-06-21 11:24:46,2026-08-12 21:41:41.391515
PO0001423,V02081,Channels,24,2024-09-06 13:06:05,2026-08-12 21:41:41.391515
PO0001424,V03834,E-tailers,822,2025-11-03 00:01:30,2026-08-12 21:41:41.391515
PO0001425,V01664,Channels,547,2024-10-04 01:14:24,2026-08-12 21:41:41.391515
PO0001426,V04564,Platforms,546,2025-08-26 17:00:02,2026-08-12 21:41:41.391515
PO0001427,V04827,Networks,452,2024-05-11 01:32:39,2026-08-12 21:41:41.391515
PO0001429,V03144,Users,934,2025-06-02 05:51:05,2026-08-12 21:41:41.391515
PO0001430,V03376,Services,664,2025-05-13 12:37:45,2026-08-12 21:41:41.391515
PO0001431,V01973,Systems,717,2025-01-08 10:16:53,2026-08-12 21:41:41.391515
PO0001432,V01382,E-markets,449,2025-11-23 02:12:11,2026-08-12 21:41:41.391515
PO0001433,V01434,Info-mediaries,581,2025-03-21 10:18:18,2026-08-12 21:41:41.391515
PO0001434,V02207,Paradigms,809,2026-02-06 09:13:01,2026-08-12 21:41:41.391515
PO0001435,V04706,E-services,212,2025-06-08 14:57:07,2026-08-12 21:41:41.391515
PO0001436,V00320,Markets,765,2024-07-15 14:43:32,2026-08-12 21:41:41.391515
PO0001437,V01837,Roi,717,2025-12-11 05:56:55,2026-08-12 21:41:41.391515
PO0001438,V00820,Partnerships,514,2024-06-20 15:12:10,2026-08-12 21:41:41.391515
PO0001439,V03259,E-services,782,2025-07-11 01:09:26,2026-08-12 21:41:41.391515
PO0001440,V00694,Roi,126,2024-10-25 21:30:26,2026-08-12 21:41:41.391515
PO0001441,V02123,Methodologies,391,2025-08-04 14:49:37,2026-08-12 21:41:41.391515
PO0001442,V02316,Paradigms,456,2025-05-04 21:50:00,2026-08-12 21:41:41.391515
PO0001443,V00199,Roi,481,2026-01-26 00:30:37,2026-08-12 21:41:41.391515
PO0001444,V00763,Convergence,990,2025-06-10 11:35:21,2026-08-12 21:41:41.391515
PO0001445,V03306,Networks,93,2024-06-18 23:30:11,2026-08-12 21:41:41.391515
PO0001446,V03908,Users,169,2024-11-17 16:27:17,2026-08-12 21:41:41.391515
PO0001448,V01708,E-tailers,741,2025-01-04 10:05:55,2026-08-12 21:41:41.391515
PO0001449,V01885,Solutions,706,2025-07-09 17:45:21,2026-08-12 21:41:41.391515
PO0001450,V01973,Roi,794,2024-04-26 19:52:41,2026-08-12 21:41:41.391515
PO0001451,V00305,Platforms,758,2026-03-08 08:31:30,2026-08-12 21:41:41.391515
PO0001452,V00463,E-business,277,2026-01-15 17:57:37,2026-08-12 21:41:41.391515
PO0001453,V00615,Metrics,458,2024-05-05 14:39:48,2026-08-12 21:41:41.391515
PO0001454,V04437,Methodologies,412,2025-11-12 03:24:57,2026-08-12 21:41:41.391515
PO0001455,V04552,Users,484,2025-12-26 10:41:14,2026-08-12 21:41:41.391515
PO0001456,V01787,Bandwidth,114,2025-08-10 09:31:43,2026-08-12 21:41:41.391515
PO0001457,V03743,Models,460,2025-09-10 01:47:17,2026-08-12 21:41:41.391515
PO0001458,V01332,Metrics,127,2026-03-31 04:48:10,2026-08-12 21:41:41.391515
PO0001459,V04151,Schemas,453,2026-02-20 00:16:50,2026-08-12 21:41:41.391515
PO0001460,V04509,Functionalities,106,2026-02-02 08:04:21,2026-08-12 21:41:41.391515
PO0001461,V04677,Schemas,960,2025-10-29 08:28:26,2026-08-12 21:41:41.391515
PO0001462,V04656,Functionalities,604,2025-07-06 23:02:12,2026-08-12 21:41:41.391515
PO0001463,V03259,E-services,278,2025-08-20 13:21:21,2026-08-12 21:41:41.391515
PO0001464,V03316,Systems,547,2026-02-04 01:19:41,2026-08-12 21:41:41.391515
PO0001465,V00243,E-services,155,2024-08-25 15:51:56,2026-08-12 21:41:41.391515
PO0001466,V04378,Convergence,409,2026-01-25 07:46:38,2026-08-12 21:41:41.391515
PO0001467,V01090,Platforms,776,2024-07-08 20:20:41,2026-08-12 21:41:41.391515
PO0001468,V01201,Niches,39,2025-03-29 21:04:33,2026-08-12 21:41:41.391515
PO0001469,V04594,Paradigms,1000,2025-04-16 12:31:20,2026-08-12 21:41:41.391515
PO0001470,V01956,E-services,713,2025-07-10 05:57:20,2026-08-12 21:41:41.391515
PO0001471,V00735,Niches,71,2024-05-24 12:12:38,2026-08-12 21:41:41.391515
PO0001472,V02269,Channels,704,2025-01-30 17:03:20,2026-08-12 21:41:41.391515
PO0001473,V02025,Solutions,506,2024-12-19 03:48:53,2026-08-12 21:41:41.391515
PO0001474,V00997,Channels,889,2024-08-10 19:29:56,2026-08-12 21:41:41.391515
PO0001475,V02115,Niches,612,2025-06-27 04:26:31,2026-08-12 21:41:41.391515
PO0001477,V02288,E-markets,524,2025-03-14 06:57:15,2026-08-12 21:41:41.391515
PO0001478,V01177,Users,73,2026-04-06 04:11:17,2026-08-12 21:41:41.391515
PO0001480,V03662,Convergence,84,2025-07-16 13:07:01,2026-08-12 21:41:41.391515
PO0001481,V00073,Roi,268,2024-09-26 08:28:04,2026-08-12 21:41:41.391515
PO0001482,V04098,Paradigms,422,2024-10-06 16:07:26,2026-08-12 21:41:41.391515
PO0001483,V00162,E-commerce,149,2026-01-17 08:06:33,2026-08-12 21:41:41.391515
PO0001484,V02508,Roi,313,2025-12-22 02:08:36,2026-08-12 21:41:41.391515
PO0001485,V03076,Methodologies,850,2025-02-02 05:52:09,2026-08-12 21:41:41.391515
PO0001486,V04597,E-services,771,2024-06-26 11:16:42,2026-08-12 21:41:41.391515
PO0001488,V02830,E-markets,584,2026-01-21 22:57:20,2026-08-12 21:41:41.391515
PO0001489,V00370,E-services,678,2025-09-10 07:24:49,2026-08-12 21:41:41.391515
PO0001490,V00207,Users,872,2024-12-17 04:25:47,2026-08-12 21:41:41.391515
PO0001491,V02850,Roi,62,2025-11-17 06:54:55,2026-08-12 21:41:41.391515
PO0001492,V04622,Convergence,676,2025-05-14 22:27:52,2026-08-12 21:41:41.391515
PO0001493,V03134,Systems,847,2025-06-10 05:49:07,2026-08-12 21:41:41.391515
PO0001494,V04618,Functionalities,789,2025-11-22 05:11:05,2026-08-12 21:41:41.391515
PO0001495,V01741,Channels,240,2024-05-04 01:26:53,2026-08-12 21:41:41.391515
PO0001496,V01529,Action-items,958,2025-11-25 01:54:00,2026-08-12 21:41:41.391515
PO0001497,V02383,Web-readiness,816,2025-10-30 17:35:56,2026-08-12 21:41:41.391515
PO0001499,V01555,Infrastructures,668,2025-11-20 18:35:29,2026-08-12 21:41:41.391515
PO0001500,V01325,Roi,243,2024-04-27 05:47:58,2026-08-12 21:41:41.391515
PO0001501,V00192,Convergence,898,2025-12-06 03:41:21,2026-08-12 21:41:41.391515
PO0001502,V03257,Solutions,631,2026-01-27 10:51:16,2026-08-12 21:41:41.391515
PO0001503,V00536,Partnerships,841,2025-09-19 14:02:51,2026-08-12 21:41:41.391515
PO0001504,V00824,Relationships,41,2024-12-21 07:53:56,2026-08-12 21:41:41.391515
PO0001505,V02713,Metrics,39,2024-09-16 14:12:09,2026-08-12 21:41:41.391515
PO0001506,V04801,E-commerce,821,2024-07-25 06:59:21,2026-08-12 21:41:41.391515
PO0001507,V02776,Metrics,125,2025-09-23 00:02:35,2026-08-12 21:41:41.391515
PO0001508,V03799,Channels,525,2025-02-18 11:22:48,2026-08-12 21:41:41.391515
PO0001511,V00128,Schemas,522,2025-11-17 05:02:43,2026-08-12 21:41:41.391515
PO0001512,V02840,Paradigms,763,2024-07-21 09:48:27,2026-08-12 21:41:41.391515
PO0001513,V02716,Architectures,251,2024-07-21 15:49:21,2026-08-12 21:41:41.391515
PO0001514,V03104,Networks,223,2025-07-09 03:30:18,2026-08-12 21:41:41.391515
PO0001515,V01307,Users,323,2024-10-22 07:11:14,2026-08-12 21:41:41.391515
PO0001516,V00845,Schemas,192,2025-12-20 11:51:25,2026-08-12 21:41:41.391515
PO0001517,V02805,Models,731,2025-07-15 23:55:02,2026-08-12 21:41:41.391515
PO0001519,V02126,Methodologies,348,2024-04-26 02:42:15,2026-08-12 21:41:41.391515
PO0001520,V03575,Info-mediaries,626,2024-10-28 02:47:10,2026-08-12 21:41:41.391515
PO0001521,V03206,E-services,833,2026-02-13 03:54:49,2026-08-12 21:41:41.391515
PO0001522,V03573,Partnerships,955,2025-06-05 17:16:27,2026-08-12 21:41:41.391515
PO0001523,V03925,Services,729,2024-07-24 14:28:02,2026-08-12 21:41:41.391515
PO0001524,V04338,Communities,640,2026-02-09 10:06:17,2026-08-12 21:41:41.391515
PO0001525,V00027,Functionalities,890,2025-07-07 11:05:24,2026-08-12 21:41:41.391515
PO0001526,V02452,Services,609,2025-04-21 09:58:02,2026-08-12 21:41:41.391515
PO0001527,V01606,E-services,111,2024-12-12 18:02:23,2026-08-12 21:41:41.391515
PO0001528,V01777,E-services,834,2024-07-31 09:35:44,2026-08-12 21:41:41.391515
PO0001530,V02803,Users,691,2026-02-19 18:11:21,2026-08-12 21:41:41.391515
PO0001531,V04808,E-markets,417,2024-12-18 18:58:58,2026-08-12 21:41:41.391515
PO0001532,V00946,Channels,645,2025-01-14 12:28:50,2026-08-12 21:41:41.391515
PO0001533,V02425,Infrastructures,196,2024-07-21 04:40:33,2026-08-12 21:41:41.391515
PO0001534,V03905,Convergence,997,2024-10-24 00:32:14,2026-08-12 21:41:41.391515
PO0001535,V02672,Functionalities,53,2025-10-31 23:19:28,2026-08-12 21:41:41.391515
PO0001536,V01301,Infrastructures,705,2025-03-15 08:25:37,2026-08-12 21:41:41.391515
PO0001537,V03982,Markets,456,2024-05-20 20:00:29,2026-08-12 21:41:41.391515
PO0001538,V00219,Bandwidth,838,2025-07-07 19:42:44,2026-08-12 21:41:41.391515
PO0001539,V03048,Niches,-723,2024-06-02 21:20:13,2026-08-12 21:41:41.391515
PO0001540,V02288,E-markets,462,2025-10-06 00:17:02,2026-08-12 21:41:41.391515
PO0001541,V02840,Paradigms,317,2025-06-04 12:56:57,2026-08-12 21:41:41.391515
PO0001542,V02429,Paradigms,684,2024-12-28 20:13:12,2026-08-12 21:41:41.391515
PO0001543,V02649,Paradigms,522,2026-01-19 20:29:28,2026-08-12 21:41:41.391515
PO0001544,V02079,Metrics,589,2025-06-07 13:30:52,2026-08-12 21:41:41.391515
PO0001545,V02889,Markets,839,2025-12-28 12:32:22,2026-08-12 21:41:41.391515
PO0001546,V00599,Markets,-275,2024-07-05 12:09:11,2026-08-12 21:41:41.391515
PO0001547,V01905,E-markets,805,2026-02-11 13:26:33,2026-08-12 21:41:41.391515
PO0001548,V03312,Infrastructures,103,2025-05-13 03:30:48,2026-08-12 21:41:41.391515
PO0001549,V02960,Niches,351,2025-10-27 01:21:37,2026-08-12 21:41:41.391515
PO0001550,V03273,Communities,-418,2024-07-22 13:22:46,2026-08-12 21:41:41.391515
PO0001551,V03053,Roi,557,2024-05-21 04:28:14,2026-08-12 21:41:41.391515
PO0001552,V02082,E-commerce,1000,2024-11-24 03:16:05,2026-08-12 21:41:41.391515
PO0001553,V03571,E-tailers,795,2024-12-28 13:41:56,2026-08-12 21:41:41.391515
PO0001554,V04842,Infrastructures,127,2024-06-04 09:14:07,2026-08-12 21:41:41.391515
PO0001555,V03814,Paradigms,229,2026-03-01 23:52:59,2026-08-12 21:41:41.391515
PO0001557,V01699,Roi,428,2024-12-06 12:13:15,2026-08-12 21:41:41.391515
PO0001558,V01094,Schemas,121,2024-09-29 19:27:04,2026-08-12 21:41:41.391515
PO0001559,V02535,Bandwidth,516,2025-10-25 01:54:51,2026-08-12 21:41:41.391515
PO0001560,V00218,Methodologies,265,2025-04-11 02:33:31,2026-08-12 21:41:41.391515
PO0001561,V04270,E-tailers,262,2024-09-25 11:11:01,2026-08-12 21:41:41.391515
PO0001562,V00879,Partnerships,752,2025-02-23 01:18:36,2026-08-12 21:41:41.391515
PO0001563,V01108,Solutions,765,2024-06-11 03:05:03,2026-08-12 21:41:41.391515
PO0001564,V01112,Markets,966,2026-03-22 13:04:55,2026-08-12 21:41:41.391515
PO0001565,V03901,Niches,888,2025-01-09 14:50:25,2026-08-12 21:41:41.391515
PO0001566,V04570,E-business,774,2026-04-12 10:20:06,2026-08-12 21:41:41.391515
PO0001567,V01088,E-business,277,2025-10-11 12:10:54,2026-08-12 21:41:41.391515
PO0001568,V01776,Experiences,75,2025-12-26 13:26:43,2026-08-12 21:41:41.391515
PO0001569,V03342,Action-items,874,2025-12-20 07:15:09,2026-08-12 21:41:41.391515
PO0001570,V03802,Metrics,932,2025-06-04 09:25:23,2026-08-12 21:41:41.391515
PO0001571,V03304,Roi,344,2025-05-08 09:49:02,2026-08-12 21:41:41.391515
PO0001572,V04057,Roi,160,2024-09-24 17:36:51,2026-08-12 21:41:41.391515
PO0001574,V03477,Channels,630,2025-11-27 09:29:08,2026-08-12 21:41:41.391515
PO0001575,V00748,Systems,989,2025-02-24 07:03:46,2026-08-12 21:41:41.391515
PO0001576,V03928,Bandwidth,728,2024-08-04 15:22:25,2026-08-12 21:41:41.391515
PO0001577,V02008,Paradigms,852,2026-03-29 17:14:55,2026-08-12 21:41:41.391515
PO0001578,V04719,Services,738,2025-03-25 15:57:48,2026-08-12 21:41:41.391515
PO0001579,V01582,E-tailers,108,2024-06-18 06:20:39,2026-08-12 21:41:41.391515
PO0001580,V04535,Users,391,2024-10-03 13:57:54,2026-08-12 21:41:41.391515
PO0001581,V01123,Infrastructures,915,2025-10-06 02:34:14,2026-08-12 21:41:41.391515
PO0001582,V01905,E-markets,229,2025-01-13 20:01:27,2026-08-12 21:41:41.391515
PO0001583,V00511,Partnerships,958,2025-05-18 20:52:21,2026-08-12 21:41:41.391515
PO0001584,V01733,Metrics,328,2025-10-29 17:35:29,2026-08-12 21:41:41.391515
PO0001585,V04259,Channels,842,2025-07-27 17:13:50,2026-08-12 21:41:41.391515
PO0001586,V03478,Markets,858,2025-02-23 10:18:03,2026-08-12 21:41:41.391515
PO0001587,V00066,Users,870,2025-07-03 10:59:17,2026-08-12 21:41:41.391515
PO0001588,V03108,Systems,216,2024-10-25 13:45:32,2026-08-12 21:41:41.391515
PO0001589,V04818,E-tailers,200,2024-09-27 07:57:18,2026-08-12 21:41:41.391515
PO0001590,V04657,E-commerce,378,2025-01-17 08:51:33,2026-08-12 21:41:41.391515
PO0001591,V02665,Methodologies,673,2024-10-22 23:16:54,2026-08-12 21:41:41.391515
PO0001593,V02661,Systems,-318,2025-08-11 13:14:42,2026-08-12 21:41:41.391515
PO0001594,V04325,Partnerships,521,2024-06-03 21:15:03,2026-08-12 21:41:41.391515
PO0001595,V03841,E-services,585,2025-10-17 01:33:05,2026-08-12 21:41:41.391515
PO0001596,V02765,Relationships,631,2024-04-23 12:47:58,2026-08-12 21:41:41.391515
PO0001597,V03832,Methodologies,952,2025-08-17 17:25:55,2026-08-12 21:41:41.391515
PO0001598,V03596,Niches,940,2025-01-02 07:50:32,2026-08-12 21:41:41.391515
PO0001599,V01874,Niches,191,2025-06-14 23:22:30,2026-08-12 21:41:41.391515
PO0001600,V03445,Infrastructures,455,2024-12-23 22:09:53,2026-08-12 21:41:41.391515
PO0001601,V00159,Channels,229,2026-02-25 17:16:19,2026-08-12 21:41:41.391515
PO0001602,V02079,Metrics,55,2025-11-22 12:58:20,2026-08-12 21:41:41.391515
PO0001603,V03947,Niches,393,2026-01-31 15:53:02,2026-08-12 21:41:41.391515
PO0001604,V03791,Infrastructures,38,2025-03-18 03:43:13,2026-08-12 21:41:41.391515
PO0001605,V01296,Functionalities,439,2024-06-27 04:22:42,2026-08-12 21:41:41.391515
PO0001606,V03886,Architectures,626,2025-01-27 20:17:50,2026-08-12 21:41:41.391515
PO0001607,V04332,Niches,643,2025-08-22 13:42:46,2026-08-12 21:41:41.391515
PO0001608,V03791,Metrics,309,2024-11-30 17:33:54,2026-08-12 21:41:41.391515
PO0001609,V04153,E-services,685,2025-04-02 19:32:52,2026-08-12 21:41:41.391515
PO0001611,V02868,E-business,898,2024-10-26 07:44:00,2026-08-12 21:41:41.391515
PO0001612,V04871,Metrics,551,2024-06-23 18:22:06,2026-08-12 21:41:41.391515
PO0001613,V02835,Action-items,938,2025-09-05 09:23:14,2026-08-12 21:41:41.391515
PO0001614,V01761,Niches,420,2025-01-02 16:12:34,2026-08-12 21:41:41.391515
PO0001615,V03098,E-services,469,2026-02-15 14:10:16,2026-08-12 21:41:41.391515
PO0001617,V01725,E-tailers,950,2026-01-15 05:45:13,2026-08-12 21:41:41.391515
PO0001618,V04167,Channels,423,2025-02-03 17:22:34,2026-08-12 21:41:41.391515
PO0001619,V02195,Methodologies,362,2024-10-20 23:04:50,2026-08-12 21:41:41.391515
PO0001620,V03317,Models,427,2025-07-16 05:19:33,2026-08-12 21:41:41.391515
PO0001621,V04921,Schemas,970,2025-05-01 12:55:01,2026-08-12 21:41:41.391515
PO0001622,V04302,Bandwidth,262,2025-07-03 06:19:32,2026-08-12 21:41:41.391515
PO0001623,V00866,E-tailers,745,2024-09-09 10:18:06,2026-08-12 21:41:41.391515
PO0001624,V00978,Paradigms,467,2025-01-20 08:24:50,2026-08-12 21:41:41.391515
PO0001625,V01111,E-markets,99,2025-01-12 07:27:26,2026-08-12 21:41:41.391515
PO0001626,V00286,E-services,610,2025-12-22 12:07:17,2026-08-12 21:41:41.391515
PO0001627,V02597,Niches,827,2026-02-28 08:45:26,2026-08-12 21:41:41.391515
PO0001628,V04287,Relationships,503,2024-07-16 20:47:54,2026-08-12 21:41:41.391515
PO0001629,V02644,Paradigms,360,2024-07-05 15:50:16,2026-08-12 21:41:41.391515
PO0001630,V04038,Schemas,198,2025-02-07 00:44:16,2026-08-12 21:41:41.391515
PO0001631,V03351,Networks,546,2024-11-29 09:28:29,2026-08-12 21:41:41.391515
PO0001632,V00857,E-business,694,2024-10-26 03:48:05,2026-08-12 21:41:41.391515
PO0001633,V00911,Paradigms,315,2025-02-17 04:07:44,2026-08-12 21:41:41.391515
PO0001634,V02391,Methodologies,760,2025-09-27 06:43:19,2026-08-12 21:41:41.391515
PO0001635,V02557,Action-items,967,2025-08-07 11:36:30,2026-08-12 21:41:41.391515
PO0001636,V02424,Systems,541,2024-05-21 02:03:46,2026-08-12 21:41:41.391515
PO0001637,V00992,Functionalities,956,2025-09-12 15:55:42,2026-08-12 21:41:41.391515
PO0001638,V03599,Architectures,955,2024-07-31 02:33:52,2026-08-12 21:41:41.391515
PO0001639,V03599,Architectures,207,2026-01-29 03:34:45,2026-08-12 21:41:41.391515
PO0001640,V01711,Models,358,2025-05-17 15:04:00,2026-08-12 21:41:41.391515
PO0001641,V00307,E-business,298,2026-03-26 14:42:03,2026-08-12 21:41:41.391515
PO0001642,V00738,Solutions,323,2024-10-21 09:48:25,2026-08-12 21:41:41.391515
PO0001643,V02563,Schemas,536,2025-04-19 06:15:37,2026-08-12 21:41:41.391515
PO0001644,V02588,E-services,801,2025-04-30 14:50:20,2026-08-12 21:41:41.391515
PO0001645,V00178,Schemas,250,2024-09-06 03:30:42,2026-08-12 21:41:41.391515
PO0001646,V03158,E-services,613,2025-04-07 22:04:37,2026-08-12 21:41:41.391515
PO0001647,V03966,Metrics,686,2024-05-09 21:21:39,2026-08-12 21:41:41.391515
PO0001648,V04008,Channels,345,2026-02-11 07:23:07,2026-08-12 21:41:41.391515
PO0001649,V01126,E-markets,351,2024-08-19 01:06:56,2026-08-12 21:41:41.391515
PO0001650,V04981,Metrics,985,2025-06-15 02:09:49,2026-08-12 21:41:41.391515
PO0001651,V01745,Markets,77,2025-07-23 18:29:08,2026-08-12 21:41:41.391515
PO0001652,V04671,Channels,656,2025-03-11 15:33:02,2026-08-12 21:41:41.391515
PO0001653,V04592,Architectures,435,2025-12-03 18:02:01,2026-08-12 21:41:41.391515
PO0001654,V00044,E-services,530,2025-09-04 23:58:51,2026-08-12 21:41:41.391515
PO0001655,V03318,Networks,446,2025-02-05 18:31:43,2026-08-12 21:41:41.391515
PO0001656,V03421,Functionalities,773,2025-03-02 08:30:26,2026-08-12 21:41:41.391515
PO0001657,V03119,Schemas,406,2024-04-21 15:31:50,2026-08-12 21:41:41.391515
PO0001658,V03330,Architectures,459,2025-01-09 12:18:45,2026-08-12 21:41:41.391515
PO0001659,V04638,Niches,338,2026-03-29 00:28:16,2026-08-12 21:41:41.391515
PO0001660,V01236,Networks,123,2024-10-28 16:50:45,2026-08-12 21:41:41.391515
PO0001661,V00491,Experiences,745,2024-12-03 03:06:05,2026-08-12 21:41:41.391515
PO0001662,V02150,Solutions,835,2024-09-02 13:21:32,2026-08-12 21:41:41.391515
PO0001663,V03295,E-services,17,2025-05-27 20:47:44,2026-08-12 21:41:41.391515
PO0001664,V02754,Functionalities,840,2024-06-20 20:37:24,2026-08-12 21:41:41.391515
PO0001665,V04594,Infrastructures,517,2025-02-05 09:13:14,2026-08-12 21:41:41.391515
PO0001666,V02945,E-commerce,460,2026-01-05 00:10:59,2026-08-12 21:41:41.391515
PO0001667,V03775,Info-mediaries,818,2024-11-01 23:37:24,2026-08-12 21:41:41.391515
PO0001668,V02250,Bandwidth,692,2024-11-03 04:16:52,2026-08-12 21:41:41.391515
PO0001669,V04588,Architectures,490,2024-06-10 08:36:52,2026-08-12 21:41:41.391515
PO0001670,V02750,Paradigms,42,2026-01-12 14:09:55,2026-08-12 21:41:41.391515
PO0001671,V01236,Users,660,2025-10-17 10:30:56,2026-08-12 21:41:41.391515
PO0001672,V04294,Schemas,285,2025-09-30 11:25:51,2026-08-12 21:41:41.391515
PO0001673,V01975,E-services,417,2025-03-04 04:18:14,2026-08-12 21:41:41.391515
PO0001675,V02756,Systems,18,2024-05-15 03:54:53,2026-08-12 21:41:41.391515
PO0001676,V02313,Roi,219,2026-03-12 20:31:17,2026-08-12 21:41:41.391515
PO0001677,V03356,Metrics,509,2024-07-08 10:35:40,2026-08-12 21:41:41.391515
PO0001678,V01323,Services,556,2025-08-15 06:09:43,2026-08-12 21:41:41.391515
PO0001679,V00142,E-services,30,2025-10-11 01:08:36,2026-08-12 21:41:41.391515
PO0001680,V01160,Functionalities,410,2025-04-11 17:15:36,2026-08-12 21:41:41.391515
PO0001681,V01820,Action-items,-764,2024-12-25 03:28:55,2026-08-12 21:41:41.391515
PO0001682,V00958,Info-mediaries,339,2025-08-23 22:05:26,2026-08-12 21:41:41.391515
PO0001683,V04101,Platforms,539,2026-03-11 13:37:12,2026-08-12 21:41:41.391515
PO0001684,V00078,Action-items,833,2024-09-24 00:45:54,2026-08-12 21:41:41.391515
PO0001685,V01014,Channels,508,2025-01-03 00:35:43,2026-08-12 21:41:41.391515
PO0001686,V00338,Experiences,396,2025-06-07 21:00:11,2026-08-12 21:41:41.391515
PO0001687,V04725,Methodologies,544,2026-02-24 11:01:19,2026-08-12 21:41:41.391515
PO0001688,V03032,Metrics,214,2026-01-13 11:19:28,2026-08-12 21:41:41.391515
PO0001689,V03621,Niches,815,2025-08-24 01:57:30,2026-08-12 21:41:41.391515
PO0001690,V04008,Channels,238,2026-04-01 20:26:19,2026-08-12 21:41:41.391515
PO0001691,V01471,E-tailers,381,2024-12-06 17:22:13,2026-08-12 21:41:41.391515
PO0001692,V02925,Channels,800,2025-03-02 03:34:36,2026-08-12 21:41:41.391515
PO0001693,V03891,Infrastructures,553,2026-01-21 07:36:21,2026-08-12 21:41:41.391515
PO0001694,V03253,Action-items,596,2024-11-10 07:20:19,2026-08-12 21:41:41.391515
PO0001695,V03649,Users,703,2024-05-21 07:01:41,2026-08-12 21:41:41.391515
PO0001697,V00199,Info-mediaries,534,2024-07-23 15:54:07,2026-08-12 21:41:41.391515
PO0001698,V03481,Platforms,30,2024-05-17 02:43:57,2026-08-12 21:41:41.391515
PO0001699,V03068,Solutions,588,2024-09-11 17:42:12,2026-08-12 21:41:41.391515
PO0001700,V02694,Niches,785,2025-09-19 20:26:20,2026-08-12 21:41:41.391515
PO0001701,V03836,Niches,980,2025-06-27 03:22:12,2026-08-12 21:41:41.391515
PO0001702,V02119,Services,41,2025-06-16 18:26:29,2026-08-12 21:41:41.391515
PO0001703,V01878,Services,299,2024-04-18 22:57:54,2026-08-12 21:41:41.391515
PO0001704,V01070,Action-items,912,2024-08-01 03:38:13,2026-08-12 21:41:41.391515
PO0001706,V03505,Infrastructures,223,2024-10-01 05:18:00,2026-08-12 21:41:41.391515
PO0001707,V04640,Schemas,959,2024-04-24 10:23:21,2026-08-12 21:41:41.391515
PO0001708,V03611,Infrastructures,800,2024-11-09 02:35:22,2026-08-12 21:41:41.391515
PO0001709,V03526,E-services,64,2024-08-06 20:28:59,2026-08-12 21:41:41.391515
PO0001710,V00619,Systems,357,2025-04-30 23:10:41,2026-08-12 21:41:41.391515
PO0001712,V04621,Bandwidth,459,2024-09-26 23:28:12,2026-08-12 21:41:41.391515
PO0001713,V04508,Markets,587,2025-03-11 22:56:29,2026-08-12 21:41:41.391515
PO0001714,V00644,Metrics,911,2024-07-31 08:06:02,2026-08-12 21:41:41.391515
PO0001715,V01199,E-markets,747,2026-04-13 04:14:41,2026-08-12 21:41:41.391515
PO0001716,V00840,E-services,866,2026-02-12 19:49:28,2026-08-12 21:41:41.391515
PO0001717,V02650,Paradigms,107,2025-05-18 10:40:41,2026-08-12 21:41:41.391515
PO0001718,V02884,Channels,989,2026-02-24 14:11:34,2026-08-12 21:41:41.391515
PO0001719,V00740,Info-mediaries,411,2024-07-06 13:57:27,2026-08-12 21:41:41.391515
PO0001720,V04975,E-business,865,2024-11-08 12:23:29,2026-08-12 21:41:41.391515
PO0001721,V04757,Infrastructures,962,2025-08-23 06:19:13,2026-08-12 21:41:41.391515
PO0001722,V03760,Functionalities,556,2024-11-05 07:19:37,2026-08-12 21:41:41.391515
PO0001723,V02894,Solutions,565,2025-09-25 09:47:16,2026-08-12 21:41:41.391515
PO0001724,V04161,E-services,859,2024-11-14 04:18:25,2026-08-12 21:41:41.391515
PO0001726,V04001,Models,440,2024-07-17 03:40:42,2026-08-12 21:41:41.391515
PO0001727,V00526,Web-readiness,980,2025-06-02 19:00:06,2026-08-12 21:41:41.391515
PO0001728,V02067,Experiences,558,2025-11-25 09:59:03,2026-08-12 21:41:41.391515
PO0001729,V04509,Functionalities,209,2025-07-11 17:44:10,2026-08-12 21:41:41.391515
PO0001730,V03004,Solutions,809,2024-10-13 14:08:09,2026-08-12 21:41:41.391515
PO0001731,V02127,Methodologies,524,2025-07-21 19:26:28,2026-08-12 21:41:41.391515
PO0001732,V02080,Roi,607,2024-12-20 05:16:18,2026-08-12 21:41:41.391515
PO0001733,V02986,Users,522,2025-12-25 22:00:48,2026-08-12 21:41:41.391515
PO0001734,V02471,Markets,947,2024-09-29 05:13:53,2026-08-12 21:41:41.391515
PO0001735,V04067,Infrastructures,716,2026-04-07 16:36:04,2026-08-12 21:41:41.391515
PO0001736,V02151,Systems,762,2024-05-04 18:58:29,2026-08-12 21:41:41.391515
PO0001737,V03139,E-tailers,588,2025-07-08 21:22:32,2026-08-12 21:41:41.391515
PO0001738,V04167,Channels,964,2025-03-03 19:58:01,2026-08-12 21:41:41.391515
PO0001739,V02161,Action-items,453,2025-07-08 17:25:41,2026-08-12 21:41:41.391515
PO0001740,V01609,Web-readiness,631,2025-12-28 06:41:56,2026-08-12 21:41:41.391515
PO0001741,V04537,Paradigms,146,2024-05-22 21:14:28,2026-08-12 21:41:41.391515
PO0001742,V02164,E-business,902,2025-03-08 23:30:55,2026-08-12 21:41:41.391515
PO0001743,V01555,Platforms,580,2025-05-07 17:11:05,2026-08-12 21:41:41.391515
PO0001744,V01344,Schemas,38,2025-02-24 08:27:36,2026-08-12 21:41:41.391515
PO0001745,V04650,Experiences,685,2024-11-06 01:18:35,2026-08-12 21:41:41.391515
PO0001746,V02321,Relationships,920,2025-10-09 23:07:57,2026-08-12 21:41:41.391515
PO0001747,V04478,Roi,384,2025-11-26 08:14:06,2026-08-12 21:41:41.391515
PO0001748,V00674,Convergence,814,2026-02-15 10:14:44,2026-08-12 21:41:41.391515
PO0001749,V02605,E-business,307,2026-03-31 14:32:58,2026-08-12 21:41:41.391515
PO0001750,V03206,E-services,516,2025-09-12 01:57:57,2026-08-12 21:41:41.391515
PO0001751,V03797,E-commerce,463,2026-02-15 04:43:04,2026-08-12 21:41:41.391515
PO0001752,V03355,Users,530,2025-08-02 07:58:34,2026-08-12 21:41:41.391515
PO0001753,V04369,E-services,774,2025-08-17 18:38:27,2026-08-12 21:41:41.391515
PO0001754,V03882,Partnerships,883,2025-10-07 13:01:31,2026-08-12 21:41:41.391515
PO0001755,V00162,E-tailers,209,2026-04-02 11:43:19,2026-08-12 21:41:41.391515
PO0001756,V03586,Markets,860,2024-04-20 19:10:13,2026-08-12 21:41:41.391515
PO0001757,V00482,Communities,294,2025-07-04 11:33:18,2026-08-12 21:41:41.391515
PO0001758,V01578,Markets,25,2024-08-30 22:11:15,2026-08-12 21:41:41.391515
PO0001759,V00879,Partnerships,625,2024-08-30 11:36:52,2026-08-12 21:41:41.391515
PO0001760,V01849,E-services,488,2025-05-15 18:17:39,2026-08-12 21:41:41.391515
PO0001761,V03513,E-services,722,2025-06-08 18:46:23,2026-08-12 21:41:41.391515
PO0001763,V04563,Systems,152,2026-02-13 14:06:53,2026-08-12 21:41:41.391515
PO0001764,V01861,Metrics,589,2024-11-20 02:34:01,2026-08-12 21:41:41.391515
PO0001765,V03935,Relationships,156,2026-04-16 22:47:46,2026-08-12 21:41:41.391515
PO0001767,V00463,E-business,473,2025-05-18 11:22:30,2026-08-12 21:41:41.391515
PO0001768,V03309,Roi,741,2025-04-05 21:46:38,2026-08-12 21:41:41.391515
PO0001769,V03295,Experiences,267,2025-12-03 09:40:19,2026-08-12 21:41:41.391515
PO0001770,V00784,Channels,802,2024-11-13 10:18:13,2026-08-12 21:41:41.391515
PO0001771,V00079,Solutions,451,2026-02-23 15:56:25,2026-08-12 21:41:41.391515
PO0001772,V03324,Users,995,2024-12-22 11:33:55,2026-08-12 21:41:41.391515
PO0001773,V04276,Paradigms,240,2025-11-24 23:11:25,2026-08-12 21:41:41.391515
PO0001774,V04424,Platforms,351,2025-01-15 07:55:42,2026-08-12 21:41:41.391515
PO0001775,V02855,Channels,470,2024-07-13 21:52:49,2026-08-12 21:41:41.391515
PO0001776,V02976,Partnerships,863,2026-02-11 15:10:59,2026-08-12 21:41:41.391515
PO0001777,V04515,E-commerce,633,2025-10-19 01:58:11,2026-08-12 21:41:41.391515
PO0001778,V00211,E-services,83,2024-10-19 04:35:29,2026-08-12 21:41:41.391515
PO0001779,V00136,Niches,780,2026-01-23 14:05:18,2026-08-12 21:41:41.391515
PO0001780,V03483,Architectures,646,2026-01-23 19:12:19,2026-08-12 21:41:41.391515
PO0001781,V04790,Communities,531,2025-12-04 16:35:17,2026-08-12 21:41:41.391515
PO0001782,V00449,Metrics,373,2024-12-29 06:40:52,2026-08-12 21:41:41.391515
PO0001783,V04556,E-markets,780,2025-06-09 14:28:05,2026-08-12 21:41:41.391515
PO0001784,V02176,Platforms,926,2025-11-20 11:24:08,2026-08-12 21:41:41.391515
PO0001785,V03468,Metrics,46,2026-03-12 10:22:03,2026-08-12 21:41:41.391515
PO0001786,V02883,Experiences,823,2025-04-05 09:16:59,2026-08-12 21:41:41.391515
PO0001787,V03973,Models,-944,2024-08-01 11:23:21,2026-08-12 21:41:41.391515
PO0001788,V02936,Solutions,949,2026-02-04 00:07:08,2026-08-12 21:41:41.391515
PO0001789,V00343,Bandwidth,56,2025-05-04 08:20:05,2026-08-12 21:41:41.391515
PO0001790,V00123,Users,223,2024-07-22 18:23:34,2026-08-12 21:41:41.391515
PO0001791,V02556,Experiences,142,2025-04-05 06:16:04,2026-08-12 21:41:41.391515
PO0001792,V02586,E-services,-484,2024-11-10 12:34:41,2026-08-12 21:41:41.391515
PO0001793,V02334,Channels,766,2026-03-08 22:39:20,2026-08-12 21:41:41.391515
PO0001794,V00861,Niches,640,2024-09-17 16:03:37,2026-08-12 21:41:41.391515
PO0001795,V03688,Metrics,398,2024-05-04 12:44:04,2026-08-12 21:41:41.391515
PO0001796,V00390,Niches,297,2025-08-29 12:15:42,2026-08-12 21:41:41.391515
PO0001797,V04689,E-markets,448,2025-03-13 23:21:48,2026-08-12 21:41:41.391515
PO0001798,V03608,Channels,135,2026-01-04 01:55:42,2026-08-12 21:41:41.391515
PO0001799,V01332,Metrics,123,2025-06-21 09:02:16,2026-08-12 21:41:41.391515
PO0001800,V00732,Users,374,2025-06-26 22:24:51,2026-08-12 21:41:41.391515
PO0001801,V04596,E-commerce,192,2024-07-20 01:44:58,2026-08-12 21:41:41.391515
PO0001802,V02744,Bandwidth,458,2025-12-21 17:08:59,2026-08-12 21:41:41.391515
PO0001803,V03455,Markets,305,2024-07-09 01:47:29,2026-08-12 21:41:41.391515
PO0001804,V01962,E-services,511,2025-11-27 10:06:00,2026-08-12 21:41:41.391515
PO0001805,V01160,E-markets,808,2025-02-10 01:44:54,2026-08-12 21:41:41.391515
PO0001806,V02193,E-services,162,2026-01-29 18:57:00,2026-08-12 21:41:41.391515
PO0001807,V01208,Relationships,328,2026-01-24 07:39:11,2026-08-12 21:41:41.391515
PO0001808,V02491,E-services,51,2026-01-15 12:16:12,2026-08-12 21:41:41.391515
PO0001809,V03366,Models,817,2024-11-14 11:46:50,2026-08-12 21:41:41.391515
PO0001810,V03270,Functionalities,197,2025-12-11 11:31:17,2026-08-12 21:41:41.391515
PO0001811,V04719,Methodologies,855,2025-10-29 21:40:13,2026-08-12 21:41:41.391515
PO0001812,V04858,Convergence,743,2025-12-03 17:14:15,2026-08-12 21:41:41.391515
PO0001813,V00362,Architectures,691,2026-01-21 21:51:20,2026-08-12 21:41:41.391515
PO0001814,V04719,Web-readiness,838,2024-05-15 06:45:52,2026-08-12 21:41:41.391515
PO0001816,V03842,Communities,854,2024-12-10 23:02:10,2026-08-12 21:41:41.391515
PO0001817,V01296,Architectures,511,2024-09-26 18:30:38,2026-08-12 21:41:41.391515
PO0001818,V04519,Solutions,478,2025-07-20 18:38:49,2026-08-12 21:41:41.391515
PO0001819,V02544,E-markets,895,2025-05-14 09:07:18,2026-08-12 21:41:41.391515
PO0001820,V01531,Functionalities,584,2025-11-29 07:43:44,2026-08-12 21:41:41.391515
PO0001821,V00145,Bandwidth,387,2025-05-29 00:20:13,2026-08-12 21:41:41.391515
PO0001822,V04824,Metrics,427,2026-03-18 22:45:14,2026-08-12 21:41:41.391515
PO0001823,V00313,Systems,99,2024-06-07 11:58:22,2026-08-12 21:41:41.391515
PO0001824,V00597,E-services,383,2025-05-17 00:08:08,2026-08-12 21:41:41.391515
PO0001826,V02880,Functionalities,364,2024-09-24 15:50:26,2026-08-12 21:41:41.391515
PO0001827,V00087,Functionalities,23,2025-06-17 22:39:37,2026-08-12 21:41:41.391515
PO0001828,V01525,Paradigms,883,2025-04-17 23:37:23,2026-08-12 21:41:41.391515
PO0001829,V02408,Niches,571,2025-03-28 05:47:26,2026-08-12 21:41:41.391515
PO0001830,V03551,Partnerships,390,2025-09-06 08:27:58,2026-08-12 21:41:41.391515
PO0001831,V01603,Communities,738,2025-11-19 12:57:49,2026-08-12 21:41:41.391515
PO0001832,V04468,Niches,559,2025-01-21 23:06:40,2026-08-12 21:41:41.391515
PO0001834,V03943,E-tailers,817,2024-10-07 18:50:49,2026-08-12 21:41:41.391515
PO0001836,V03312,Infrastructures,249,2024-10-16 18:55:57,2026-08-12 21:41:41.391515
PO0001837,V02790,E-business,473,2024-10-01 13:47:51,2026-08-12 21:41:41.391515
PO0001838,V04542,Niches,41,2025-02-26 08:23:16,2026-08-12 21:41:41.391515
PO0001839,V04851,Communities,997,2024-11-24 13:39:46,2026-08-12 21:41:41.391515
PO0001841,V01643,Roi,7,2025-04-21 20:53:12,2026-08-12 21:41:41.391515
PO0001842,V02774,E-services,453,2025-04-02 03:35:51,2026-08-12 21:41:41.391515
PO0001843,V03397,Solutions,372,2024-04-28 19:45:00,2026-08-12 21:41:41.391515
PO0001844,V02247,Metrics,432,2026-01-22 05:18:57,2026-08-12 21:41:41.391515
PO0001845,V02695,Partnerships,542,2024-10-30 00:26:27,2026-08-12 21:41:41.391515
PO0001846,V00417,Experiences,-990,2024-06-30 05:55:41,2026-08-12 21:41:41.391515
PO0001847,V03838,Methodologies,871,2024-10-15 15:11:22,2026-08-12 21:41:41.391515
PO0001848,V03511,Systems,788,2025-10-27 06:36:13,2026-08-12 21:41:41.391515
PO0001849,V02172,E-services,748,2024-04-24 13:18:02,2026-08-12 21:41:41.391515
PO0001850,V01430,Systems,560,2025-07-31 22:59:37,2026-08-12 21:41:41.391515
PO0001851,V02472,Solutions,54,2024-04-27 16:22:52,2026-08-12 21:41:41.391515
PO0001852,V02079,E-services,849,2025-08-14 15:56:07,2026-08-12 21:41:41.391515
PO0001853,V04274,Metrics,881,2026-03-28 06:25:16,2026-08-12 21:41:41.391515
PO0001854,V01434,Info-mediaries,38,2024-07-14 13:22:34,2026-08-12 21:41:41.391515
PO0001855,V01582,E-tailers,23,2025-01-14 03:59:47,2026-08-12 21:41:41.391515
PO0001856,V03248,Metrics,500,2024-09-14 21:59:02,2026-08-12 21:41:41.391515
PO0001857,V00785,E-tailers,607,2025-05-21 04:41:10,2026-08-12 21:41:41.391515
PO0001858,V01989,Paradigms,186,2026-01-19 12:09:22,2026-08-12 21:41:41.391515
PO0001859,V03833,Partnerships,612,2025-08-25 17:08:40,2026-08-12 21:41:41.391515
PO0001860,V00735,Niches,181,2026-02-25 08:33:28,2026-08-12 21:41:41.391515
PO0001861,V01331,Niches,854,2025-03-09 13:20:53,2026-08-12 21:41:41.391515
PO0001862,V00639,Bandwidth,110,2024-05-06 00:30:31,2026-08-12 21:41:41.391515
PO0001863,V00453,E-tailers,658,2024-09-09 16:52:09,2026-08-12 21:41:41.391515
PO0001864,V00290,Schemas,179,2025-06-15 06:48:08,2026-08-12 21:41:41.391515
PO0001865,V01886,Infrastructures,544,2024-07-26 04:58:54,2026-08-12 21:41:41.391515
PO0001866,V03682,E-tailers,131,2025-02-19 12:15:04,2026-08-12 21:41:41.391515
PO0001867,V01985,Channels,142,2024-07-30 11:57:21,2026-08-12 21:41:41.391515
PO0001868,V00779,Networks,655,2025-01-13 20:03:32,2026-08-12 21:41:41.391515
PO0001869,V04686,E-services,492,2024-11-09 10:57:08,2026-08-12 21:41:41.391515
PO0001870,V03495,Functionalities,674,2025-12-20 16:41:40,2026-08-12 21:41:41.391515
PO0001871,V03675,Solutions,90,2024-08-25 14:38:59,2026-08-12 21:41:41.391515
PO0001872,V01167,E-business,359,2024-05-18 16:52:09,2026-08-12 21:41:41.391515
PO0001873,V01581,Web-readiness,33,2026-04-05 13:36:40,2026-08-12 21:41:41.391515
PO0001874,V04760,Info-mediaries,743,2024-11-07 11:34:44,2026-08-12 21:41:41.391515
PO0001875,V00158,E-services,82,2024-06-09 16:26:07,2026-08-12 21:41:41.391515
PO0001876,V01821,E-services,517,2025-09-08 22:09:15,2026-08-12 21:41:41.391515
PO0001877,V01098,E-services,995,2026-02-05 04:31:49,2026-08-12 21:41:41.391515
PO0001878,V02986,Platforms,24,2024-08-28 08:23:48,2026-08-12 21:41:41.391515
PO0001879,V00350,E-services,743,2026-02-16 19:40:00,2026-08-12 21:41:41.391515
PO0001880,V02965,E-markets,928,2026-02-22 16:06:57,2026-08-12 21:41:41.391515
PO0001881,V04310,Niches,534,2024-10-15 16:58:17,2026-08-12 21:41:41.391515
PO0001883,V02695,Partnerships,97,2024-06-23 00:33:10,2026-08-12 21:41:41.391515
PO0001884,V02822,Architectures,615,2025-08-05 18:00:56,2026-08-12 21:41:41.391515
PO0001885,V03984,Metrics,262,2024-05-15 01:49:56,2026-08-12 21:41:41.391515
PO0001886,V03078,Metrics,807,2025-11-01 11:31:12,2026-08-12 21:41:41.391515
PO0001887,V04571,Partnerships,358,2025-09-06 17:17:20,2026-08-12 21:41:41.391515
PO0001888,V00089,Models,348,2025-01-19 14:21:10,2026-08-12 21:41:41.391515
PO0001889,V04455,Niches,897,2025-04-02 16:42:17,2026-08-12 21:41:41.391515
PO0001890,V04824,Infrastructures,629,2025-04-11 17:13:29,2026-08-12 21:41:41.391515
PO0001891,V03528,E-services,700,2024-07-31 01:11:45,2026-08-12 21:41:41.391515
PO0001892,V03323,Services,-346,2024-04-23 16:41:04,2026-08-12 21:41:41.391515
PO0001893,V00557,E-services,916,2024-11-12 13:57:25,2026-08-12 21:41:41.391515
PO0001894,V04656,Roi,941,2025-11-27 17:36:42,2026-08-12 21:41:41.391515
PO0001895,V00400,E-services,646,2024-11-21 02:24:24,2026-08-12 21:41:41.391515
PO0001896,V02164,E-markets,519,2024-06-08 11:48:53,2026-08-12 21:41:41.391515
PO0001898,V01152,Roi,370,2024-05-31 23:13:26,2026-08-12 21:41:41.391515
PO0001899,V03009,Experiences,933,2025-10-19 08:45:34,2026-08-12 21:41:41.391515
PO0001900,V02446,Niches,106,2025-10-06 01:20:36,2026-08-12 21:41:41.391515
PO0001901,V02604,Roi,256,2025-05-07 06:56:49,2026-08-12 21:41:41.391515
PO0001902,V02313,Roi,240,2025-10-05 12:46:29,2026-08-12 21:41:41.391515
PO0001903,V01555,Platforms,330,2025-07-21 11:45:03,2026-08-12 21:41:41.391515
PO0001904,V04845,Users,739,2026-01-29 13:46:00,2026-08-12 21:41:41.391515
PO0001905,V01460,Infrastructures,912,2025-10-16 22:34:07,2026-08-12 21:41:41.391515
PO0001906,V01817,E-markets,842,2024-11-15 08:42:05,2026-08-12 21:41:41.391515
PO0001907,V04409,Infrastructures,323,2024-07-04 10:48:33,2026-08-12 21:41:41.391515
PO0001908,V02660,Niches,265,2025-06-30 21:01:42,2026-08-12 21:41:41.391515
PO0001909,V01643,Roi,288,2024-10-02 01:46:23,2026-08-12 21:41:41.391515
PO0001910,V03052,Users,425,2024-08-19 22:36:38,2026-08-12 21:41:41.391515
PO0001911,V03311,Web-readiness,988,2024-11-14 06:48:44,2026-08-12 21:41:41.391515
PO0001912,V00574,E-business,902,2025-01-31 08:25:57,2026-08-12 21:41:41.391515
PO0001913,V02362,E-markets,661,2025-12-15 11:01:46,2026-08-12 21:41:41.391515
PO0001914,V04757,Infrastructures,588,2024-10-21 13:47:35,2026-08-12 21:41:41.391515
PO0001915,V04489,Paradigms,483,2026-01-30 14:25:47,2026-08-12 21:41:41.391515
PO0001916,V03521,Communities,633,2025-06-19 20:32:51,2026-08-12 21:41:41.391515
PO0001917,V02559,Experiences,24,2025-08-30 15:09:44,2026-08-12 21:41:41.391515
PO0001918,V03573,Platforms,514,2024-06-15 11:33:39,2026-08-12 21:41:41.391515
PO0001919,V01453,Platforms,805,2024-06-03 05:17:10,2026-08-12 21:41:41.391515
PO0001920,V01143,Architectures,170,2025-08-13 15:37:03,2026-08-12 21:41:41.391515
PO0001921,V00780,Architectures,975,2025-04-27 22:45:09,2026-08-12 21:41:41.391515
PO0001923,V01385,E-tailers,967,2025-08-09 13:35:30,2026-08-12 21:41:41.391515
PO0001926,V02273,E-commerce,835,2025-08-23 16:13:59,2026-08-12 21:41:41.391515
PO0001927,V03533,Schemas,534,2026-04-05 09:16:19,2026-08-12 21:41:41.391515
PO0001928,V00202,Bandwidth,270,2024-08-08 04:47:15,2026-08-12 21:41:41.391515
PO0001929,V00850,E-tailers,596,2024-08-08 00:13:48,2026-08-12 21:41:41.391515
PO0001930,V00706,E-markets,992,2025-11-22 01:21:39,2026-08-12 21:41:41.391515
PO0001931,V00181,Metrics,196,2024-11-19 04:43:25,2026-08-12 21:41:41.391515
PO0001934,V02060,Solutions,165,2024-05-09 21:08:30,2026-08-12 21:41:41.391515
PO0001935,V04852,Infrastructures,289,2025-07-18 05:45:58,2026-08-12 21:41:41.391515
PO0001936,V04805,E-services,47,2025-11-06 03:54:05,2026-08-12 21:41:41.391515
PO0001937,V02277,Convergence,727,2025-11-10 04:37:48,2026-08-12 21:41:41.391515
PO0001938,V04355,Niches,367,2025-06-25 10:26:30,2026-08-12 21:41:41.391515
PO0001939,V01719,Info-mediaries,11,2025-04-21 16:39:26,2026-08-12 21:41:41.391515
PO0001940,V00324,Models,153,2024-08-13 07:27:24,2026-08-12 21:41:41.391515
PO0001941,V00960,Platforms,36,2025-11-17 04:57:48,2026-08-12 21:41:41.391515
PO0001942,V02899,Systems,827,2025-02-14 18:06:08,2026-08-12 21:41:41.391515
PO0001943,V04271,Roi,676,2024-11-02 15:52:36,2026-08-12 21:41:41.391515
PO0001944,V01034,Methodologies,374,2026-02-19 07:12:06,2026-08-12 21:41:41.391515
PO0001945,V02804,Solutions,748,2026-04-12 22:11:04,2026-08-12 21:41:41.391515
PO0001946,V02786,E-services,145,2025-07-08 02:34:52,2026-08-12 21:41:41.391515
PO0001947,V03748,Users,478,2025-02-28 00:51:20,2026-08-12 21:41:41.391515
PO0001948,V04727,Models,822,2024-09-23 23:48:10,2026-08-12 21:41:41.391515
PO0001949,V00162,Info-mediaries,873,2024-09-07 09:44:17,2026-08-12 21:41:41.391515
PO0001950,V03565,Infrastructures,-113,2024-09-02 20:11:54,2026-08-12 21:41:41.391515
PO0001951,V02435,E-markets,826,2025-02-01 21:01:25,2026-08-12 21:41:41.391515
PO0001953,V02329,Niches,710,2025-05-08 06:27:13,2026-08-12 21:41:41.391515
PO0001954,V01114,Users,370,2026-01-31 23:51:28,2026-08-12 21:41:41.391515
PO0001955,V00823,Platforms,908,2024-12-05 21:30:09,2026-08-12 21:41:41.391515
PO0001957,V04517,Platforms,975,2024-08-07 23:23:08,2026-08-12 21:41:41.391515
PO0001958,V03831,E-tailers,554,2024-09-09 02:33:41,2026-08-12 21:41:41.391515
PO0001959,V01500,E-commerce,980,2024-11-28 22:56:52,2026-08-12 21:41:41.391515
PO0001960,V04810,Info-mediaries,974,2024-04-28 20:56:50,2026-08-12 21:41:41.391515
PO0001961,V00455,Roi,315,2024-11-09 20:24:36,2026-08-12 21:41:41.391515
PO0001962,V00787,E-markets,343,2026-01-24 12:53:51,2026-08-12 21:41:41.391515
PO0001963,V00785,E-tailers,58,2026-03-10 08:21:27,2026-08-12 21:41:41.391515
PO0001964,V04366,Methodologies,387,2025-10-08 23:21:32,2026-08-12 21:41:41.391515
PO0001965,V00636,Methodologies,863,2025-09-01 12:38:24,2026-08-12 21:41:41.391515
PO0001967,V01648,Markets,567,2024-10-01 05:08:44,2026-08-12 21:41:41.391515
PO0001968,V04397,E-tailers,-456,2024-08-29 21:47:06,2026-08-12 21:41:41.391515
PO0001969,V03476,Networks,600,2025-03-09 14:55:49,2026-08-12 21:41:41.391515
PO0001970,V01233,Roi,269,2024-07-04 10:19:28,2026-08-12 21:41:41.391515
PO0001971,V04928,E-markets,799,2024-07-10 19:14:57,2026-08-12 21:41:41.391515
PO0001972,V03696,E-services,660,2025-06-06 10:37:55,2026-08-12 21:41:41.391515
PO0001973,V04219,Bandwidth,731,2026-01-21 11:21:59,2026-08-12 21:41:41.391515
PO0001974,V00723,Markets,203,2025-08-14 00:25:53,2026-08-12 21:41:41.391515
PO0001975,V04389,Channels,109,2024-05-28 02:24:04,2026-08-12 21:41:41.391515
PO0001977,V00093,Markets,267,2024-09-14 11:07:33,2026-08-12 21:41:41.391515
PO0001978,V04925,Web-readiness,880,2024-12-11 06:42:51,2026-08-12 21:41:41.391515
PO0001979,V02460,Channels,652,2025-02-09 03:50:05,2026-08-12 21:41:41.391515
PO0001980,V04981,Metrics,221,2025-05-31 10:33:15,2026-08-12 21:41:41.391515
PO0001981,V04328,Users,435,2025-03-19 06:10:44,2026-08-12 21:41:41.391515
PO0001982,V04429,Roi,844,2024-07-04 01:42:43,2026-08-12 21:41:41.391515
PO0001983,V01239,Niches,443,2025-10-04 00:53:39,2026-08-12 21:41:41.391515
PO0001984,V00901,Services,849,2025-02-08 07:31:36,2026-08-12 21:41:41.391515
PO0001985,V04554,Roi,695,2024-10-02 02:09:36,2026-08-12 21:41:41.391515
PO0001986,V04057,Convergence,254,2024-05-27 01:06:05,2026-08-12 21:41:41.391515
PO0001987,V02060,Solutions,893,2025-04-21 20:47:24,2026-08-12 21:41:41.391515
PO0001988,V01295,Convergence,164,2024-04-27 07:51:32,2026-08-12 21:41:41.391515
PO0001991,V03944,Schemas,194,2025-02-22 04:43:06,2026-08-12 21:41:41.391515
PO0001992,V01713,Services,839,2025-04-01 11:38:05,2026-08-12 21:41:41.391515
PO0001993,V01224,Infrastructures,437,2025-10-09 09:49:24,2026-08-12 21:41:41.391515
PO0001994,V01061,Infrastructures,981,2025-09-07 01:12:32,2026-08-12 21:41:41.391515
PO0001995,V00536,Partnerships,930,2024-08-27 22:08:07,2026-08-12 21:41:41.391515
PO0001996,V03246,Methodologies,554,2024-05-31 13:46:51,2026-08-12 21:41:41.391515
PO0001997,V03289,Niches,44,2026-04-13 15:51:42,2026-08-12 21:41:41.391515
PO0001998,V04977,Info-mediaries,95,2026-04-10 08:01:12,2026-08-12 21:41:41.391515
PO0001999,V01233,Channels,605,2024-08-13 15:20:36,2026-08-12 21:41:41.391515
PO0002000,V02299,Schemas,662,2025-12-14 02:27:42,2026-08-12 21:41:41.391515
PO0002001,V00024,Action-items,279,2024-05-15 07:22:55,2026-08-12 21:41:41.391515
PO0002002,V04234,Infrastructures,698,2024-05-12 16:55:35,2026-08-12 21:41:41.391515
PO0002003,V03845,Platforms,481,2025-07-23 19:31:11,2026-08-12 21:41:41.391515
PO0002004,V03973,Architectures,986,2025-01-03 09:09:10,2026-08-12 21:41:41.391515
PO0002005,V02801,Niches,811,2025-12-14 09:51:28,2026-08-12 21:41:41.391515
PO0002006,V01269,Infrastructures,486,2025-12-24 12:00:12,2026-08-12 21:41:41.391515
PO0002007,V00356,Systems,203,2024-10-18 15:50:41,2026-08-12 21:41:41.391515
PO0002008,V01877,E-services,592,2025-02-15 15:31:26,2026-08-12 21:41:41.391515
PO0002009,V00056,Metrics,588,2026-03-12 19:47:51,2026-08-12 21:41:41.391515
PO0002010,V04246,Schemas,598,2026-01-01 09:29:44,2026-08-12 21:41:41.391515
PO0002011,V03492,Markets,283,2025-03-05 15:38:46,2026-08-12 21:41:41.391515
PO0002012,V01122,Metrics,69,2025-10-30 08:49:32,2026-08-12 21:41:41.391515
PO0002013,V02234,Systems,411,2024-08-01 06:51:45,2026-08-12 21:41:41.391515
PO0002014,V04898,E-commerce,617,2024-06-11 10:32:03,2026-08-12 21:41:41.391515
PO0002015,V02945,E-commerce,75,2025-07-05 16:53:09,2026-08-12 21:41:41.391515
PO0002016,V03181,Functionalities,953,2025-01-22 22:21:07,2026-08-12 21:41:41.391515
PO0002017,V03532,Roi,575,2024-09-17 16:57:10,2026-08-12 21:41:41.391515
PO0002018,V04049,Experiences,48,2025-03-01 21:31:34,2026-08-12 21:41:41.391515
PO0002019,V04626,E-services,630,2025-06-14 07:30:19,2026-08-12 21:41:41.391515
PO0002022,V04958,Schemas,461,2024-04-25 18:09:03,2026-08-12 21:41:41.391515
PO0002023,V01398,Niches,965,2025-01-06 06:55:38,2026-08-12 21:41:41.391515
PO0002024,V00020,Schemas,246,2025-04-14 01:32:28,2026-08-12 21:41:41.391515
PO0002025,V00652,Schemas,678,2025-04-22 13:39:33,2026-08-12 21:41:41.391515
PO0002026,V03256,Convergence,931,2025-07-31 20:36:50,2026-08-12 21:41:41.391515
PO0002027,V00671,Info-mediaries,672,2024-12-17 02:42:20,2026-08-12 21:41:41.391515
PO0002028,V04670,Niches,57,2024-05-11 07:53:07,2026-08-12 21:41:41.391515
PO0002029,V03445,E-services,169,2024-06-03 13:24:00,2026-08-12 21:41:41.391515
PO0002030,V03409,Solutions,983,2024-07-01 09:38:25,2026-08-12 21:41:41.391515
PO0002031,V03365,Schemas,328,2025-05-07 10:23:38,2026-08-12 21:41:41.391515
PO0002032,V02699,Convergence,927,2024-10-24 01:23:21,2026-08-12 21:41:41.391515
PO0002033,V01699,Roi,162,2024-08-02 01:52:05,2026-08-12 21:41:41.391515
PO0002034,V00193,Markets,886,2025-01-02 01:46:58,2026-08-12 21:41:41.391515
PO0002035,V01448,Channels,163,2025-12-28 18:52:55,2026-08-12 21:41:41.391515
PO0002036,V04090,Channels,185,2025-06-29 08:51:27,2026-08-12 21:41:41.391515
PO0002037,V01162,Models,511,2024-04-27 13:55:06,2026-08-12 21:41:41.391515
PO0002038,V03024,Paradigms,220,2024-05-08 04:47:38,2026-08-12 21:41:41.391515
PO0002039,V00134,Systems,225,2025-12-29 05:51:24,2026-08-12 21:41:41.391515
PO0002040,V03868,E-services,749,2025-04-11 09:12:04,2026-08-12 21:41:41.391515
PO0002041,V03437,Convergence,727,2024-10-02 22:12:42,2026-08-12 21:41:41.391515
PO0002042,V03123,Services,287,2025-08-08 22:52:14,2026-08-12 21:41:41.391515
PO0002043,V02175,Metrics,365,2025-04-11 10:46:19,2026-08-12 21:41:41.391515
PO0002044,V04509,Functionalities,713,2024-06-26 12:07:00,2026-08-12 21:41:41.391515
PO0002045,V03922,Networks,603,2024-09-12 04:50:08,2026-08-12 21:41:41.391515
PO0002046,V04801,E-tailers,842,2025-11-23 14:18:54,2026-08-12 21:41:41.391515
PO0002047,V04835,Metrics,450,2025-12-13 20:03:18,2026-08-12 21:41:41.391515
PO0002048,V03435,Solutions,352,2024-05-14 21:18:14,2026-08-12 21:41:41.391515
PO0002049,V03697,Niches,751,2025-09-08 06:07:03,2026-08-12 21:41:41.391515
PO0002050,V02408,Markets,944,2025-04-03 16:12:25,2026-08-12 21:41:41.391515
PO0002051,V02313,Roi,812,2024-08-29 08:14:54,2026-08-12 21:41:41.391515
PO0002052,V03638,Models,208,2024-08-20 11:24:40,2026-08-12 21:41:41.391515
PO0002053,V00504,Schemas,654,2024-06-29 15:35:41,2026-08-12 21:41:41.391515
PO0002054,V01046,E-markets,349,2024-07-11 19:00:46,2026-08-12 21:41:41.391515
PO0002055,V02831,Niches,110,2024-09-23 14:37:36,2026-08-12 21:41:41.391515
PO0002056,V00023,Schemas,149,2025-06-11 20:29:46,2026-08-12 21:41:41.391515
PO0002057,V00457,Channels,712,2026-01-09 11:32:19,2026-08-12 21:41:41.391515
PO0002058,V00978,E-services,36,2025-02-07 16:28:08,2026-08-12 21:41:41.391515
PO0002059,V01005,Solutions,371,2025-07-01 22:06:35,2026-08-12 21:41:41.391515
PO0002060,V05000,Services,809,2024-05-20 01:15:12,2026-08-12 21:41:41.391515
PO0002061,V01824,Networks,-345,2025-11-16 07:15:26,2026-08-12 21:41:41.391515
PO0002062,V00389,Architectures,116,2025-05-18 14:31:03,2026-08-12 21:41:41.391515
PO0002063,V03766,E-markets,86,2025-04-20 02:20:27,2026-08-12 21:41:41.391515
PO0002064,V02518,Partnerships,25,2026-03-06 02:18:26,2026-08-12 21:41:41.391515
PO0002065,V00997,Channels,86,2024-06-15 16:54:49,2026-08-12 21:41:41.391515
PO0002066,V04906,Metrics,180,2025-09-08 19:51:54,2026-08-12 21:41:41.391515
PO0002067,V01764,Methodologies,985,2025-02-14 19:27:45,2026-08-12 21:41:41.391515
PO0002068,V02818,Infrastructures,713,2025-05-07 23:05:49,2026-08-12 21:41:41.391515
PO0002069,V04469,Models,17,2024-08-06 17:13:24,2026-08-12 21:41:41.391515
PO0002070,V02911,Action-items,985,2024-09-09 04:43:05,2026-08-12 21:41:41.391515
PO0002072,V04090,Solutions,590,2024-05-07 09:18:40,2026-08-12 21:41:41.391515
PO0002073,V03298,Action-items,89,2026-01-02 16:45:47,2026-08-12 21:41:41.391515
PO0002074,V00594,Infrastructures,596,2026-01-17 17:42:19,2026-08-12 21:41:41.391515
PO0002075,V01733,Users,836,2024-11-01 04:57:08,2026-08-12 21:41:41.391515
PO0002076,V04645,E-commerce,132,2024-12-19 14:49:17,2026-08-12 21:41:41.391515
PO0002077,V00871,E-services,763,2026-02-22 20:44:23,2026-08-12 21:41:41.391515
PO0002078,V03163,Systems,714,2026-04-04 04:25:21,2026-08-12 21:41:41.391515
PO0002079,V03672,Action-items,868,2025-10-21 10:30:56,2026-08-12 21:41:41.391515
PO0002080,V03541,Channels,243,2025-12-09 18:46:39,2026-08-12 21:41:41.391515
PO0002081,V00343,Relationships,73,2024-11-20 23:13:26,2026-08-12 21:41:41.391515
PO0002082,V01232,Models,906,2025-11-16 11:40:38,2026-08-12 21:41:41.391515
PO0002083,V03290,Partnerships,767,2025-02-28 12:45:51,2026-08-12 21:41:41.391515
PO0002084,V04170,Users,947,2025-12-24 10:35:58,2026-08-12 21:41:41.391515
PO0002085,V04555,Methodologies,637,2024-07-13 21:40:20,2026-08-12 21:41:41.391515
PO0002086,V02790,Systems,575,2025-05-08 05:52:36,2026-08-12 21:41:41.391515
PO0002088,V02025,Solutions,165,2025-07-04 08:02:36,2026-08-12 21:41:41.391515
PO0002089,V02728,Paradigms,791,2024-08-25 20:42:38,2026-08-12 21:41:41.391515
PO0002090,V02733,Schemas,935,2025-06-16 23:56:07,2026-08-12 21:41:41.391515
PO0002091,V04237,E-services,252,2026-01-05 09:35:59,2026-08-12 21:41:41.391515
PO0002092,V03478,Markets,218,2024-06-10 03:17:44,2026-08-12 21:41:41.391515
PO0002094,V03218,Bandwidth,166,2026-01-25 23:26:14,2026-08-12 21:41:41.391515
PO0002095,V04719,Methodologies,128,2024-04-22 21:24:24,2026-08-12 21:41:41.391515
PO0002096,V02312,Relationships,152,2025-04-06 06:02:36,2026-08-12 21:41:41.391515
PO0002097,V02599,Functionalities,730,2024-11-03 11:56:05,2026-08-12 21:41:41.391515
PO0002098,V00079,Solutions,41,2024-12-11 23:45:42,2026-08-12 21:41:41.391515
PO0002099,V04509,Roi,996,2024-10-25 05:02:30,2026-08-12 21:41:41.391515
PO0002100,V03344,Metrics,310,2025-02-28 04:22:08,2026-08-12 21:41:41.391515
PO0002101,V02816,E-business,717,2024-05-29 18:57:44,2026-08-12 21:41:41.391515
PO0002102,V04795,Solutions,854,2024-08-08 09:34:34,2026-08-12 21:41:41.391515
PO0002103,V04489,E-services,106,2026-01-18 20:16:19,2026-08-12 21:41:41.391515
PO0002104,V00159,Niches,206,2024-10-10 05:20:50,2026-08-12 21:41:41.391515
PO0002105,V00959,Paradigms,143,2025-11-28 23:42:19,2026-08-12 21:41:41.391515
PO0002106,V00926,E-services,169,2024-12-08 05:11:08,2026-08-12 21:41:41.391515
PO0002108,V00873,E-services,831,2026-02-12 12:37:09,2026-08-12 21:41:41.391515
PO0002109,V03360,Platforms,932,2025-12-19 21:56:40,2026-08-12 21:41:41.391515
PO0002110,V01073,Bandwidth,838,2026-04-10 21:11:24,2026-08-12 21:41:41.391515
PO0002111,V04454,Infrastructures,957,2026-03-19 21:58:25,2026-08-12 21:41:41.391515
PO0002112,V02802,Experiences,765,2024-07-29 08:04:31,2026-08-12 21:41:41.391515
PO0002113,V04125,E-services,818,2024-09-07 15:58:51,2026-08-12 21:41:41.391515
PO0002114,V00310,Architectures,486,2025-01-23 01:14:25,2026-08-12 21:41:41.391515
PO0002115,V03067,Channels,754,2024-08-08 00:43:14,2026-08-12 21:41:41.391515
PO0002116,V02954,Networks,861,2024-06-29 02:53:45,2026-08-12 21:41:41.391515
PO0002117,V01622,E-commerce,544,2025-09-03 06:45:45,2026-08-12 21:41:41.391515
PO0002118,V04378,Convergence,105,2025-02-20 14:35:56,2026-08-12 21:41:41.391515
PO0002119,V02476,Schemas,-105,2024-04-29 23:11:37,2026-08-12 21:41:41.391515
PO0002120,V02321,Relationships,533,2024-08-07 21:51:02,2026-08-12 21:41:41.391515
PO0002121,V00390,Niches,694,2025-01-08 21:30:27,2026-08-12 21:41:41.391515
PO0002122,V02880,E-services,543,2024-09-05 15:49:21,2026-08-12 21:41:41.391515
PO0002124,V03394,E-services,148,2026-03-26 21:20:10,2026-08-12 21:41:41.391515
PO0002126,V04270,E-services,843,2024-11-13 15:04:11,2026-08-12 21:41:41.391515
PO0002127,V01594,Models,13,2025-11-25 16:31:37,2026-08-12 21:41:41.391515
PO0002128,V01258,Metrics,366,2024-06-20 22:01:41,2026-08-12 21:41:41.391515
PO0002129,V00957,Platforms,128,2024-08-06 05:41:05,2026-08-12 21:41:41.391515
PO0002130,V01628,Roi,853,2025-11-08 00:14:30,2026-08-12 21:41:41.391515
PO0002131,V03290,Channels,28,2026-03-28 19:48:25,2026-08-12 21:41:41.391515
PO0002132,V01622,E-commerce,400,2026-04-15 10:09:39,2026-08-12 21:41:41.391515
PO0002133,V01882,E-tailers,846,2025-09-15 23:58:49,2026-08-12 21:41:41.391515
PO0002134,V01523,Bandwidth,299,2025-11-06 08:17:35,2026-08-12 21:41:41.391515
PO0002135,V01911,E-services,457,2024-05-01 05:24:34,2026-08-12 21:41:41.391515
PO0002136,V03479,Infrastructures,118,2025-07-15 02:26:33,2026-08-12 21:41:41.391515
PO0002137,V01237,E-services,944,2024-11-14 23:06:57,2026-08-12 21:41:41.391515
PO0002138,V03021,E-services,468,2024-12-10 23:29:03,2026-08-12 21:41:41.391515
PO0002139,V00779,Partnerships,942,2025-11-15 06:20:29,2026-08-12 21:41:41.391515
PO0002140,V02565,E-services,188,2026-01-17 11:28:06,2026-08-12 21:41:41.391515
PO0002141,V03745,Channels,716,2025-03-30 11:40:00,2026-08-12 21:41:41.391515
PO0002142,V02056,Niches,188,2025-12-28 16:55:26,2026-08-12 21:41:41.391515
PO0002143,V02294,Schemas,250,2026-02-01 10:49:18,2026-08-12 21:41:41.391515
PO0002144,V00258,Schemas,42,2025-04-21 12:45:33,2026-08-12 21:41:41.391515
PO0002145,V00939,Solutions,254,2026-03-05 02:07:08,2026-08-12 21:41:41.391515
PO0002147,V02058,Paradigms,972,2025-02-03 22:06:43,2026-08-12 21:41:41.391515
PO0002148,V04338,Architectures,163,2025-08-10 06:20:23,2026-08-12 21:41:41.391515
PO0002149,V02362,Users,830,2024-05-05 13:32:44,2026-08-12 21:41:41.391515
PO0002150,V02475,E-services,466,2024-09-26 18:07:45,2026-08-12 21:41:41.391515
PO0002151,V02992,Architectures,149,2025-09-23 19:57:34,2026-08-12 21:41:41.391515
PO0002152,V04134,E-tailers,206,2024-09-06 20:40:35,2026-08-12 21:41:41.391515
PO0002153,V01894,Networks,740,2025-03-10 17:57:53,2026-08-12 21:41:41.391515
PO0002154,V04381,E-tailers,903,2025-08-29 07:35:18,2026-08-12 21:41:41.391515
PO0002155,V01194,Platforms,877,2025-08-16 20:31:39,2026-08-12 21:41:41.391515
PO0002156,V04904,Schemas,854,2025-01-17 06:51:11,2026-08-12 21:41:41.391515
PO0002157,V02623,Niches,205,2024-12-19 07:13:59,2026-08-12 21:41:41.391515
PO0002158,V01080,Functionalities,56,2024-06-30 07:25:29,2026-08-12 21:41:41.391515
PO0002159,V02906,Niches,723,2024-10-09 11:56:38,2026-08-12 21:41:41.391515
PO0002160,V03502,Functionalities,682,2026-04-04 21:11:55,2026-08-12 21:41:41.391515
PO0002161,V02411,Convergence,409,2024-07-28 09:48:20,2026-08-12 21:41:41.391515
PO0002162,V00314,Platforms,937,2025-04-18 07:39:59,2026-08-12 21:41:41.391515
PO0002163,V02682,Users,804,2025-03-01 16:01:46,2026-08-12 21:41:41.391515
PO0002164,V04372,Schemas,242,2024-06-18 07:01:56,2026-08-12 21:41:41.391515
PO0002166,V01787,Channels,350,2025-04-14 15:56:20,2026-08-12 21:41:41.391515
PO0002167,V04346,E-services,211,2025-07-30 02:54:27,2026-08-12 21:41:41.391515
PO0002168,V02285,Solutions,528,2026-01-13 15:09:46,2026-08-12 21:41:41.391515
PO0002169,V01855,Roi,852,2024-12-07 02:35:42,2026-08-12 21:41:41.391515
PO0002171,V03991,E-markets,423,2025-06-24 18:58:38,2026-08-12 21:41:41.391515
PO0002172,V00722,Platforms,33,2024-05-06 17:33:14,2026-08-12 21:41:41.391515
PO0002173,V00358,Roi,848,2025-09-25 22:44:38,2026-08-12 21:41:41.391515
PO0002175,V03986,Services,15,2024-11-13 23:50:12,2026-08-12 21:41:41.391515
PO0002176,V03788,Roi,345,2025-01-10 22:26:40,2026-08-12 21:41:41.391515
PO0002177,V04771,Metrics,594,2026-01-20 11:34:50,2026-08-12 21:41:41.391515
PO0002178,V00516,Web-readiness,628,2025-10-07 12:46:17,2026-08-12 21:41:41.391515
PO0002179,V03471,Info-mediaries,373,2025-01-21 22:06:20,2026-08-12 21:41:41.391515
PO0002180,V04823,Experiences,716,2025-07-15 21:10:43,2026-08-12 21:41:41.391515
PO0002181,V04570,E-services,968,2025-06-11 11:26:14,2026-08-12 21:41:41.391515
PO0002182,V01128,Models,903,2025-01-15 10:44:07,2026-08-12 21:41:41.391515
PO0002183,V00599,Systems,649,2024-07-13 23:00:58,2026-08-12 21:41:41.391515
PO0002185,V01874,Niches,239,2024-05-16 18:56:23,2026-08-12 21:41:41.391515
PO0002186,V02801,Niches,899,2024-07-29 01:53:52,2026-08-12 21:41:41.391515
PO0002187,V04882,Partnerships,252,2024-07-09 03:50:56,2026-08-12 21:41:41.391515
PO0002188,V04218,Roi,299,2024-07-09 13:45:53,2026-08-12 21:41:41.391515
PO0002189,V04008,Channels,682,2025-07-08 14:26:27,2026-08-12 21:41:41.391515
PO0002190,V02876,Experiences,285,2025-09-18 09:41:30,2026-08-12 21:41:41.391515
PO0002191,V02798,Niches,310,2024-07-12 18:55:49,2026-08-12 21:41:41.391515
PO0002192,V02647,Web-readiness,897,2024-12-22 07:14:31,2026-08-12 21:41:41.391515
PO0002193,V01293,Roi,1000,2026-04-10 11:15:34,2026-08-12 21:41:41.391515
PO0002194,V02803,Users,668,2025-06-09 03:01:54,2026-08-12 21:41:41.391515
PO0002195,V01266,Solutions,259,2025-07-13 15:02:43,2026-08-12 21:41:41.391515
PO0002197,V02573,Platforms,102,2026-01-31 16:37:13,2026-08-12 21:41:41.391515
PO0002198,V03226,Schemas,160,2024-06-27 15:01:36,2026-08-12 21:41:41.391515
PO0002199,V04224,Channels,272,2024-08-28 14:48:23,2026-08-12 21:41:41.391515
PO0002200,V03174,Metrics,320,2026-01-03 14:21:14,2026-08-12 21:41:41.391515
PO0002201,V03068,Users,402,2025-03-17 21:28:48,2026-08-12 21:41:41.391515
PO0002203,V00468,E-tailers,696,2026-03-03 04:15:59,2026-08-12 21:41:41.391515
PO0002204,V04318,Channels,311,2025-02-26 06:31:54,2026-08-12 21:41:41.391515
PO0002205,V04927,Roi,420,2025-11-27 08:01:57,2026-08-12 21:41:41.391515
PO0002206,V01248,Paradigms,146,2025-10-16 03:15:35,2026-08-12 21:41:41.391515
PO0002207,V03408,Bandwidth,356,2024-11-25 18:57:00,2026-08-12 21:41:41.391515
PO0002209,V03791,Metrics,929,2025-08-02 04:57:31,2026-08-12 21:41:41.391515
PO0002210,V04865,Channels,941,2026-01-01 04:45:45,2026-08-12 21:41:41.391515
PO0002211,V00180,Services,512,2025-06-08 05:20:36,2026-08-12 21:41:41.391515
PO0002212,V04418,E-services,216,2026-03-06 07:50:14,2026-08-12 21:41:41.391515
PO0002213,V02061,Convergence,23,2025-03-05 06:41:07,2026-08-12 21:41:41.391515
PO0002214,V01741,Channels,703,2024-11-02 07:18:02,2026-08-12 21:41:41.391515
PO0002215,V00050,Users,955,2025-04-25 00:48:57,2026-08-12 21:41:41.391515
PO0002216,V01005,Solutions,458,2025-06-23 20:49:01,2026-08-12 21:41:41.391515
PO0002217,V02491,Communities,625,2025-03-16 09:55:40,2026-08-12 21:41:41.391515
PO0002218,V04146,Roi,299,2025-12-23 12:32:16,2026-08-12 21:41:41.391515
PO0002219,V03327,E-markets,385,2026-03-01 14:20:57,2026-08-12 21:41:41.391515
PO0002221,V03812,Roi,71,2025-05-22 00:08:55,2026-08-12 21:41:41.391515
PO0002222,V04801,E-commerce,112,2025-09-23 21:06:26,2026-08-12 21:41:41.391515
PO0002223,V00142,E-services,168,2025-03-11 05:47:51,2026-08-12 21:41:41.391515
PO0002224,V01555,Platforms,319,2024-07-25 13:47:48,2026-08-12 21:41:41.391515
PO0002225,V00882,Solutions,894,2024-10-01 03:26:56,2026-08-12 21:41:41.391515
PO0002226,V04731,Channels,646,2025-04-13 02:28:30,2026-08-12 21:41:41.391515
PO0002227,V04881,Metrics,787,2025-02-06 16:07:53,2026-08-12 21:41:41.391515
PO0002228,V00710,E-markets,81,2024-06-02 16:03:16,2026-08-12 21:41:41.391515
PO0002229,V02853,Niches,677,2026-03-24 03:48:50,2026-08-12 21:41:41.391515
PO0002230,V04129,E-business,251,2024-04-25 12:28:10,2026-08-12 21:41:41.391515
PO0002231,V03265,E-tailers,862,2025-05-11 12:34:45,2026-08-12 21:41:41.391515
PO0002232,V03164,Action-items,215,2025-05-31 04:33:35,2026-08-12 21:41:41.391515
PO0002233,V04677,Schemas,207,2024-11-13 03:04:05,2026-08-12 21:41:41.391515
PO0002234,V02938,E-services,270,2024-12-16 07:33:44,2026-08-12 21:41:41.391515
PO0002236,V04391,Users,599,2024-11-05 00:53:34,2026-08-12 21:41:41.391515
PO0002237,V03495,Functionalities,899,2024-05-06 08:46:37,2026-08-12 21:41:41.391515
PO0002238,V04352,Users,764,2025-05-20 01:06:40,2026-08-12 21:41:41.391515
PO0002239,V03780,Roi,834,2025-11-20 22:18:16,2026-08-12 21:41:41.391515
PO0002240,V01880,Roi,954,2024-10-14 05:08:01,2026-08-12 21:41:41.391515
PO0002241,V01409,Methodologies,960,2025-03-24 11:05:30,2026-08-12 21:41:41.391515
PO0002242,V03223,Users,108,2026-01-15 14:11:54,2026-08-12 21:41:41.391515
PO0002243,V00997,Channels,466,2025-09-10 14:03:16,2026-08-12 21:41:41.391515
PO0002244,V02486,Users,636,2025-06-25 00:32:55,2026-08-12 21:41:41.391515
PO0002245,V01029,Convergence,659,2024-06-25 19:15:21,2026-08-12 21:41:41.391515
PO0002246,V01552,Infrastructures,239,2025-06-30 12:14:51,2026-08-12 21:41:41.391515
PO0002247,V00383,Users,446,2024-07-12 02:03:59,2026-08-12 21:41:41.391515
PO0002248,V04840,Markets,139,2025-07-06 04:55:30,2026-08-12 21:41:41.391515
PO0002249,V00297,E-services,876,2024-05-13 06:33:43,2026-08-12 21:41:41.391515
PO0002250,V01005,Solutions,716,2025-05-04 03:24:29,2026-08-12 21:41:41.391515
PO0002251,V02577,E-services,553,2024-11-30 11:32:47,2026-08-12 21:41:41.391515
PO0002252,V03551,Markets,668,2025-08-12 08:25:55,2026-08-12 21:41:41.391515
PO0002253,V03061,Relationships,952,2026-02-04 09:40:20,2026-08-12 21:41:41.391515
PO0002255,V02614,Niches,640,2024-07-28 11:17:16,2026-08-12 21:41:41.391515
PO0002256,V01077,E-tailers,795,2024-06-23 14:44:54,2026-08-12 21:41:41.391515
PO0002257,V00948,Channels,96,2025-03-23 13:51:48,2026-08-12 21:41:41.391515
PO0002258,V00776,Models,237,2024-12-07 15:02:23,2026-08-12 21:41:41.391515
PO0002259,V01821,E-services,368,2024-05-21 21:09:57,2026-08-12 21:41:41.391515
PO0002260,V01671,E-services,345,2024-05-27 02:48:18,2026-08-12 21:41:41.391515
PO0002261,V00143,E-tailers,196,2025-02-25 13:01:06,2026-08-12 21:41:41.391515
PO0002262,V00651,Paradigms,74,2025-07-05 17:37:11,2026-08-12 21:41:41.391515
PO0002263,V05000,Services,665,2025-11-11 10:25:31,2026-08-12 21:41:41.391515
PO0002264,V02695,Partnerships,818,2025-11-02 23:39:20,2026-08-12 21:41:41.391515
PO0002265,V01078,Paradigms,711,2025-12-02 11:52:17,2026-08-12 21:41:41.391515
PO0002266,V01595,Partnerships,77,2025-06-02 23:03:54,2026-08-12 21:41:41.391515
PO0002267,V02611,Relationships,111,2026-04-12 21:57:48,2026-08-12 21:41:41.391515
PO0002268,V03697,Niches,536,2026-01-17 22:24:35,2026-08-12 21:41:41.391515
PO0002269,V01098,E-services,-100,2025-12-05 22:42:25,2026-08-12 21:41:41.391515
PO0002270,V03248,Metrics,466,2026-03-13 04:35:01,2026-08-12 21:41:41.391515
PO0002271,V00178,Schemas,95,2024-09-21 14:16:26,2026-08-12 21:41:41.391515
PO0002272,V04149,Roi,862,2025-02-17 06:56:20,2026-08-12 21:41:41.391515
PO0002273,V04719,Systems,624,2025-08-03 04:48:13,2026-08-12 21:41:41.391515
PO0002274,V04113,E-markets,330,2025-11-06 07:07:00,2026-08-12 21:41:41.391515
PO0002275,V02974,Services,951,2025-08-16 17:07:19,2026-08-12 21:41:41.391515
PO0002277,V03608,Solutions,239,2026-01-25 11:42:52,2026-08-12 21:41:41.391515
PO0002278,V04175,E-services,490,2024-09-18 07:36:59,2026-08-12 21:41:41.391515
PO0002279,V01506,Schemas,66,2025-12-19 01:31:27,2026-08-12 21:41:41.391515
PO0002281,V03006,E-markets,540,2024-10-14 00:17:10,2026-08-12 21:41:41.391515
PO0002282,V01420,E-markets,407,2024-11-20 09:42:15,2026-08-12 21:41:41.391515
PO0002283,V03501,Metrics,459,2025-06-11 16:42:15,2026-08-12 21:41:41.391515
PO0002284,V01160,Functionalities,957,2024-11-12 22:59:24,2026-08-12 21:41:41.391515
PO0002285,V00202,Bandwidth,624,2025-05-19 00:41:05,2026-08-12 21:41:41.391515
PO0002286,V00365,Infrastructures,327,2025-03-23 11:18:37,2026-08-12 21:41:41.391515
PO0002287,V02411,Convergence,181,2024-11-14 01:09:12,2026-08-12 21:41:41.391515
PO0002288,V02080,Paradigms,354,2025-04-01 19:01:37,2026-08-12 21:41:41.391515
PO0002290,V01985,Partnerships,565,2025-05-14 14:34:53,2026-08-12 21:41:41.391515
PO0002291,V02347,Roi,948,2024-08-18 12:17:51,2026-08-12 21:41:41.391515
PO0002292,V02694,Niches,263,2024-07-18 02:13:05,2026-08-12 21:41:41.391515
PO0002293,V01406,Niches,860,2024-10-08 23:52:01,2026-08-12 21:41:41.391515
PO0002294,V01208,Services,833,2025-07-07 21:53:01,2026-08-12 21:41:41.391515
PO0002295,V00639,Schemas,927,2025-06-01 22:47:08,2026-08-12 21:41:41.391515
PO0002296,V04258,Functionalities,289,2025-03-02 15:12:11,2026-08-12 21:41:41.391515
PO0002297,V02635,Architectures,38,2024-12-21 10:35:14,2026-08-12 21:41:41.391515
PO0002298,V01346,Platforms,586,2024-11-17 01:53:33,2026-08-12 21:41:41.391515
PO0002299,V02695,Partnerships,58,2025-03-19 07:31:36,2026-08-12 21:41:41.391515
PO0002300,V04269,Schemas,847,2024-09-10 15:16:31,2026-08-12 21:41:41.391515
PO0002301,V01294,Web-readiness,581,2024-08-10 23:44:06,2026-08-12 21:41:41.391515
PO0002302,V03743,E-markets,379,2025-10-24 21:51:18,2026-08-12 21:41:41.391515
PO0002303,V02497,Platforms,908,2026-02-11 15:15:50,2026-08-12 21:41:41.391515
PO0002304,V01058,Roi,909,2024-04-25 13:31:37,2026-08-12 21:41:41.391515
PO0002305,V00925,Info-mediaries,884,2024-08-26 15:08:27,2026-08-12 21:41:41.391515
PO0002306,V04804,E-markets,786,2024-06-08 04:58:45,2026-08-12 21:41:41.391515
PO0002307,V00087,Functionalities,280,2024-08-25 07:57:25,2026-08-12 21:41:41.391515
PO0002308,V01249,E-tailers,712,2024-09-19 19:26:00,2026-08-12 21:41:41.391515
PO0002309,V01082,Infrastructures,864,2025-11-16 11:39:18,2026-08-12 21:41:41.391515
PO0002311,V04588,Architectures,415,2025-05-04 21:31:58,2026-08-12 21:41:41.391515
PO0002312,V01156,E-services,298,2025-10-03 02:05:42,2026-08-12 21:41:41.391515
PO0002313,V02274,Schemas,678,2026-04-17 04:41:08,2026-08-12 21:41:41.391515
PO0002314,V01088,E-business,526,2025-11-15 18:11:38,2026-08-12 21:41:41.391515
PO0002315,V03471,Info-mediaries,892,2024-08-11 06:15:47,2026-08-12 21:41:41.391515
PO0002316,V00651,Paradigms,576,2026-02-19 19:41:14,2026-08-12 21:41:41.391515
PO0002317,V00322,Platforms,320,2024-04-29 07:18:45,2026-08-12 21:41:41.391515
PO0002318,V00550,Roi,114,2025-01-22 01:38:05,2026-08-12 21:41:41.391515
PO0002319,V03638,Platforms,431,2026-03-20 03:01:25,2026-08-12 21:41:41.391515
PO0002320,V02233,Solutions,638,2024-12-29 10:27:02,2026-08-12 21:41:41.391515
PO0002321,V00638,Infrastructures,876,2024-04-19 03:57:17,2026-08-12 21:41:41.391515
PO0002322,V01962,E-tailers,999,2026-03-01 11:23:10,2026-08-12 21:41:41.391515
PO0002323,V04437,Methodologies,953,2024-09-26 16:08:18,2026-08-12 21:41:41.391515
PO0002324,V02850,Roi,490,2025-11-30 09:00:11,2026-08-12 21:41:41.391515
PO0002326,V04518,Metrics,571,2024-04-19 13:03:23,2026-08-12 21:41:41.391515
PO0002327,V00355,Services,463,2024-06-04 08:32:42,2026-08-12 21:41:41.391515
PO0002329,V03524,Bandwidth,992,2024-05-02 02:57:35,2026-08-12 21:41:41.391515
PO0002330,V03596,E-tailers,192,2025-06-18 01:46:26,2026-08-12 21:41:41.391515
PO0002331,V02213,Communities,862,2025-05-26 02:59:08,2026-08-12 21:41:41.391515
PO0002332,V02212,Platforms,177,2025-02-04 18:09:55,2026-08-12 21:41:41.391515
PO0002333,V04998,Niches,826,2024-10-28 03:39:46,2026-08-12 21:41:41.391515
PO0002334,V04640,Schemas,819,2025-12-25 03:58:41,2026-08-12 21:41:41.391515
PO0002335,V02241,Communities,431,2024-11-30 13:41:17,2026-08-12 21:41:41.391515
PO0002336,V00327,Networks,469,2025-11-16 17:10:50,2026-08-12 21:41:41.391515
PO0002337,V01707,Markets,806,2025-10-24 20:00:58,2026-08-12 21:41:41.391515
PO0002338,V00163,Convergence,411,2025-02-25 06:20:54,2026-08-12 21:41:41.391515
PO0002339,V03797,E-commerce,815,2025-04-05 04:51:23,2026-08-12 21:41:41.391515
PO0002340,V02191,Communities,505,2024-10-20 20:32:37,2026-08-12 21:41:41.391515
PO0002341,V01861,Roi,830,2025-07-23 04:21:44,2026-08-12 21:41:41.391515
PO0002342,V00886,Metrics,88,2024-07-13 09:39:10,2026-08-12 21:41:41.391515
PO0002344,V03760,Info-mediaries,773,2024-04-21 18:12:04,2026-08-12 21:41:41.391515
PO0002345,V00738,Channels,209,2024-04-20 14:47:16,2026-08-12 21:41:41.391515
PO0002346,V03526,E-services,859,2025-05-23 22:03:34,2026-08-12 21:41:41.391515
PO0002348,V00981,Users,555,2025-07-06 02:07:58,2026-08-12 21:41:41.391515
PO0002349,V03657,Schemas,418,2025-12-05 14:56:01,2026-08-12 21:41:41.391515
PO0002351,V01012,E-commerce,273,2025-07-03 06:51:12,2026-08-12 21:41:41.391515
PO0002352,V03874,Roi,496,2024-06-26 21:33:01,2026-08-12 21:41:41.391515
PO0002353,V03111,Users,764,2024-07-21 05:42:37,2026-08-12 21:41:41.391515
PO0002354,V03573,Platforms,569,2024-10-30 20:04:58,2026-08-12 21:41:41.391515
PO0002355,V04312,Metrics,611,2024-07-19 12:33:59,2026-08-12 21:41:41.391515
PO0002356,V01856,Niches,79,2025-02-27 12:10:42,2026-08-12 21:41:41.391515
PO0002357,V03453,Functionalities,430,2025-12-29 01:57:49,2026-08-12 21:41:41.391515
PO0002358,V02463,E-commerce,324,2024-04-20 01:34:45,2026-08-12 21:41:41.391515
PO0002359,V03592,Solutions,69,2024-05-05 23:35:16,2026-08-12 21:41:41.391515
PO0002360,V04866,Services,541,2025-07-12 05:32:40,2026-08-12 21:41:41.391515
PO0002361,V01436,E-business,196,2026-02-11 18:49:28,2026-08-12 21:41:41.391515
PO0002362,V04768,Metrics,439,2026-02-07 12:41:03,2026-08-12 21:41:41.391515
PO0002363,V02798,Systems,432,2024-06-28 17:37:05,2026-08-12 21:41:41.391515
PO0002364,V00927,Action-items,447,2025-02-10 15:27:42,2026-08-12 21:41:41.391515
PO0002365,V00332,Web-readiness,90,2025-07-02 23:11:49,2026-08-12 21:41:41.391515
PO0002366,V01811,Platforms,498,2025-11-23 20:31:44,2026-08-12 21:41:41.391515
PO0002367,V01087,E-tailers,948,2025-11-14 20:32:57,2026-08-12 21:41:41.391515
PO0002368,V00994,Platforms,146,2025-08-18 14:45:46,2026-08-12 21:41:41.391515
PO0002369,V00283,Metrics,542,2024-08-14 06:39:39,2026-08-12 21:41:41.391515
PO0002370,V01745,Action-items,657,2026-01-15 05:32:29,2026-08-12 21:41:41.391515
PO0002371,V03776,Platforms,82,2024-10-17 14:42:08,2026-08-12 21:41:41.391515
PO0002372,V03788,Roi,742,2024-08-03 20:47:05,2026-08-12 21:41:41.391515
PO0002373,V03467,Communities,311,2025-10-02 11:01:42,2026-08-12 21:41:41.391515
PO0002374,V02847,Niches,7,2025-05-07 01:48:21,2026-08-12 21:41:41.391515
PO0002375,V01177,Users,15,2024-09-21 13:11:01,2026-08-12 21:41:41.391515
PO0002376,V02861,Functionalities,887,2026-04-13 07:49:18,2026-08-12 21:41:41.391515
PO0002377,V00474,Platforms,657,2025-04-07 18:32:46,2026-08-12 21:41:41.391515
PO0002378,V04429,Communities,176,2025-11-15 11:07:39,2026-08-12 21:41:41.391515
PO0002379,V03504,Roi,215,2026-01-23 23:36:53,2026-08-12 21:41:41.391515
PO0002380,V00415,Functionalities,494,2025-07-14 00:55:36,2026-08-12 21:41:41.391515
PO0002381,V02300,Experiences,291,2025-09-22 22:32:38,2026-08-12 21:41:41.391515
PO0002382,V04692,Niches,975,2025-06-05 04:07:07,2026-08-12 21:41:41.391515
PO0002383,V04844,E-markets,735,2025-12-09 16:10:30,2026-08-12 21:41:41.391515
PO0002384,V02474,Action-items,219,2025-07-10 07:23:59,2026-08-12 21:41:41.391515
PO0002385,V00771,Markets,768,2025-11-03 11:53:07,2026-08-12 21:41:41.391515
PO0002386,V01764,Networks,461,2025-04-10 04:03:03,2026-08-12 21:41:41.391515
PO0002387,V03608,Communities,626,2025-11-13 19:00:46,2026-08-12 21:41:41.391515
PO0002388,V02916,Users,508,2025-10-26 10:06:42,2026-08-12 21:41:41.391515
PO0002389,V00932,Niches,-917,2025-08-10 20:21:19,2026-08-12 21:41:41.391515
PO0002390,V01871,Networks,314,2024-05-22 17:59:39,2026-08-12 21:41:41.391515
PO0002391,V00536,Partnerships,188,2025-02-13 12:50:07,2026-08-12 21:41:41.391515
PO0002392,V02164,Systems,319,2024-04-24 22:12:16,2026-08-12 21:41:41.391515
PO0002393,V01651,Schemas,785,2025-06-12 19:37:59,2026-08-12 21:41:41.391515
PO0002394,V02581,Action-items,605,2025-12-26 14:58:22,2026-08-12 21:41:41.391515
PO0002395,V02081,Communities,52,2025-11-08 09:19:04,2026-08-12 21:41:41.391515
PO0002396,V01603,Communities,931,2025-01-04 15:18:01,2026-08-12 21:41:41.391515
PO0002397,V02798,Systems,431,2024-12-07 04:20:25,2026-08-12 21:41:41.391515
PO0002398,V04878,Convergence,912,2025-06-14 00:31:14,2026-08-12 21:41:41.391515
PO0002399,V00189,Users,536,2026-02-01 12:13:22,2026-08-12 21:41:41.391515
PO0002400,V03989,Convergence,370,2024-06-20 20:30:20,2026-08-12 21:41:41.391515
PO0002401,V02159,Methodologies,306,2026-02-10 18:30:49,2026-08-12 21:41:41.391515
PO0002402,V01134,E-markets,709,2026-02-20 02:47:12,2026-08-12 21:41:41.391515
PO0002403,V02260,Niches,552,2026-03-25 14:58:42,2026-08-12 21:41:41.391515
PO0002404,V04311,Partnerships,175,2025-06-17 08:25:36,2026-08-12 21:41:41.391515
PO0002405,V01082,Infrastructures,13,2025-03-14 07:33:00,2026-08-12 21:41:41.391515
PO0002406,V01975,E-services,552,2025-04-25 20:33:53,2026-08-12 21:41:41.391515
PO0002407,V03864,Functionalities,54,2024-11-04 09:53:33,2026-08-12 21:41:41.391515
PO0002408,V00168,Infrastructures,144,2025-02-13 18:29:21,2026-08-12 21:41:41.391515
PO0002409,V00122,Niches,326,2024-10-25 06:15:42,2026-08-12 21:41:41.391515
PO0002410,V02295,Solutions,189,2024-05-19 13:35:03,2026-08-12 21:41:41.391515
PO0002411,V04731,Metrics,86,2024-05-27 08:35:21,2026-08-12 21:41:41.391515
PO0002412,V01878,Services,805,2024-05-05 22:00:12,2026-08-12 21:41:41.391515
PO0002413,V00686,Action-items,220,2026-04-03 15:33:38,2026-08-12 21:41:41.391515
PO0002414,V01085,E-services,884,2025-07-25 11:56:31,2026-08-12 21:41:41.391515
PO0002415,V01753,Solutions,436,2026-01-11 18:19:13,2026-08-12 21:41:41.391515
PO0002416,V02664,Infrastructures,863,2026-01-31 08:29:24,2026-08-12 21:41:41.391515
PO0002417,V02886,Users,562,2025-07-19 21:00:05,2026-08-12 21:41:41.391515
PO0002418,V04143,Relationships,733,2025-05-23 01:24:18,2026-08-12 21:41:41.391515
PO0002419,V00995,Systems,159,2024-11-19 09:59:01,2026-08-12 21:41:41.391515
PO0002420,V00923,Solutions,379,2025-10-01 12:23:48,2026-08-12 21:41:41.391515
PO0002421,V04508,Convergence,687,2024-10-05 04:50:04,2026-08-12 21:41:41.391515
PO0002422,V00776,Networks,320,2024-10-28 10:38:29,2026-08-12 21:41:41.391515
PO0002423,V01398,Niches,417,2025-03-21 13:00:03,2026-08-12 21:41:41.391515
PO0002424,V02988,Channels,826,2024-07-19 05:39:52,2026-08-12 21:41:41.391515
PO0002425,V02101,Experiences,951,2026-03-10 12:55:10,2026-08-12 21:41:41.391515
PO0002426,V04008,Methodologies,721,2024-07-02 04:18:26,2026-08-12 21:41:41.391515
PO0002427,V03628,E-business,852,2025-10-31 14:06:27,2026-08-12 21:41:41.391515
PO0002429,V02882,Web-readiness,109,2024-10-24 18:36:17,2026-08-12 21:41:41.391515
PO0002430,V02222,E-services,547,2025-03-30 04:03:13,2026-08-12 21:41:41.391515
PO0002431,V00900,Users,180,2024-06-21 01:45:07,2026-08-12 21:41:41.391515
PO0002432,V00592,Users,774,2026-04-10 00:36:06,2026-08-12 21:41:41.391515
PO0002433,V00812,Markets,458,2024-07-01 16:00:29,2026-08-12 21:41:41.391515
PO0002434,V01767,E-markets,355,2025-05-29 12:53:59,2026-08-12 21:41:41.391515
PO0002435,V01757,Systems,355,2026-03-04 08:56:30,2026-08-12 21:41:41.391515
PO0002436,V03504,Communities,901,2024-06-23 03:43:48,2026-08-12 21:41:41.391515
PO0002437,V02213,Channels,91,2024-12-21 06:28:46,2026-08-12 21:41:41.391515
PO0002438,V02855,E-markets,992,2024-06-28 19:53:08,2026-08-12 21:41:41.391515
PO0002439,V00824,Channels,746,2025-09-14 07:36:01,2026-08-12 21:41:41.391515
PO0002441,V01370,Web-readiness,209,2025-06-23 07:38:40,2026-08-12 21:41:41.391515
PO0002442,V01764,Methodologies,128,2025-09-01 14:02:58,2026-08-12 21:41:41.391515
PO0002443,V03739,Users,948,2025-01-29 21:55:12,2026-08-12 21:41:41.391515
PO0002444,V00223,E-markets,478,2025-10-09 06:55:16,2026-08-12 21:41:41.391515
PO0002445,V04803,Schemas,371,2024-11-05 06:51:29,2026-08-12 21:41:41.391515
PO0002447,V02184,Roi,868,2025-05-12 08:07:36,2026-08-12 21:41:41.391515
PO0002448,V02207,Paradigms,468,2024-08-05 22:19:54,2026-08-12 21:41:41.391515
PO0002449,V03991,Platforms,594,2025-11-28 17:14:33,2026-08-12 21:41:41.391515
PO0002450,V01989,Paradigms,601,2025-07-07 07:50:38,2026-08-12 21:41:41.391515
PO0002451,V03608,E-business,-386,2026-01-03 03:46:41,2026-08-12 21:41:41.391515
PO0002452,V03299,Users,783,2024-12-14 01:12:39,2026-08-12 21:41:41.391515
PO0002453,V04878,Convergence,57,2024-08-12 13:53:39,2026-08-12 21:41:41.391515
PO0002455,V02911,Convergence,283,2024-09-11 21:29:28,2026-08-12 21:41:41.391515
PO0002456,V04386,Channels,567,2025-08-24 22:37:20,2026-08-12 21:41:41.391515
PO0002457,V00810,Niches,436,2024-11-05 18:43:12,2026-08-12 21:41:41.391515
PO0002458,V04564,Platforms,8,2026-01-03 04:58:16,2026-08-12 21:41:41.391515
PO0002459,V02112,Roi,508,2026-02-05 13:30:57,2026-08-12 21:41:41.391515
PO0002460,V02861,Functionalities,360,2025-09-16 07:39:21,2026-08-12 21:41:41.391515
PO0002461,V03067,E-markets,265,2024-04-27 08:35:15,2026-08-12 21:41:41.391515
PO0002462,V03521,E-services,827,2024-06-10 03:29:57,2026-08-12 21:41:41.391515
PO0002463,V02065,Communities,837,2025-01-24 23:20:20,2026-08-12 21:41:41.391515
PO0002464,V00066,Infrastructures,233,2024-09-23 00:49:18,2026-08-12 21:41:41.391515
PO0002465,V04823,Niches,858,2024-12-25 14:53:34,2026-08-12 21:41:41.391515
PO0002466,V03650,E-tailers,503,2025-12-01 08:48:05,2026-08-12 21:41:41.391515
PO0002467,V02222,E-services,981,2024-10-20 18:41:41,2026-08-12 21:41:41.391515
PO0002468,V03168,E-services,520,2024-11-19 17:30:58,2026-08-12 21:41:41.391515
PO0002469,V04475,Channels,258,2025-03-04 16:41:13,2026-08-12 21:41:41.391515
PO0002470,V00673,E-tailers,141,2025-03-03 07:55:54,2026-08-12 21:41:41.391515
PO0002471,V00834,Communities,363,2024-05-11 06:53:00,2026-08-12 21:41:41.391515
PO0002472,V01577,Roi,723,2025-03-30 19:07:30,2026-08-12 21:41:41.391515
PO0002473,V02591,Users,770,2024-12-23 20:11:55,2026-08-12 21:41:41.391515
PO0002474,V03842,Communities,524,2025-02-03 07:50:11,2026-08-12 21:41:41.391515
PO0002475,V02654,Infrastructures,145,2025-07-08 10:22:16,2026-08-12 21:41:41.391515
PO0002476,V02075,Markets,939,2025-08-02 15:23:02,2026-08-12 21:41:41.391515
PO0002477,V04224,Channels,913,2025-07-25 21:21:35,2026-08-12 21:41:41.391515
PO0002478,V01060,Models,486,2024-10-29 11:39:08,2026-08-12 21:41:41.391515
PO0002479,V03085,Convergence,962,2024-11-24 02:49:47,2026-08-12 21:41:41.391515
PO0002480,V00811,Niches,969,2025-07-14 01:31:50,2026-08-12 21:41:41.391515
PO0002481,V04437,Users,785,2026-03-10 17:37:11,2026-08-12 21:41:41.391515
PO0002482,V00145,Bandwidth,839,2025-10-16 20:41:18,2026-08-12 21:41:41.391515
PO0002483,V02691,Schemas,592,2024-11-16 07:34:17,2026-08-12 21:41:41.391515
PO0002484,V03897,E-business,373,2026-02-17 11:57:16,2026-08-12 21:41:41.391515
PO0002485,V03552,Bandwidth,552,2025-02-26 03:08:58,2026-08-12 21:41:41.391515
PO0002486,V01446,Partnerships,200,2025-03-19 12:10:05,2026-08-12 21:41:41.391515
PO0002487,V04729,E-tailers,688,2025-03-27 00:30:37,2026-08-12 21:41:41.391515
PO0002488,V03325,Architectures,309,2024-08-11 04:07:39,2026-08-12 21:41:41.391515
PO0002489,V01608,E-business,623,2025-10-26 05:30:38,2026-08-12 21:41:41.391515
PO0002490,V02375,Niches,214,2024-05-29 16:37:52,2026-08-12 21:41:41.391515
PO0002491,V03422,Users,113,2024-07-01 04:15:00,2026-08-12 21:41:41.391515
PO0002492,V04518,Niches,272,2024-06-02 11:49:06,2026-08-12 21:41:41.391515
PO0002493,V03275,Communities,340,2025-06-19 14:55:14,2026-08-12 21:41:41.391515
PO0002494,V01560,E-commerce,106,2024-08-03 03:43:04,2026-08-12 21:41:41.391515
PO0002496,V02621,Channels,999,2026-03-03 11:34:50,2026-08-12 21:41:41.391515
PO0002497,V02999,Communities,301,2025-08-31 04:30:25,2026-08-12 21:41:41.391515
PO0002498,V01837,Roi,521,2025-10-30 00:55:20,2026-08-12 21:41:41.391515
PO0002499,V00066,Users,331,2024-04-30 11:02:06,2026-08-12 21:41:41.391515
PO0002500,V01337,Users,758,2026-01-07 05:47:03,2026-08-12 21:41:41.391515
PO0002502,V04808,E-markets,756,2025-10-18 15:18:31,2026-08-12 21:41:41.391515
PO0002503,V03303,Architectures,556,2025-12-07 01:51:01,2026-08-12 21:41:41.391515
PO0002504,V00289,Relationships,974,2025-06-10 17:15:40,2026-08-12 21:41:41.391515
PO0002505,V03215,Schemas,986,2026-03-26 00:27:51,2026-08-12 21:41:41.391515
PO0002506,V02745,Convergence,326,2024-06-28 03:45:55,2026-08-12 21:41:41.391515
PO0002507,V01105,E-tailers,131,2025-10-04 22:49:03,2026-08-12 21:41:41.391515
PO0002508,V01036,E-services,227,2025-05-16 19:15:39,2026-08-12 21:41:41.391515
PO0002509,V02918,Architectures,895,2024-08-14 05:31:54,2026-08-12 21:41:41.391515
PO0002510,V03321,Experiences,312,2026-04-03 02:20:49,2026-08-12 21:41:41.391515
PO0002511,V02001,E-services,329,2024-08-03 00:26:53,2026-08-12 21:41:41.391515
PO0002512,V00654,Users,205,2025-09-06 21:51:49,2026-08-12 21:41:41.391515
PO0002513,V02491,Communities,162,2024-10-07 19:43:58,2026-08-12 21:41:41.391515
PO0002514,V03302,Architectures,562,2025-05-21 17:30:31,2026-08-12 21:41:41.391515
PO0002515,V04761,Services,933,2025-03-30 23:59:02,2026-08-12 21:41:41.391515
PO0002516,V03378,Relationships,331,2025-07-25 07:03:47,2026-08-12 21:41:41.391515
PO0002517,V03762,E-business,359,2026-04-04 11:45:06,2026-08-12 21:41:41.391515
PO0002518,V02905,E-tailers,752,2025-12-04 19:10:24,2026-08-12 21:41:41.391515
PO0002519,V00699,E-markets,226,2024-11-28 11:15:58,2026-08-12 21:41:41.391515
PO0002520,V03268,Methodologies,281,2024-04-18 21:12:57,2026-08-12 21:41:41.391515
PO0002521,V02010,Schemas,343,2024-08-11 23:10:42,2026-08-12 21:41:41.391515
PO0002522,V04851,Communities,127,2026-03-10 19:42:37,2026-08-12 21:41:41.391515
PO0002523,V02801,Markets,825,2025-02-15 18:28:30,2026-08-12 21:41:41.391515
PO0002524,V00597,Markets,921,2024-08-05 07:43:54,2026-08-12 21:41:41.391515
PO0002525,V02067,Experiences,915,2024-05-14 04:01:52,2026-08-12 21:41:41.391515
PO0002526,V00462,E-commerce,430,2025-06-04 08:28:08,2026-08-12 21:41:41.391515
PO0002527,V02993,E-business,467,2025-01-12 06:12:48,2026-08-12 21:41:41.391515
PO0002528,V00162,Info-mediaries,813,2025-05-11 23:42:44,2026-08-12 21:41:41.391515
PO0002529,V04998,Paradigms,224,2026-03-08 03:34:40,2026-08-12 21:41:41.391515
PO0002531,V03163,Systems,925,2025-05-08 22:42:15,2026-08-12 21:41:41.391515
PO0002532,V00297,E-services,560,2024-11-07 13:42:06,2026-08-12 21:41:41.391515
PO0002533,V04729,E-tailers,365,2025-10-05 00:50:48,2026-08-12 21:41:41.391515
PO0002534,V00162,Info-mediaries,894,2024-12-26 06:10:25,2026-08-12 21:41:41.391515
PO0002535,V04893,E-commerce,955,2026-03-21 19:30:54,2026-08-12 21:41:41.391515
PO0002536,V00162,Channels,323,2024-08-01 14:20:31,2026-08-12 21:41:41.391515
PO0002537,V00873,E-services,160,2025-04-16 04:17:42,2026-08-12 21:41:41.391515
PO0002538,V03032,Niches,1000,2024-10-11 15:14:56,2026-08-12 21:41:41.391515
PO0002539,V03435,Solutions,274,2025-12-22 08:40:03,2026-08-12 21:41:41.391515
PO0002541,V01745,Services,536,2025-01-21 11:18:25,2026-08-12 21:41:41.391515
PO0002542,V04478,Roi,154,2025-08-25 21:57:07,2026-08-12 21:41:41.391515
PO0002543,V01613,Niches,890,2024-09-14 15:29:49,2026-08-12 21:41:41.391515
PO0002544,V00134,Models,374,2025-03-03 16:41:36,2026-08-12 21:41:41.391515
PO0002545,V01626,Methodologies,667,2024-12-16 00:19:11,2026-08-12 21:41:41.391515
PO0002546,V01233,Roi,349,2024-08-20 02:29:43,2026-08-12 21:41:41.391515
PO0002547,V02741,Experiences,13,2026-04-10 18:55:34,2026-08-12 21:41:41.391515
PO0002548,V02356,Relationships,525,2024-10-07 15:34:31,2026-08-12 21:41:41.391515
PO0002549,V02655,Platforms,525,2025-01-10 13:01:10,2026-08-12 21:41:41.391515
PO0002550,V02475,E-services,527,2025-04-05 23:26:15,2026-08-12 21:41:41.391515
PO0002551,V04647,E-services,211,2024-05-01 12:28:41,2026-08-12 21:41:41.391515
PO0002552,V04858,Roi,933,2024-04-24 13:09:40,2026-08-12 21:41:41.391515
PO0002553,V02766,Web-readiness,693,2024-12-02 21:01:26,2026-08-12 21:41:41.391515
PO0002554,V02733,Schemas,453,2024-06-24 17:30:55,2026-08-12 21:41:41.391515
PO0002555,V03455,Markets,569,2024-08-19 20:55:13,2026-08-12 21:41:41.391515
PO0002556,V00861,Channels,727,2025-08-12 09:14:49,2026-08-12 21:41:41.391515
PO0002557,V02479,E-commerce,760,2024-06-30 13:32:11,2026-08-12 21:41:41.391515
PO0002558,V00199,Roi,495,2025-12-08 07:38:55,2026-08-12 21:41:41.391515
PO0002559,V03064,Users,279,2025-06-26 23:35:21,2026-08-12 21:41:41.391515
PO0002560,V03532,Roi,947,2024-08-04 08:26:42,2026-08-12 21:41:41.391515
PO0002561,V00623,Markets,145,2025-06-20 11:52:26,2026-08-12 21:41:41.391515
PO0002562,V00361,Partnerships,75,2025-10-14 15:51:23,2026-08-12 21:41:41.391515
PO0002563,V03692,E-services,955,2024-12-31 21:23:46,2026-08-12 21:41:41.391515
PO0002564,V02195,Schemas,125,2024-07-10 06:12:39,2026-08-12 21:41:41.391515
PO0002565,V00810,Niches,555,2025-06-18 09:23:07,2026-08-12 21:41:41.391515
PO0002566,V02048,E-markets,601,2024-07-17 06:12:57,2026-08-12 21:41:41.391515
PO0002567,V02446,Niches,292,2025-10-03 07:40:35,2026-08-12 21:41:41.391515
PO0002568,V01530,Roi,852,2025-03-09 04:48:21,2026-08-12 21:41:41.391515
PO0002569,V04455,Niches,855,2026-04-16 18:45:46,2026-08-12 21:41:41.391515
PO0002570,V00132,Infrastructures,783,2024-06-10 22:41:39,2026-08-12 21:41:41.391515
PO0002571,V00962,Users,29,2025-08-19 01:19:02,2026-08-12 21:41:41.391515
PO0002572,V03592,Bandwidth,590,2024-09-02 05:54:23,2026-08-12 21:41:41.391515
PO0002573,V01738,Communities,890,2025-12-19 17:54:18,2026-08-12 21:41:41.391515
PO0002574,V02833,Platforms,486,2025-08-21 13:03:38,2026-08-12 21:41:41.391515
PO0002575,V02147,Roi,905,2024-12-28 06:41:03,2026-08-12 21:41:41.391515
PO0002576,V01920,E-services,792,2025-01-11 17:10:55,2026-08-12 21:41:41.391515
PO0002577,V01001,Architectures,524,2025-06-30 10:29:23,2026-08-12 21:41:41.391515
PO0002578,V02673,E-commerce,278,2024-05-01 21:50:15,2026-08-12 21:41:41.391515
PO0002579,V03071,Systems,702,2024-11-26 19:43:22,2026-08-12 21:41:41.391515
PO0002580,V00619,Architectures,754,2025-09-16 23:05:22,2026-08-12 21:41:41.391515
PO0002582,V02091,E-commerce,705,2026-03-12 01:00:08,2026-08-12 21:41:41.391515
PO0002583,V03836,E-services,548,2025-02-20 19:39:25,2026-08-12 21:41:41.391515
PO0002584,V02159,Platforms,690,2024-07-15 21:09:46,2026-08-12 21:41:41.391515
PO0002585,V04475,Channels,87,2026-03-05 03:22:45,2026-08-12 21:41:41.391515
PO0002587,V02200,E-services,401,2024-06-04 06:10:22,2026-08-12 21:41:41.391515
PO0002588,V01236,Networks,552,2025-04-13 21:50:56,2026-08-12 21:41:41.391515
PO0002589,V04756,Solutions,920,2025-07-29 07:05:41,2026-08-12 21:41:41.391515
PO0002590,V01701,Infrastructures,176,2024-08-30 07:08:14,2026-08-12 21:41:41.391515
PO0002591,V04418,E-services,483,2024-10-05 03:48:46,2026-08-12 21:41:41.391515
PO0002592,V03535,Channels,914,2024-05-31 00:33:41,2026-08-12 21:41:41.391515
PO0002593,V03980,Schemas,67,2024-11-09 10:51:19,2026-08-12 21:41:41.391515
PO0002594,V01680,E-tailers,292,2025-03-15 06:09:52,2026-08-12 21:41:41.391515
PO0002595,V02008,Systems,427,2025-03-01 05:16:39,2026-08-12 21:41:41.391515
PO0002596,V02783,Networks,862,2024-05-06 06:50:20,2026-08-12 21:41:41.391515
PO0002597,V02203,Solutions,595,2024-05-29 18:44:55,2026-08-12 21:41:41.391515
PO0002598,V02935,Action-items,658,2024-06-23 05:24:34,2026-08-12 21:41:41.391515
PO0002599,V00533,Users,122,2024-07-26 06:17:47,2026-08-12 21:41:41.391515
PO0002600,V03739,Roi,54,2025-06-28 04:22:11,2026-08-12 21:41:41.391515
PO0002601,V03980,Schemas,36,2024-10-23 05:01:54,2026-08-12 21:41:41.391515
PO0002602,V03097,Infrastructures,656,2025-05-28 17:53:23,2026-08-12 21:41:41.391515
PO0002603,V01966,Markets,874,2024-08-07 07:56:07,2026-08-12 21:41:41.391515
PO0002604,V02481,E-services,426,2025-04-08 23:09:32,2026-08-12 21:41:41.391515
PO0002605,V03389,E-commerce,56,2024-06-24 07:44:50,2026-08-12 21:41:41.391515
PO0002606,V00922,Metrics,68,2024-05-11 00:25:20,2026-08-12 21:41:41.391515
PO0002607,V01755,Niches,283,2024-06-26 16:53:09,2026-08-12 21:41:41.391515
PO0002608,V03187,Systems,662,2025-10-31 21:26:52,2026-08-12 21:41:41.391515
PO0002609,V01126,E-services,865,2026-03-01 17:31:40,2026-08-12 21:41:41.391515
PO0002611,V00646,Metrics,53,2026-03-23 18:52:48,2026-08-12 21:41:41.391515
PO0002612,V00004,Roi,413,2024-09-01 12:58:24,2026-08-12 21:41:41.391515
PO0002613,V02272,Niches,927,2024-09-20 17:50:23,2026-08-12 21:41:41.391515
PO0002614,V03296,Convergence,52,2026-03-21 05:26:28,2026-08-12 21:41:41.391515
PO0002615,V04332,Niches,165,2024-07-25 18:28:03,2026-08-12 21:41:41.391515
PO0002616,V00934,Architectures,559,2025-07-03 00:42:18,2026-08-12 21:41:41.391515
PO0002617,V04509,Functionalities,604,2025-11-09 21:43:17,2026-08-12 21:41:41.391515
PO0002618,V04430,Roi,263,2026-04-06 15:43:10,2026-08-12 21:41:41.391515
PO0002619,V04305,E-markets,766,2025-08-18 03:02:21,2026-08-12 21:41:41.391515
PO0002620,V01497,Paradigms,182,2025-03-15 20:03:19,2026-08-12 21:41:41.391515
PO0002621,V00776,Models,426,2024-06-10 07:47:25,2026-08-12 21:41:41.391515
PO0002622,V01639,Experiences,490,2025-01-15 12:26:55,2026-08-12 21:41:41.391515
PO0002623,V01696,Convergence,419,2024-06-26 13:54:27,2026-08-12 21:41:41.391515
PO0002624,V03048,Methodologies,291,2024-07-24 04:05:18,2026-08-12 21:41:41.391515
PO0002625,V00495,Paradigms,125,2024-05-10 19:34:55,2026-08-12 21:41:41.391515
PO0002626,V00885,E-services,982,2025-09-08 15:43:35,2026-08-12 21:41:41.391515
PO0002627,V01434,Info-mediaries,26,2026-03-21 12:20:12,2026-08-12 21:41:41.391515
PO0002628,V02716,Architectures,806,2024-11-09 10:39:53,2026-08-12 21:41:41.391515
PO0002629,V03028,Roi,315,2025-06-05 11:55:50,2026-08-12 21:41:41.391515
PO0002631,V03481,Communities,830,2025-02-02 16:54:47,2026-08-12 21:41:41.391515
PO0002632,V03699,Niches,174,2024-04-26 23:04:53,2026-08-12 21:41:41.391515
PO0002633,V04236,Relationships,451,2025-05-09 15:04:05,2026-08-12 21:41:41.391515
PO0002634,V04090,Models,209,2025-11-10 05:33:32,2026-08-12 21:41:41.391515
PO0002635,V04564,Platforms,509,2025-03-17 12:27:39,2026-08-12 21:41:41.391515
PO0002636,V02464,E-markets,547,2025-03-22 01:22:54,2026-08-12 21:41:41.391515
PO0002637,V04909,Relationships,944,2025-11-22 15:50:59,2026-08-12 21:41:41.391515
PO0002638,V00364,E-markets,591,2024-12-26 12:31:25,2026-08-12 21:41:41.391515
PO0002640,V02403,Users,414,2026-01-10 22:57:12,2026-08-12 21:41:41.391515
PO0002641,V01073,Bandwidth,789,2025-12-08 13:30:30,2026-08-12 21:41:41.391515
PO0002643,V04480,Users,605,2025-11-06 09:55:47,2026-08-12 21:41:41.391515
PO0002644,V00281,Architectures,50,2026-03-28 12:03:09,2026-08-12 21:41:41.391515
PO0002645,V02159,Platforms,483,2025-11-24 14:15:13,2026-08-12 21:41:41.391515
PO0002646,V01356,Communities,450,2024-11-04 19:52:35,2026-08-12 21:41:41.391515
PO0002647,V03911,Markets,108,2024-12-16 09:20:00,2026-08-12 21:41:41.391515
PO0002648,V03262,Users,713,2025-02-08 14:06:36,2026-08-12 21:41:41.391515
PO0002649,V02161,Action-items,320,2025-11-02 10:43:38,2026-08-12 21:41:41.391515
PO0002650,V00919,Services,86,2024-05-23 17:44:41,2026-08-12 21:41:41.391515
PO0002651,V03296,E-services,535,2026-02-26 21:18:40,2026-08-12 21:41:41.391515
PO0002652,V02791,Niches,731,2024-12-11 06:23:33,2026-08-12 21:41:41.391515
PO0002653,V04204,Platforms,830,2025-09-08 19:58:09,2026-08-12 21:41:41.391515
PO0002655,V03421,Functionalities,721,2026-03-13 06:26:40,2026-08-12 21:41:41.391515
PO0002656,V03918,Partnerships,201,2024-08-08 02:37:10,2026-08-12 21:41:41.391515
PO0002658,V00091,Schemas,149,2025-03-09 10:11:37,2026-08-12 21:41:41.391515
PO0002659,V03274,Relationships,70,2024-10-04 22:12:56,2026-08-12 21:41:41.391515
PO0002660,V00897,Niches,760,2026-02-08 21:02:10,2026-08-12 21:41:41.391515
PO0002661,V04496,Schemas,101,2025-08-23 11:02:17,2026-08-12 21:41:41.391515
PO0002662,V03318,Networks,631,2024-12-06 21:42:27,2026-08-12 21:41:41.391515
PO0002663,V01523,Bandwidth,901,2025-02-09 08:26:50,2026-08-12 21:41:41.391515
PO0002664,V00608,Metrics,583,2026-01-18 23:20:42,2026-08-12 21:41:41.391515
PO0002665,V00779,Networks,793,2024-05-07 13:04:02,2026-08-12 21:41:41.391515
PO0002666,V00619,Systems,39,2024-07-10 04:07:27,2026-08-12 21:41:41.391515
PO0002667,V02359,Schemas,586,2025-08-14 03:49:45,2026-08-12 21:41:41.391515
PO0002668,V02411,Metrics,643,2024-06-25 10:42:54,2026-08-12 21:41:41.391515
PO0002669,V03676,E-services,900,2025-01-01 13:48:51,2026-08-12 21:41:41.391515
PO0002670,V00762,Convergence,836,2024-10-18 18:40:50,2026-08-12 21:41:41.391515
PO0002671,V00075,Channels,947,2024-04-23 07:45:03,2026-08-12 21:41:41.391515
PO0002673,V00972,E-business,488,2025-05-10 18:19:25,2026-08-12 21:41:41.391515
PO0002674,V03865,Web-readiness,908,2025-10-28 14:38:10,2026-08-12 21:41:41.391515
PO0002675,V00637,E-markets,425,2025-11-16 12:25:34,2026-08-12 21:41:41.391515
PO0002676,V03285,E-business,54,2025-12-29 06:13:14,2026-08-12 21:41:41.391515
PO0002677,V01850,Metrics,863,2025-08-17 04:12:01,2026-08-12 21:41:41.391515
PO0002678,V00327,Bandwidth,423,2024-09-24 04:52:05,2026-08-12 21:41:41.391515
PO0002679,V01390,E-business,276,2025-11-07 11:34:38,2026-08-12 21:41:41.391515
PO0002681,V02362,E-markets,111,2025-05-05 00:19:52,2026-08-12 21:41:41.391515
PO0002682,V00400,E-services,199,2026-02-03 14:32:14,2026-08-12 21:41:41.391515
PO0002683,V01114,Users,662,2024-08-11 15:53:20,2026-08-12 21:41:41.391515
PO0002685,V00381,E-markets,596,2024-10-17 10:37:44,2026-08-12 21:41:41.391515
PO0002686,V02348,Web-readiness,14,2025-01-14 15:28:27,2026-08-12 21:41:41.391515
PO0002687,V02555,E-markets,916,2025-06-25 16:16:57,2026-08-12 21:41:41.391515
PO0002688,V01417,E-services,341,2025-03-11 16:08:19,2026-08-12 21:41:41.391515
PO0002689,V04664,Models,418,2024-06-21 12:47:31,2026-08-12 21:41:41.391515
PO0002690,V01681,Systems,38,2025-05-04 12:13:54,2026-08-12 21:41:41.391515
PO0002691,V04274,Metrics,355,2025-03-02 08:00:19,2026-08-12 21:41:41.391515
PO0002692,V03560,Solutions,494,2025-06-07 08:47:24,2026-08-12 21:41:41.391515
PO0002693,V01243,Action-items,209,2024-08-27 07:59:59,2026-08-12 21:41:41.391515
PO0002694,V03294,E-services,487,2024-08-22 18:06:30,2026-08-12 21:41:41.391515
PO0002696,V04556,Paradigms,572,2024-12-20 21:20:12,2026-08-12 21:41:41.391515
PO0002697,V01346,Platforms,705,2025-11-26 21:06:48,2026-08-12 21:41:41.391515
PO0002698,V00061,Architectures,65,2024-07-05 21:19:59,2026-08-12 21:41:41.391515
PO0002699,V03141,Convergence,706,2025-11-21 02:59:55,2026-08-12 21:41:41.391515
PO0002700,V03239,Networks,830,2025-09-27 16:54:19,2026-08-12 21:41:41.391515
PO0002701,V01264,Schemas,788,2024-07-25 01:02:38,2026-08-12 21:41:41.391515
PO0002702,V03495,E-services,712,2026-01-19 14:52:06,2026-08-12 21:41:41.391515
PO0002703,V04332,Niches,829,2025-04-09 09:42:40,2026-08-12 21:41:41.391515
PO0002705,V00021,Users,753,2024-09-07 08:37:53,2026-08-12 21:41:41.391515
PO0002706,V01777,E-services,561,2025-02-18 05:21:50,2026-08-12 21:41:41.391515
PO0002707,V00732,Users,335,2025-04-04 21:53:15,2026-08-12 21:41:41.391515
PO0002708,V00483,Platforms,988,2024-04-20 22:53:26,2026-08-12 21:41:41.391515
PO0002709,V04151,Schemas,692,2025-05-18 15:51:25,2026-08-12 21:41:41.391515
PO0002710,V00896,Platforms,967,2025-02-16 11:18:01,2026-08-12 21:41:41.391515
PO0002711,V01728,Platforms,991,2026-02-05 03:04:08,2026-08-12 21:41:41.391515
PO0002712,V03364,Functionalities,685,2025-03-08 21:57:28,2026-08-12 21:41:41.391515
PO0002713,V01764,Niches,853,2025-10-16 12:05:23,2026-08-12 21:41:41.391515
PO0002714,V01233,Channels,957,2026-01-06 13:30:04,2026-08-12 21:41:41.391515
PO0002716,V01555,Users,343,2026-04-14 04:51:37,2026-08-12 21:41:41.391515
PO0002717,V00034,Channels,309,2025-01-15 16:49:39,2026-08-12 21:41:41.391515
PO0002718,V02550,E-services,54,2026-04-11 19:43:22,2026-08-12 21:41:41.391515
PO0002719,V03096,Schemas,285,2025-10-12 18:34:00,2026-08-12 21:41:41.391515
PO0002720,V00886,Metrics,544,2025-12-17 07:33:20,2026-08-12 21:41:41.391515
PO0002721,V04107,Schemas,920,2025-02-22 20:14:52,2026-08-12 21:41:41.391515
PO0002722,V02783,Systems,926,2024-08-14 13:38:40,2026-08-12 21:41:41.391515
PO0002724,V04245,E-tailers,953,2024-07-27 23:57:48,2026-08-12 21:41:41.391515
PO0002725,V01957,Metrics,-861,2024-11-18 10:20:42,2026-08-12 21:41:41.391515
PO0002726,V00563,Web-readiness,939,2024-06-16 11:53:19,2026-08-12 21:41:41.391515
PO0002728,V02487,Networks,467,2025-08-13 15:56:04,2026-08-12 21:41:41.391515
PO0002729,V01578,Users,21,2026-03-01 23:54:36,2026-08-12 21:41:41.391515
PO0002730,V00679,Services,234,2025-03-27 06:20:45,2026-08-12 21:41:41.391515
PO0002731,V02171,Action-items,377,2026-03-05 12:47:07,2026-08-12 21:41:41.391515
PO0002732,V01882,E-markets,256,2025-03-01 12:11:53,2026-08-12 21:41:41.391515
PO0002733,V02813,Architectures,521,2026-02-09 00:13:26,2026-08-12 21:41:41.391515
PO0002734,V02010,Schemas,415,2025-06-15 22:12:34,2026-08-12 21:41:41.391515
PO0002735,V01973,Systems,814,2025-03-27 07:36:51,2026-08-12 21:41:41.391515
PO0002736,V04804,Partnerships,164,2025-05-19 15:08:09,2026-08-12 21:41:41.391515
PO0002737,V02985,Services,760,2026-02-12 02:00:24,2026-08-12 21:41:41.391515
PO0002738,V02567,Platforms,744,2026-02-02 19:14:29,2026-08-12 21:41:41.391515
PO0002739,V02119,Paradigms,641,2024-11-13 09:11:11,2026-08-12 21:41:41.391515
PO0002740,V01232,Models,10,2025-12-22 16:50:16,2026-08-12 21:41:41.391515
PO0002741,V03743,Methodologies,188,2025-08-15 07:54:16,2026-08-12 21:41:41.391515
PO0002742,V04655,Metrics,43,2024-12-01 22:30:56,2026-08-12 21:41:41.391515
PO0002743,V00601,Systems,924,2025-04-20 15:13:18,2026-08-12 21:41:41.391515
PO0002744,V04734,E-services,74,2025-04-15 19:12:29,2026-08-12 21:41:41.391515
PO0002745,V03200,E-tailers,988,2026-01-22 14:03:47,2026-08-12 21:41:41.391515
PO0002746,V04487,E-services,866,2024-06-19 13:10:17,2026-08-12 21:41:41.391515
PO0002747,V00539,Experiences,745,2025-09-14 12:02:57,2026-08-12 21:41:41.391515
PO0002748,V03922,Web-readiness,863,2024-08-20 00:09:05,2026-08-12 21:41:41.391515
PO0002749,V02835,Action-items,325,2025-07-11 02:15:15,2026-08-12 21:41:41.391515
PO0002750,V03193,Bandwidth,749,2024-06-03 16:19:38,2026-08-12 21:41:41.391515
PO0002751,V01732,Infrastructures,974,2025-08-27 10:05:15,2026-08-12 21:41:41.391515
PO0002752,V00570,Schemas,576,2024-09-26 07:51:53,2026-08-12 21:41:41.391515
PO0002753,V04051,Markets,348,2025-01-23 20:59:41,2026-08-12 21:41:41.391515
PO0002754,V04276,Users,797,2024-04-29 16:37:54,2026-08-12 21:41:41.391515
PO0002755,V00790,Paradigms,193,2024-05-16 08:34:34,2026-08-12 21:41:41.391515
PO0002756,V00943,Functionalities,319,2025-03-04 14:58:19,2026-08-12 21:41:41.391515
PO0002757,V01430,Platforms,902,2026-04-12 10:01:19,2026-08-12 21:41:41.391515
PO0002758,V00119,Systems,94,2024-07-11 13:20:46,2026-08-12 21:41:41.391515
PO0002759,V02328,Bandwidth,469,2026-01-04 06:15:31,2026-08-12 21:41:41.391515
PO0002760,V01575,Roi,85,2025-05-19 08:06:40,2026-08-12 21:41:41.391515
PO0002761,V00166,Systems,-113,2024-12-09 14:14:58,2026-08-12 21:41:41.391515
PO0002762,V02516,Architectures,960,2025-05-11 20:00:38,2026-08-12 21:41:41.391515
PO0002763,V03294,E-services,184,2025-07-01 08:11:50,2026-08-12 21:41:41.391515
PO0002764,V00027,Functionalities,767,2025-04-28 10:53:46,2026-08-12 21:41:41.391515
PO0002765,V04861,E-tailers,52,2024-12-08 01:30:34,2026-08-12 21:41:41.391515
PO0002766,V04726,Roi,152,2024-08-09 01:52:53,2026-08-12 21:41:41.391515
PO0002767,V00013,Models,161,2024-07-24 12:40:30,2026-08-12 21:41:41.391515
PO0002768,V04827,Networks,50,2024-10-17 18:21:57,2026-08-12 21:41:41.391515
PO0002769,V00771,Metrics,345,2024-12-17 06:46:45,2026-08-12 21:41:41.391515
PO0002770,V02469,Bandwidth,867,2026-02-18 04:03:53,2026-08-12 21:41:41.391515
PO0002771,V04424,Systems,697,2024-11-15 04:17:56,2026-08-12 21:41:41.391515
PO0002772,V00059,Roi,232,2026-01-08 11:16:10,2026-08-12 21:41:41.391515
PO0002774,V04939,Experiences,119,2024-12-12 22:14:54,2026-08-12 21:41:41.391515
PO0002775,V03170,Channels,447,2024-05-29 16:14:26,2026-08-12 21:41:41.391515
PO0002776,V02918,Architectures,505,2024-12-12 15:31:09,2026-08-12 21:41:41.391515
PO0002778,V02659,Metrics,177,2025-03-09 16:03:04,2026-08-12 21:41:41.391515
PO0002779,V01501,Channels,570,2026-03-01 12:25:42,2026-08-12 21:41:41.391515
PO0002781,V02660,Solutions,361,2025-11-24 13:53:33,2026-08-12 21:41:41.391515
PO0002782,V03877,Services,867,2025-02-05 22:08:01,2026-08-12 21:41:41.391515
PO0002783,V03035,E-markets,906,2025-06-17 09:44:33,2026-08-12 21:41:41.391515
PO0002784,V00861,Channels,367,2024-08-14 08:22:50,2026-08-12 21:41:41.391515
PO0002785,V03494,Niches,686,2024-07-12 19:21:15,2026-08-12 21:41:41.391515
PO0002786,V02079,Metrics,180,2024-08-13 03:35:22,2026-08-12 21:41:41.391515
PO0002787,V00093,Markets,667,2024-06-24 11:45:00,2026-08-12 21:41:41.391515
PO0002788,V04615,Solutions,688,2025-01-04 04:51:41,2026-08-12 21:41:41.391515
PO0002789,V01542,E-commerce,304,2025-12-23 02:35:13,2026-08-12 21:41:41.391515
PO0002790,V02151,Systems,570,2025-08-25 22:24:47,2026-08-12 21:41:41.391515
PO0002791,V03042,Solutions,167,2025-03-20 04:35:41,2026-08-12 21:41:41.391515
PO0002792,V00740,E-tailers,884,2026-02-02 03:43:17,2026-08-12 21:41:41.391515
PO0002794,V01897,Info-mediaries,430,2025-07-31 14:45:41,2026-08-12 21:41:41.391515
PO0002795,V03973,Architectures,873,2025-11-12 10:14:39,2026-08-12 21:41:41.391515
PO0002796,V00824,Relationships,783,2025-11-22 11:44:46,2026-08-12 21:41:41.391515
PO0002797,V00646,Metrics,620,2025-01-19 17:43:27,2026-08-12 21:41:41.391515
PO0002798,V01868,Metrics,644,2024-08-23 02:24:17,2026-08-12 21:41:41.391515
PO0002799,V00288,Infrastructures,785,2025-01-20 05:35:47,2026-08-12 21:41:41.391515
PO0002800,V04196,Communities,809,2024-11-03 10:51:52,2026-08-12 21:41:41.391515
PO0002801,V01266,Metrics,363,2025-07-08 11:49:24,2026-08-12 21:41:41.391515
PO0002802,V04405,Methodologies,32,2025-12-19 05:50:34,2026-08-12 21:41:41.391515
PO0002803,V03060,Metrics,194,2024-08-29 15:44:56,2026-08-12 21:41:41.391515
PO0002804,V00061,Architectures,656,2024-05-01 08:39:28,2026-08-12 21:41:41.391515
PO0002806,V01811,Platforms,959,2025-09-12 14:04:03,2026-08-12 21:41:41.391515
PO0002807,V04225,E-services,915,2025-10-06 16:32:16,2026-08-12 21:41:41.391515
PO0002808,V04311,Systems,538,2024-11-18 16:52:32,2026-08-12 21:41:41.391515
PO0002809,V01966,Partnerships,695,2025-12-31 04:27:22,2026-08-12 21:41:41.391515
PO0002810,V01374,E-services,651,2024-11-23 20:42:12,2026-08-12 21:41:41.391515
PO0002811,V02527,Bandwidth,32,2025-08-30 07:10:30,2026-08-12 21:41:41.391515
PO0002812,V00325,Networks,829,2026-01-13 15:31:11,2026-08-12 21:41:41.391515
PO0002813,V03857,Communities,486,2024-06-25 07:31:27,2026-08-12 21:41:41.391515
PO0002814,V02732,Users,249,2025-12-04 07:11:14,2026-08-12 21:41:41.391515
PO0002815,V01343,Users,211,2024-07-23 02:34:29,2026-08-12 21:41:41.391515
PO0002816,V03514,E-business,560,2024-07-05 12:21:30,2026-08-12 21:41:41.391515
PO0002817,V01740,Users,165,2025-09-20 20:42:22,2026-08-12 21:41:41.391515
PO0002818,V01049,E-tailers,833,2025-10-21 16:20:09,2026-08-12 21:41:41.391515
PO0002819,V01625,Infrastructures,92,2025-08-06 17:14:34,2026-08-12 21:41:41.391515
PO0002820,V04647,Users,756,2025-05-05 23:26:15,2026-08-12 21:41:41.391515
PO0002821,V01298,E-business,447,2025-12-10 06:38:06,2026-08-12 21:41:41.391515
PO0002822,V02652,E-services,55,2024-09-16 21:46:09,2026-08-12 21:41:41.391515
PO0002823,V01623,E-markets,327,2025-06-16 15:26:27,2026-08-12 21:41:41.391515
PO0002824,V03009,Users,654,2025-06-19 12:57:34,2026-08-12 21:41:41.391515
PO0002825,V02007,Niches,952,2024-06-19 09:13:27,2026-08-12 21:41:41.391515
PO0002826,V01599,Paradigms,867,2025-06-04 14:23:47,2026-08-12 21:41:41.391515
PO0002827,V01897,E-services,71,2024-08-09 23:49:40,2026-08-12 21:41:41.391515
PO0002828,V00948,Channels,250,2025-04-13 02:17:42,2026-08-12 21:41:41.391515
PO0002829,V01975,E-services,687,2024-10-28 11:19:16,2026-08-12 21:41:41.391515
PO0002831,V03814,Paradigms,443,2026-02-12 19:04:07,2026-08-12 21:41:41.391515
PO0002832,V03423,Info-mediaries,612,2025-09-19 09:27:52,2026-08-12 21:41:41.391515
PO0002833,V04078,E-services,31,2025-03-17 05:57:36,2026-08-12 21:41:41.391515
PO0002834,V00854,Schemas,-279,2024-10-16 08:57:54,2026-08-12 21:41:41.391515
PO0002836,V01696,Metrics,918,2024-10-10 00:57:20,2026-08-12 21:41:41.391515
PO0002837,V04271,Roi,836,2025-01-05 01:04:58,2026-08-12 21:41:41.391515
PO0002838,V04219,Bandwidth,816,2025-09-25 23:30:28,2026-08-12 21:41:41.391515
PO0002839,V00291,Niches,539,2025-07-17 18:09:52,2026-08-12 21:41:41.391515
PO0002840,V00956,E-tailers,150,2025-12-21 19:21:54,2026-08-12 21:41:41.391515
PO0002841,V00017,Platforms,155,2024-11-27 07:34:11,2026-08-12 21:41:41.391515
PO0002842,V03667,Models,171,2025-05-11 17:06:26,2026-08-12 21:41:41.391515
PO0002843,V02291,Paradigms,126,2026-02-26 04:45:44,2026-08-12 21:41:41.391515
PO0002844,V03863,Web-readiness,178,2026-02-18 02:18:22,2026-08-12 21:41:41.391515
PO0002845,V01887,Markets,146,2025-05-13 11:00:07,2026-08-12 21:41:41.391515
PO0002846,V00782,Channels,595,2026-01-04 06:32:29,2026-08-12 21:41:41.391515
PO0002847,V02566,Infrastructures,137,2024-09-03 20:41:37,2026-08-12 21:41:41.391515
PO0002848,V00936,Services,853,2025-11-01 08:48:27,2026-08-12 21:41:41.391515
PO0002849,V04251,Users,774,2024-06-07 07:37:53,2026-08-12 21:41:41.391515
PO0002850,V00740,E-tailers,261,2025-06-02 07:11:35,2026-08-12 21:41:41.391515
PO0002851,V00383,E-services,868,2025-05-24 10:20:53,2026-08-12 21:41:41.391515
PO0002852,V04263,Communities,626,2024-11-19 08:04:17,2026-08-12 21:41:41.391515
PO0002854,V03495,E-services,325,2025-12-31 10:48:39,2026-08-12 21:41:41.391515
PO0002855,V04411,Models,809,2025-03-10 01:21:32,2026-08-12 21:41:41.391515
PO0002856,V03748,Schemas,852,2025-06-08 23:36:24,2026-08-12 21:41:41.391515
PO0002857,V04080,Communities,419,2024-05-06 00:38:24,2026-08-12 21:41:41.391515
PO0002858,V00732,E-services,311,2025-02-26 16:45:15,2026-08-12 21:41:41.391515
PO0002859,V01925,Roi,698,2025-02-26 16:45:03,2026-08-12 21:41:41.391515
PO0002860,V04508,Convergence,405,2024-11-05 16:47:02,2026-08-12 21:41:41.391515
PO0002861,V03692,Solutions,775,2026-02-19 18:46:53,2026-08-12 21:41:41.391515
PO0002862,V01623,E-markets,234,2025-12-10 07:02:03,2026-08-12 21:41:41.391515
PO0002863,V04269,Schemas,855,2024-05-02 05:03:48,2026-08-12 21:41:41.391515
PO0002864,V02707,Channels,395,2025-01-12 18:37:47,2026-08-12 21:41:41.391515
PO0002865,V00732,E-services,123,2026-02-04 16:35:49,2026-08-12 21:41:41.391515
PO0002866,V02620,Models,638,2024-07-03 09:21:36,2026-08-12 21:41:41.391515
PO0002867,V02667,Systems,59,2026-01-12 05:56:04,2026-08-12 21:41:41.391515
PO0002868,V04858,Roi,808,2024-07-05 06:24:53,2026-08-12 21:41:41.391515
PO0002869,V00813,Platforms,768,2024-05-21 23:35:41,2026-08-12 21:41:41.391515
PO0002870,V03097,Architectures,356,2024-09-06 04:08:48,2026-08-12 21:41:41.391515
PO0002871,V02676,Experiences,632,2024-06-27 18:33:15,2026-08-12 21:41:41.391515
PO0002873,V03573,E-tailers,444,2026-01-11 04:11:17,2026-08-12 21:41:41.391515
PO0002874,V02152,E-services,570,2026-03-01 02:18:57,2026-08-12 21:41:41.391515
PO0002875,V03239,Channels,641,2025-01-31 05:25:22,2026-08-12 21:41:41.391515
PO0002876,V02798,Systems,692,2024-12-15 13:40:35,2026-08-12 21:41:41.391515
PO0002877,V02189,Markets,271,2024-09-17 07:14:56,2026-08-12 21:41:41.391515
PO0002878,V04234,E-markets,198,2025-09-09 22:26:21,2026-08-12 21:41:41.391515
PO0002881,V04815,Solutions,972,2024-06-20 21:38:50,2026-08-12 21:41:41.391515
PO0002882,V02758,Experiences,693,2026-01-01 01:17:08,2026-08-12 21:41:41.391515
PO0002883,V00482,Communities,950,2025-11-03 01:39:51,2026-08-12 21:41:41.391515
PO0002884,V01583,E-commerce,545,2024-09-09 20:34:04,2026-08-12 21:41:41.391515
PO0002886,V03423,Info-mediaries,114,2026-02-17 11:12:09,2026-08-12 21:41:41.391515
PO0002887,V01557,Convergence,172,2024-05-10 18:30:38,2026-08-12 21:41:41.391515
PO0002888,V03111,Methodologies,494,2024-07-19 00:30:14,2026-08-12 21:41:41.391515
PO0002889,V03143,Platforms,399,2025-10-20 02:35:55,2026-08-12 21:41:41.391515
PO0002890,V00572,Users,530,2025-02-23 19:43:17,2026-08-12 21:41:41.391515
PO0002891,V01644,Experiences,843,2024-05-27 14:05:52,2026-08-12 21:41:41.391515
PO0002892,V00769,Web-readiness,89,2024-12-15 12:48:19,2026-08-12 21:41:41.391515
PO0002893,V04484,Solutions,253,2025-08-05 19:38:59,2026-08-12 21:41:41.391515
PO0002894,V00070,Convergence,93,2025-11-16 20:51:40,2026-08-12 21:41:41.391515
PO0002895,V02490,Services,549,2025-06-02 00:48:30,2026-08-12 21:41:41.391515
PO0002896,V04680,Infrastructures,629,2025-03-13 05:56:49,2026-08-12 21:41:41.391515
PO0002897,V04738,Users,74,2024-04-21 06:18:31,2026-08-12 21:41:41.391515
PO0002898,V04181,E-tailers,349,2026-01-17 20:50:28,2026-08-12 21:41:41.391515
PO0002899,V00175,Services,11,2024-10-21 04:50:05,2026-08-12 21:41:41.391515
PO0002900,V00378,E-tailers,840,2025-05-08 18:48:03,2026-08-12 21:41:41.391515
PO0002901,V02356,Relationships,20,2024-08-06 12:25:28,2026-08-12 21:41:41.391515
PO0002902,V01296,Functionalities,950,2024-07-05 01:15:45,2026-08-12 21:41:41.391515
PO0002904,V00295,Architectures,55,2025-11-06 00:00:20,2026-08-12 21:41:41.391515
PO0002905,V04311,Systems,886,2025-08-29 13:18:56,2026-08-12 21:41:41.391515
PO0002906,V00740,Info-mediaries,419,2026-02-24 12:56:09,2026-08-12 21:41:41.391515
PO0002907,V00757,Networks,976,2025-05-15 10:27:59,2026-08-12 21:41:41.391515
PO0002908,V00525,Systems,144,2025-02-11 02:02:24,2026-08-12 21:41:41.391515
PO0002909,V02005,Channels,268,2024-05-29 01:46:17,2026-08-12 21:41:41.391515
PO0002910,V02786,Paradigms,508,2024-06-02 09:50:31,2026-08-12 21:41:41.391515
PO0002911,V04501,E-markets,790,2024-09-22 09:34:54,2026-08-12 21:41:41.391515
PO0002912,V01720,Action-items,910,2024-08-22 17:37:10,2026-08-12 21:41:41.391515
PO0002913,V04766,Relationships,336,2024-06-05 12:55:33,2026-08-12 21:41:41.391515
PO0002914,V03265,E-tailers,85,2025-10-12 20:00:33,2026-08-12 21:41:41.391515
PO0002915,V04192,Channels,557,2024-09-21 15:06:07,2026-08-12 21:41:41.391515
PO0002917,V00563,Partnerships,740,2025-07-23 21:42:49,2026-08-12 21:41:41.391515
PO0002918,V02324,Roi,477,2025-03-30 23:40:32,2026-08-12 21:41:41.391515
PO0002919,V04562,E-services,548,2025-06-19 19:03:55,2026-08-12 21:41:41.391515
PO0002920,V04487,E-services,757,2026-01-21 04:33:27,2026-08-12 21:41:41.391515
PO0002921,V02524,Channels,147,2025-07-22 00:04:58,2026-08-12 21:41:41.391515
PO0002922,V03689,Infrastructures,539,2025-08-14 19:49:52,2026-08-12 21:41:41.391515
PO0002923,V02266,Schemas,888,2025-07-31 10:50:20,2026-08-12 21:41:41.391515
PO0002925,V04027,Partnerships,678,2024-05-26 10:53:57,2026-08-12 21:41:41.391515
PO0002926,V01440,Networks,161,2024-06-19 06:52:35,2026-08-12 21:41:41.391515
PO0002927,V01972,Paradigms,330,2024-06-26 11:56:03,2026-08-12 21:41:41.391515
PO0002928,V03573,Platforms,536,2026-01-05 06:42:14,2026-08-12 21:41:41.391515
PO0002929,V01622,Platforms,878,2024-11-18 09:36:34,2026-08-12 21:41:41.391515
PO0002932,V00713,Roi,896,2024-04-28 06:21:41,2026-08-12 21:41:41.391515
PO0002933,V00034,Channels,996,2024-09-28 00:11:17,2026-08-12 21:41:41.391515
PO0002934,V02279,Action-items,624,2024-12-05 07:49:59,2026-08-12 21:41:41.391515
PO0002935,V04531,Paradigms,664,2026-04-01 19:16:23,2026-08-12 21:41:41.391515
PO0002936,V01186,Platforms,754,2026-04-15 15:08:55,2026-08-12 21:41:41.391515
PO0002937,V00917,E-services,713,2025-04-21 19:54:31,2026-08-12 21:41:41.391515
PO0002938,V01294,Web-readiness,84,2026-01-09 17:01:40,2026-08-12 21:41:41.391515
PO0002941,V03817,E-markets,501,2024-07-10 01:38:34,2026-08-12 21:41:41.391515
PO0002942,V04264,Markets,872,2025-11-21 17:09:04,2026-08-12 21:41:41.391515
PO0002944,V02109,Infrastructures,729,2025-05-08 13:24:30,2026-08-12 21:41:41.391515
PO0002945,V00849,E-services,600,2025-11-19 15:18:21,2026-08-12 21:41:41.391515
PO0002946,V00967,E-markets,143,2024-07-03 19:50:01,2026-08-12 21:41:41.391515
PO0002947,V03646,Experiences,913,2025-07-20 00:52:13,2026-08-12 21:41:41.391515
PO0002948,V02031,Bandwidth,284,2026-01-16 23:13:04,2026-08-12 21:41:41.391515
PO0002949,V04553,Infrastructures,949,2025-04-15 10:52:48,2026-08-12 21:41:41.391515
PO0002950,V02948,Partnerships,10,2025-11-30 19:32:13,2026-08-12 21:41:41.391515
PO0002951,V02680,E-services,22,2025-09-06 14:39:17,2026-08-12 21:41:41.391515
PO0002952,V04217,Action-items,74,2025-06-22 21:56:58,2026-08-12 21:41:41.391515
PO0002953,V02215,Action-items,399,2025-03-06 07:14:10,2026-08-12 21:41:41.391515
PO0002954,V03083,E-services,94,2024-05-23 09:59:02,2026-08-12 21:41:41.391515
PO0002955,V00636,Infrastructures,684,2025-12-15 09:00:03,2026-08-12 21:41:41.391515
PO0002956,V00471,Systems,705,2025-11-20 22:33:27,2026-08-12 21:41:41.391515
PO0002957,V01703,Models,698,2024-07-08 12:48:58,2026-08-12 21:41:41.391515
PO0002958,V03668,Roi,985,2026-03-06 02:48:11,2026-08-12 21:41:41.391515
PO0002959,V01999,Relationships,231,2025-08-20 14:35:04,2026-08-12 21:41:41.391515
PO0002961,V01333,Users,906,2025-02-13 08:09:34,2026-08-12 21:41:41.391515
PO0002962,V01027,Metrics,299,2026-03-05 17:06:34,2026-08-12 21:41:41.391515
PO0002963,V03359,Infrastructures,693,2026-04-08 06:32:31,2026-08-12 21:41:41.391515
PO0002964,V03355,Users,230,2024-08-16 20:32:58,2026-08-12 21:41:41.391515
PO0002965,V01708,E-business,370,2025-11-29 18:02:10,2026-08-12 21:41:41.391515
PO0002966,V00636,Niches,73,2026-04-18 01:18:33,2026-08-12 21:41:41.391515
PO0002967,V01877,E-services,652,2025-01-18 13:43:43,2026-08-12 21:41:41.391515
PO0002968,V01194,Platforms,253,2025-10-01 02:04:08,2026-08-12 21:41:41.391515
PO0002969,V03529,Functionalities,477,2025-10-25 14:07:51,2026-08-12 21:41:41.391515
PO0002970,V01275,Platforms,669,2025-08-10 02:53:24,2026-08-12 21:41:41.391515
PO0002972,V01481,Metrics,406,2024-05-27 13:33:15,2026-08-12 21:41:41.391515
PO0002973,V01066,E-tailers,484,2025-10-30 14:43:54,2026-08-12 21:41:41.391515
PO0002974,V03548,Systems,870,2025-05-17 01:26:00,2026-08-12 21:41:41.391515
PO0002975,V03525,Schemas,509,2024-11-04 16:33:10,2026-08-12 21:41:41.391515
PO0002976,V03126,Platforms,562,2024-07-03 12:45:50,2026-08-12 21:41:41.391515
PO0002977,V04332,Niches,456,2025-07-13 22:21:25,2026-08-12 21:41:41.391515
PO0002978,V03798,Infrastructures,105,2025-09-03 08:02:14,2026-08-12 21:41:41.391515
PO0002979,V04242,E-markets,629,2024-11-25 07:00:41,2026-08-12 21:41:41.391515
PO0002980,V00269,E-commerce,518,2026-02-03 15:35:39,2026-08-12 21:41:41.391515
PO0002981,V01557,E-tailers,591,2025-08-25 02:32:51,2026-08-12 21:41:41.391515
PO0002982,V02939,E-business,137,2025-04-15 11:20:16,2026-08-12 21:41:41.391515
PO0002983,V03514,E-services,515,2026-01-16 01:35:33,2026-08-12 21:41:41.391515
PO0002984,V03276,Niches,406,2025-05-29 22:04:25,2026-08-12 21:41:41.391515
PO0002985,V01187,Solutions,637,2024-12-29 06:47:00,2026-08-12 21:41:41.391515
PO0002986,V01720,Action-items,-954,2026-02-20 16:29:12,2026-08-12 21:41:41.391515
PO0002987,V03815,Schemas,819,2025-01-26 05:54:21,2026-08-12 21:41:41.391515
PO0002988,V04008,Channels,642,2026-04-03 13:47:33,2026-08-12 21:41:41.391515
PO0002991,V03039,Niches,764,2024-07-20 14:05:37,2026-08-12 21:41:41.391515
PO0002992,V03620,Paradigms,461,2024-06-16 20:19:54,2026-08-12 21:41:41.391515
PO0002993,V02273,Metrics,-869,2024-09-25 00:54:41,2026-08-12 21:41:41.391515
PO0002994,V01869,Services,857,2025-03-23 20:41:29,2026-08-12 21:41:41.391515
PO0002995,V02595,E-commerce,241,2025-01-07 15:46:21,2026-08-12 21:41:41.391515
PO0002996,V02408,Markets,290,2024-10-08 13:42:56,2026-08-12 21:41:41.391515
PO0002997,V01980,Systems,725,2025-01-05 07:18:30,2026-08-12 21:41:41.391515
PO0002998,V03886,Architectures,439,2025-06-03 18:07:41,2026-08-12 21:41:41.391515
PO0002999,V04885,E-services,698,2024-08-24 16:05:19,2026-08-12 21:41:41.391515
PO0003000,V04108,Bandwidth,806,2025-10-18 12:07:05,2026-08-12 21:41:41.391515
PO0003001,V02763,Communities,678,2024-07-19 17:34:45,2026-08-12 21:41:41.391515
PO0003002,V01465,E-markets,983,2024-05-05 14:06:08,2026-08-12 21:41:41.391515
PO0003003,V04891,Functionalities,108,2025-04-20 01:06:54,2026-08-12 21:41:41.391515
PO0003004,V01034,Architectures,709,2026-04-04 15:08:06,2026-08-12 21:41:41.391515
PO0003005,V00913,Users,11,2024-08-25 07:21:42,2026-08-12 21:41:41.391515
PO0003006,V03392,Systems,320,2025-06-25 12:08:01,2026-08-12 21:41:41.391515
PO0003008,V01033,Networks,795,2025-09-25 01:39:03,2026-08-12 21:41:41.391515
PO0003009,V02679,Niches,297,2026-02-20 14:29:07,2026-08-12 21:41:41.391515
PO0003010,V01753,Solutions,556,2026-01-28 05:14:36,2026-08-12 21:41:41.391515
PO0003012,V02225,Experiences,978,2025-05-28 21:53:27,2026-08-12 21:41:41.391515
PO0003013,V03637,Roi,773,2025-11-17 09:58:11,2026-08-12 21:41:41.391515
PO0003014,V01258,Metrics,963,2024-04-20 16:44:04,2026-08-12 21:41:41.391515
PO0003015,V01465,E-markets,736,2025-04-19 08:48:55,2026-08-12 21:41:41.391515
PO0003016,V01580,E-markets,402,2024-08-02 21:15:40,2026-08-12 21:41:41.391515
PO0003017,V01344,Schemas,775,2025-12-14 09:03:11,2026-08-12 21:41:41.391515
PO0003018,V02074,Users,943,2025-04-16 11:59:39,2026-08-12 21:41:41.391515
PO0003019,V01652,Convergence,997,2025-07-27 01:34:48,2026-08-12 21:41:41.391515
PO0003020,V00539,Experiences,310,2025-11-29 16:02:42,2026-08-12 21:41:41.391515
PO0003021,V03932,Schemas,697,2024-05-31 16:31:53,2026-08-12 21:41:41.391515
PO0003022,V01186,Infrastructures,631,2025-10-25 09:50:27,2026-08-12 21:41:41.391515
PO0003023,V01360,Platforms,373,2024-10-11 02:07:37,2026-08-12 21:41:41.391515
PO0003024,V01586,Experiences,876,2025-04-16 11:21:55,2026-08-12 21:41:41.391515
PO0003025,V00786,Communities,903,2024-07-13 23:05:50,2026-08-12 21:41:41.391515
PO0003026,V02282,Bandwidth,97,2025-03-06 17:41:30,2026-08-12 21:41:41.391515
PO0003027,V00527,Convergence,828,2024-07-09 04:07:37,2026-08-12 21:41:41.391515
PO0003029,V03135,Users,947,2024-05-09 08:38:06,2026-08-12 21:41:41.391515
PO0003030,V02801,Niches,525,2025-06-21 03:59:11,2026-08-12 21:41:41.391515
PO0003031,V01294,Web-readiness,762,2025-10-06 03:32:44,2026-08-12 21:41:41.391515
PO0003032,V03302,Architectures,35,2025-05-20 16:16:58,2026-08-12 21:41:41.391515
PO0003033,V03302,Architectures,980,2024-07-13 06:38:19,2026-08-12 21:41:41.391515
PO0003034,V02373,Roi,898,2025-12-14 05:28:00,2026-08-12 21:41:41.391515
PO0003035,V04924,Users,813,2025-08-09 03:13:26,2026-08-12 21:41:41.391515
PO0003036,V04108,Bandwidth,865,2025-04-18 01:16:13,2026-08-12 21:41:41.391515
PO0003037,V01509,Partnerships,831,2026-01-26 09:46:57,2026-08-12 21:41:41.391515
PO0003038,V01400,E-business,765,2024-08-16 02:39:57,2026-08-12 21:41:41.391515
PO0003039,V01821,E-services,508,2024-07-27 19:25:25,2026-08-12 21:41:41.391515
PO0003040,V00463,E-business,212,2026-03-13 05:01:14,2026-08-12 21:41:41.391515
PO0003041,V03422,Users,229,2024-09-22 12:41:31,2026-08-12 21:41:41.391515
PO0003042,V04773,Niches,562,2025-09-25 17:30:12,2026-08-12 21:41:41.391515
PO0003043,V01552,Metrics,259,2025-07-24 17:14:18,2026-08-12 21:41:41.391515
PO0003044,V01243,E-business,908,2026-03-01 20:04:25,2026-08-12 21:41:41.391515
PO0003045,V01333,Platforms,644,2025-11-27 21:27:17,2026-08-12 21:41:41.391515
PO0003046,V03046,Niches,532,2025-07-18 18:45:28,2026-08-12 21:41:41.391515
PO0003047,V01207,Users,454,2025-08-23 06:00:29,2026-08-12 21:41:41.391515
PO0003048,V01335,Systems,764,2025-02-10 10:08:02,2026-08-12 21:41:41.391515
PO0003049,V01032,Metrics,979,2024-10-30 05:00:50,2026-08-12 21:41:41.391515
PO0003050,V04636,Channels,444,2025-04-26 16:56:14,2026-08-12 21:41:41.391515
PO0003051,V02195,Schemas,958,2025-05-03 22:04:57,2026-08-12 21:41:41.391515
PO0003053,V03490,Action-items,602,2024-07-20 16:35:38,2026-08-12 21:41:41.391515
PO0003054,V03932,Schemas,108,2025-06-07 22:07:59,2026-08-12 21:41:41.391515
PO0003055,V02324,Roi,735,2024-09-18 18:31:17,2026-08-12 21:41:41.391515
PO0003056,V02679,Niches,837,2025-04-29 20:18:08,2026-08-12 21:41:41.391515
PO0003057,V03894,Networks,965,2025-01-06 04:45:43,2026-08-12 21:41:41.391515
PO0003058,V03075,Solutions,588,2026-01-28 12:19:57,2026-08-12 21:41:41.391515
PO0003059,V03360,Relationships,265,2024-10-11 01:53:34,2026-08-12 21:41:41.391515
PO0003060,V03444,Bandwidth,81,2024-05-19 07:45:59,2026-08-12 21:41:41.391515
PO0003062,V00342,Users,850,2026-03-01 05:00:01,2026-08-12 21:41:41.391515
PO0003063,V02749,Channels,334,2025-03-09 15:06:14,2026-08-12 21:41:41.391515
PO0003064,V01122,Platforms,227,2025-06-26 16:57:44,2026-08-12 21:41:41.391515
PO0003065,V04706,Platforms,717,2026-02-17 13:05:28,2026-08-12 21:41:41.391515
PO0003066,V03745,Channels,185,2024-07-09 08:57:02,2026-08-12 21:41:41.391515
PO0003067,V01100,Relationships,133,2026-03-17 19:14:50,2026-08-12 21:41:41.391515
PO0003068,V01058,Platforms,480,2026-03-20 08:10:00,2026-08-12 21:41:41.391515
PO0003069,V00784,E-commerce,285,2024-04-23 10:11:03,2026-08-12 21:41:41.391515
PO0003070,V03512,Networks,815,2024-09-06 10:02:37,2026-08-12 21:41:41.391515
PO0003071,V02295,Experiences,879,2025-12-29 00:59:17,2026-08-12 21:41:41.391515
PO0003072,V04036,Schemas,542,2024-11-26 18:26:30,2026-08-12 21:41:41.391515
PO0003073,V00886,Metrics,831,2025-06-16 21:33:13,2026-08-12 21:41:41.391515
PO0003074,V02919,Convergence,755,2024-04-29 14:23:15,2026-08-12 21:41:41.391515
PO0003076,V00646,Info-mediaries,891,2025-10-31 10:02:58,2026-08-12 21:41:41.391515
PO0003077,V00757,Networks,563,2025-10-26 09:18:48,2026-08-12 21:41:41.391515
PO0003078,V00282,Users,-126,2025-06-18 11:02:35,2026-08-12 21:41:41.391515
PO0003079,V02797,Niches,930,2025-01-27 13:10:58,2026-08-12 21:41:41.391515
PO0003080,V02482,E-tailers,505,2025-12-18 06:02:44,2026-08-12 21:41:41.391515
PO0003081,V01703,Models,740,2025-01-16 08:01:53,2026-08-12 21:41:41.391515
PO0003082,V03650,E-tailers,885,2025-04-14 14:08:17,2026-08-12 21:41:41.391515
PO0003083,V03434,Roi,860,2026-02-20 12:40:54,2026-08-12 21:41:41.391515
PO0003084,V04236,Models,116,2025-05-11 18:11:52,2026-08-12 21:41:41.391515
PO0003085,V03697,Niches,695,2024-05-12 10:58:00,2026-08-12 21:41:41.391515
PO0003086,V04225,Solutions,194,2024-04-29 10:46:24,2026-08-12 21:41:41.391515
PO0003087,V00010,Markets,142,2024-08-27 19:55:16,2026-08-12 21:41:41.391515
PO0003088,V02127,Solutions,711,2025-09-05 21:52:59,2026-08-12 21:41:41.391515
PO0003089,V01783,Infrastructures,9,2024-11-03 13:00:47,2026-08-12 21:41:41.391515
PO0003090,V03867,Platforms,111,2025-09-19 17:39:31,2026-08-12 21:41:41.391515
PO0003091,V04893,E-services,919,2026-02-21 07:13:47,2026-08-12 21:41:41.391515
PO0003092,V01670,Systems,347,2024-12-01 17:04:48,2026-08-12 21:41:41.391515
PO0003093,V01590,Infrastructures,185,2024-09-15 19:28:57,2026-08-12 21:41:41.391515
PO0003094,V00857,E-business,524,2025-12-29 03:28:47,2026-08-12 21:41:41.391515
PO0003095,V03693,Paradigms,67,2025-12-05 13:20:18,2026-08-12 21:41:41.391515
PO0003096,V03850,Markets,562,2024-07-31 19:53:31,2026-08-12 21:41:41.391515
PO0003097,V04710,Methodologies,580,2024-09-30 16:08:25,2026-08-12 21:41:41.391515
PO0003098,V03689,Solutions,469,2026-02-27 16:19:11,2026-08-12 21:41:41.391515
PO0003099,V04013,Paradigms,217,2025-02-19 00:23:00,2026-08-12 21:41:41.391515
PO0003100,V03430,Channels,565,2024-09-09 15:37:29,2026-08-12 21:41:41.391515
PO0003101,V03076,E-services,420,2024-08-22 01:05:44,2026-08-12 21:41:41.391515
PO0003102,V01133,E-services,692,2026-01-18 05:08:03,2026-08-12 21:41:41.391515
PO0003103,V02844,Systems,889,2024-07-21 09:52:42,2026-08-12 21:41:41.391515
PO0003104,V04303,Systems,796,2025-02-15 11:24:38,2026-08-12 21:41:41.391515
PO0003105,V03538,E-services,759,2025-07-16 10:51:46,2026-08-12 21:41:41.391515
PO0003106,V02547,Channels,389,2024-05-17 13:30:27,2026-08-12 21:41:41.391515
PO0003108,V03356,Metrics,955,2025-02-10 14:52:40,2026-08-12 21:41:41.391515
PO0003109,V04961,Partnerships,467,2025-07-29 22:56:08,2026-08-12 21:41:41.391515
PO0003110,V01430,Channels,593,2025-09-19 13:11:04,2026-08-12 21:41:41.391515
PO0003111,V02649,E-tailers,40,2025-12-01 23:19:37,2026-08-12 21:41:41.391515
PO0003112,V02469,Bandwidth,738,2025-02-09 01:07:39,2026-08-12 21:41:41.391515
PO0003113,V00003,Services,684,2025-06-20 08:37:20,2026-08-12 21:41:41.391515
PO0003114,V02713,Relationships,834,2025-01-16 17:36:19,2026-08-12 21:41:41.391515
PO0003115,V03297,Infrastructures,867,2026-02-04 19:50:05,2026-08-12 21:41:41.391515
PO0003116,V02335,Metrics,550,2025-04-07 02:38:14,2026-08-12 21:41:41.391515
PO0003117,V01406,Niches,107,2024-11-05 15:07:45,2026-08-12 21:41:41.391515
PO0003118,V04540,Models,895,2025-02-21 11:05:34,2026-08-12 21:41:41.391515
PO0003119,V01167,E-business,944,2025-09-17 14:26:04,2026-08-12 21:41:41.391515
PO0003120,V01564,Methodologies,340,2025-04-19 17:52:27,2026-08-12 21:41:41.391515
PO0003121,V04504,Partnerships,7,2024-05-03 11:34:15,2026-08-12 21:41:41.391515
PO0003122,V03675,Solutions,104,2025-02-14 02:25:27,2026-08-12 21:41:41.391515
PO0003123,V01773,Schemas,959,2025-12-31 01:02:52,2026-08-12 21:41:41.391515
PO0003124,V03707,Platforms,64,2025-03-27 16:40:38,2026-08-12 21:41:41.391515
PO0003125,V02321,Platforms,762,2025-09-29 22:03:27,2026-08-12 21:41:41.391515
PO0003127,V04486,E-business,150,2025-01-19 21:57:19,2026-08-12 21:41:41.391515
PO0003128,V00590,Systems,715,2024-06-08 11:58:21,2026-08-12 21:41:41.391515
PO0003129,V04393,Systems,187,2025-03-23 09:09:19,2026-08-12 21:41:41.391515
PO0003130,V03991,Platforms,756,2025-08-12 09:02:17,2026-08-12 21:41:41.391515
PO0003131,V03887,Users,519,2025-10-06 00:27:12,2026-08-12 21:41:41.391515
PO0003132,V01199,E-markets,534,2024-07-18 23:12:17,2026-08-12 21:41:41.391515
PO0003134,V03370,Partnerships,951,2025-07-11 00:04:29,2026-08-12 21:41:41.391515
PO0003135,V00845,Schemas,765,2026-02-06 23:49:00,2026-08-12 21:41:41.391515
PO0003136,V04503,Roi,427,2026-03-29 05:39:18,2026-08-12 21:41:41.391515
PO0003137,V00812,Niches,250,2026-04-11 12:55:49,2026-08-12 21:41:41.391515
PO0003139,V00307,E-business,102,2025-10-11 08:51:12,2026-08-12 21:41:41.391515
PO0003140,V04101,Users,819,2025-11-20 10:29:34,2026-08-12 21:41:41.391515
PO0003141,V01233,Channels,613,2026-04-17 19:38:51,2026-08-12 21:41:41.391515
PO0003142,V02868,E-business,25,2026-02-28 13:26:19,2026-08-12 21:41:41.391515
PO0003143,V02469,Bandwidth,564,2024-08-06 07:56:58,2026-08-12 21:41:41.391515
PO0003144,V00934,Schemas,900,2024-06-26 11:30:36,2026-08-12 21:41:41.391515
PO0003145,V04729,Networks,703,2024-12-23 23:58:19,2026-08-12 21:41:41.391515
PO0003146,V01854,Paradigms,995,2024-05-30 15:56:11,2026-08-12 21:41:41.391515
PO0003147,V01343,Users,826,2025-11-10 12:28:53,2026-08-12 21:41:41.391515
PO0003148,V03874,Roi,106,2024-07-16 16:08:11,2026-08-12 21:41:41.391515
PO0003149,V04153,E-services,192,2026-01-29 11:13:47,2026-08-12 21:41:41.391515
PO0003150,V02892,Web-readiness,746,2025-02-27 19:14:03,2026-08-12 21:41:41.391515
PO0003151,V00526,Web-readiness,465,2026-03-13 21:38:45,2026-08-12 21:41:41.391515
PO0003152,V02119,Paradigms,467,2024-12-05 14:52:31,2026-08-12 21:41:41.391515
PO0003153,V02662,Solutions,872,2026-01-17 14:25:29,2026-08-12 21:41:41.391515
PO0003154,V04535,Experiences,724,2024-08-08 18:44:43,2026-08-12 21:41:41.391515
PO0003155,V04101,Platforms,515,2025-02-13 16:23:19,2026-08-12 21:41:41.391515
PO0003156,V04220,Infrastructures,901,2024-06-13 11:23:48,2026-08-12 21:41:41.391515
PO0003157,V00597,Markets,561,2024-04-21 10:25:11,2026-08-12 21:41:41.391515
PO0003158,V02985,Services,919,2025-04-26 02:24:53,2026-08-12 21:41:41.391515
PO0003159,V02089,Channels,167,2026-04-08 14:34:21,2026-08-12 21:41:41.391515
PO0003160,V01347,E-markets,673,2024-04-25 11:59:43,2026-08-12 21:41:41.391515
PO0003161,V04638,Niches,742,2024-10-04 00:16:02,2026-08-12 21:41:41.391515
PO0003162,V03124,Models,522,2024-09-18 12:10:24,2026-08-12 21:41:41.391515
PO0003163,V01374,E-services,803,2025-01-25 17:13:54,2026-08-12 21:41:41.391515
PO0003164,V01073,Paradigms,474,2024-05-24 01:31:16,2026-08-12 21:41:41.391515
PO0003165,V00959,Paradigms,75,2026-01-09 18:29:44,2026-08-12 21:41:41.391515
PO0003166,V02883,Infrastructures,906,2025-09-03 22:16:15,2026-08-12 21:41:41.391515
PO0003167,V00833,Infrastructures,677,2025-05-28 23:40:16,2026-08-12 21:41:41.391515
PO0003168,V03781,E-services,151,2025-12-04 15:10:52,2026-08-12 21:41:41.391515
PO0003169,V04861,Paradigms,459,2024-11-04 10:09:41,2026-08-12 21:41:41.391515
PO0003170,V01793,Roi,218,2026-03-12 10:57:09,2026-08-12 21:41:41.391515
PO0003171,V00569,Solutions,962,2025-12-16 05:25:26,2026-08-12 21:41:41.391515
PO0003172,V01788,Architectures,397,2024-08-17 14:18:30,2026-08-12 21:41:41.391515
PO0003173,V00205,Networks,455,2024-11-23 02:19:49,2026-08-12 21:41:41.391515
PO0003174,V02150,Users,894,2026-02-06 02:00:33,2026-08-12 21:41:41.391515
PO0003175,V02803,Users,636,2024-09-29 13:55:52,2026-08-12 21:41:41.391515
PO0003176,V04430,Relationships,243,2025-10-15 21:37:20,2026-08-12 21:41:41.391515
PO0003178,V01817,Metrics,218,2025-10-09 16:53:57,2026-08-12 21:41:41.391515
PO0003179,V03637,Roi,927,2024-07-14 09:26:44,2026-08-12 21:41:41.391515
PO0003180,V01448,Web-readiness,941,2025-08-12 13:52:01,2026-08-12 21:41:41.391515
PO0003181,V02413,Info-mediaries,693,2025-06-10 00:49:59,2026-08-12 21:41:41.391515
PO0003182,V00734,Systems,54,2026-02-19 10:02:32,2026-08-12 21:41:41.391515
PO0003183,V00768,E-services,627,2024-10-07 13:00:24,2026-08-12 21:41:41.391515
PO0003184,V04139,Networks,460,2025-07-10 20:46:39,2026-08-12 21:41:41.391515
PO0003185,V04604,Methodologies,796,2024-08-02 09:10:36,2026-08-12 21:41:41.391515
PO0003186,V03165,Users,19,2024-11-28 03:17:45,2026-08-12 21:41:41.391515
PO0003187,V03345,Niches,520,2025-06-12 20:36:28,2026-08-12 21:41:41.391515
PO0003188,V03881,Functionalities,501,2026-02-11 07:44:31,2026-08-12 21:41:41.391515
PO0003189,V03615,Paradigms,619,2024-12-01 11:00:58,2026-08-12 21:41:41.391515
PO0003190,V03397,E-markets,86,2025-05-14 00:01:57,2026-08-12 21:41:41.391515
PO0003191,V02408,Markets,364,2024-06-08 05:43:53,2026-08-12 21:41:41.391515
PO0003192,V01167,Communities,211,2024-10-06 04:33:25,2026-08-12 21:41:41.391515
PO0003193,V02047,Relationships,616,2024-05-06 07:50:07,2026-08-12 21:41:41.391515
PO0003194,V01114,Architectures,467,2024-04-25 22:40:17,2026-08-12 21:41:41.391515
PO0003195,V01735,Platforms,479,2024-12-08 03:11:54,2026-08-12 21:41:41.391515
PO0003196,V01068,Methodologies,70,2026-03-28 01:23:44,2026-08-12 21:41:41.391515
PO0003197,V01510,Paradigms,439,2024-07-10 05:21:16,2026-08-12 21:41:41.391515
PO0003198,V02911,Action-items,266,2025-11-12 16:29:48,2026-08-12 21:41:41.391515
PO0003199,V02195,Partnerships,137,2025-03-14 04:21:43,2026-08-12 21:41:41.391515
PO0003200,V01877,Users,811,2025-07-28 13:47:42,2026-08-12 21:41:41.391515
PO0003201,V03294,Convergence,706,2026-01-06 15:54:27,2026-08-12 21:41:41.391515
PO0003203,V04418,Platforms,626,2024-06-14 22:42:54,2026-08-12 21:41:41.391515
PO0003204,V02738,E-markets,749,2026-01-10 07:07:17,2026-08-12 21:41:41.391515
PO0003206,V01612,Solutions,412,2024-12-19 18:10:01,2026-08-12 21:41:41.391515
PO0003207,V03245,Methodologies,97,2026-02-13 13:17:01,2026-08-12 21:41:41.391515
PO0003208,V01855,Roi,373,2024-10-12 14:12:30,2026-08-12 21:41:41.391515
PO0003209,V00046,Schemas,690,2024-05-24 09:32:17,2026-08-12 21:41:41.391515
PO0003210,V01347,Users,671,2024-08-10 11:10:08,2026-08-12 21:41:41.391515
PO0003211,V03973,Channels,492,2024-07-05 09:43:25,2026-08-12 21:41:41.391515
PO0003212,V04604,Methodologies,19,2025-01-29 01:48:17,2026-08-12 21:41:41.391515
PO0003214,V01095,Roi,1000,2024-06-12 08:42:50,2026-08-12 21:41:41.391515
PO0003215,V01252,Convergence,543,2025-02-04 21:01:45,2026-08-12 21:41:41.391515
PO0003217,V02528,Architectures,679,2025-10-29 00:16:03,2026-08-12 21:41:41.391515
PO0003219,V00538,E-commerce,907,2025-12-02 03:39:27,2026-08-12 21:41:41.391515
PO0003221,V02152,E-services,339,2025-10-24 19:49:27,2026-08-12 21:41:41.391515
PO0003222,V02738,E-markets,339,2025-06-19 05:50:36,2026-08-12 21:41:41.391515
PO0003223,V04269,Users,922,2025-02-13 11:32:01,2026-08-12 21:41:41.391515
PO0003225,V02183,E-services,768,2024-11-29 21:06:47,2026-08-12 21:41:41.391515
PO0003226,V01613,Niches,669,2025-02-26 00:30:02,2026-08-12 21:41:41.391515
PO0003227,V03517,Communities,148,2025-10-23 17:52:43,2026-08-12 21:41:41.391515
PO0003228,V03840,Systems,662,2025-12-25 20:54:48,2026-08-12 21:41:41.391515
PO0003229,V00444,Niches,179,2024-10-25 08:34:36,2026-08-12 21:41:41.391515
PO0003230,V03910,Relationships,204,2024-10-14 11:58:38,2026-08-12 21:41:41.391515
PO0003231,V01877,Users,253,2025-09-18 15:52:34,2026-08-12 21:41:41.391515
PO0003232,V03596,E-tailers,139,2026-02-20 23:56:53,2026-08-12 21:41:41.391515
PO0003233,V01091,Methodologies,16,2026-04-14 19:13:39,2026-08-12 21:41:41.391515
PO0003234,V03973,Channels,971,2025-08-08 06:37:32,2026-08-12 21:41:41.391515
PO0003235,V01233,Services,13,2026-02-16 22:22:32,2026-08-12 21:41:41.391515
PO0003236,V03226,Schemas,860,2024-12-30 07:43:38,2026-08-12 21:41:41.391515
PO0003237,V04066,Networks,827,2024-10-15 17:30:29,2026-08-12 21:41:41.391515
PO0003238,V00277,Schemas,493,2024-12-14 16:21:10,2026-08-12 21:41:41.391515
PO0003239,V04714,Metrics,298,2025-06-19 04:00:00,2026-08-12 21:41:41.391515
PO0003240,V02561,Web-readiness,525,2024-06-27 11:13:54,2026-08-12 21:41:41.391515
PO0003241,V02577,E-services,520,2024-06-29 14:37:45,2026-08-12 21:41:41.391515
PO0003242,V03884,Methodologies,889,2024-04-20 10:42:58,2026-08-12 21:41:41.391515
PO0003243,V03051,Platforms,25,2024-12-27 02:29:32,2026-08-12 21:41:41.391515
PO0003244,V04909,Relationships,100,2024-05-01 06:29:48,2026-08-12 21:41:41.391515
PO0003245,V01135,Bandwidth,819,2026-01-15 01:32:28,2026-08-12 21:41:41.391515
PO0003246,V01727,Solutions,889,2024-07-19 01:01:11,2026-08-12 21:41:41.391515
PO0003247,V02688,Networks,423,2026-03-02 21:13:28,2026-08-12 21:41:41.391515
PO0003248,V04551,Solutions,14,2025-11-30 03:15:12,2026-08-12 21:41:41.391515
PO0003249,V02898,Infrastructures,804,2024-11-18 11:44:58,2026-08-12 21:41:41.391515
PO0003250,V04441,Roi,947,2026-03-27 10:39:18,2026-08-12 21:41:41.391515
PO0003254,V03992,Infrastructures,583,2025-12-06 01:55:19,2026-08-12 21:41:41.391515
PO0003255,V04535,Experiences,589,2024-08-16 18:18:46,2026-08-12 21:41:41.391515
PO0003256,V02709,Systems,875,2025-05-04 01:19:32,2026-08-12 21:41:41.391515
PO0003257,V03928,Bandwidth,282,2025-05-15 16:34:47,2026-08-12 21:41:41.391515
PO0003258,V02829,Channels,676,2026-01-15 02:59:09,2026-08-12 21:41:41.391515
PO0003259,V03416,Systems,228,2026-01-05 21:33:45,2026-08-12 21:41:41.391515
PO0003260,V03296,E-services,306,2025-07-16 13:14:29,2026-08-12 21:41:41.391515
PO0003261,V00180,Services,755,2025-12-20 11:21:26,2026-08-12 21:41:41.391515
PO0003262,V04519,Solutions,784,2025-03-13 17:10:31,2026-08-12 21:41:41.391515
PO0003265,V02405,Partnerships,892,2024-12-22 14:28:40,2026-08-12 21:41:41.391515
PO0003267,V03551,Markets,334,2024-10-26 16:31:32,2026-08-12 21:41:41.391515
PO0003268,V03831,Schemas,8,2025-06-20 14:39:09,2026-08-12 21:41:41.391515
PO0003269,V04246,Schemas,273,2025-01-04 17:34:04,2026-08-12 21:41:41.391515
PO0003270,V03991,E-markets,872,2024-12-23 07:08:57,2026-08-12 21:41:41.391515
PO0003271,V01984,Paradigms,430,2025-11-17 05:55:03,2026-08-12 21:41:41.391515
PO0003272,V00765,Schemas,754,2025-12-03 03:17:21,2026-08-12 21:41:41.391515
PO0003273,V00521,Functionalities,953,2026-03-29 05:43:07,2026-08-12 21:41:41.391515
PO0003274,V01466,Paradigms,622,2026-02-18 06:32:36,2026-08-12 21:41:41.391515
PO0003275,V01871,Networks,563,2024-07-13 08:28:56,2026-08-12 21:41:41.391515
PO0003276,V02859,Partnerships,150,2024-08-02 06:36:27,2026-08-12 21:41:41.391515
PO0003277,V01584,E-business,631,2025-06-16 02:30:59,2026-08-12 21:41:41.391515
PO0003278,V04905,Channels,857,2025-12-07 10:00:14,2026-08-12 21:41:41.391515
PO0003279,V03712,Systems,483,2024-06-16 07:37:53,2026-08-12 21:41:41.391515
PO0003280,V01513,Paradigms,247,2026-03-22 14:07:31,2026-08-12 21:41:41.391515
PO0003281,V02159,Methodologies,527,2025-04-01 18:53:30,2026-08-12 21:41:41.391515
PO0003283,V02916,Users,715,2025-05-05 16:23:06,2026-08-12 21:41:41.391515
PO0003285,V03609,E-tailers,797,2026-01-04 23:06:12,2026-08-12 21:41:41.391515
PO0003286,V02036,Methodologies,845,2024-07-03 11:59:17,2026-08-12 21:41:41.391515
PO0003287,V01854,Functionalities,911,2024-07-31 01:51:54,2026-08-12 21:41:41.391515
PO0003288,V01945,Platforms,361,2024-10-16 22:10:20,2026-08-12 21:41:41.391515
PO0003289,V04906,Functionalities,848,2025-07-22 00:59:23,2026-08-12 21:41:41.391515
PO0003290,V03104,Networks,531,2025-02-01 00:55:21,2026-08-12 21:41:41.391515
PO0003291,V01872,Niches,744,2025-12-03 06:14:37,2026-08-12 21:41:41.391515
PO0003292,V02272,Platforms,287,2025-06-29 03:17:30,2026-08-12 21:41:41.391515
PO0003293,V02922,Services,9,2025-05-09 14:55:12,2026-08-12 21:41:41.391515
PO0003294,V04838,Models,711,2025-05-16 13:33:26,2026-08-12 21:41:41.391515
PO0003295,V04474,Metrics,643,2024-07-03 11:38:57,2026-08-12 21:41:41.391515
PO0003296,V03016,Solutions,147,2025-01-08 03:42:14,2026-08-12 21:41:41.391515
PO0003297,V03983,Relationships,342,2025-01-24 09:34:37,2026-08-12 21:41:41.391515
PO0003298,V02095,Web-readiness,132,2024-11-05 15:25:21,2026-08-12 21:41:41.391515
PO0003299,V02350,E-markets,872,2024-08-16 05:11:47,2026-08-12 21:41:41.391515
PO0003300,V01936,Roi,304,2025-02-04 08:25:09,2026-08-12 21:41:41.391515
PO0003301,V02338,Users,911,2026-02-10 09:25:06,2026-08-12 21:41:41.391515
PO0003302,V03477,Channels,387,2026-04-17 06:19:24,2026-08-12 21:41:41.391515
PO0003303,V04110,Web-readiness,430,2025-08-27 17:10:08,2026-08-12 21:41:41.391515
PO0003306,V01383,Markets,467,2025-09-21 12:50:57,2026-08-12 21:41:41.391515
PO0003308,V03134,Systems,521,2025-07-26 22:06:21,2026-08-12 21:41:41.391515
PO0003309,V02994,Niches,970,2025-04-11 17:52:04,2026-08-12 21:41:41.391515
PO0003310,V04695,Solutions,-960,2024-08-20 21:15:44,2026-08-12 21:41:41.391515
PO0003311,V01087,Communities,292,2024-10-11 09:18:24,2026-08-12 21:41:41.391515
PO0003312,V02639,E-services,704,2025-11-09 09:29:27,2026-08-12 21:41:41.391515
PO0003313,V00342,Infrastructures,185,2025-02-09 18:23:02,2026-08-12 21:41:41.391515
PO0003314,V00787,Communities,422,2024-05-02 15:46:04,2026-08-12 21:41:41.391515
PO0003315,V00343,Bandwidth,256,2024-08-15 05:46:45,2026-08-12 21:41:41.391515
PO0003316,V00054,Metrics,729,2024-12-03 15:13:41,2026-08-12 21:41:41.391515
PO0003317,V02474,Action-items,705,2025-12-20 02:35:38,2026-08-12 21:41:41.391515
PO0003318,V01022,E-tailers,217,2024-12-01 08:51:03,2026-08-12 21:41:41.391515
PO0003319,V00920,Users,441,2025-03-21 23:37:11,2026-08-12 21:41:41.391515
PO0003320,V02695,Info-mediaries,702,2025-11-28 01:22:30,2026-08-12 21:41:41.391515
PO0003321,V02790,Systems,844,2025-11-12 08:12:43,2026-08-12 21:41:41.391515
PO0003322,V00400,E-services,948,2026-02-01 10:55:45,2026-08-12 21:41:41.391515
PO0003323,V01846,Convergence,636,2025-01-30 05:58:03,2026-08-12 21:41:41.391515
PO0003325,V03063,Solutions,204,2024-11-21 15:10:42,2026-08-12 21:41:41.391515
PO0003326,V00013,Models,974,2025-03-12 10:42:02,2026-08-12 21:41:41.391515
PO0003327,V00369,Roi,739,2025-12-09 13:00:04,2026-08-12 21:41:41.391515
PO0003328,V03233,E-commerce,240,2025-04-12 07:13:07,2026-08-12 21:41:41.391515
PO0003329,V04691,Platforms,228,2025-04-16 22:50:24,2026-08-12 21:41:41.391515
PO0003330,V01233,Roi,48,2024-08-05 19:03:57,2026-08-12 21:41:41.391515
PO0003331,V00977,Partnerships,159,2024-05-16 11:54:49,2026-08-12 21:41:41.391515
PO0003332,V02978,Niches,910,2025-01-21 03:42:07,2026-08-12 21:41:41.391515
PO0003333,V03910,Relationships,92,2024-06-07 05:29:14,2026-08-12 21:41:41.391515
PO0003334,V01264,Schemas,615,2025-03-26 23:08:04,2026-08-12 21:41:41.391515
PO0003335,V00078,Action-items,293,2024-07-06 00:51:12,2026-08-12 21:41:41.391515
PO0003336,V04908,Platforms,534,2024-05-09 05:23:36,2026-08-12 21:41:41.391515
PO0003337,V01296,Architectures,754,2025-04-10 20:06:33,2026-08-12 21:41:41.391515
PO0003338,V04656,Architectures,224,2024-09-23 03:04:32,2026-08-12 21:41:41.391515
PO0003339,V02397,Metrics,948,2024-06-04 12:01:26,2026-08-12 21:41:41.391515
PO0003340,V03599,Niches,130,2026-01-20 06:53:54,2026-08-12 21:41:41.391515
PO0003341,V04584,Infrastructures,710,2025-05-11 09:36:12,2026-08-12 21:41:41.391515
PO0003342,V04269,Schemas,736,2025-04-13 06:52:48,2026-08-12 21:41:41.391515
PO0003343,V02471,Markets,530,2024-07-22 03:47:59,2026-08-12 21:41:41.391515
PO0003345,V02816,Channels,663,2025-02-10 11:33:55,2026-08-12 21:41:41.391515
PO0003346,V02174,Paradigms,406,2026-01-03 15:57:10,2026-08-12 21:41:41.391515
PO0003347,V04204,Platforms,505,2024-11-08 17:33:40,2026-08-12 21:41:41.391515
PO0003348,V00683,Infrastructures,320,2025-11-25 04:46:51,2026-08-12 21:41:41.391515
PO0003349,V04237,E-services,975,2025-09-06 16:39:08,2026-08-12 21:41:41.391515
PO0003350,V02084,Schemas,782,2025-04-26 08:46:59,2026-08-12 21:41:41.391515
PO0003351,V01004,Metrics,61,2025-06-04 21:08:55,2026-08-12 21:41:41.391515
PO0003352,V04779,Services,14,2025-08-29 01:20:06,2026-08-12 21:41:41.391515
PO0003353,V03078,Metrics,493,2025-11-23 14:22:32,2026-08-12 21:41:41.391515
PO0003354,V01393,Users,-929,2024-10-13 13:27:14,2026-08-12 21:41:41.391515
PO0003355,V00449,Metrics,278,2025-04-26 17:32:46,2026-08-12 21:41:41.391515
PO0003356,V00710,E-services,776,2025-09-16 04:50:12,2026-08-12 21:41:41.391515
PO0003357,V01448,Web-readiness,126,2025-10-31 07:32:17,2026-08-12 21:41:41.391515
PO0003358,V01980,Architectures,354,2024-06-04 13:03:17,2026-08-12 21:41:41.391515
PO0003359,V02792,Relationships,377,2024-10-03 04:16:22,2026-08-12 21:41:41.391515
PO0003360,V02168,Methodologies,280,2024-07-02 21:29:11,2026-08-12 21:41:41.391515
PO0003361,V01894,Networks,292,2025-05-01 00:28:31,2026-08-12 21:41:41.391515
PO0003362,V01385,E-tailers,953,2024-12-21 01:03:44,2026-08-12 21:41:41.391515
PO0003363,V02387,Niches,840,2024-12-12 09:07:35,2026-08-12 21:41:41.391515
PO0003364,V03817,E-markets,542,2024-10-12 07:27:20,2026-08-12 21:41:41.391515
PO0003365,V01897,Schemas,835,2025-06-03 17:30:56,2026-08-12 21:41:41.391515
PO0003366,V00189,Relationships,789,2024-04-30 09:25:39,2026-08-12 21:41:41.391515
PO0003367,V02463,E-commerce,95,2025-12-11 23:46:10,2026-08-12 21:41:41.391515
PO0003368,V00964,Infrastructures,448,2024-09-09 06:06:26,2026-08-12 21:41:41.391515
PO0003369,V03483,Architectures,809,2026-03-09 06:08:10,2026-08-12 21:41:41.391515
PO0003370,V00381,E-markets,-859,2025-03-27 13:15:22,2026-08-12 21:41:41.391515
PO0003371,V02242,Platforms,19,2024-12-04 07:27:56,2026-08-12 21:41:41.391515
PO0003372,V00647,Niches,602,2026-01-15 23:01:35,2026-08-12 21:41:41.391515
PO0003373,V01586,Experiences,-734,2024-06-13 15:03:24,2026-08-12 21:41:41.391515
PO0003375,V00205,Networks,778,2024-12-08 08:32:10,2026-08-12 21:41:41.391515
PO0003376,V02418,Niches,864,2025-05-13 21:31:41,2026-08-12 21:41:41.391515
PO0003377,V03135,E-services,600,2026-02-04 15:21:54,2026-08-12 21:41:41.391515
PO0003378,V04741,Roi,159,2024-12-25 21:53:46,2026-08-12 21:41:41.391515
PO0003380,V04204,Platforms,454,2025-04-09 12:54:25,2026-08-12 21:41:41.391515
PO0003381,V00572,Users,781,2025-09-21 17:55:34,2026-08-12 21:41:41.391515
PO0003382,V04698,Methodologies,665,2024-09-05 15:31:39,2026-08-12 21:41:41.391515
PO0003383,V02039,Infrastructures,149,2025-02-09 17:49:46,2026-08-12 21:41:41.391515
PO0003384,V04784,Solutions,869,2024-05-26 16:42:47,2026-08-12 21:41:41.391515
PO0003385,V03596,Niches,525,2024-08-21 20:01:57,2026-08-12 21:41:41.391515
PO0003386,V00574,E-business,711,2025-06-29 00:13:15,2026-08-12 21:41:41.391515
PO0003387,V04618,Schemas,3,2024-08-30 04:37:33,2026-08-12 21:41:41.391515
PO0003388,V03270,Functionalities,29,2025-01-01 03:16:20,2026-08-12 21:41:41.391515
PO0003390,V02630,Relationships,611,2025-12-07 12:47:20,2026-08-12 21:41:41.391515
PO0003391,V01779,Niches,570,2025-11-22 21:38:29,2026-08-12 21:41:41.391515
PO0003392,V02216,E-commerce,48,2025-02-18 08:50:02,2026-08-12 21:41:41.391515
PO0003393,V03452,Models,617,2025-10-02 06:11:07,2026-08-12 21:41:41.391515
PO0003394,V03321,Architectures,588,2025-06-02 04:15:07,2026-08-12 21:41:41.391515
PO0003395,V02752,Action-items,287,2025-02-24 21:24:37,2026-08-12 21:41:41.391515
PO0003396,V04357,Channels,688,2024-08-10 13:47:14,2026-08-12 21:41:41.391515
PO0003397,V01625,Infrastructures,12,2026-03-13 00:16:46,2026-08-12 21:41:41.391515
PO0003399,V02481,E-services,942,2024-09-09 10:17:05,2026-08-12 21:41:41.391515
PO0003400,V01925,Communities,647,2025-06-23 02:08:14,2026-08-12 21:41:41.391515
PO0003401,V03360,Platforms,325,2025-05-23 22:44:19,2026-08-12 21:41:41.391515
PO0003402,V02604,Solutions,342,2026-01-25 17:18:08,2026-08-12 21:41:41.391515
PO0003403,V01692,Solutions,973,2024-12-07 05:22:50,2026-08-12 21:41:41.391515
PO0003404,V00658,Metrics,156,2024-05-23 11:57:40,2026-08-12 21:41:41.391515
PO0003405,V01317,Schemas,509,2025-04-01 12:27:22,2026-08-12 21:41:41.391515
PO0003406,V04081,Paradigms,560,2025-03-07 14:31:37,2026-08-12 21:41:41.391515
PO0003407,V04490,Channels,525,2025-03-16 22:03:41,2026-08-12 21:41:41.391515
PO0003408,V02917,E-markets,509,2024-10-29 17:02:10,2026-08-12 21:41:41.391515
PO0003409,V01095,Roi,218,2024-08-01 17:23:28,2026-08-12 21:41:41.391515
PO0003410,V04107,Schemas,385,2024-04-25 23:54:53,2026-08-12 21:41:41.391515
PO0003411,V00420,Niches,780,2025-03-29 21:32:08,2026-08-12 21:41:41.391515
PO0003412,V00383,E-services,442,2025-09-06 23:26:12,2026-08-12 21:41:41.391515
PO0003414,V02829,Channels,79,2025-02-05 00:34:13,2026-08-12 21:41:41.391515
PO0003415,V02187,Niches,210,2025-09-30 15:48:41,2026-08-12 21:41:41.391515
PO0003417,V04381,E-tailers,711,2024-08-07 17:07:03,2026-08-12 21:41:41.391515
PO0003418,V04893,E-commerce,329,2025-04-24 11:07:12,2026-08-12 21:41:41.391515
PO0003419,V00174,Solutions,337,2024-06-09 12:17:30,2026-08-12 21:41:41.391515
PO0003420,V02936,Solutions,753,2026-02-14 17:31:40,2026-08-12 21:41:41.391515
PO0003421,V03642,Channels,400,2026-01-26 10:37:36,2026-08-12 21:41:41.391515
PO0003422,V02041,E-tailers,192,2025-10-18 16:33:18,2026-08-12 21:41:41.391515
PO0003423,V02463,E-commerce,989,2024-09-25 10:07:26,2026-08-12 21:41:41.391515
PO0003424,V00332,Bandwidth,661,2025-01-05 17:45:02,2026-08-12 21:41:41.391515
PO0003425,V04063,E-tailers,779,2024-09-26 18:09:39,2026-08-12 21:41:41.391515
PO0003426,V03835,E-services,267,2025-11-03 09:31:34,2026-08-12 21:41:41.391515
PO0003427,V00754,Users,22,2025-06-18 00:46:09,2026-08-12 21:41:41.391515
PO0003428,V01370,Web-readiness,71,2026-04-03 06:00:25,2026-08-12 21:41:41.391515
PO0003429,V02719,E-tailers,745,2025-02-23 09:14:52,2026-08-12 21:41:41.391515
PO0003430,V04955,Users,746,2025-04-22 15:22:21,2026-08-12 21:41:41.391515
PO0003431,V01495,E-markets,912,2025-03-08 08:13:37,2026-08-12 21:41:41.391515
PO0003432,V03376,Services,320,2025-10-07 05:04:05,2026-08-12 21:41:41.391515
PO0003433,V02035,Solutions,162,2024-08-03 11:27:13,2026-08-12 21:41:41.391515
PO0003434,V01985,Partnerships,146,2025-01-21 04:17:20,2026-08-12 21:41:41.391515
PO0003435,V04032,Systems,165,2025-07-30 22:44:42,2026-08-12 21:41:41.391515
PO0003436,V00266,Systems,566,2024-07-24 09:26:11,2026-08-12 21:41:41.391515
PO0003437,V04421,Functionalities,721,2024-10-04 05:54:22,2026-08-12 21:41:41.391515
PO0003438,V02324,Roi,188,2026-03-12 17:04:31,2026-08-12 21:41:41.391515
PO0003439,V03245,E-business,24,2025-06-02 21:42:35,2026-08-12 21:41:41.391515
PO0003440,V04511,E-services,815,2025-03-18 23:01:29,2026-08-12 21:41:41.391515
PO0003441,V01094,Schemas,815,2025-10-30 19:53:45,2026-08-12 21:41:41.391515
PO0003442,V03322,Networks,517,2025-05-14 10:28:50,2026-08-12 21:41:41.391515
PO0003443,V01383,Models,923,2026-01-27 06:24:02,2026-08-12 21:41:41.391515
PO0003445,V02918,Architectures,364,2025-08-02 18:35:19,2026-08-12 21:41:41.391515
PO0003446,V03324,Users,812,2024-05-28 11:43:53,2026-08-12 21:41:41.391515
PO0003447,V01219,Infrastructures,863,2025-02-27 16:42:42,2026-08-12 21:41:41.391515
PO0003448,V00020,Schemas,970,2026-03-14 21:21:08,2026-08-12 21:41:41.391515
PO0003449,V01628,Niches,477,2025-09-21 19:50:45,2026-08-12 21:41:41.391515
PO0003450,V04078,Roi,446,2025-10-09 02:48:55,2026-08-12 21:41:41.391515
PO0003451,V00611,Architectures,615,2024-05-11 11:19:27,2026-08-12 21:41:41.391515
PO0003452,V00079,Solutions,99,2025-12-28 07:30:23,2026-08-12 21:41:41.391515
PO0003453,V01262,Channels,206,2024-11-08 11:26:35,2026-08-12 21:41:41.391515
PO0003454,V04511,Infrastructures,126,2025-05-24 13:59:18,2026-08-12 21:41:41.391515
PO0003455,V00313,Systems,-873,2026-04-01 10:40:43,2026-08-12 21:41:41.391515
PO0003457,V04282,Users,351,2025-05-29 11:29:10,2026-08-12 21:41:41.391515
PO0003459,V02942,Niches,23,2025-07-21 07:12:51,2026-08-12 21:41:41.391515
PO0003460,V00122,Niches,464,2025-09-27 17:32:55,2026-08-12 21:41:41.391515
PO0003461,V02939,E-business,44,2024-10-16 13:42:15,2026-08-12 21:41:41.391515
PO0003462,V02126,Platforms,797,2024-09-01 23:51:27,2026-08-12 21:41:41.391515
PO0003463,V00923,Models,996,2024-06-01 16:41:45,2026-08-12 21:41:41.391515
PO0003464,V03015,Niches,681,2025-10-08 23:48:56,2026-08-12 21:41:41.391515
PO0003465,V01705,Solutions,203,2025-01-02 21:44:21,2026-08-12 21:41:41.391515
PO0003467,V00679,Services,833,2025-01-30 19:06:07,2026-08-12 21:41:41.391515
PO0003468,V03053,E-business,578,2025-12-12 20:21:04,2026-08-12 21:41:41.391515
PO0003469,V00469,Roi,895,2024-10-17 18:48:18,2026-08-12 21:41:41.391515
PO0003471,V00707,E-services,831,2024-04-22 16:31:06,2026-08-12 21:41:41.391515
PO0003472,V02878,E-commerce,578,2025-01-12 09:59:18,2026-08-12 21:41:41.391515
PO0003473,V00063,Users,12,2025-12-21 05:25:00,2026-08-12 21:41:41.391515
PO0003474,V04850,Communities,78,2024-05-07 17:39:20,2026-08-12 21:41:41.391515
PO0003475,V01326,Relationships,477,2025-10-03 20:27:20,2026-08-12 21:41:41.391515
PO0003476,V02741,Experiences,615,2025-05-30 15:38:55,2026-08-12 21:41:41.391515
PO0003477,V04275,Web-readiness,419,2026-01-25 23:36:38,2026-08-12 21:41:41.391515
PO0003478,V01096,Solutions,19,2025-07-31 03:15:27,2026-08-12 21:41:41.391515
PO0003479,V00311,E-services,444,2025-12-08 15:21:13,2026-08-12 21:41:41.391515
PO0003480,V00741,Architectures,132,2024-08-08 11:15:48,2026-08-12 21:41:41.391515
PO0003481,V02425,E-services,253,2025-04-21 09:07:29,2026-08-12 21:41:41.391515
PO0003482,V04520,Niches,607,2024-09-20 08:43:24,2026-08-12 21:41:41.391515
PO0003483,V02734,Action-items,528,2025-07-10 17:28:54,2026-08-12 21:41:41.391515
PO0003484,V02884,Solutions,443,2025-03-08 18:30:00,2026-08-12 21:41:41.391515
PO0003485,V01484,E-commerce,353,2025-11-15 11:51:26,2026-08-12 21:41:41.391515
PO0003486,V03262,Users,-501,2024-06-22 02:28:18,2026-08-12 21:41:41.391515
PO0003487,V03649,Users,621,2026-03-21 18:58:27,2026-08-12 21:41:41.391515
PO0003488,V03788,Roi,820,2024-12-28 06:49:54,2026-08-12 21:41:41.391515
PO0003489,V01844,E-markets,248,2025-07-25 01:48:01,2026-08-12 21:41:41.391515
PO0003490,V02079,Metrics,878,2026-02-10 03:18:48,2026-08-12 21:41:41.391515
PO0003491,V00362,Architectures,323,2025-04-02 01:04:45,2026-08-12 21:41:41.391515
PO0003492,V02755,E-tailers,57,2025-03-17 06:30:56,2026-08-12 21:41:41.391515
PO0003493,V00902,Infrastructures,629,2024-11-03 21:56:46,2026-08-12 21:41:41.391515
PO0003494,V01721,Models,460,2025-12-12 03:24:14,2026-08-12 21:41:41.391515
PO0003495,V00027,E-services,195,2024-04-24 20:51:56,2026-08-12 21:41:41.391515
PO0003496,V01639,Experiences,152,2024-12-18 02:36:22,2026-08-12 21:41:41.391515
PO0003497,V00291,Niches,14,2024-09-14 00:33:32,2026-08-12 21:41:41.391515
PO0003498,V02347,Roi,345,2025-09-29 14:03:51,2026-08-12 21:41:41.391515
PO0003499,V01202,Markets,480,2025-09-09 17:20:00,2026-08-12 21:41:41.391515
PO0003500,V00236,Channels,887,2025-11-12 03:00:31,2026-08-12 21:41:41.391515
PO0003501,V02381,Systems,386,2024-12-23 20:31:22,2026-08-12 21:41:41.391515
PO0003502,V04517,E-services,122,2025-03-03 14:58:46,2026-08-12 21:41:41.391515
PO0003503,V00771,Markets,689,2025-04-02 17:06:26,2026-08-12 21:41:41.391515
PO0003504,V02775,Roi,49,2024-06-01 21:08:39,2026-08-12 21:41:41.391515
PO0003505,V00142,Metrics,841,2025-11-11 06:06:24,2026-08-12 21:41:41.391515
PO0003506,V01741,Architectures,298,2025-04-20 22:23:55,2026-08-12 21:41:41.391515
PO0003507,V00738,Channels,21,2025-05-11 12:25:30,2026-08-12 21:41:41.391515
PO0003508,V03030,Roi,368,2025-07-24 10:50:30,2026-08-12 21:41:41.391515
PO0003509,V04921,Schemas,409,2026-03-03 22:47:23,2026-08-12 21:41:41.391515
PO0003510,V01293,Systems,364,2025-04-12 22:05:01,2026-08-12 21:41:41.391515
PO0003511,V01231,Experiences,-748,2025-05-11 05:20:17,2026-08-12 21:41:41.391515
PO0003512,V04380,Action-items,446,2025-10-22 00:12:42,2026-08-12 21:41:41.391515
PO0003513,V03026,E-services,624,2025-01-06 07:36:46,2026-08-12 21:41:41.391515
PO0003514,V04153,E-services,397,2025-01-10 09:41:04,2026-08-12 21:41:41.391515
PO0003515,V01360,Roi,888,2024-11-01 19:57:46,2026-08-12 21:41:41.391515
PO0003516,V04066,Networks,449,2024-08-19 08:08:54,2026-08-12 21:41:41.391515
PO0003517,V00865,Relationships,14,2025-03-22 22:02:10,2026-08-12 21:41:41.391515
PO0003518,V04003,Convergence,936,2026-02-07 15:21:43,2026-08-12 21:41:41.391515
PO0003519,V04752,Infrastructures,473,2024-06-16 19:05:06,2026-08-12 21:41:41.391515
PO0003521,V00522,E-commerce,752,2025-10-17 04:19:57,2026-08-12 21:41:41.391515
PO0003522,V02749,Channels,462,2026-02-17 01:13:57,2026-08-12 21:41:41.391515
PO0003523,V03812,Roi,592,2024-05-09 11:04:29,2026-08-12 21:41:41.391515
PO0003524,V04551,Solutions,638,2024-10-22 09:13:05,2026-08-12 21:41:41.391515
PO0003525,V03397,Solutions,884,2026-01-23 14:22:32,2026-08-12 21:41:41.391515
PO0003526,V03668,Roi,510,2025-12-15 19:51:02,2026-08-12 21:41:41.391515
PO0003527,V04908,Relationships,800,2025-06-01 07:35:12,2026-08-12 21:41:41.391515
PO0003529,V02796,E-tailers,330,2024-08-10 07:29:12,2026-08-12 21:41:41.391515
PO0003530,V02301,Functionalities,777,2026-02-03 09:34:38,2026-08-12 21:41:41.391515
PO0003531,V01094,Info-mediaries,500,2024-09-05 12:54:49,2026-08-12 21:41:41.391515
PO0003532,V02367,Users,299,2025-04-23 09:26:02,2026-08-12 21:41:41.391515
PO0003534,V02577,Niches,250,2026-02-15 05:34:53,2026-08-12 21:41:41.391515
PO0003535,V04001,Paradigms,670,2025-02-24 14:13:30,2026-08-12 21:41:41.391515
PO0003536,V02267,E-tailers,583,2025-11-21 05:20:45,2026-08-12 21:41:41.391515
PO0003537,V01455,Models,715,2026-01-28 08:27:24,2026-08-12 21:41:41.391515
PO0003538,V02095,Web-readiness,207,2024-07-28 03:59:17,2026-08-12 21:41:41.391515
PO0003539,V04178,E-business,502,2025-04-06 18:13:31,2026-08-12 21:41:41.391515
PO0003540,V01688,E-markets,515,2025-11-04 23:03:44,2026-08-12 21:41:41.391515
PO0003541,V00637,E-markets,970,2024-09-25 04:48:28,2026-08-12 21:41:41.391515
PO0003542,V04288,Partnerships,516,2024-09-05 00:30:42,2026-08-12 21:41:41.391515
PO0003543,V03262,Users,537,2024-06-03 07:52:43,2026-08-12 21:41:41.391515
PO0003545,V03158,E-services,302,2024-09-01 18:14:35,2026-08-12 21:41:41.391515
PO0003546,V02661,Systems,637,2024-09-01 06:38:18,2026-08-12 21:41:41.391515
PO0003547,V00343,Relationships,842,2025-08-30 19:14:00,2026-08-12 21:41:41.391515
PO0003548,V03174,Metrics,167,2024-08-10 08:39:04,2026-08-12 21:41:41.391515
PO0003549,V03654,Niches,829,2025-04-27 12:01:04,2026-08-12 21:41:41.391515
PO0003550,V04379,Schemas,83,2024-07-07 05:35:42,2026-08-12 21:41:41.391515
PO0003551,V04008,Users,475,2024-07-09 15:55:52,2026-08-12 21:41:41.391515
PO0003552,V01975,E-services,415,2025-11-30 12:59:48,2026-08-12 21:41:41.391515
PO0003553,V00085,Channels,837,2024-06-15 06:29:19,2026-08-12 21:41:41.391515
PO0003554,V04357,Infrastructures,502,2026-01-27 06:47:33,2026-08-12 21:41:41.391515
PO0003555,V04270,E-tailers,319,2025-04-14 00:27:50,2026-08-12 21:41:41.391515
PO0003556,V01201,Niches,220,2026-01-22 18:57:54,2026-08-12 21:41:41.391515
PO0003557,V01038,E-commerce,992,2025-01-31 03:57:52,2026-08-12 21:41:41.391515
PO0003558,V01152,Services,77,2025-09-05 20:20:07,2026-08-12 21:41:41.391515
PO0003559,V03522,Partnerships,518,2026-03-07 23:11:26,2026-08-12 21:41:41.391515
PO0003560,V01984,Paradigms,703,2025-05-03 16:13:28,2026-08-12 21:41:41.391515
PO0003561,V01420,E-tailers,459,2025-03-14 20:01:13,2026-08-12 21:41:41.391515
PO0003562,V01362,Niches,822,2025-08-02 06:46:00,2026-08-12 21:41:41.391515
PO0003563,V02862,Paradigms,86,2024-07-20 18:02:22,2026-08-12 21:41:41.391515
PO0003564,V01238,Networks,147,2025-05-05 00:21:47,2026-08-12 21:41:41.391515
PO0003565,V01455,Models,443,2024-07-09 19:29:37,2026-08-12 21:41:41.391515
PO0003566,V00173,Roi,589,2025-03-12 12:14:45,2026-08-12 21:41:41.391515
PO0003567,V00654,Users,102,2024-08-23 16:28:26,2026-08-12 21:41:41.391515
PO0003568,V01202,Markets,597,2024-06-01 10:34:39,2026-08-12 21:41:41.391515
PO0003569,V03225,E-tailers,925,2025-12-14 09:57:05,2026-08-12 21:41:41.391515
PO0003570,V04190,Users,72,2024-12-02 18:34:38,2026-08-12 21:41:41.391515
PO0003571,V04057,Convergence,696,2024-08-18 10:19:37,2026-08-12 21:41:41.391515
PO0003572,V03493,E-tailers,102,2025-08-10 01:56:26,2026-08-12 21:41:41.391515
PO0003573,V00467,Functionalities,90,2026-03-04 21:15:09,2026-08-12 21:41:41.391515
PO0003574,V04057,Roi,953,2025-06-13 22:04:20,2026-08-12 21:41:41.391515
PO0003575,V01383,Markets,222,2025-01-31 21:48:28,2026-08-12 21:41:41.391515
PO0003576,V00258,Schemas,639,2024-07-15 13:39:54,2026-08-12 21:41:41.391515
PO0003577,V04379,Schemas,638,2024-11-28 10:35:53,2026-08-12 21:41:41.391515
PO0003578,V04023,E-services,96,2024-11-12 07:52:42,2026-08-12 21:41:41.391515
PO0003579,V03289,Niches,149,2026-01-28 05:46:45,2026-08-12 21:41:41.391515
PO0003580,V03076,Methodologies,865,2025-06-21 03:17:06,2026-08-12 21:41:41.391515
PO0003581,V01583,E-services,491,2025-02-25 22:02:53,2026-08-12 21:41:41.391515
PO0003582,V02776,Metrics,491,2025-07-10 06:33:27,2026-08-12 21:41:41.391515
PO0003583,V02588,E-services,671,2025-06-21 21:24:01,2026-08-12 21:41:41.391515
PO0003584,V01589,Roi,157,2024-10-15 17:48:50,2026-08-12 21:41:41.391515
PO0003585,V03119,Schemas,703,2024-05-13 03:49:14,2026-08-12 21:41:41.391515
PO0003586,V04657,E-commerce,462,2025-02-03 02:53:53,2026-08-12 21:41:41.391515
PO0003587,V02535,Bandwidth,850,2024-09-01 11:51:43,2026-08-12 21:41:41.391515
PO0003588,V02559,Experiences,125,2026-04-18 02:59:27,2026-08-12 21:41:41.391515
PO0003589,V02452,Services,969,2024-07-07 10:46:32,2026-08-12 21:41:41.391515
PO0003590,V00710,E-business,558,2026-01-26 23:52:41,2026-08-12 21:41:41.391515
PO0003591,V01825,Users,307,2025-03-13 23:36:20,2026-08-12 21:41:41.391515
PO0003592,V02234,Experiences,-746,2025-07-11 09:46:50,2026-08-12 21:41:41.391515
PO0003593,V02158,Channels,871,2024-04-24 02:45:58,2026-08-12 21:41:41.391515
PO0003594,V00590,Systems,696,2024-09-26 01:05:42,2026-08-12 21:41:41.391515
PO0003595,V02342,E-markets,527,2025-07-16 00:18:38,2026-08-12 21:41:41.391515
PO0003596,V03877,Services,491,2026-02-12 06:04:57,2026-08-12 21:41:41.391515
PO0003597,V01604,Platforms,502,2026-01-04 09:53:52,2026-08-12 21:41:41.391515
PO0003598,V01495,Users,394,2024-09-04 04:10:14,2026-08-12 21:41:41.391515
PO0003599,V03966,Metrics,895,2024-09-10 09:28:26,2026-08-12 21:41:41.391515
PO0003600,V03444,Models,554,2024-05-10 23:44:14,2026-08-12 21:41:41.391515
PO0003601,V04232,Relationships,682,2026-03-16 21:13:19,2026-08-12 21:41:41.391515
PO0003602,V01069,Functionalities,524,2024-09-04 23:01:44,2026-08-12 21:41:41.391515
PO0003603,V03303,Architectures,573,2025-11-19 02:58:50,2026-08-12 21:41:41.391515
PO0003604,V03551,Markets,427,2025-03-04 22:56:43,2026-08-12 21:41:41.391515
PO0003605,V02246,E-services,971,2025-07-03 16:22:29,2026-08-12 21:41:41.391515
PO0003606,V02183,E-services,352,2025-12-26 06:42:35,2026-08-12 21:41:41.391515
PO0003607,V03215,Schemas,850,2025-06-18 21:20:04,2026-08-12 21:41:41.391515
PO0003608,V03345,Web-readiness,155,2024-04-28 19:33:23,2026-08-12 21:41:41.391515
PO0003609,V03111,Methodologies,530,2024-07-01 07:19:21,2026-08-12 21:41:41.391515
PO0003610,V01270,Solutions,334,2026-03-10 15:59:31,2026-08-12 21:41:41.391515
PO0003611,V00178,Schemas,504,2024-11-10 17:24:24,2026-08-12 21:41:41.391515
PO0003612,V04983,Systems,517,2024-09-08 05:21:28,2026-08-12 21:41:41.391515
PO0003613,V01604,Platforms,940,2025-09-27 02:21:08,2026-08-12 21:41:41.391515
PO0003614,V00911,Paradigms,211,2025-02-20 18:29:59,2026-08-12 21:41:41.391515
PO0003615,V01218,Systems,12,2024-11-12 15:56:44,2026-08-12 21:41:41.391515
PO0003616,V03765,Solutions,404,2025-05-07 20:08:25,2026-08-12 21:41:41.391515
PO0003617,V01927,Info-mediaries,547,2026-01-21 18:36:00,2026-08-12 21:41:41.391515
PO0003619,V01738,Convergence,280,2024-06-04 00:54:42,2026-08-12 21:41:41.391515
PO0003620,V04346,Methodologies,423,2025-03-12 00:28:25,2026-08-12 21:41:41.391515
PO0003621,V04870,Platforms,822,2025-06-16 09:12:00,2026-08-12 21:41:41.391515
PO0003622,V01001,Architectures,484,2024-05-07 15:18:20,2026-08-12 21:41:41.391515
PO0003623,V03168,E-services,34,2026-02-21 11:25:24,2026-08-12 21:41:41.391515
PO0003624,V01078,Paradigms,808,2024-06-12 12:09:19,2026-08-12 21:41:41.391515
PO0003625,V02297,Solutions,629,2025-04-02 23:32:26,2026-08-12 21:41:41.391515
PO0003626,V02061,Convergence,11,2025-04-13 20:04:30,2026-08-12 21:41:41.391515
PO0003627,V04381,E-tailers,164,2026-03-05 06:31:15,2026-08-12 21:41:41.391515
PO0003628,V02080,Roi,612,2026-03-08 00:09:31,2026-08-12 21:41:41.391515
PO0003629,V00454,Users,316,2025-11-28 21:47:03,2026-08-12 21:41:41.391515
PO0003630,V02885,Infrastructures,403,2024-05-03 00:27:18,2026-08-12 21:41:41.391515
PO0003631,V01420,E-tailers,335,2026-04-03 19:52:54,2026-08-12 21:41:41.391515
PO0003632,V01123,Paradigms,771,2024-10-02 19:24:39,2026-08-12 21:41:41.391515
PO0003634,V04800,Partnerships,276,2024-06-19 10:39:49,2026-08-12 21:41:41.391515
PO0003635,V04779,Services,384,2025-02-22 17:52:32,2026-08-12 21:41:41.391515
PO0003636,V01466,Paradigms,812,2026-04-05 14:00:23,2026-08-12 21:41:41.391515
PO0003637,V04980,Functionalities,561,2024-09-15 16:56:16,2026-08-12 21:41:41.391515
PO0003638,V03048,Niches,605,2025-03-30 03:39:44,2026-08-12 21:41:41.391515
PO0003639,V03231,Users,759,2026-03-08 00:48:26,2026-08-12 21:41:41.391515
PO0003640,V04225,E-services,158,2025-12-13 17:04:22,2026-08-12 21:41:41.391515
PO0003641,V03822,Infrastructures,763,2024-05-18 13:29:04,2026-08-12 21:41:41.391515
PO0003642,V01897,Info-mediaries,814,2026-03-08 20:54:30,2026-08-12 21:41:41.391515
PO0003643,V00685,Methodologies,555,2025-01-08 23:35:52,2026-08-12 21:41:41.391515
PO0003644,V04955,Users,998,2025-10-02 06:10:47,2026-08-12 21:41:41.391515
PO0003645,V03170,Functionalities,908,2024-04-26 09:08:13,2026-08-12 21:41:41.391515
PO0003646,V00052,E-tailers,665,2024-05-13 13:26:35,2026-08-12 21:41:41.391515
PO0003647,V01512,Relationships,52,2024-11-30 04:38:15,2026-08-12 21:41:41.391515
PO0003648,V01648,Metrics,334,2025-07-15 01:43:28,2026-08-12 21:41:41.391515
PO0003649,V03715,Systems,86,2024-09-19 00:28:07,2026-08-12 21:41:41.391515
PO0003650,V04294,Solutions,986,2024-09-27 02:13:41,2026-08-12 21:41:41.391515
PO0003651,V01111,E-markets,252,2024-09-08 12:09:38,2026-08-12 21:41:41.391515
PO0003652,V04824,Infrastructures,992,2025-03-05 00:04:00,2026-08-12 21:41:41.391515
PO0003653,V03675,E-services,930,2026-01-26 16:08:33,2026-08-12 21:41:41.391515
PO0003654,V02906,E-services,909,2025-04-09 09:32:16,2026-08-12 21:41:41.391515
PO0003655,V00057,E-tailers,960,2024-09-07 13:36:27,2026-08-12 21:41:41.391515
PO0003656,V00787,E-services,614,2024-11-01 03:26:56,2026-08-12 21:41:41.391515
PO0003657,V00392,Experiences,536,2026-03-31 02:56:50,2026-08-12 21:41:41.391515
PO0003658,V02411,Convergence,914,2024-11-21 05:28:23,2026-08-12 21:41:41.391515
PO0003659,V04657,Schemas,257,2025-02-04 15:01:44,2026-08-12 21:41:41.391515
PO0003660,V02109,Info-mediaries,57,2025-07-10 14:54:05,2026-08-12 21:41:41.391515
PO0003661,V01052,Info-mediaries,42,2024-10-08 21:32:33,2026-08-12 21:41:41.391515
PO0003662,V01740,Metrics,988,2026-02-09 09:44:12,2026-08-12 21:41:41.391515
PO0003663,V04535,Experiences,303,2024-07-14 21:07:09,2026-08-12 21:41:41.391515
PO0003664,V01199,E-markets,831,2026-02-17 08:08:19,2026-08-12 21:41:41.391515
PO0003665,V00986,Functionalities,431,2026-01-05 20:43:32,2026-08-12 21:41:41.391515
PO0003666,V00533,Users,61,2025-03-26 04:59:23,2026-08-12 21:41:41.391515
PO0003667,V01471,Bandwidth,529,2024-08-20 05:06:36,2026-08-12 21:41:41.391515
PO0003668,V00935,Infrastructures,708,2025-06-29 11:00:46,2026-08-12 21:41:41.391515
PO0003669,V02702,Models,253,2024-11-20 10:20:55,2026-08-12 21:41:41.391515
PO0003670,V00654,Users,316,2025-12-16 19:24:10,2026-08-12 21:41:41.391515
PO0003671,V02557,Experiences,682,2025-03-28 13:30:15,2026-08-12 21:41:41.391515
PO0003672,V03077,E-services,71,2025-03-20 12:11:35,2026-08-12 21:41:41.391515
PO0003673,V02523,Bandwidth,347,2024-10-22 17:09:28,2026-08-12 21:41:41.391515
PO0003674,V00519,Solutions,271,2026-03-30 09:24:51,2026-08-12 21:41:41.391515
PO0003675,V04338,Communities,916,2025-06-23 05:59:11,2026-08-12 21:41:41.391515
PO0003677,V02171,Models,349,2025-06-11 09:13:31,2026-08-12 21:41:41.391515
PO0003678,V02027,Users,384,2024-10-07 16:00:29,2026-08-12 21:41:41.391515
PO0003679,V03254,Relationships,659,2025-06-29 03:56:00,2026-08-12 21:41:41.391515
PO0003680,V01433,Roi,801,2024-05-13 06:13:56,2026-08-12 21:41:41.391515
PO0003681,V04841,E-tailers,958,2025-11-14 21:29:21,2026-08-12 21:41:41.391515
PO0003682,V00396,Markets,288,2025-02-20 21:48:55,2026-08-12 21:41:41.391515
PO0003683,V02257,Experiences,347,2025-11-26 09:21:54,2026-08-12 21:41:41.391515
PO0003684,V01400,Models,122,2026-04-10 01:42:01,2026-08-12 21:41:41.391515
PO0003685,V02898,Infrastructures,650,2024-12-26 12:24:48,2026-08-12 21:41:41.391515
PO0003687,V01603,Communities,360,2024-06-04 06:47:38,2026-08-12 21:41:41.391515
PO0003688,V00149,E-business,643,2024-08-17 09:19:53,2026-08-12 21:41:41.391515
PO0003690,V03237,E-services,591,2025-01-14 16:48:40,2026-08-12 21:41:41.391515
PO0003691,V01434,Info-mediaries,411,2025-08-09 07:11:24,2026-08-12 21:41:41.391515
PO0003692,V00850,E-tailers,918,2025-11-04 20:54:57,2026-08-12 21:41:41.391515
PO0003693,V03398,Methodologies,246,2025-08-06 22:37:52,2026-08-12 21:41:41.391515
PO0003694,V00780,Architectures,606,2026-01-13 01:47:13,2026-08-12 21:41:41.391515
PO0003696,V01632,Schemas,228,2024-12-26 11:32:54,2026-08-12 21:41:41.391515
PO0003697,V02244,Networks,777,2024-07-11 10:58:17,2026-08-12 21:41:41.391515
PO0003698,V01328,E-commerce,650,2025-10-12 20:15:36,2026-08-12 21:41:41.391515
PO0003699,V00113,Services,7,2025-07-30 20:31:42,2026-08-12 21:41:41.391515
PO0003700,V01882,Services,72,2024-10-05 02:19:54,2026-08-12 21:41:41.391515
PO0003701,V03933,Metrics,430,2025-11-12 08:28:44,2026-08-12 21:41:41.391515
PO0003702,V00390,Niches,271,2025-07-31 16:48:45,2026-08-12 21:41:41.391515
PO0003703,V04640,Schemas,910,2024-10-09 15:59:23,2026-08-12 21:41:41.391515
PO0003704,V03511,Roi,579,2024-07-25 19:44:26,2026-08-12 21:41:41.391515
PO0003705,V02573,E-business,520,2025-04-11 20:48:17,2026-08-12 21:41:41.391515
PO0003706,V00959,Schemas,122,2025-10-14 06:26:22,2026-08-12 21:41:41.391515
PO0003707,V02714,Platforms,1000,2024-08-18 17:34:46,2026-08-12 21:41:41.391515
PO0003708,V02709,Systems,794,2025-11-27 20:23:02,2026-08-12 21:41:41.391515
PO0003709,V01678,Schemas,837,2025-05-06 03:08:28,2026-08-12 21:41:41.391515
PO0003710,V02626,Niches,683,2024-09-04 23:01:12,2026-08-12 21:41:41.391515
PO0003711,V01577,Niches,309,2025-06-12 03:37:20,2026-08-12 21:41:41.391515
PO0003712,V04589,Action-items,314,2026-02-15 21:43:02,2026-08-12 21:41:41.391515
PO0003713,V03689,Solutions,994,2024-06-24 14:05:55,2026-08-12 21:41:41.391515
PO0003714,V01029,Convergence,363,2024-08-20 08:00:40,2026-08-12 21:41:41.391515
PO0003715,V04908,Platforms,728,2026-03-14 00:36:05,2026-08-12 21:41:41.391515
PO0003716,V03980,Schemas,469,2025-07-06 18:03:52,2026-08-12 21:41:41.391515
PO0003717,V01333,Users,573,2024-07-18 13:29:18,2026-08-12 21:41:41.391515
PO0003718,V01004,Metrics,525,2026-01-16 15:57:44,2026-08-12 21:41:41.391515
PO0003719,V00269,E-services,631,2025-02-13 01:52:35,2026-08-12 21:41:41.391515
PO0003720,V04732,Niches,309,2024-10-07 14:26:50,2026-08-12 21:41:41.391515
PO0003722,V00607,Bandwidth,211,2025-09-06 14:23:28,2026-08-12 21:41:41.391515
PO0003723,V02151,Systems,985,2024-05-25 02:27:04,2026-08-12 21:41:41.391515
PO0003724,V03286,Channels,542,2024-12-05 19:58:15,2026-08-12 21:41:41.391515
PO0003725,V03256,Roi,744,2025-12-08 22:50:00,2026-08-12 21:41:41.391515
PO0003726,V04804,Partnerships,204,2025-06-29 11:12:52,2026-08-12 21:41:41.391515
PO0003727,V04473,Users,221,2026-01-12 16:06:12,2026-08-12 21:41:41.391515
PO0003728,V02844,Web-readiness,763,2025-03-17 09:45:11,2026-08-12 21:41:41.391515
PO0003729,V04275,E-tailers,46,2024-06-03 05:19:55,2026-08-12 21:41:41.391515
PO0003730,V02768,Functionalities,941,2024-07-24 10:31:23,2026-08-12 21:41:41.391515
PO0003731,V00093,E-markets,-896,2026-01-23 00:47:51,2026-08-12 21:41:41.391515
PO0003732,V03100,E-services,422,2025-03-18 08:17:33,2026-08-12 21:41:41.391515
PO0003733,V01236,Users,629,2025-10-28 02:28:42,2026-08-12 21:41:41.391515
PO0003734,V04073,Infrastructures,119,2025-03-10 01:28:05,2026-08-12 21:41:41.391515
PO0003735,V01626,Methodologies,38,2025-04-04 12:33:14,2026-08-12 21:41:41.391515
PO0003736,V01906,Niches,111,2025-02-18 21:59:15,2026-08-12 21:41:41.391515
PO0003738,V03314,E-services,833,2024-12-31 04:50:41,2026-08-12 21:41:41.391515
PO0003739,V04111,Schemas,769,2026-01-18 01:49:17,2026-08-12 21:41:41.391515
PO0003740,V04702,Infrastructures,750,2024-08-29 07:52:51,2026-08-12 21:41:41.391515
PO0003741,V00383,E-services,620,2025-04-05 08:12:59,2026-08-12 21:41:41.391515
PO0003742,V01123,Paradigms,396,2026-02-17 07:53:56,2026-08-12 21:41:41.391515
PO0003743,V02126,Platforms,228,2024-08-25 02:27:10,2026-08-12 21:41:41.391515
PO0003744,V00799,Systems,864,2025-06-21 12:11:16,2026-08-12 21:41:41.391515
PO0003745,V01512,Relationships,662,2025-08-31 14:55:29,2026-08-12 21:41:41.391515
PO0003746,V00384,Platforms,871,2024-12-09 21:58:24,2026-08-12 21:41:41.391515
PO0003747,V03409,Solutions,792,2025-01-19 10:35:30,2026-08-12 21:41:41.391515
PO0003748,V00400,E-services,107,2024-09-24 13:16:42,2026-08-12 21:41:41.391515
PO0003749,V00079,Solutions,431,2025-07-18 19:22:54,2026-08-12 21:41:41.391515
PO0003750,V03514,E-business,878,2025-05-03 00:29:43,2026-08-12 21:41:41.391515
PO0003753,V02840,Paradigms,681,2025-11-20 17:01:53,2026-08-12 21:41:41.391515
PO0003754,V01882,E-markets,442,2025-08-17 16:52:54,2026-08-12 21:41:41.391515
PO0003755,V00266,Systems,686,2025-07-17 11:10:11,2026-08-12 21:41:41.391515
PO0003756,V02312,Relationships,150,2025-02-02 05:14:02,2026-08-12 21:41:41.391515
PO0003757,V03228,Roi,161,2024-05-06 04:17:25,2026-08-12 21:41:41.391515
PO0003758,V01238,Niches,333,2025-04-04 14:03:54,2026-08-12 21:41:41.391515
PO0003759,V03766,E-markets,601,2025-10-31 09:53:03,2026-08-12 21:41:41.391515
PO0003760,V04297,Paradigms,-632,2024-04-18 10:48:47,2026-08-12 21:41:41.391515
PO0003761,V00192,Roi,244,2025-05-15 18:27:55,2026-08-12 21:41:41.391515
PO0003762,V01383,Markets,230,2026-02-14 08:07:36,2026-08-12 21:41:41.391515
PO0003763,V01745,Services,379,2025-06-16 04:48:28,2026-08-12 21:41:41.391515
PO0003764,V03613,Relationships,388,2025-03-21 18:21:05,2026-08-12 21:41:41.391515
PO0003766,V01287,Info-mediaries,986,2026-01-11 20:43:22,2026-08-12 21:41:41.391515
PO0003767,V01090,Communities,69,2024-04-20 04:10:20,2026-08-12 21:41:41.391515
PO0003768,V02123,Methodologies,712,2025-03-09 05:14:01,2026-08-12 21:41:41.391515
PO0003769,V01466,Metrics,516,2025-11-20 03:19:56,2026-08-12 21:41:41.391515
PO0003771,V04930,Relationships,487,2025-01-25 06:13:10,2026-08-12 21:41:41.391515
PO0003773,V02387,Niches,992,2025-03-04 15:00:55,2026-08-12 21:41:41.391515
PO0003775,V04757,Channels,925,2026-02-23 13:29:24,2026-08-12 21:41:41.391515
PO0003776,V03933,Metrics,962,2024-05-04 20:42:08,2026-08-12 21:41:41.391515
PO0003777,V00122,Users,386,2024-08-27 18:36:40,2026-08-12 21:41:41.391515
PO0003778,V00850,E-tailers,844,2024-05-22 15:29:08,2026-08-12 21:41:41.391515
PO0003779,V04618,Functionalities,815,2025-06-15 19:38:59,2026-08-12 21:41:41.391515
PO0003780,V02730,Metrics,830,2024-04-25 22:52:13,2026-08-12 21:41:41.391515
PO0003781,V01075,Channels,513,2025-09-16 14:40:36,2026-08-12 21:41:41.391515
PO0003782,V01586,Relationships,874,2025-10-25 06:17:25,2026-08-12 21:41:41.391515
PO0003783,V00805,Markets,743,2026-04-04 10:19:37,2026-08-12 21:41:41.391515
PO0003784,V04894,Niches,35,2024-07-07 05:30:26,2026-08-12 21:41:41.391515
PO0003785,V01515,E-markets,71,2025-06-30 21:22:29,2026-08-12 21:41:41.391515
PO0003786,V00591,Communities,37,2026-02-01 07:44:18,2026-08-12 21:41:41.391515
PO0003787,V01595,Partnerships,66,2026-02-02 21:43:28,2026-08-12 21:41:41.391515
PO0003788,V00434,Infrastructures,695,2024-08-29 09:57:59,2026-08-12 21:41:41.391515
PO0003789,V03968,Platforms,721,2025-07-24 04:11:20,2026-08-12 21:41:41.391515
PO0003790,V02033,E-markets,173,2024-05-24 02:12:26,2026-08-12 21:41:41.391515
PO0003791,V03977,Partnerships,453,2024-08-24 20:51:04,2026-08-12 21:41:41.391515
PO0003792,V04639,E-markets,491,2024-09-09 14:39:07,2026-08-12 21:41:41.391515
PO0003793,V01882,E-tailers,679,2025-12-08 08:43:28,2026-08-12 21:41:41.391515
PO0003794,V00664,Infrastructures,722,2024-06-17 09:37:23,2026-08-12 21:41:41.391515
PO0003795,V01119,Users,235,2026-03-21 06:09:54,2026-08-12 21:41:41.391515
PO0003796,V03587,E-tailers,412,2025-01-31 11:38:35,2026-08-12 21:41:41.391515
PO0003797,V01771,E-tailers,148,2025-12-12 05:36:02,2026-08-12 21:41:41.391515
PO0003798,V03076,Methodologies,799,2026-01-19 00:30:13,2026-08-12 21:41:41.391515
PO0003799,V03987,E-tailers,589,2024-12-06 11:24:17,2026-08-12 21:41:41.391515
PO0003800,V00112,Metrics,319,2026-03-04 04:01:29,2026-08-12 21:41:41.391515
PO0003801,V03416,Systems,737,2026-01-10 03:24:18,2026-08-12 21:41:41.391515
PO0003802,V04692,Info-mediaries,416,2024-10-20 00:29:02,2026-08-12 21:41:41.391515
PO0003803,V01029,Convergence,492,2025-08-12 08:09:28,2026-08-12 21:41:41.391515
PO0003804,V02222,Users,678,2024-05-13 07:24:32,2026-08-12 21:41:41.391515
PO0003805,V03689,Solutions,715,2024-11-21 02:18:05,2026-08-12 21:41:41.391515
PO0003806,V02855,Channels,661,2024-11-05 05:11:00,2026-08-12 21:41:41.391515
PO0003807,V04338,Communities,249,2025-06-13 03:46:37,2026-08-12 21:41:41.391515
PO0003808,V01478,Systems,498,2025-07-06 14:54:10,2026-08-12 21:41:41.391515
PO0003809,V03269,Info-mediaries,448,2026-03-28 19:56:39,2026-08-12 21:41:41.391515
PO0003810,V00567,Metrics,248,2024-05-14 21:04:15,2026-08-12 21:41:41.391515
PO0003811,V04381,E-tailers,890,2025-07-16 05:17:46,2026-08-12 21:41:41.391515
PO0003812,V00615,Metrics,999,2024-10-09 21:39:39,2026-08-12 21:41:41.391515
PO0003813,V00939,Solutions,411,2024-08-30 15:42:23,2026-08-12 21:41:41.391515
PO0003814,V02518,Partnerships,89,2026-03-17 02:08:02,2026-08-12 21:41:41.391515
PO0003815,V01238,Metrics,778,2024-08-17 20:35:06,2026-08-12 21:41:41.391515
PO0003817,V03699,Niches,908,2024-09-14 11:18:17,2026-08-12 21:41:41.391515
PO0003818,V01617,Paradigms,331,2024-10-27 01:33:12,2026-08-12 21:41:41.391515
PO0003819,V01735,Convergence,460,2024-09-25 05:42:04,2026-08-12 21:41:41.391515
PO0003821,V00655,Info-mediaries,726,2024-04-23 02:28:29,2026-08-12 21:41:41.391515
PO0003822,V03986,Services,178,2024-08-26 07:41:15,2026-08-12 21:41:41.391515
PO0003823,V00072,E-business,633,2024-10-25 01:18:56,2026-08-12 21:41:41.391515
PO0003824,V01150,Users,44,2025-01-20 16:50:59,2026-08-12 21:41:41.391515
PO0003825,V03471,Info-mediaries,721,2024-06-09 05:32:27,2026-08-12 21:41:41.391515
PO0003826,V02911,Convergence,217,2024-05-19 15:34:13,2026-08-12 21:41:41.391515
PO0003827,V04577,Platforms,230,2024-08-15 14:16:43,2026-08-12 21:41:41.391515
PO0003828,V02899,Systems,213,2026-01-06 19:58:56,2026-08-12 21:41:41.391515
PO0003829,V03416,Systems,810,2025-02-02 16:30:29,2026-08-12 21:41:41.391515
PO0003830,V01296,Functionalities,875,2026-03-22 14:47:04,2026-08-12 21:41:41.391515
PO0003831,V04600,E-commerce,170,2025-09-06 09:53:29,2026-08-12 21:41:41.391515
PO0003832,V04441,Roi,172,2026-01-03 13:11:17,2026-08-12 21:41:41.391515
PO0003833,V01187,Bandwidth,147,2024-12-31 09:38:13,2026-08-12 21:41:41.391515
PO0003834,V01811,E-commerce,586,2025-01-10 05:46:48,2026-08-12 21:41:41.391515
PO0003835,V04346,E-services,925,2026-02-09 22:42:04,2026-08-12 21:41:41.391515
PO0003836,V04771,Bandwidth,195,2024-06-03 03:05:34,2026-08-12 21:41:41.391515
PO0003837,V01984,Communities,362,2024-07-15 04:22:58,2026-08-12 21:41:41.391515
PO0003838,V02821,Niches,960,2025-08-11 04:06:26,2026-08-12 21:41:41.391515
PO0003839,V01552,Infrastructures,205,2026-03-06 04:51:22,2026-08-12 21:41:41.391515
PO0003840,V01820,Niches,371,2025-11-05 12:54:25,2026-08-12 21:41:41.391515
PO0003841,V00491,Experiences,641,2024-10-10 17:38:08,2026-08-12 21:41:41.391515
PO0003842,V04621,Bandwidth,234,2025-01-05 06:19:46,2026-08-12 21:41:41.391515
PO0003844,V00228,Functionalities,327,2024-12-29 04:59:40,2026-08-12 21:41:41.391515
PO0003845,V04933,Roi,-985,2025-12-27 10:41:38,2026-08-12 21:41:41.391515
PO0003846,V02397,Metrics,944,2025-10-27 15:03:19,2026-08-12 21:41:41.391515
PO0003847,V00569,Solutions,814,2025-09-30 11:17:43,2026-08-12 21:41:41.391515
PO0003848,V03743,Models,275,2026-03-16 02:05:02,2026-08-12 21:41:41.391515
PO0003849,V01377,Schemas,620,2024-05-13 22:37:00,2026-08-12 21:41:41.391515
PO0003850,V03063,Solutions,206,2024-10-10 13:47:59,2026-08-12 21:41:41.391515
PO0003851,V02935,E-services,-522,2026-02-11 08:25:37,2026-08-12 21:41:41.391515
PO0003852,V00222,Platforms,740,2025-02-26 10:34:17,2026-08-12 21:41:41.391515
PO0003853,V03475,Metrics,457,2025-07-13 04:51:00,2026-08-12 21:41:41.391515
PO0003854,V03302,Architectures,633,2025-05-14 16:53:32,2026-08-12 21:41:41.391515
PO0003855,V04906,Metrics,93,2026-01-09 14:34:01,2026-08-12 21:41:41.391515
PO0003856,V00535,Solutions,85,2025-06-22 14:38:39,2026-08-12 21:41:41.391515
PO0003857,V01849,Metrics,68,2026-01-06 00:22:55,2026-08-12 21:41:41.391515
PO0003858,V04968,Paradigms,621,2025-06-27 04:13:14,2026-08-12 21:41:41.391515
PO0003860,V04424,Platforms,601,2025-10-09 22:34:29,2026-08-12 21:41:41.391515
PO0003861,V00079,Solutions,120,2025-12-17 11:12:39,2026-08-12 21:41:41.391515
PO0003862,V04490,Channels,768,2024-09-26 16:23:52,2026-08-12 21:41:41.391515
PO0003863,V03689,Solutions,-428,2025-08-15 12:18:35,2026-08-12 21:41:41.391515
PO0003864,V04610,Channels,940,2024-09-15 09:54:29,2026-08-12 21:41:41.391515
PO0003865,V00907,Metrics,388,2025-11-25 11:23:08,2026-08-12 21:41:41.391515
PO0003866,V02384,E-commerce,844,2025-12-11 13:28:56,2026-08-12 21:41:41.391515
PO0003867,V01382,E-markets,821,2024-10-25 18:33:14,2026-08-12 21:41:41.391515
PO0003868,V04161,Users,194,2024-09-14 17:15:45,2026-08-12 21:41:41.391515
PO0003869,V03999,Markets,720,2026-02-26 18:06:02,2026-08-12 21:41:41.391515
PO0003870,V00780,Solutions,309,2024-08-21 23:49:37,2026-08-12 21:41:41.391515
PO0003872,V01481,Metrics,771,2026-02-07 01:37:58,2026-08-12 21:41:41.391515
PO0003873,V03026,E-services,67,2024-10-26 07:21:06,2026-08-12 21:41:41.391515
PO0003874,V01877,E-services,178,2025-02-18 02:59:58,2026-08-12 21:41:41.391515
PO0003875,V03076,Methodologies,860,2026-04-01 22:07:20,2026-08-12 21:41:41.391515
PO0003876,V02272,Services,302,2024-08-22 18:39:29,2026-08-12 21:41:41.391515
PO0003877,V00228,Functionalities,417,2025-07-21 21:38:15,2026-08-12 21:41:41.391515
PO0003878,V01087,Users,663,2025-03-15 11:27:44,2026-08-12 21:41:41.391515
PO0003879,V00366,E-markets,144,2024-07-29 17:43:58,2026-08-12 21:41:41.391515
PO0003881,V02285,Solutions,601,2026-01-08 14:04:43,2026-08-12 21:41:41.391515
PO0003882,V02847,Niches,820,2025-06-09 10:06:26,2026-08-12 21:41:41.391515
PO0003883,V03693,Niches,928,2024-05-08 17:00:44,2026-08-12 21:41:41.391515
PO0003884,V04501,E-markets,143,2025-01-12 09:21:49,2026-08-12 21:41:41.391515
PO0003885,V01448,Channels,876,2025-06-30 08:03:47,2026-08-12 21:41:41.391515
PO0003886,V00282,Users,821,2025-11-18 22:12:10,2026-08-12 21:41:41.391515
PO0003887,V01989,Paradigms,805,2025-11-14 02:35:11,2026-08-12 21:41:41.391515
PO0003888,V02532,Services,24,2025-06-10 04:02:37,2026-08-12 21:41:41.391515
PO0003890,V02709,Systems,471,2024-10-14 00:50:57,2026-08-12 21:41:41.391515
PO0003891,V02876,Experiences,653,2024-07-22 02:47:22,2026-08-12 21:41:41.391515
PO0003892,V02007,Users,932,2024-07-25 03:03:26,2026-08-12 21:41:41.391515
PO0003894,V02880,Functionalities,769,2025-12-21 13:52:05,2026-08-12 21:41:41.391515
PO0003896,V01855,Roi,924,2025-11-23 14:45:01,2026-08-12 21:41:41.391515
PO0003898,V04430,Roi,387,2024-06-27 06:35:00,2026-08-12 21:41:41.391515
PO0003899,V03832,Methodologies,831,2024-08-21 14:20:25,2026-08-12 21:41:41.391515
PO0003900,V04943,Platforms,612,2026-03-02 07:02:43,2026-08-12 21:41:41.391515
PO0003901,V02532,Services,113,2025-07-12 08:12:01,2026-08-12 21:41:41.391515
PO0003902,V00310,E-services,106,2024-06-01 16:39:20,2026-08-12 21:41:41.391515
PO0003903,V02175,Metrics,819,2025-03-29 03:06:28,2026-08-12 21:41:41.391515
PO0003904,V03838,Markets,345,2025-12-14 21:50:36,2026-08-12 21:41:41.391515
PO0003905,V02162,Metrics,280,2025-01-01 22:04:51,2026-08-12 21:41:41.391515
PO0003906,V01575,Roi,716,2025-11-22 14:29:03,2026-08-12 21:41:41.391515
PO0003907,V02643,Niches,22,2025-07-26 19:59:12,2026-08-12 21:41:41.391515
PO0003908,V04558,Channels,175,2025-02-17 02:54:23,2026-08-12 21:41:41.391515
PO0003909,V02142,Metrics,729,2024-12-17 03:58:53,2026-08-12 21:41:41.391515
PO0003910,V00198,Metrics,591,2026-03-24 00:26:17,2026-08-12 21:41:41.391515
PO0003911,V01844,Paradigms,751,2026-02-26 07:15:54,2026-08-12 21:41:41.391515
PO0003912,V04213,Roi,517,2025-08-06 03:37:25,2026-08-12 21:41:41.391515
PO0003913,V00636,Niches,112,2025-07-28 22:18:15,2026-08-12 21:41:41.391515
PO0003914,V04665,E-markets,366,2025-08-08 12:39:28,2026-08-12 21:41:41.391515
PO0003915,V04645,E-commerce,299,2024-07-31 00:12:14,2026-08-12 21:41:41.391515
PO0003916,V01167,E-business,163,2024-05-31 20:19:46,2026-08-12 21:41:41.391515
PO0003917,V04827,Networks,958,2024-07-18 14:04:29,2026-08-12 21:41:41.391515
PO0003918,V03592,Platforms,153,2024-08-06 19:14:04,2026-08-12 21:41:41.391515
PO0003919,V01238,Niches,23,2024-10-23 12:56:02,2026-08-12 21:41:41.391515
PO0003920,V04234,Infrastructures,447,2025-05-08 13:59:09,2026-08-12 21:41:41.391515
PO0003921,V00198,Metrics,599,2025-02-23 20:27:56,2026-08-12 21:41:41.391515
PO0003922,V04592,Architectures,254,2024-09-18 20:48:14,2026-08-12 21:41:41.391515
PO0003923,V00369,Roi,638,2024-06-15 11:00:46,2026-08-12 21:41:41.391515
PO0003924,V03028,Roi,194,2025-04-26 16:56:37,2026-08-12 21:41:41.391515
PO0003925,V00170,Niches,94,2025-04-10 03:12:17,2026-08-12 21:41:41.391515
PO0003926,V04539,Schemas,139,2024-12-14 00:10:07,2026-08-12 21:41:41.391515
PO0003927,V04036,Schemas,408,2025-07-18 17:15:26,2026-08-12 21:41:41.391515
PO0003928,V03883,Paradigms,488,2025-01-31 17:04:45,2026-08-12 21:41:41.391515
PO0003929,V01485,Web-readiness,349,2024-11-19 19:46:25,2026-08-12 21:41:41.391515
PO0003930,V03394,E-services,490,2024-08-20 07:47:01,2026-08-12 21:41:41.391515
PO0003931,V00903,Communities,533,2024-06-07 22:25:34,2026-08-12 21:41:41.391515
PO0003932,V01647,E-services,999,2026-03-23 00:58:02,2026-08-12 21:41:41.391515
PO0003933,V01825,Users,683,2024-04-29 13:42:00,2026-08-12 21:41:41.391515
PO0003934,V00776,Networks,455,2025-02-10 05:09:57,2026-08-12 21:41:41.391515
PO0003935,V01300,Platforms,281,2024-09-06 13:36:26,2026-08-12 21:41:41.391515
PO0003936,V04657,Schemas,307,2025-07-24 09:19:41,2026-08-12 21:41:41.391515
PO0003937,V00487,Functionalities,332,2025-12-10 20:52:30,2026-08-12 21:41:41.391515
PO0003938,V03414,Roi,738,2026-02-20 09:33:43,2026-08-12 21:41:41.391515
PO0003939,V04662,Platforms,472,2024-11-12 07:49:10,2026-08-12 21:41:41.391515
PO0003941,V04785,Metrics,1,2024-06-29 04:05:05,2026-08-12 21:41:41.391515
PO0003942,V04731,Niches,521,2025-07-01 21:50:28,2026-08-12 21:41:41.391515
PO0003943,V00573,Users,238,2024-09-22 19:09:29,2026-08-12 21:41:41.391515
PO0003944,V03124,Models,371,2026-03-19 08:50:32,2026-08-12 21:41:41.391515
PO0003945,V02112,Roi,260,2025-04-01 02:03:05,2026-08-12 21:41:41.391515
PO0003946,V01091,Methodologies,671,2025-01-08 13:36:53,2026-08-12 21:41:41.391515
PO0003947,V01282,Roi,509,2025-08-14 05:35:52,2026-08-12 21:41:41.391515
PO0003948,V01077,Schemas,433,2025-12-27 22:09:45,2026-08-12 21:41:41.391515
PO0003949,V03183,Communities,579,2024-07-02 23:05:41,2026-08-12 21:41:41.391515
PO0003951,V02486,Users,13,2024-07-29 21:01:15,2026-08-12 21:41:41.391515
PO0003952,V03481,Platforms,234,2024-09-05 10:44:51,2026-08-12 21:41:41.391515
PO0003953,V00999,Metrics,49,2025-02-19 05:15:52,2026-08-12 21:41:41.391515
PO0003954,V01217,Functionalities,643,2025-03-30 16:31:52,2026-08-12 21:41:41.391515
PO0003955,V03311,Paradigms,777,2024-06-16 01:10:20,2026-08-12 21:41:41.391515
PO0003956,V04055,E-tailers,652,2025-10-16 00:52:21,2026-08-12 21:41:41.391515
PO0003957,V03540,E-services,776,2024-10-12 22:32:18,2026-08-12 21:41:41.391515
PO0003958,V02036,Solutions,125,2024-07-04 13:58:27,2026-08-12 21:41:41.391515
PO0003959,V04057,Roi,247,2025-04-27 02:10:47,2026-08-12 21:41:41.391515
PO0003960,V01738,Convergence,887,2025-02-01 05:47:19,2026-08-12 21:41:41.391515
PO0003961,V00883,E-services,790,2024-10-15 07:11:30,2026-08-12 21:41:41.391515
PO0003963,V02530,Communities,993,2025-02-23 07:18:02,2026-08-12 21:41:41.391515
PO0003964,V04168,Roi,351,2024-07-26 12:17:57,2026-08-12 21:41:41.391515
PO0003965,V03575,Relationships,584,2025-03-12 23:45:45,2026-08-12 21:41:41.391515
PO0003966,V01347,E-markets,393,2026-02-11 01:59:24,2026-08-12 21:41:41.391515
PO0003967,V04001,Platforms,515,2024-11-16 21:12:10,2026-08-12 21:41:41.391515
PO0003968,V03994,E-services,769,2025-04-20 17:58:21,2026-08-12 21:41:41.391515
PO0003969,V04733,Infrastructures,357,2024-12-21 09:29:01,2026-08-12 21:41:41.391515
PO0003970,V03000,Communities,830,2024-08-13 09:43:12,2026-08-12 21:41:41.391515
PO0003971,V02753,Schemas,179,2025-09-18 16:29:42,2026-08-12 21:41:41.391515
PO0003972,V02091,E-services,401,2026-02-09 14:07:36,2026-08-12 21:41:41.391515
PO0003974,V00344,Solutions,981,2025-08-19 23:56:20,2026-08-12 21:41:41.391515
PO0003975,V00658,Metrics,72,2026-03-31 21:23:14,2026-08-12 21:41:41.391515
PO0003976,V04045,Users,860,2025-02-21 15:23:58,2026-08-12 21:41:41.391515
PO0003977,V00072,E-business,370,2024-10-30 15:27:31,2026-08-12 21:41:41.391515
PO0003978,V02169,Relationships,550,2025-02-09 13:35:18,2026-08-12 21:41:41.391515
PO0003979,V02986,Platforms,909,2024-07-06 22:06:15,2026-08-12 21:41:41.391515
PO0003980,V04622,Convergence,2,2026-03-15 23:02:42,2026-08-12 21:41:41.391515
PO0003981,V01509,Partnerships,799,2026-03-22 11:45:56,2026-08-12 21:41:41.391515
PO0003982,V04369,Infrastructures,18,2024-08-06 04:46:13,2026-08-12 21:41:41.391515
PO0003983,V01948,Partnerships,402,2025-10-14 15:51:24,2026-08-12 21:41:41.391515
PO0003984,V01186,Platforms,812,2024-05-07 17:45:28,2026-08-12 21:41:41.391515
PO0003985,V04726,Roi,820,2026-03-10 13:37:14,2026-08-12 21:41:41.391515
PO0003986,V03435,Solutions,567,2025-08-13 04:55:48,2026-08-12 21:41:41.391515
PO0003988,V03688,Metrics,11,2024-07-20 13:49:03,2026-08-12 21:41:41.391515
PO0003989,V03022,Channels,697,2025-04-01 10:06:26,2026-08-12 21:41:41.391515
PO0003990,V01392,E-markets,597,2026-01-06 02:32:05,2026-08-12 21:41:41.391515
PO0003992,V04575,Channels,616,2024-10-12 13:00:20,2026-08-12 21:41:41.391515
PO0003993,V00738,Channels,856,2024-05-08 13:14:08,2026-08-12 21:41:41.391515
PO0003994,V00300,Users,181,2024-04-21 12:14:24,2026-08-12 21:41:41.391515
PO0003995,V01192,E-tailers,322,2025-07-05 13:54:56,2026-08-12 21:41:41.391515
PO0003996,V03071,Systems,756,2025-07-22 16:12:15,2026-08-12 21:41:41.391515
PO0003997,V01347,Users,687,2024-08-18 23:50:02,2026-08-12 21:41:41.391515
PO0003998,V01215,Convergence,629,2025-09-12 12:34:31,2026-08-12 21:41:41.391515
PO0003999,V02491,Communities,153,2025-11-15 04:49:45,2026-08-12 21:41:41.391515
PO0004000,V03653,Solutions,-227,2026-03-02 00:37:36,2026-08-12 21:41:41.391515
PO0004002,V03889,Relationships,173,2026-03-19 21:52:02,2026-08-12 21:41:41.391515
PO0004003,V01129,Web-readiness,224,2024-11-12 14:51:57,2026-08-12 21:41:41.391515
PO0004004,V02951,Partnerships,794,2024-12-18 23:45:13,2026-08-12 21:41:41.391515
PO0004005,V01346,Platforms,352,2026-02-26 07:09:22,2026-08-12 21:41:41.391515
PO0004006,V01817,Metrics,421,2024-08-02 18:01:54,2026-08-12 21:41:41.391515
PO0004007,V02549,Roi,601,2024-11-14 02:19:46,2026-08-12 21:41:41.391515
PO0004008,V02883,Experiences,968,2024-06-04 10:52:25,2026-08-12 21:41:41.391515
PO0004009,V03513,E-services,300,2024-09-13 09:38:32,2026-08-12 21:41:41.391515
PO0004010,V00569,Solutions,307,2024-08-25 02:39:21,2026-08-12 21:41:41.391515
PO0004011,V01882,Services,501,2025-10-17 17:08:10,2026-08-12 21:41:41.391515
PO0004012,V02990,Services,60,2024-07-09 06:11:53,2026-08-12 21:41:41.391515
PO0004013,V01374,E-services,985,2024-06-05 18:45:13,2026-08-12 21:41:41.391515
PO0004014,V02508,Architectures,267,2025-01-17 20:06:01,2026-08-12 21:41:41.391515
PO0004015,V02584,Solutions,203,2025-10-06 18:54:10,2026-08-12 21:41:41.391515
PO0004016,V00227,Niches,782,2024-10-13 20:45:11,2026-08-12 21:41:41.391515
PO0004018,V00930,Partnerships,251,2024-12-31 18:35:15,2026-08-12 21:41:41.391515
PO0004019,V01064,Metrics,103,2025-01-18 10:52:49,2026-08-12 21:41:41.391515
PO0004020,V01579,Niches,645,2024-04-25 17:20:37,2026-08-12 21:41:41.391515
PO0004021,V00183,Users,626,2024-12-20 20:18:24,2026-08-12 21:41:41.391515
PO0004022,V02166,E-services,452,2024-06-30 02:05:20,2026-08-12 21:41:41.391515
PO0004023,V01069,Functionalities,972,2024-11-14 10:13:38,2026-08-12 21:41:41.391515
PO0004024,V00250,Info-mediaries,88,2024-09-28 00:41:37,2026-08-12 21:41:41.391515
PO0004025,V04496,Metrics,121,2025-10-29 02:08:06,2026-08-12 21:41:41.391515
PO0004026,V01266,Solutions,864,2025-12-08 13:18:24,2026-08-12 21:41:41.391515
PO0004027,V04668,Solutions,891,2024-08-04 10:01:32,2026-08-12 21:41:41.391515
PO0004028,V04804,Partnerships,153,2024-07-04 23:09:48,2026-08-12 21:41:41.391515
PO0004029,V02403,Networks,122,2025-07-13 23:19:53,2026-08-12 21:41:41.391515
PO0004030,V03915,E-commerce,23,2025-08-27 23:47:41,2026-08-12 21:41:41.391515
PO0004031,V03672,Action-items,980,2024-07-08 14:46:37,2026-08-12 21:41:41.391515
PO0004033,V04101,Platforms,463,2024-10-19 16:23:49,2026-08-12 21:41:41.391515
PO0004034,V04102,E-services,35,2025-09-17 10:51:58,2026-08-12 21:41:41.391515
PO0004035,V01157,E-tailers,689,2026-01-31 11:26:54,2026-08-12 21:41:41.391515
PO0004036,V02706,Bandwidth,45,2024-05-26 08:29:21,2026-08-12 21:41:41.391515
PO0004037,V03730,Bandwidth,578,2025-05-24 21:40:24,2026-08-12 21:41:41.391515
PO0004038,V01080,Functionalities,759,2026-02-08 06:32:11,2026-08-12 21:41:41.391515
PO0004039,V02557,Action-items,77,2025-03-27 00:30:27,2026-08-12 21:41:41.391515
PO0004040,V03893,E-services,453,2025-04-29 19:21:59,2026-08-12 21:41:41.391515
PO0004041,V00903,Communities,123,2026-03-31 12:21:44,2026-08-12 21:41:41.391515
PO0004042,V01733,Solutions,895,2025-07-21 06:25:47,2026-08-12 21:41:41.391515
PO0004043,V00654,Users,868,2025-04-11 01:45:22,2026-08-12 21:41:41.391515
PO0004044,V00468,E-tailers,749,2025-08-26 07:58:36,2026-08-12 21:41:41.391515
PO0004045,V01314,E-tailers,3,2024-08-04 11:34:59,2026-08-12 21:41:41.391515
PO0004046,V02993,Models,425,2024-11-06 16:14:02,2026-08-12 21:41:41.391515
PO0004047,V00316,Models,938,2025-04-15 01:36:54,2026-08-12 21:41:41.391515
PO0004048,V02359,Schemas,6,2025-08-01 06:51:22,2026-08-12 21:41:41.391515
PO0004049,V01051,Web-readiness,60,2024-07-25 12:49:45,2026-08-12 21:41:41.391515
PO0004050,V02229,Relationships,788,2025-02-02 18:47:09,2026-08-12 21:41:41.391515
PO0004051,V01696,Functionalities,148,2025-10-07 19:53:56,2026-08-12 21:41:41.391515
PO0004052,V00820,Partnerships,87,2025-11-14 18:03:37,2026-08-12 21:41:41.391515
PO0004053,V00694,E-tailers,774,2024-10-30 05:12:05,2026-08-12 21:41:41.391515
PO0004054,V01011,E-services,682,2026-02-14 23:10:18,2026-08-12 21:41:41.391515
PO0004055,V01991,Bandwidth,622,2024-07-28 23:38:35,2026-08-12 21:41:41.391515
PO0004056,V01268,Networks,633,2024-08-15 02:22:13,2026-08-12 21:41:41.391515
PO0004057,V00364,Systems,77,2024-06-29 13:43:58,2026-08-12 21:41:41.391515
PO0004058,V01663,Schemas,628,2025-05-12 16:53:09,2026-08-12 21:41:41.391515
PO0004059,V01927,Info-mediaries,762,2025-06-15 12:29:22,2026-08-12 21:41:41.391515
PO0004060,V02783,Systems,819,2024-10-18 12:30:48,2026-08-12 21:41:41.391515
PO0004061,V04857,E-services,997,2025-10-20 01:54:26,2026-08-12 21:41:41.391515
PO0004063,V04351,Models,359,2024-11-01 14:01:17,2026-08-12 21:41:41.391515
PO0004064,V00482,Models,944,2025-08-19 00:12:47,2026-08-12 21:41:41.391515
PO0004065,V04382,Niches,158,2025-12-28 18:01:06,2026-08-12 21:41:41.391515
PO0004066,V01075,Channels,197,2025-09-24 14:39:19,2026-08-12 21:41:41.391515
PO0004067,V04827,Web-readiness,758,2024-12-23 14:18:58,2026-08-12 21:41:41.391515
PO0004068,V00674,E-services,996,2025-10-14 00:48:10,2026-08-12 21:41:41.391515
PO0004069,V00946,Channels,859,2026-04-11 17:38:43,2026-08-12 21:41:41.391515
PO0004070,V00010,Markets,749,2025-06-11 04:55:34,2026-08-12 21:41:41.391515
PO0004071,V01188,Metrics,416,2025-12-23 13:31:48,2026-08-12 21:41:41.391515
PO0004072,V03453,Functionalities,412,2024-07-12 00:41:04,2026-08-12 21:41:41.391515
PO0004073,V04694,Architectures,476,2025-07-20 19:38:16,2026-08-12 21:41:41.391515
PO0004074,V02374,Users,296,2024-09-05 01:49:20,2026-08-12 21:41:41.391515
PO0004075,V02776,Metrics,293,2025-11-10 15:21:00,2026-08-12 21:41:41.391515
PO0004076,V00161,Functionalities,309,2026-04-08 13:13:01,2026-08-12 21:41:41.391515
PO0004078,V01177,Users,497,2024-12-08 23:23:36,2026-08-12 21:41:41.391515
PO0004079,V00062,E-services,6,2025-12-08 08:58:36,2026-08-12 21:41:41.391515
PO0004081,V04677,Solutions,387,2025-04-28 05:51:40,2026-08-12 21:41:41.391515
PO0004082,V02212,Platforms,113,2025-05-05 15:37:07,2026-08-12 21:41:41.391515
PO0004084,V01674,Systems,544,2025-03-19 02:28:03,2026-08-12 21:41:41.391515
PO0004085,V02672,Systems,724,2025-05-05 16:56:40,2026-08-12 21:41:41.391515
PO0004087,V03594,Niches,856,2025-02-08 20:58:22,2026-08-12 21:41:41.391515
PO0004089,V03488,Schemas,807,2025-07-08 07:08:44,2026-08-12 21:41:41.391515
PO0004090,V00636,E-markets,630,2024-09-19 00:16:39,2026-08-12 21:41:41.391515
PO0004091,V04508,Markets,932,2024-09-27 07:39:11,2026-08-12 21:41:41.391515
PO0004092,V00469,Roi,885,2026-03-03 00:15:57,2026-08-12 21:41:41.391515
PO0004093,V04946,Niches,565,2024-10-17 03:10:01,2026-08-12 21:41:41.391515
PO0004094,V01028,Paradigms,580,2025-11-27 10:00:06,2026-08-12 21:41:41.391515
PO0004095,V03935,Relationships,616,2024-08-28 04:06:23,2026-08-12 21:41:41.391515
PO0004096,V03391,Solutions,728,2025-07-19 10:17:14,2026-08-12 21:41:41.391515
PO0004097,V03599,Architectures,309,2025-07-19 22:31:02,2026-08-12 21:41:41.391515
PO0004098,V04524,Networks,-402,2025-06-25 13:35:37,2026-08-12 21:41:41.391515
PO0004099,V03306,Networks,496,2025-03-17 23:55:41,2026-08-12 21:41:41.391515
PO0004100,V03570,E-services,258,2025-01-18 04:37:28,2026-08-12 21:41:41.391515
PO0004101,V02732,E-business,622,2024-07-01 00:13:56,2026-08-12 21:41:41.391515
PO0004102,V04730,Metrics,594,2025-01-21 01:11:34,2026-08-12 21:41:41.391515
PO0004103,V04355,Niches,31,2026-02-24 18:45:08,2026-08-12 21:41:41.391515
PO0004104,V04396,Methodologies,334,2025-08-10 15:25:15,2026-08-12 21:41:41.391515
PO0004105,V00078,Action-items,357,2024-06-01 09:42:48,2026-08-12 21:41:41.391515
PO0004106,V03558,Niches,251,2024-08-24 21:19:16,2026-08-12 21:41:41.391515
PO0004107,V03063,Solutions,455,2025-01-07 07:42:16,2026-08-12 21:41:41.391515
PO0004108,V03589,Infrastructures,312,2025-04-15 22:43:14,2026-08-12 21:41:41.391515
PO0004109,V00599,Systems,661,2025-10-26 11:03:30,2026-08-12 21:41:41.391515
PO0004110,V01589,Services,569,2025-06-13 16:35:55,2026-08-12 21:41:41.391515
PO0004111,V01817,Infrastructures,656,2025-09-16 22:13:24,2026-08-12 21:41:41.391515
PO0004112,V02899,Systems,9,2024-11-29 03:06:51,2026-08-12 21:41:41.391515
PO0004113,V01972,Users,891,2025-03-20 13:18:25,2026-08-12 21:41:41.391515
PO0004114,V01559,E-commerce,946,2024-11-17 13:22:36,2026-08-12 21:41:41.391515
PO0004115,V00093,Markets,377,2024-06-01 12:53:13,2026-08-12 21:41:41.391515
PO0004116,V02375,Niches,8,2026-03-05 04:19:39,2026-08-12 21:41:41.391515
PO0004117,V04328,Users,150,2025-05-26 17:18:19,2026-08-12 21:41:41.391515
PO0004118,V03013,Channels,412,2025-01-02 01:52:46,2026-08-12 21:41:41.391515
PO0004119,V04538,Niches,152,2025-08-25 10:08:22,2026-08-12 21:41:41.391515
PO0004120,V03616,Platforms,455,2025-05-14 01:16:51,2026-08-12 21:41:41.391515
PO0004121,V03521,E-services,732,2025-12-19 05:00:43,2026-08-12 21:41:41.391515
PO0004122,V03164,Action-items,886,2025-12-18 06:13:44,2026-08-12 21:41:41.391515
PO0004123,V01764,Methodologies,558,2025-01-22 01:35:28,2026-08-12 21:41:41.391515
PO0004124,V01070,E-commerce,604,2025-11-10 02:03:39,2026-08-12 21:41:41.391515
PO0004125,V03273,Communities,44,2025-06-01 13:36:26,2026-08-12 21:41:41.391515
PO0004126,V03428,Paradigms,625,2025-06-03 23:38:23,2026-08-12 21:41:41.391515
PO0004127,V04001,E-business,163,2024-09-14 05:16:56,2026-08-12 21:41:41.391515
PO0004128,V04146,Networks,525,2026-01-22 07:58:02,2026-08-12 21:41:41.391515
PO0004129,V03795,Roi,465,2025-11-12 20:43:49,2026-08-12 21:41:41.391515
PO0004130,V03917,E-services,185,2025-06-12 14:12:20,2026-08-12 21:41:41.391515
PO0004131,V01330,E-services,975,2024-08-29 10:41:29,2026-08-12 21:41:41.391515
PO0004132,V00516,Web-readiness,603,2025-12-10 20:11:45,2026-08-12 21:41:41.391515
PO0004133,V02161,Action-items,249,2024-12-23 01:19:18,2026-08-12 21:41:41.391515
PO0004134,V00682,Infrastructures,773,2025-10-13 07:15:25,2026-08-12 21:41:41.391515
PO0004135,V01964,Partnerships,765,2025-03-23 14:58:47,2026-08-12 21:41:41.391515
PO0004136,V04757,Infrastructures,537,2025-10-21 22:44:55,2026-08-12 21:41:41.391515
PO0004138,V02517,Paradigms,490,2025-04-24 03:29:55,2026-08-12 21:41:41.391515
PO0004139,V01199,E-markets,785,2024-07-31 20:18:23,2026-08-12 21:41:41.391515
PO0004140,V00930,Partnerships,108,2025-02-26 05:10:40,2026-08-12 21:41:41.391515
PO0004141,V04680,E-markets,514,2025-12-21 11:33:21,2026-08-12 21:41:41.391515
PO0004142,V01452,Roi,173,2024-08-29 12:38:45,2026-08-12 21:41:41.391515
PO0004143,V01105,E-tailers,336,2024-05-01 23:31:31,2026-08-12 21:41:41.391515
PO0004144,V02816,E-business,711,2025-11-13 12:21:57,2026-08-12 21:41:41.391515
PO0004145,V02884,Markets,641,2025-05-17 12:24:23,2026-08-12 21:41:41.391515
PO0004146,V02807,Schemas,584,2024-11-10 17:06:58,2026-08-12 21:41:41.391515
PO0004147,V03743,E-markets,141,2025-02-21 01:32:40,2026-08-12 21:41:41.391515
PO0004148,V01542,E-commerce,876,2025-04-27 14:03:45,2026-08-12 21:41:41.391515
PO0004149,V04185,Models,622,2024-07-24 08:29:05,2026-08-12 21:41:41.391515
PO0004150,V02077,Schemas,609,2025-09-11 10:48:05,2026-08-12 21:41:41.391515
PO0004151,V01510,Paradigms,555,2025-07-16 00:04:01,2026-08-12 21:41:41.391515
PO0004152,V00299,E-tailers,703,2025-12-14 00:16:24,2026-08-12 21:41:41.391515
PO0004153,V01309,Infrastructures,785,2024-08-26 17:10:36,2026-08-12 21:41:41.391515
PO0004154,V04863,Convergence,685,2025-01-24 12:02:16,2026-08-12 21:41:41.391515
PO0004155,V04950,Users,107,2024-12-11 00:27:56,2026-08-12 21:41:41.391515
PO0004156,V03305,Platforms,879,2026-04-05 16:22:17,2026-08-12 21:41:41.391515
PO0004157,V02158,Bandwidth,388,2024-10-03 07:52:43,2026-08-12 21:41:41.391515
PO0004158,V04731,Channels,672,2026-02-16 17:56:05,2026-08-12 21:41:41.391515
PO0004159,V04769,Niches,629,2025-12-14 23:01:51,2026-08-12 21:41:41.391515
PO0004160,V02075,Markets,671,2025-08-26 06:47:48,2026-08-12 21:41:41.391515
PO0004161,V02596,Users,949,2026-02-26 13:25:09,2026-08-12 21:41:41.391515
PO0004162,V01264,Platforms,50,2024-12-21 16:34:16,2026-08-12 21:41:41.391515
PO0004163,V02801,Web-readiness,648,2025-11-11 12:58:30,2026-08-12 21:41:41.391515
PO0004164,V03170,Relationships,9,2025-02-01 21:43:45,2026-08-12 21:41:41.391515
PO0004165,V02855,E-markets,532,2024-06-19 06:20:22,2026-08-12 21:41:41.391515
PO0004166,V02301,Users,539,2025-12-19 07:21:02,2026-08-12 21:41:41.391515
PO0004167,V01314,Solutions,523,2025-07-16 20:35:39,2026-08-12 21:41:41.391515
PO0004168,V00056,E-commerce,842,2025-02-16 07:40:28,2026-08-12 21:41:41.391515
PO0004169,V01564,Schemas,948,2024-08-27 02:20:03,2026-08-12 21:41:41.391515
PO0004170,V04045,Users,-487,2025-06-23 10:30:00,2026-08-12 21:41:41.391515
PO0004171,V04674,Solutions,841,2024-08-19 12:35:57,2026-08-12 21:41:41.391515
PO0004172,V03291,Metrics,519,2024-08-30 01:55:35,2026-08-12 21:41:41.391515
PO0004173,V00378,E-tailers,797,2024-09-07 14:06:45,2026-08-12 21:41:41.391515
PO0004174,V03298,Action-items,486,2026-02-22 10:15:22,2026-08-12 21:41:41.391515
PO0004175,V00834,Communities,512,2025-01-15 03:25:06,2026-08-12 21:41:41.391515
PO0004176,V02981,Action-items,922,2024-04-24 16:55:08,2026-08-12 21:41:41.391515
PO0004177,V04414,Systems,39,2025-11-25 10:03:42,2026-08-12 21:41:41.391515
PO0004178,V02954,Networks,429,2024-07-09 13:33:29,2026-08-12 21:41:41.391515
PO0004181,V02194,Architectures,42,2025-01-16 22:23:58,2026-08-12 21:41:41.391515
PO0004182,V00043,Metrics,975,2025-11-05 11:59:16,2026-08-12 21:41:41.391515
PO0004183,V00692,E-markets,358,2025-12-27 03:14:00,2026-08-12 21:41:41.391515
PO0004184,V01344,Models,793,2025-09-15 12:13:22,2026-08-12 21:41:41.391515
PO0004185,V00810,Users,660,2026-04-13 07:57:35,2026-08-12 21:41:41.391515
PO0004186,V02965,E-markets,65,2025-08-24 17:10:15,2026-08-12 21:41:41.391515
PO0004187,V00570,Channels,27,2025-02-27 03:37:34,2026-08-12 21:41:41.391515
PO0004188,V03324,Action-items,352,2024-08-26 11:58:25,2026-08-12 21:41:41.391515
PO0004189,V03984,Metrics,946,2025-11-26 22:25:49,2026-08-12 21:41:41.391515
PO0004190,V01851,Methodologies,41,2026-03-04 19:03:17,2026-08-12 21:41:41.391515
PO0004191,V04731,Niches,314,2024-12-06 22:15:58,2026-08-12 21:41:41.391515
PO0004192,V01708,E-business,156,2025-03-31 09:00:08,2026-08-12 21:41:41.391515
PO0004193,V03385,E-tailers,314,2024-08-29 16:24:58,2026-08-12 21:41:41.391515
PO0004194,V00661,Infrastructures,492,2025-06-21 02:58:35,2026-08-12 21:41:41.391515
PO0004195,V01034,Methodologies,709,2025-03-03 09:17:56,2026-08-12 21:41:41.391515
PO0004196,V00409,Systems,385,2024-09-11 13:51:19,2026-08-12 21:41:41.391515
PO0004197,V03368,Functionalities,548,2025-07-19 11:36:17,2026-08-12 21:41:41.391515
PO0004198,V02986,Bandwidth,964,2025-11-29 16:32:03,2026-08-12 21:41:41.391515
PO0004200,V02744,Bandwidth,-691,2026-03-03 03:42:04,2026-08-12 21:41:41.391515
PO0004202,V01080,E-services,540,2025-09-01 20:42:36,2026-08-12 21:41:41.391515
PO0004203,V01846,Convergence,529,2024-04-27 21:09:12,2026-08-12 21:41:41.391515
PO0004204,V00017,Action-items,431,2024-06-27 09:49:24,2026-08-12 21:41:41.391515
PO0004205,V01617,Paradigms,843,2026-02-08 01:29:21,2026-08-12 21:41:41.391515
PO0004208,V03988,Paradigms,367,2024-08-22 05:52:03,2026-08-12 21:41:41.391515
PO0004210,V02469,Roi,596,2026-04-04 04:35:12,2026-08-12 21:41:41.391515
PO0004211,V02833,Platforms,144,2024-11-16 11:05:23,2026-08-12 21:41:41.391515
PO0004212,V02927,Niches,792,2024-06-24 17:30:28,2026-08-12 21:41:41.391515
PO0004213,V04597,E-services,517,2024-11-27 07:04:19,2026-08-12 21:41:41.391515
PO0004214,V01380,Architectures,141,2025-07-04 12:44:39,2026-08-12 21:41:41.391515
PO0004215,V02816,Paradigms,235,2025-07-07 09:05:05,2026-08-12 21:41:41.391515
PO0004216,V03814,Paradigms,310,2024-08-31 22:28:18,2026-08-12 21:41:41.391515
PO0004217,V04692,E-commerce,821,2025-07-23 09:32:37,2026-08-12 21:41:41.391515
PO0004218,V01664,Channels,607,2024-04-26 21:31:17,2026-08-12 21:41:41.391515
PO0004219,V03253,Networks,13,2025-12-21 02:41:58,2026-08-12 21:41:41.391515
PO0004220,V04763,E-services,547,2024-04-28 10:48:19,2026-08-12 21:41:41.391515
PO0004221,V02636,Roi,31,2025-08-01 07:13:38,2026-08-12 21:41:41.391515
PO0004222,V03725,E-markets,329,2025-10-15 09:29:38,2026-08-12 21:41:41.391515
PO0004223,V04369,E-services,539,2025-09-08 20:34:43,2026-08-12 21:41:41.391515
PO0004224,V00145,Bandwidth,452,2025-03-08 07:02:35,2026-08-12 21:41:41.391515
PO0004225,V01622,Platforms,538,2025-02-18 08:40:49,2026-08-12 21:41:41.391515
PO0004226,V04584,Systems,47,2024-08-28 05:41:54,2026-08-12 21:41:41.391515
PO0004227,V02935,Action-items,448,2026-01-23 20:00:00,2026-08-12 21:41:41.391515
PO0004228,V00994,Info-mediaries,209,2025-10-08 18:16:01,2026-08-12 21:41:41.391515
PO0004229,V04232,Users,272,2025-03-28 09:27:17,2026-08-12 21:41:41.391515
PO0004230,V04128,E-business,670,2024-05-18 21:18:36,2026-08-12 21:41:41.391515
PO0004231,V02373,Roi,295,2024-07-31 09:10:52,2026-08-12 21:41:41.391515
PO0004232,V00046,E-services,841,2025-03-02 09:26:29,2026-08-12 21:41:41.391515
PO0004233,V00237,Markets,737,2025-02-21 12:47:30,2026-08-12 21:41:41.391515
PO0004234,V00436,Bandwidth,539,2024-04-18 04:46:36,2026-08-12 21:41:41.391515
PO0004235,V04338,Architectures,99,2024-11-07 17:21:36,2026-08-12 21:41:41.391515
PO0004236,V04723,Niches,995,2026-04-01 11:23:29,2026-08-12 21:41:41.391515
PO0004239,V03676,Users,995,2025-01-09 04:24:12,2026-08-12 21:41:41.391515
PO0004240,V04329,Users,132,2026-01-21 03:47:53,2026-08-12 21:41:41.391515
PO0004241,V01659,Web-readiness,900,2026-01-29 18:56:43,2026-08-12 21:41:41.391515
PO0004242,V00089,Models,435,2024-05-28 20:59:59,2026-08-12 21:41:41.391515
PO0004243,V00100,Infrastructures,918,2025-07-13 01:26:31,2026-08-12 21:41:41.391515
PO0004244,V03628,E-business,661,2025-01-23 15:25:08,2026-08-12 21:41:41.391515
PO0004245,V02885,Infrastructures,303,2025-03-18 05:42:38,2026-08-12 21:41:41.391515
PO0004246,V03968,Niches,860,2024-09-15 20:25:36,2026-08-12 21:41:41.391515
PO0004247,V04870,Platforms,215,2024-09-08 18:54:24,2026-08-12 21:41:41.391515
PO0004248,V04778,Methodologies,497,2024-06-08 20:32:57,2026-08-12 21:41:41.391515
PO0004249,V01249,E-tailers,445,2025-04-23 16:05:31,2026-08-12 21:41:41.391515
PO0004250,V04072,E-commerce,770,2026-01-27 07:29:13,2026-08-12 21:41:41.391515
PO0004251,V01233,Channels,295,2024-11-25 09:42:51,2026-08-12 21:41:41.391515
PO0004252,V02053,Convergence,134,2025-09-02 13:25:41,2026-08-12 21:41:41.391515
PO0004253,V00283,Niches,32,2024-05-18 13:29:35,2026-08-12 21:41:41.391515
PO0004254,V04090,Channels,344,2024-05-02 13:56:46,2026-08-12 21:41:41.391515
PO0004255,V01577,Roi,877,2025-10-27 01:18:55,2026-08-12 21:41:41.391515
PO0004256,V01475,Functionalities,979,2024-10-14 21:30:06,2026-08-12 21:41:41.391515
PO0004257,V04269,Schemas,892,2025-08-08 07:43:15,2026-08-12 21:41:41.391515
PO0004259,V01087,Niches,573,2024-05-26 18:25:22,2026-08-12 21:41:41.391515
PO0004260,V03455,E-commerce,357,2025-11-11 16:53:23,2026-08-12 21:41:41.391515
PO0004261,V00301,Channels,-382,2025-11-29 12:25:03,2026-08-12 21:41:41.391515
PO0004262,V01746,Bandwidth,933,2024-06-22 13:32:54,2026-08-12 21:41:41.391515
PO0004263,V00927,Action-items,437,2025-07-08 13:28:42,2026-08-12 21:41:41.391515
PO0004264,V02660,Users,89,2024-10-05 13:55:49,2026-08-12 21:41:41.391515
PO0004265,V00173,Roi,956,2024-10-25 18:41:08,2026-08-12 21:41:41.391515
PO0004266,V04639,E-markets,884,2025-01-30 23:11:19,2026-08-12 21:41:41.391515
PO0004267,V03864,Functionalities,593,2025-12-01 15:49:04,2026-08-12 21:41:41.391515
PO0004268,V01232,Services,601,2024-09-20 23:12:55,2026-08-12 21:41:41.391515
PO0004269,V04552,Users,994,2025-06-10 11:04:50,2026-08-12 21:41:41.391515
PO0004270,V01249,Roi,150,2025-08-11 22:39:32,2026-08-12 21:41:41.391515
PO0004271,V00780,Architectures,833,2024-09-02 23:33:47,2026-08-12 21:41:41.391515
PO0004272,V00034,Channels,298,2024-07-31 10:51:26,2026-08-12 21:41:41.391515
PO0004273,V04713,Users,39,2024-08-20 12:47:53,2026-08-12 21:41:41.391515
PO0004274,V04090,Models,691,2024-12-05 09:02:15,2026-08-12 21:41:41.391515
PO0004275,V00072,E-business,91,2026-01-27 14:56:40,2026-08-12 21:41:41.391515
PO0004276,V03269,Info-mediaries,91,2025-04-13 03:48:21,2026-08-12 21:41:41.391515
PO0004277,V01114,E-services,356,2024-06-29 17:52:05,2026-08-12 21:41:41.391515
PO0004278,V03445,Platforms,671,2024-06-24 11:03:27,2026-08-12 21:41:41.391515
PO0004279,V03220,Systems,278,2025-07-21 17:44:12,2026-08-12 21:41:41.391515
PO0004281,V02840,Services,351,2025-02-08 23:10:00,2026-08-12 21:41:41.391515
PO0004282,V02490,Services,274,2026-02-08 21:55:34,2026-08-12 21:41:41.391515
PO0004284,V03481,Platforms,374,2025-10-09 16:42:25,2026-08-12 21:41:41.391515
PO0004287,V02590,Methodologies,434,2024-05-04 12:38:09,2026-08-12 21:41:41.391515
PO0004288,V04196,Communities,350,2026-04-11 17:31:18,2026-08-12 21:41:41.391515
PO0004289,V01554,Systems,576,2025-06-02 19:09:07,2026-08-12 21:41:41.391515
PO0004290,V00400,Systems,175,2024-08-07 12:26:41,2026-08-12 21:41:41.391515
PO0004291,V01393,E-services,794,2025-04-11 09:21:49,2026-08-12 21:41:41.391515
PO0004292,V01658,Systems,709,2025-04-30 09:08:37,2026-08-12 21:41:41.391515
PO0004293,V00827,Solutions,951,2025-09-11 22:14:29,2026-08-12 21:41:41.391515
PO0004294,V00907,Metrics,564,2024-05-16 22:58:31,2026-08-12 21:41:41.391515
PO0004295,V00776,Networks,701,2024-12-22 20:19:19,2026-08-12 21:41:41.391515
PO0004296,V00322,Platforms,40,2025-02-22 16:14:16,2026-08-12 21:41:41.391515
PO0004297,V03646,Experiences,893,2024-11-22 06:08:50,2026-08-12 21:41:41.391515
PO0004298,V03733,E-business,250,2025-02-22 21:03:59,2026-08-12 21:41:41.391515
PO0004299,V04424,Systems,852,2024-07-13 03:27:09,2026-08-12 21:41:41.391515
PO0004300,V03629,E-business,634,2026-04-05 06:53:06,2026-08-12 21:41:41.391515
PO0004301,V01475,Functionalities,533,2025-10-02 03:07:52,2026-08-12 21:41:41.391515
PO0004302,V02486,Users,725,2025-11-20 06:39:42,2026-08-12 21:41:41.391515
PO0004303,V01692,Paradigms,30,2025-03-08 15:59:18,2026-08-12 21:41:41.391515
PO0004304,V03979,E-tailers,414,2026-01-23 10:16:21,2026-08-12 21:41:41.391515
PO0004306,V02271,E-commerce,177,2024-05-30 15:27:19,2026-08-12 21:41:41.391515
PO0004308,V02938,E-services,773,2025-03-22 14:26:07,2026-08-12 21:41:41.391515
PO0004309,V03650,E-tailers,242,2026-02-22 23:54:06,2026-08-12 21:41:41.391515
PO0004310,V03836,E-services,27,2024-07-27 19:48:29,2026-08-12 21:41:41.391515
PO0004311,V01307,E-services,350,2025-02-15 15:29:51,2026-08-12 21:41:41.391515
PO0004312,V03864,Functionalities,703,2024-11-22 13:29:04,2026-08-12 21:41:41.391515
PO0004313,V03955,Niches,104,2024-10-04 15:14:12,2026-08-12 21:41:41.391515
PO0004314,V01581,Relationships,503,2025-10-20 11:31:05,2026-08-12 21:41:41.391515
PO0004315,V00675,E-tailers,271,2025-05-31 08:20:16,2026-08-12 21:41:41.391515
PO0004316,V03888,Platforms,117,2025-10-23 23:42:54,2026-08-12 21:41:41.391515
PO0004317,V03108,Systems,672,2026-04-17 15:43:52,2026-08-12 21:41:41.391515
PO0004318,V04677,Relationships,281,2025-01-17 23:00:10,2026-08-12 21:41:41.391515
PO0004319,V00753,Users,195,2024-04-26 00:37:08,2026-08-12 21:41:41.391515
PO0004321,V02847,Niches,732,2025-07-06 15:17:12,2026-08-12 21:41:41.391515
PO0004322,V03486,Niches,720,2024-12-26 21:08:17,2026-08-12 21:41:41.391515
PO0004323,V04664,E-tailers,903,2024-10-12 07:25:23,2026-08-12 21:41:41.391515
PO0004324,V03983,Relationships,392,2025-04-12 15:39:38,2026-08-12 21:41:41.391515
PO0004325,V01141,Niches,996,2024-08-30 17:47:01,2026-08-12 21:41:41.391515
PO0004326,V02660,Users,369,2024-09-20 06:18:27,2026-08-12 21:41:41.391515
PO0004327,V02197,Relationships,925,2024-11-14 19:00:34,2026-08-12 21:41:41.391515
PO0004328,V00207,Infrastructures,507,2025-03-13 01:45:30,2026-08-12 21:41:41.391515
PO0004329,V03085,Convergence,110,2024-06-27 00:21:16,2026-08-12 21:41:41.391515
PO0004331,V03708,Infrastructures,567,2026-01-19 16:57:36,2026-08-12 21:41:41.391515
PO0004332,V02345,Partnerships,510,2025-03-14 14:08:10,2026-08-12 21:41:41.391515
PO0004333,V03589,Infrastructures,733,2025-09-11 21:28:34,2026-08-12 21:41:41.391515
PO0004334,V03568,Methodologies,760,2024-08-09 21:14:39,2026-08-12 21:41:41.391515
PO0004336,V01998,Solutions,937,2024-10-08 03:55:11,2026-08-12 21:41:41.391515
PO0004337,V00195,Models,980,2025-09-22 23:20:14,2026-08-12 21:41:41.391515
PO0004338,V00563,Web-readiness,502,2024-07-13 11:24:36,2026-08-12 21:41:41.391515
PO0004339,V01231,Solutions,345,2024-09-24 16:34:41,2026-08-12 21:41:41.391515
PO0004340,V03181,Models,774,2026-02-20 16:41:29,2026-08-12 21:41:41.391515
PO0004341,V00756,Relationships,922,2026-03-07 05:30:55,2026-08-12 21:41:41.391515
PO0004343,V02175,Metrics,184,2025-12-19 21:36:48,2026-08-12 21:41:41.391515
PO0004344,V04695,Solutions,659,2025-03-02 17:57:55,2026-08-12 21:41:41.391515
PO0004345,V00832,Niches,843,2024-07-16 01:42:37,2026-08-12 21:41:41.391515
PO0004346,V02647,Web-readiness,518,2024-04-27 15:54:16,2026-08-12 21:41:41.391515
PO0004347,V01087,Users,307,2025-08-30 08:57:55,2026-08-12 21:41:41.391515
PO0004348,V02816,Channels,967,2026-04-15 16:27:00,2026-08-12 21:41:41.391515
PO0004349,V04638,Niches,447,2025-12-24 14:38:42,2026-08-12 21:41:41.391515
PO0004350,V01418,Services,172,2025-08-10 09:57:28,2026-08-12 21:41:41.391515
PO0004352,V02949,Users,405,2024-11-23 21:48:37,2026-08-12 21:41:41.391515
PO0004353,V03884,Methodologies,130,2025-10-23 11:05:47,2026-08-12 21:41:41.391515
PO0004354,V03750,Services,967,2024-06-29 08:41:03,2026-08-12 21:41:41.391515
PO0004355,V00526,Web-readiness,188,2025-03-22 02:15:04,2026-08-12 21:41:41.391515
PO0004356,V04392,E-markets,915,2024-12-06 18:26:11,2026-08-12 21:41:41.391515
PO0004357,V01666,Schemas,846,2024-08-02 14:05:08,2026-08-12 21:41:41.391515
PO0004358,V02043,Web-readiness,69,2026-04-17 02:39:01,2026-08-12 21:41:41.391515
PO0004359,V00586,Schemas,820,2024-09-20 09:22:22,2026-08-12 21:41:41.391515
PO0004360,V04432,Relationships,337,2025-10-25 16:30:06,2026-08-12 21:41:41.391515
PO0004361,V02534,Schemas,789,2024-07-04 00:18:51,2026-08-12 21:41:41.391515
PO0004362,V01134,E-markets,833,2025-02-14 05:19:47,2026-08-12 21:41:41.391515
PO0004363,V04105,Networks,549,2025-01-14 01:22:34,2026-08-12 21:41:41.391515
PO0004364,V04981,Networks,992,2024-11-18 09:35:47,2026-08-12 21:41:41.391515
PO0004365,V01317,Schemas,111,2026-03-18 00:03:17,2026-08-12 21:41:41.391515
PO0004366,V04088,E-services,709,2026-01-12 16:32:07,2026-08-12 21:41:41.391515
PO0004367,V03918,Partnerships,84,2024-11-27 11:23:43,2026-08-12 21:41:41.391515
PO0004368,V00464,Services,867,2024-07-17 08:14:41,2026-08-12 21:41:41.391515
PO0004370,V01817,Metrics,774,2025-11-20 16:02:52,2026-08-12 21:41:41.391515
PO0004371,V02007,Users,688,2024-09-17 17:34:40,2026-08-12 21:41:41.391515
PO0004372,V03461,Solutions,335,2025-04-10 02:50:59,2026-08-12 21:41:41.391515
PO0004373,V02816,E-business,964,2024-09-03 18:57:37,2026-08-12 21:41:41.391515
PO0004374,V02524,E-commerce,940,2025-04-13 08:18:38,2026-08-12 21:41:41.391515
PO0004375,V02451,E-business,516,2025-04-17 23:09:30,2026-08-12 21:41:41.391515
PO0004377,V02153,Info-mediaries,845,2026-03-13 23:42:24,2026-08-12 21:41:41.391515
PO0004378,V04275,E-tailers,417,2025-02-13 15:45:37,2026-08-12 21:41:41.391515
PO0004379,V00610,Platforms,571,2025-05-29 12:17:40,2026-08-12 21:41:41.391515
PO0004380,V04995,E-services,806,2025-01-24 04:34:29,2026-08-12 21:41:41.391515
PO0004381,V01564,Schemas,778,2025-04-23 04:48:33,2026-08-12 21:41:41.391515
PO0004382,V02445,Schemas,660,2025-03-10 09:42:24,2026-08-12 21:41:41.391515
PO0004383,V03677,Architectures,687,2026-03-13 15:03:20,2026-08-12 21:41:41.391515
PO0004384,V03183,Communities,48,2026-04-01 11:52:09,2026-08-12 21:41:41.391515
PO0004385,V03716,Roi,577,2025-11-23 03:26:25,2026-08-12 21:41:41.391515
PO0004387,V03654,Niches,209,2025-03-11 18:38:17,2026-08-12 21:41:41.391515
PO0004388,V03609,E-tailers,813,2026-02-13 22:37:50,2026-08-12 21:41:41.391515
PO0004389,V01559,Niches,354,2025-10-07 22:10:49,2026-08-12 21:41:41.391515
PO0004390,V02517,Paradigms,48,2024-09-26 21:33:41,2026-08-12 21:41:41.391515
PO0004391,V04490,Channels,863,2025-12-22 15:34:26,2026-08-12 21:41:41.391515
PO0004392,V01696,Metrics,23,2024-10-29 23:18:11,2026-08-12 21:41:41.391515
PO0004393,V02842,Markets,869,2025-07-31 11:06:23,2026-08-12 21:41:41.391515
PO0004394,V00640,E-markets,285,2024-12-01 01:22:13,2026-08-12 21:41:41.391515
PO0004395,V01232,Services,362,2024-09-04 20:45:11,2026-08-12 21:41:41.391515
PO0004397,V03170,Functionalities,727,2024-05-22 23:05:32,2026-08-12 21:41:41.391515
PO0004398,V02538,Users,479,2026-01-13 23:31:09,2026-08-12 21:41:41.391515
PO0004399,V03342,Action-items,831,2024-11-19 12:05:37,2026-08-12 21:41:41.391515
PO0004400,V04580,Info-mediaries,370,2026-03-02 12:33:26,2026-08-12 21:41:41.391515
PO0004401,V00819,Partnerships,982,2025-03-16 21:14:35,2026-08-12 21:41:41.391515
PO0004402,V01049,E-tailers,418,2026-01-06 06:16:17,2026-08-12 21:41:41.391515
PO0004403,V00454,Infrastructures,245,2024-06-10 23:01:57,2026-08-12 21:41:41.391515
PO0004404,V00074,Info-mediaries,168,2025-04-20 16:38:51,2026-08-12 21:41:41.391515
PO0004405,V01980,Architectures,661,2024-12-28 14:41:48,2026-08-12 21:41:41.391515
PO0004406,V02107,Services,649,2026-02-13 16:56:38,2026-08-12 21:41:41.391515
PO0004407,V01719,E-markets,378,2025-01-07 05:36:31,2026-08-12 21:41:41.391515
PO0004408,V02312,Relationships,452,2024-07-04 17:55:48,2026-08-12 21:41:41.391515
PO0004409,V01941,Niches,215,2025-05-20 09:02:16,2026-08-12 21:41:41.391515
PO0004410,V01585,Methodologies,449,2025-06-19 13:51:00,2026-08-12 21:41:41.391515
PO0004411,V01495,Paradigms,931,2025-03-26 20:06:09,2026-08-12 21:41:41.391515
PO0004412,V03608,E-business,20,2024-05-03 08:46:10,2026-08-12 21:41:41.391515
PO0004413,V04437,Users,329,2024-06-24 05:26:58,2026-08-12 21:41:41.391515
PO0004414,V03345,Functionalities,39,2026-01-27 06:21:38,2026-08-12 21:41:41.391515
PO0004415,V02135,Paradigms,846,2026-02-04 07:03:53,2026-08-12 21:41:41.391515
PO0004416,V02184,Roi,623,2025-05-07 00:43:38,2026-08-12 21:41:41.391515
PO0004417,V03985,Channels,922,2025-08-12 08:38:35,2026-08-12 21:41:41.391515
PO0004418,V02216,Schemas,603,2025-08-09 01:51:01,2026-08-12 21:41:41.391515
PO0004419,V04719,Services,709,2025-06-30 13:40:46,2026-08-12 21:41:41.391515
PO0004420,V04688,Niches,224,2024-09-11 15:23:48,2026-08-12 21:41:41.391515
PO0004421,V01248,Paradigms,179,2024-08-29 22:36:31,2026-08-12 21:41:41.391515
PO0004422,V02463,E-commerce,622,2024-12-06 20:28:36,2026-08-12 21:41:41.391515
PO0004423,V01485,Web-readiness,661,2025-10-11 15:24:39,2026-08-12 21:41:41.391515
PO0004424,V04669,Users,891,2024-09-06 22:55:26,2026-08-12 21:41:41.391515
PO0004425,V00713,Roi,563,2024-05-19 23:45:38,2026-08-12 21:41:41.391515
PO0004426,V00525,Systems,671,2026-03-04 05:40:01,2026-08-12 21:41:41.391515
PO0004427,V01029,E-markets,57,2024-08-27 00:58:30,2026-08-12 21:41:41.391515
PO0004428,V01085,E-services,271,2024-11-26 22:49:32,2026-08-12 21:41:41.391515
PO0004429,V03865,Web-readiness,959,2025-06-27 06:04:50,2026-08-12 21:41:41.391515
PO0004430,V02027,Users,924,2024-10-05 06:13:30,2026-08-12 21:41:41.391515
PO0004431,V03360,Platforms,954,2025-03-29 21:06:09,2026-08-12 21:41:41.391515
PO0004432,V01347,Users,831,2024-12-12 23:14:05,2026-08-12 21:41:41.391515
PO0004433,V04294,Solutions,270,2024-11-11 02:07:26,2026-08-12 21:41:41.391515
PO0004434,V03938,Metrics,910,2025-12-08 05:53:54,2026-08-12 21:41:41.391515
PO0004435,V02751,Solutions,919,2024-11-11 15:21:59,2026-08-12 21:41:41.391515
PO0004436,V04116,Action-items,642,2024-06-17 09:54:15,2026-08-12 21:41:41.391515
PO0004437,V01721,Models,887,2025-12-05 23:35:33,2026-08-12 21:41:41.391515
PO0004438,V01585,Infrastructures,572,2025-05-08 10:12:25,2026-08-12 21:41:41.391515
PO0004439,V01383,Models,934,2024-08-26 15:59:35,2026-08-12 21:41:41.391515
PO0004440,V04638,Niches,-982,2024-10-05 03:05:10,2026-08-12 21:41:41.391515
PO0004442,V01681,Systems,953,2025-01-11 05:58:35,2026-08-12 21:41:41.391515
PO0004444,V01277,Networks,749,2025-12-15 13:17:52,2026-08-12 21:41:41.391515
PO0004445,V04161,Users,251,2025-01-03 09:31:29,2026-08-12 21:41:41.391515
PO0004447,V04867,Schemas,175,2024-09-17 12:47:28,2026-08-12 21:41:41.391515
PO0004448,V02475,E-markets,9,2025-05-12 03:10:49,2026-08-12 21:41:41.391515
PO0004450,V00844,Roi,411,2025-02-13 22:27:55,2026-08-12 21:41:41.391515
PO0004451,V04259,Paradigms,757,2025-07-06 18:12:20,2026-08-12 21:41:41.391515
PO0004453,V02758,Experiences,475,2025-04-01 11:20:41,2026-08-12 21:41:41.391515
PO0004454,V00516,Web-readiness,920,2025-07-04 22:49:45,2026-08-12 21:41:41.391515
PO0004455,V04088,Services,858,2025-11-29 23:33:06,2026-08-12 21:41:41.391515
PO0004456,V00812,Web-readiness,740,2024-04-26 09:08:10,2026-08-12 21:41:41.391515
PO0004457,V02840,Paradigms,840,2024-08-24 13:27:59,2026-08-12 21:41:41.391515
PO0004458,V02548,Niches,219,2025-01-21 19:13:06,2026-08-12 21:41:41.391515
PO0004459,V03636,Functionalities,324,2026-02-25 23:26:55,2026-08-12 21:41:41.391515
PO0004460,V03992,Infrastructures,394,2024-12-01 21:57:29,2026-08-12 21:41:41.391515
PO0004461,V03883,Paradigms,353,2025-12-09 04:33:07,2026-08-12 21:41:41.391515
PO0004462,V02158,Bandwidth,809,2025-06-08 09:10:33,2026-08-12 21:41:41.391515
PO0004463,V02405,Info-mediaries,121,2025-01-30 04:18:57,2026-08-12 21:41:41.391515
PO0004464,V04168,E-tailers,911,2025-11-17 22:38:39,2026-08-12 21:41:41.391515
PO0004465,V02269,Channels,646,2024-10-10 01:50:07,2026-08-12 21:41:41.391515
PO0004466,V02662,Solutions,346,2025-02-05 23:56:05,2026-08-12 21:41:41.391515
PO0004467,V02328,Bandwidth,280,2026-02-01 01:26:18,2026-08-12 21:41:41.391515
PO0004468,V04744,Infrastructures,391,2025-11-30 03:27:36,2026-08-12 21:41:41.391515
PO0004469,V01945,Platforms,187,2024-08-02 06:36:10,2026-08-12 21:41:41.391515
PO0004470,V04653,Bandwidth,70,2025-03-08 16:39:54,2026-08-12 21:41:41.391515
PO0004471,V02337,Partnerships,997,2025-06-26 12:22:16,2026-08-12 21:41:41.391515
PO0004472,V04300,Schemas,-791,2025-07-03 01:06:32,2026-08-12 21:41:41.391515
PO0004473,V02584,Solutions,672,2024-05-20 05:05:36,2026-08-12 21:41:41.391515
PO0004474,V02390,Systems,207,2024-11-22 04:02:52,2026-08-12 21:41:41.391515
PO0004475,V00790,Paradigms,661,2025-10-04 13:25:26,2026-08-12 21:41:41.391515
PO0004476,V01160,E-markets,648,2025-04-16 05:04:07,2026-08-12 21:41:41.391515
PO0004477,V01541,Web-readiness,676,2024-08-30 08:19:20,2026-08-12 21:41:41.391515
PO0004478,V03361,E-markets,25,2024-09-18 16:33:18,2026-08-12 21:41:41.391515
PO0004479,V00062,E-services,724,2025-05-23 13:51:07,2026-08-12 21:41:41.391515
PO0004480,V00791,Roi,573,2025-03-21 00:09:52,2026-08-12 21:41:41.391515
PO0004482,V01246,Roi,501,2025-10-18 10:47:41,2026-08-12 21:41:41.391515
PO0004483,V02783,E-services,790,2024-11-10 18:53:08,2026-08-12 21:41:41.391515
PO0004484,V04269,Users,-56,2024-06-06 02:40:12,2026-08-12 21:41:41.391515
PO0004485,V04523,E-business,113,2025-09-07 01:56:25,2026-08-12 21:41:41.391515
PO0004486,V00123,Users,839,2024-04-27 09:30:46,2026-08-12 21:41:41.391515
PO0004487,V04594,Paradigms,203,2024-04-20 12:04:13,2026-08-12 21:41:41.391515
PO0004488,V02830,Platforms,524,2025-07-24 15:20:28,2026-08-12 21:41:41.391515
PO0004489,V00124,Solutions,516,2025-01-06 05:47:51,2026-08-12 21:41:41.391515
PO0004490,V03163,Systems,818,2024-10-11 10:18:32,2026-08-12 21:41:41.391515
PO0004491,V03182,Paradigms,887,2025-05-12 00:52:51,2026-08-12 21:41:41.391515
PO0004492,V03346,Infrastructures,378,2026-02-26 04:07:03,2026-08-12 21:41:41.391515
PO0004493,V02743,Niches,974,2025-01-04 22:20:32,2026-08-12 21:41:41.391515
PO0004494,V01071,Partnerships,943,2025-08-17 02:20:05,2026-08-12 21:41:41.391515
PO0004495,V01604,Markets,969,2026-03-06 21:38:10,2026-08-12 21:41:41.391515
PO0004496,V03955,Networks,958,2024-12-17 02:01:52,2026-08-12 21:41:41.391515
PO0004497,V03871,Paradigms,415,2025-04-27 03:52:48,2026-08-12 21:41:41.391515
PO0004498,V01844,E-markets,946,2025-11-15 06:32:27,2026-08-12 21:41:41.391515
PO0004501,V02272,Niches,230,2024-06-27 23:26:32,2026-08-12 21:41:41.391515
PO0004502,V03568,Methodologies,445,2025-02-15 13:29:38,2026-08-12 21:41:41.391515
PO0004503,V03347,E-services,471,2025-11-02 23:54:17,2026-08-12 21:41:41.391515
PO0004504,V01249,Roi,280,2024-11-20 08:17:58,2026-08-12 21:41:41.391515
PO0004505,V02690,Users,948,2024-10-17 02:45:03,2026-08-12 21:41:41.391515
PO0004506,V04792,Relationships,274,2024-12-23 13:24:10,2026-08-12 21:41:41.391515
PO0004507,V02408,Niches,291,2025-12-15 00:42:59,2026-08-12 21:41:41.391515
PO0004508,V03857,Metrics,769,2025-07-20 05:56:52,2026-08-12 21:41:41.391515
PO0004509,V01028,Paradigms,655,2025-07-30 16:28:42,2026-08-12 21:41:41.391515
PO0004510,V00560,Methodologies,752,2024-04-30 10:30:11,2026-08-12 21:41:41.391515
PO0004511,V04845,Users,334,2026-01-26 17:58:32,2026-08-12 21:41:41.391515
PO0004512,V02910,E-tailers,583,2025-12-28 21:31:33,2026-08-12 21:41:41.391515
PO0004513,V02103,E-commerce,154,2024-05-13 06:02:49,2026-08-12 21:41:41.391515
PO0004514,V02660,Niches,535,2025-07-13 17:04:29,2026-08-12 21:41:41.391515
PO0004515,V04647,Users,398,2025-12-15 15:18:22,2026-08-12 21:41:41.391515
PO0004516,V00291,Niches,267,2024-10-06 04:15:21,2026-08-12 21:41:41.391515
PO0004517,V02057,Architectures,475,2025-04-23 11:16:26,2026-08-12 21:41:41.391515
PO0004518,V01219,Systems,328,2025-06-06 11:46:17,2026-08-12 21:41:41.391515
PO0004519,V02640,E-commerce,273,2024-06-17 07:43:35,2026-08-12 21:41:41.391515
PO0004520,V00356,Systems,275,2024-11-07 09:25:11,2026-08-12 21:41:41.391515
PO0004522,V01870,E-services,795,2025-03-15 22:23:31,2026-08-12 21:41:41.391515
PO0004523,V04391,Info-mediaries,440,2024-05-26 18:35:06,2026-08-12 21:41:41.391515
PO0004524,V04392,E-markets,951,2024-12-10 16:39:27,2026-08-12 21:41:41.391515
PO0004525,V03098,E-services,989,2025-05-02 14:44:30,2026-08-12 21:41:41.391515
PO0004526,V04357,E-commerce,859,2026-02-04 10:46:32,2026-08-12 21:41:41.391515
PO0004527,V00650,Solutions,534,2025-09-02 23:15:40,2026-08-12 21:41:41.391515
PO0004528,V04714,Metrics,848,2025-08-24 07:07:55,2026-08-12 21:41:41.391515
PO0004529,V03706,E-services,922,2025-03-02 21:40:03,2026-08-12 21:41:41.391515
PO0004530,V02108,Convergence,328,2025-11-11 11:35:02,2026-08-12 21:41:41.391515
PO0004531,V01207,Users,672,2024-06-29 21:54:54,2026-08-12 21:41:41.391515
PO0004532,V01160,Systems,903,2024-12-02 01:16:42,2026-08-12 21:41:41.391515
PO0004533,V01985,Channels,227,2024-10-07 12:57:42,2026-08-12 21:41:41.391515
PO0004534,V00207,Infrastructures,76,2025-04-06 21:22:35,2026-08-12 21:41:41.391515
PO0004535,V01798,Bandwidth,342,2025-05-15 09:34:47,2026-08-12 21:41:41.391515
PO0004536,V01238,Models,241,2026-03-23 03:06:27,2026-08-12 21:41:41.391515
PO0004537,V03427,E-services,953,2025-05-28 21:13:15,2026-08-12 21:41:41.391515
PO0004538,V02868,Info-mediaries,964,2024-11-07 10:47:43,2026-08-12 21:41:41.391515
PO0004539,V01006,Models,373,2024-11-18 05:35:58,2026-08-12 21:41:41.391515
PO0004541,V00757,Metrics,840,2025-04-07 23:57:14,2026-08-12 21:41:41.391515
PO0004542,V03517,Communities,995,2024-05-27 19:09:41,2026-08-12 21:41:41.391515
PO0004544,V03264,E-services,683,2025-11-04 06:15:40,2026-08-12 21:41:41.391515
PO0004545,V00436,Bandwidth,961,2025-02-03 09:58:26,2026-08-12 21:41:41.391515
PO0004546,V01826,Users,43,2024-06-20 23:22:28,2026-08-12 21:41:41.391515
PO0004547,V01748,Schemas,882,2025-06-13 04:07:06,2026-08-12 21:41:41.391515
PO0004548,V00243,E-services,16,2025-11-23 10:42:35,2026-08-12 21:41:41.391515
PO0004549,V01005,Solutions,63,2025-04-03 14:21:58,2026-08-12 21:41:41.391515
PO0004550,V03312,Infrastructures,254,2026-02-01 23:20:07,2026-08-12 21:41:41.391515
PO0004551,V03571,Markets,932,2025-09-06 07:04:47,2026-08-12 21:41:41.391515
PO0004552,V03039,E-commerce,79,2026-02-11 23:46:01,2026-08-12 21:41:41.391515
PO0004553,V01748,Channels,940,2025-01-15 22:47:55,2026-08-12 21:41:41.391515
PO0004554,V02491,E-services,635,2026-03-01 08:03:00,2026-08-12 21:41:41.391515
PO0004555,V04076,E-business,730,2025-03-06 20:13:38,2026-08-12 21:41:41.391515
PO0004556,V04391,Info-mediaries,404,2024-11-03 03:57:15,2026-08-12 21:41:41.391515
PO0004557,V04348,Paradigms,582,2026-03-15 00:38:37,2026-08-12 21:41:41.391515
PO0004558,V03573,E-tailers,185,2025-03-05 15:26:46,2026-08-12 21:41:41.391515
PO0004559,V00427,Convergence,105,2026-02-06 12:10:10,2026-08-12 21:41:41.391515
PO0004560,V01287,Info-mediaries,263,2025-04-16 00:17:03,2026-08-12 21:41:41.391515
PO0004562,V04128,E-business,7,2025-09-27 17:47:36,2026-08-12 21:41:41.391515
PO0004563,V04195,E-services,888,2026-02-28 01:38:35,2026-08-12 21:41:41.391515
PO0004564,V03081,Services,4,2025-02-13 03:25:08,2026-08-12 21:41:41.391515
PO0004565,V01559,E-commerce,703,2025-11-25 10:44:23,2026-08-12 21:41:41.391515
PO0004566,V04802,Platforms,90,2024-10-16 15:16:19,2026-08-12 21:41:41.391515
PO0004567,V02935,E-services,508,2025-02-25 21:44:49,2026-08-12 21:41:41.391515
PO0004568,V01480,Convergence,68,2025-06-21 21:17:00,2026-08-12 21:41:41.391515
PO0004569,V03748,Users,812,2026-04-06 04:16:28,2026-08-12 21:41:41.391515
PO0004570,V01639,Roi,641,2026-01-06 11:33:02,2026-08-12 21:41:41.391515
PO0004571,V00169,E-commerce,927,2026-03-19 02:10:04,2026-08-12 21:41:41.391515
PO0004572,V03364,Metrics,8,2025-12-16 12:28:57,2026-08-12 21:41:41.391515
PO0004573,V01639,Experiences,164,2024-06-09 03:49:27,2026-08-12 21:41:41.391515
PO0004574,V00883,E-services,624,2025-01-28 15:24:13,2026-08-12 21:41:41.391515
PO0004575,V03243,E-services,716,2025-09-11 23:05:38,2026-08-12 21:41:41.391515
PO0004577,V03118,E-services,191,2026-03-04 06:50:45,2026-08-12 21:41:41.391515
PO0004578,V04554,Niches,-407,2025-10-09 01:24:08,2026-08-12 21:41:41.391515
PO0004579,V03103,Systems,918,2024-06-24 16:21:34,2026-08-12 21:41:41.391515
PO0004580,V00710,Users,169,2025-05-26 11:44:53,2026-08-12 21:41:41.391515
PO0004581,V02472,Info-mediaries,737,2025-02-01 13:03:29,2026-08-12 21:41:41.391515
PO0004582,V04827,E-services,636,2026-01-12 04:24:04,2026-08-12 21:41:41.391515
PO0004583,V03653,Solutions,656,2025-05-24 23:37:15,2026-08-12 21:41:41.391515
PO0004585,V01114,Users,382,2025-08-03 23:25:56,2026-08-12 21:41:41.391515
PO0004586,V03268,Solutions,745,2025-07-05 17:06:44,2026-08-12 21:41:41.391515
PO0004587,V04600,E-commerce,691,2024-05-14 01:44:42,2026-08-12 21:41:41.391515
PO0004588,V03325,Architectures,394,2026-04-16 20:53:39,2026-08-12 21:41:41.391515
PO0004589,V01236,Solutions,237,2024-06-03 11:07:31,2026-08-12 21:41:41.391515
PO0004590,V03103,Systems,841,2024-08-11 20:35:08,2026-08-12 21:41:41.391515
PO0004591,V02060,Channels,497,2025-04-04 17:11:42,2026-08-12 21:41:41.391515
PO0004592,V00769,Web-readiness,618,2025-04-22 05:51:52,2026-08-12 21:41:41.391515
PO0004593,V02585,Partnerships,894,2026-04-06 02:09:32,2026-08-12 21:41:41.391515
PO0004594,V04803,Relationships,82,2025-10-10 10:25:07,2026-08-12 21:41:41.391515
PO0004595,V00477,Functionalities,658,2024-08-25 16:06:42,2026-08-12 21:41:41.391515
PO0004596,V03895,Metrics,785,2025-07-10 01:42:51,2026-08-12 21:41:41.391515
PO0004597,V00291,Niches,377,2026-02-01 21:08:05,2026-08-12 21:41:41.391515
PO0004598,V00588,Niches,406,2024-07-12 10:39:42,2026-08-12 21:41:41.391515
PO0004599,V04312,Metrics,-616,2024-04-26 14:57:55,2026-08-12 21:41:41.391515
PO0004600,V03019,E-tailers,-111,2025-12-12 13:49:48,2026-08-12 21:41:41.391515
PO0004601,V03476,Networks,274,2025-05-24 14:11:18,2026-08-12 21:41:41.391515
PO0004602,V02659,Metrics,962,2024-12-13 06:56:00,2026-08-12 21:41:41.391515
PO0004603,V02115,Methodologies,621,2025-01-02 20:06:37,2026-08-12 21:41:41.391515
PO0004604,V03930,Partnerships,515,2024-05-19 20:39:13,2026-08-12 21:41:41.391515
PO0004605,V04690,Channels,728,2025-10-11 18:36:00,2026-08-12 21:41:41.391515
PO0004606,V04639,E-markets,658,2025-04-05 23:13:05,2026-08-12 21:41:41.391515
PO0004607,V03987,Solutions,91,2025-09-04 17:33:09,2026-08-12 21:41:41.391515
PO0004608,V00646,Convergence,174,2026-01-31 10:21:23,2026-08-12 21:41:41.391515
PO0004609,V01307,E-services,178,2026-01-28 14:41:37,2026-08-12 21:41:41.391515
PO0004610,V02982,E-commerce,903,2025-06-28 14:28:13,2026-08-12 21:41:41.391515
PO0004611,V04402,Schemas,511,2025-02-11 02:11:34,2026-08-12 21:41:41.391515
PO0004612,V00113,Services,-519,2024-05-03 21:05:32,2026-08-12 21:41:41.391515
PO0004613,V01522,Experiences,76,2024-11-29 07:12:43,2026-08-12 21:41:41.391515
PO0004614,V00622,E-services,838,2024-10-18 11:02:20,2026-08-12 21:41:41.391515
PO0004615,V04073,Infrastructures,123,2025-01-25 05:20:35,2026-08-12 21:41:41.391515
PO0004616,V01240,E-services,186,2025-03-03 22:30:08,2026-08-12 21:41:41.391515
PO0004617,V03632,Relationships,302,2025-11-23 19:13:39,2026-08-12 21:41:41.391515
PO0004618,V00305,Platforms,579,2026-03-04 07:29:13,2026-08-12 21:41:41.391515
PO0004620,V01876,Niches,119,2024-05-13 20:18:15,2026-08-12 21:41:41.391515
PO0004621,V02868,Info-mediaries,712,2025-01-05 02:54:18,2026-08-12 21:41:41.391515
PO0004622,V00509,E-services,269,2026-03-17 14:40:47,2026-08-12 21:41:41.391515
PO0004623,V03709,Info-mediaries,480,2024-05-16 08:40:46,2026-08-12 21:41:41.391515
PO0004626,V01318,Platforms,246,2024-10-27 14:50:04,2026-08-12 21:41:41.391515
PO0004627,V01829,E-services,796,2025-03-29 00:47:48,2026-08-12 21:41:41.391515
PO0004628,V04258,Functionalities,205,2024-11-11 09:35:13,2026-08-12 21:41:41.391515
PO0004629,V01009,Architectures,863,2026-03-29 14:09:31,2026-08-12 21:41:41.391515
PO0004630,V03360,Relationships,68,2025-03-13 23:07:52,2026-08-12 21:41:41.391515
PO0004631,V03444,Bandwidth,386,2025-07-21 22:28:10,2026-08-12 21:41:41.391515
PO0004632,V03174,Metrics,694,2025-05-18 12:16:47,2026-08-12 21:41:41.391515
PO0004633,V00871,E-services,-717,2024-10-25 19:22:18,2026-08-12 21:41:41.391515
PO0004634,V04377,Systems,532,2024-09-29 02:36:39,2026-08-12 21:41:41.391515
PO0004635,V02812,Users,659,2024-05-09 00:25:18,2026-08-12 21:41:41.391515
PO0004636,V01897,Users,921,2025-02-19 20:49:37,2026-08-12 21:41:41.391515
PO0004637,V00043,Infrastructures,466,2025-04-28 04:49:33,2026-08-12 21:41:41.391515
PO0004638,V00383,E-services,497,2025-08-31 16:37:05,2026-08-12 21:41:41.391515
PO0004639,V04226,Niches,516,2025-03-25 18:57:40,2026-08-12 21:41:41.391515
PO0004640,V01906,Platforms,509,2025-09-17 04:55:46,2026-08-12 21:41:41.391515
PO0004641,V03556,Niches,89,2024-09-28 21:19:21,2026-08-12 21:41:41.391515
PO0004642,V02830,E-markets,372,2024-05-05 07:00:23,2026-08-12 21:41:41.391515
PO0004643,V00457,E-services,593,2026-01-12 22:03:12,2026-08-12 21:41:41.391515
PO0004644,V04647,Users,66,2025-02-26 05:33:51,2026-08-12 21:41:41.391515
PO0004645,V02136,Channels,864,2025-04-18 20:18:48,2026-08-12 21:41:41.391515
PO0004646,V02294,Experiences,974,2025-10-14 08:50:19,2026-08-12 21:41:41.391515
PO0004647,V03053,Infrastructures,204,2025-12-23 18:01:57,2026-08-12 21:41:41.391515
PO0004648,V01735,Platforms,538,2026-03-08 11:26:02,2026-08-12 21:41:41.391515
PO0004649,V02754,Functionalities,604,2026-03-21 18:11:32,2026-08-12 21:41:41.391515
PO0004650,V03556,Niches,648,2024-07-20 09:39:54,2026-08-12 21:41:41.391515
PO0004651,V00390,Niches,29,2025-06-17 15:31:09,2026-08-12 21:41:41.391515
PO0004652,V03339,Channels,840,2026-04-12 16:51:20,2026-08-12 21:41:41.391515
PO0004653,V03824,Schemas,118,2024-08-01 08:40:39,2026-08-12 21:41:41.391515
PO0004654,V01964,Partnerships,26,2024-09-07 04:13:23,2026-08-12 21:41:41.391515
PO0004655,V04957,Infrastructures,47,2025-11-09 19:37:25,2026-08-12 21:41:41.391515
PO0004656,V02239,E-services,500,2024-09-07 11:11:17,2026-08-12 21:41:41.391515
PO0004657,V01300,Platforms,192,2025-03-10 17:17:00,2026-08-12 21:41:41.391515
PO0004659,V02879,Architectures,858,2026-03-08 14:56:55,2026-08-12 21:41:41.391515
PO0004660,V03838,Methodologies,603,2026-02-13 03:24:15,2026-08-12 21:41:41.391515
PO0004661,V02045,Architectures,936,2025-04-22 05:48:27,2026-08-12 21:41:41.391515
PO0004663,V02370,Platforms,441,2025-07-08 08:10:12,2026-08-12 21:41:41.391515
PO0004664,V00070,Convergence,265,2025-08-29 22:52:46,2026-08-12 21:41:41.391515
PO0004665,V04225,Infrastructures,818,2024-11-22 10:17:54,2026-08-12 21:41:41.391515
PO0004666,V02707,Channels,638,2025-12-11 19:45:30,2026-08-12 21:41:41.391515
PO0004667,V00465,Partnerships,880,2024-06-20 03:23:19,2026-08-12 21:41:41.391515
PO0004668,V01160,E-markets,731,2025-08-08 03:42:55,2026-08-12 21:41:41.391515
PO0004669,V03203,Roi,395,2024-04-30 13:08:10,2026-08-12 21:41:41.391515
PO0004670,V00235,Schemas,234,2025-12-07 22:28:26,2026-08-12 21:41:41.391515
PO0004671,V02377,Platforms,258,2025-05-20 14:41:56,2026-08-12 21:41:41.391515
PO0004672,V04190,Niches,32,2025-04-04 04:20:30,2026-08-12 21:41:41.391515
PO0004673,V03498,Info-mediaries,774,2025-05-17 15:34:22,2026-08-12 21:41:41.391515
PO0004674,V01006,Models,605,2025-09-02 13:55:41,2026-08-12 21:41:41.391515
PO0004675,V04655,Metrics,277,2025-05-16 20:35:09,2026-08-12 21:41:41.391515
PO0004676,V00787,E-markets,504,2025-03-18 16:52:59,2026-08-12 21:41:41.391515
PO0004677,V01603,Architectures,745,2024-12-29 14:59:13,2026-08-12 21:41:41.391515
PO0004678,V03608,E-business,192,2024-10-04 08:33:03,2026-08-12 21:41:41.391515
PO0004679,V00282,Users,959,2025-05-13 05:14:41,2026-08-12 21:41:41.391515
PO0004680,V03265,E-tailers,874,2025-11-29 06:15:10,2026-08-12 21:41:41.391515
PO0004681,V04236,Models,310,2024-12-29 22:19:24,2026-08-12 21:41:41.391515
PO0004683,V04975,E-business,594,2025-07-26 07:52:43,2026-08-12 21:41:41.391515
PO0004684,V02584,Solutions,786,2026-01-05 20:41:34,2026-08-12 21:41:41.391515
PO0004685,V01339,Channels,344,2026-01-19 22:21:08,2026-08-12 21:41:41.391515
PO0004686,V02855,Markets,322,2024-05-24 06:33:27,2026-08-12 21:41:41.391515
PO0004687,V00044,E-services,767,2025-02-12 18:18:37,2026-08-12 21:41:41.391515
PO0004688,V01713,Platforms,670,2025-04-18 15:11:13,2026-08-12 21:41:41.391515
PO0004689,V02597,Niches,242,2025-11-22 15:50:44,2026-08-12 21:41:41.391515
PO0004690,V01820,Action-items,10,2024-09-24 10:14:38,2026-08-12 21:41:41.391515
PO0004691,V03422,Users,543,2025-07-06 18:58:54,2026-08-12 21:41:41.391515
PO0004692,V01906,Niches,702,2025-03-06 02:55:58,2026-08-12 21:41:41.391515
PO0004693,V01795,Paradigms,993,2024-09-23 17:32:37,2026-08-12 21:41:41.391515
PO0004694,V04416,Solutions,195,2024-12-10 15:49:22,2026-08-12 21:41:41.391515
PO0004696,V04586,Paradigms,216,2026-01-09 15:26:42,2026-08-12 21:41:41.391515
PO0004697,V04925,Communities,-855,2024-08-27 09:32:51,2026-08-12 21:41:41.391515
PO0004698,V02759,Experiences,804,2025-10-10 21:33:33,2026-08-12 21:41:41.391515
PO0004699,V01703,Models,526,2025-05-23 01:10:04,2026-08-12 21:41:41.391515
PO0004700,V02728,Paradigms,625,2025-10-08 17:48:34,2026-08-12 21:41:41.391515
PO0004701,V01657,E-services,42,2025-08-10 22:59:29,2026-08-12 21:41:41.391515
PO0004702,V00436,Bandwidth,830,2026-02-21 13:24:26,2026-08-12 21:41:41.391515
PO0004703,V00161,Functionalities,573,2026-02-05 12:38:11,2026-08-12 21:41:41.391515
PO0004704,V04125,E-services,742,2025-05-14 06:06:22,2026-08-12 21:41:41.391515
PO0004705,V02917,E-markets,111,2025-11-26 03:53:59,2026-08-12 21:41:41.391515
PO0004706,V04647,E-services,101,2025-04-27 01:26:22,2026-08-12 21:41:41.391515
PO0004707,V04003,Convergence,110,2025-02-22 13:04:54,2026-08-12 21:41:41.391515
PO0004708,V03869,Roi,30,2024-05-06 16:52:55,2026-08-12 21:41:41.391515
PO0004709,V02951,Roi,202,2025-11-15 06:01:40,2026-08-12 21:41:41.391515
PO0004710,V02954,Bandwidth,57,2026-02-02 10:23:41,2026-08-12 21:41:41.391515
PO0004711,V01246,Roi,-209,2024-12-18 14:34:26,2026-08-12 21:41:41.391515
PO0004712,V03947,Communities,458,2025-12-29 11:15:39,2026-08-12 21:41:41.391515
PO0004713,V00706,E-markets,549,2025-08-26 07:24:10,2026-08-12 21:41:41.391515
PO0004714,V01253,Solutions,181,2024-12-24 14:51:44,2026-08-12 21:41:41.391515
PO0004715,V02845,Info-mediaries,912,2026-02-05 19:02:08,2026-08-12 21:41:41.391515
PO0004716,V00162,Info-mediaries,482,2024-05-05 00:33:32,2026-08-12 21:41:41.391515
PO0004717,V02391,Methodologies,564,2026-02-02 10:32:30,2026-08-12 21:41:41.391515
PO0004719,V04890,Users,461,2025-08-25 15:00:05,2026-08-12 21:41:41.391515
PO0004720,V04294,Systems,43,2024-12-09 02:36:12,2026-08-12 21:41:41.391515
PO0004721,V03750,Services,455,2025-07-05 12:25:14,2026-08-12 21:41:41.391515
PO0004722,V00656,Systems,889,2024-08-03 05:37:21,2026-08-12 21:41:41.391515
PO0004724,V00646,Convergence,529,2026-01-21 11:20:26,2026-08-12 21:41:41.391515
PO0004725,V02472,Solutions,797,2024-07-18 14:53:31,2026-08-12 21:41:41.391515
PO0004726,V04496,Metrics,256,2025-10-09 10:01:25,2026-08-12 21:41:41.391515
PO0004727,V02679,Niches,639,2025-04-06 17:39:32,2026-08-12 21:41:41.391515
PO0004728,V04752,Infrastructures,364,2024-06-02 14:06:08,2026-08-12 21:41:41.391515
PO0004730,V02911,Action-items,80,2025-09-03 06:07:36,2026-08-12 21:41:41.391515
PO0004732,V00894,Systems,784,2025-06-27 18:37:02,2026-08-12 21:41:41.391515
PO0004733,V04443,Metrics,816,2025-03-12 05:46:42,2026-08-12 21:41:41.391515
PO0004734,V02110,E-services,877,2025-12-03 04:42:13,2026-08-12 21:41:41.391515
PO0004735,V02150,Users,926,2025-10-13 20:05:00,2026-08-12 21:41:41.391515
PO0004736,V04067,Infrastructures,925,2025-12-03 01:52:19,2026-08-12 21:41:41.391515
PO0004737,V03026,E-services,298,2024-06-17 09:31:59,2026-08-12 21:41:41.391515
PO0004738,V03561,Relationships,942,2025-06-15 08:55:34,2026-08-12 21:41:41.391515
PO0004739,V04258,Users,390,2026-02-18 08:14:36,2026-08-12 21:41:41.391515
PO0004740,V02855,Markets,175,2025-02-23 20:10:17,2026-08-12 21:41:41.391515
PO0004742,V01998,Solutions,547,2025-10-31 19:15:08,2026-08-12 21:41:41.391515
PO0004743,V00592,Users,966,2025-03-27 22:13:50,2026-08-12 21:41:41.391515
PO0004744,V01741,Channels,401,2024-05-11 02:33:46,2026-08-12 21:41:41.391515
PO0004745,V03977,Partnerships,538,2025-02-28 05:43:23,2026-08-12 21:41:41.391515
PO0004746,V04972,Models,874,2025-02-15 12:21:46,2026-08-12 21:41:41.391515
PO0004747,V04105,Systems,516,2024-09-24 23:02:31,2026-08-12 21:41:41.391515
PO0004748,V04795,Solutions,313,2024-09-10 02:44:11,2026-08-12 21:41:41.391515
PO0004749,V02060,Channels,560,2026-01-29 15:04:34,2026-08-12 21:41:41.391515
PO0004750,V03368,Functionalities,950,2024-06-04 12:53:01,2026-08-12 21:41:41.391515
PO0004751,V02862,Relationships,948,2025-12-01 06:53:24,2026-08-12 21:41:41.391515
PO0004752,V03059,Metrics,535,2024-06-11 04:00:15,2026-08-12 21:41:41.391515
PO0004753,V01431,E-services,35,2025-02-24 10:05:08,2026-08-12 21:41:41.391515
PO0004754,V04501,E-markets,173,2025-12-01 15:38:26,2026-08-12 21:41:41.391515
PO0004755,V04289,Users,910,2024-08-22 12:05:41,2026-08-12 21:41:41.391515
PO0004756,V00026,Users,243,2025-07-10 20:38:58,2026-08-12 21:41:41.391515
PO0004757,V04456,Niches,519,2026-04-11 02:01:05,2026-08-12 21:41:41.391515
PO0004759,V00655,Schemas,171,2026-03-15 04:40:22,2026-08-12 21:41:41.391515
PO0004760,V04313,Systems,677,2026-03-02 06:13:32,2026-08-12 21:41:41.391515
PO0004761,V01060,Models,221,2024-04-29 12:37:45,2026-08-12 21:41:41.391515
PO0004763,V02329,Functionalities,619,2024-09-13 20:56:19,2026-08-12 21:41:41.391515
PO0004764,V04232,Relationships,414,2026-01-06 19:55:35,2026-08-12 21:41:41.391515
PO0004765,V04571,Partnerships,168,2025-07-12 16:11:55,2026-08-12 21:41:41.391515
PO0004766,V01774,Niches,747,2025-07-13 13:24:27,2026-08-12 21:41:41.391515
PO0004767,V01472,E-tailers,720,2024-09-02 17:30:02,2026-08-12 21:41:41.391515
PO0004768,V04394,Users,14,2025-12-04 13:12:14,2026-08-12 21:41:41.391515
PO0004769,V01167,E-business,955,2026-01-28 02:34:34,2026-08-12 21:41:41.391515
PO0004770,V03880,Roi,466,2025-05-18 08:04:09,2026-08-12 21:41:41.391515
PO0004771,V04405,Methodologies,173,2026-01-29 21:57:51,2026-08-12 21:41:41.391515
PO0004773,V02042,Experiences,151,2024-06-19 05:12:09,2026-08-12 21:41:41.391515
PO0004774,V01395,Info-mediaries,333,2025-09-22 16:00:55,2026-08-12 21:41:41.391515
PO0004775,V00305,Platforms,177,2025-07-02 03:18:20,2026-08-12 21:41:41.391515
PO0004776,V02862,Channels,409,2026-01-12 02:59:48,2026-08-12 21:41:41.391515
PO0004777,V03172,Roi,567,2025-06-08 17:24:26,2026-08-12 21:41:41.391515
PO0004778,V03706,E-services,607,2026-04-10 17:44:40,2026-08-12 21:41:41.391515
PO0004779,V03423,Info-mediaries,762,2024-08-20 01:54:51,2026-08-12 21:41:41.391515
PO0004780,V01833,E-services,50,2025-05-04 00:28:11,2026-08-12 21:41:41.391515
PO0004781,V03930,Users,965,2024-07-20 05:06:10,2026-08-12 21:41:41.391515
PO0004782,V00977,Partnerships,898,2025-06-28 09:51:47,2026-08-12 21:41:41.391515
PO0004783,V01069,Functionalities,141,2024-08-15 13:25:31,2026-08-12 21:41:41.391515
PO0004784,V03158,E-services,429,2025-03-09 04:55:48,2026-08-12 21:41:41.391515
PO0004786,V00617,Platforms,847,2024-12-24 18:41:23,2026-08-12 21:41:41.391515
PO0004787,V04636,Systems,803,2026-03-05 07:06:09,2026-08-12 21:41:41.391515
PO0004788,V01248,Paradigms,251,2025-12-06 16:02:00,2026-08-12 21:41:41.391515
PO0004789,V01102,Communities,566,2024-09-23 12:23:01,2026-08-12 21:41:41.391515
PO0004790,V02391,Methodologies,544,2025-12-09 02:45:54,2026-08-12 21:41:41.391515
PO0004791,V03812,Roi,128,2026-01-02 17:05:45,2026-08-12 21:41:41.391515
PO0004792,V03346,Metrics,188,2024-10-16 06:42:13,2026-08-12 21:41:41.391515
PO0004793,V04518,Metrics,198,2025-04-13 03:15:01,2026-08-12 21:41:41.391515
PO0004794,V02251,Models,933,2024-06-27 06:02:44,2026-08-12 21:41:41.391515
PO0004795,V01219,Infrastructures,423,2025-04-08 09:21:45,2026-08-12 21:41:41.391515
PO0004796,V01393,Metrics,264,2025-11-11 20:52:38,2026-08-12 21:41:41.391515
PO0004797,V02643,Systems,310,2026-03-29 06:12:14,2026-08-12 21:41:41.391515
PO0004798,V02858,Convergence,-454,2026-04-04 04:31:41,2026-08-12 21:41:41.391515
PO0004799,V04719,Systems,214,2024-04-22 17:26:19,2026-08-12 21:41:41.391515
PO0004800,V01431,Solutions,887,2025-06-06 16:40:22,2026-08-12 21:41:41.391515
PO0004801,V01606,E-services,34,2025-03-12 11:23:35,2026-08-12 21:41:41.391515
PO0004802,V03650,Services,268,2026-01-16 18:03:05,2026-08-12 21:41:41.391515
PO0004803,V01705,Solutions,545,2026-01-23 01:02:46,2026-08-12 21:41:41.391515
PO0004804,V01073,Bandwidth,40,2024-12-13 04:59:10,2026-08-12 21:41:41.391515
PO0004805,V03064,Users,880,2025-08-05 09:18:26,2026-08-12 21:41:41.391515
PO0004806,V02861,Functionalities,650,2024-11-07 19:56:19,2026-08-12 21:41:41.391515
PO0004807,V02048,E-markets,341,2024-08-29 07:19:31,2026-08-12 21:41:41.391515
PO0004808,V04093,Roi,108,2025-02-26 18:07:17,2026-08-12 21:41:41.391515
PO0004809,V01037,Solutions,947,2025-07-18 04:28:18,2026-08-12 21:41:41.391515
PO0004810,V03053,Infrastructures,861,2024-11-30 18:16:21,2026-08-12 21:41:41.391515
PO0004812,V01383,Models,942,2024-05-11 11:16:38,2026-08-12 21:41:41.391515
PO0004813,V04456,Niches,786,2024-09-25 04:53:49,2026-08-12 21:41:41.391515
PO0004814,V02884,Markets,794,2025-10-27 15:59:00,2026-08-12 21:41:41.391515
PO0004815,V00027,Functionalities,727,2025-10-10 04:25:03,2026-08-12 21:41:41.391515
PO0004816,V04378,Convergence,901,2025-07-21 07:53:49,2026-08-12 21:41:41.391515
PO0004817,V00597,E-services,108,2025-06-07 23:46:52,2026-08-12 21:41:41.391515
PO0004818,V01817,Infrastructures,92,2025-10-03 14:06:01,2026-08-12 21:41:41.391515
PO0004819,V02795,Metrics,603,2025-09-16 10:13:28,2026-08-12 21:41:41.391515
PO0004820,V04902,Niches,261,2024-10-17 02:02:11,2026-08-12 21:41:41.391515
PO0004821,V02871,Solutions,121,2026-03-05 20:17:16,2026-08-12 21:41:41.391515
PO0004822,V04977,Info-mediaries,783,2024-06-24 15:48:09,2026-08-12 21:41:41.391515
PO0004825,V03322,Networks,725,2024-10-19 09:44:00,2026-08-12 21:41:41.391515
PO0004826,V03838,Methodologies,482,2024-12-27 20:49:20,2026-08-12 21:41:41.391515
PO0004827,V02534,Schemas,670,2024-12-08 22:56:30,2026-08-12 21:41:41.391515
PO0004828,V01322,Partnerships,784,2025-10-03 16:25:25,2026-08-12 21:41:41.391515
PO0004829,V02754,Functionalities,515,2025-08-27 21:40:38,2026-08-12 21:41:41.391515
PO0004830,V01782,Channels,822,2025-07-29 05:01:32,2026-08-12 21:41:41.391515
PO0004831,V04837,Relationships,381,2025-10-07 18:07:30,2026-08-12 21:41:41.391515
PO0004833,V00696,Paradigms,945,2024-07-14 17:48:22,2026-08-12 21:41:41.391515
PO0004834,V02801,Niches,611,2024-11-23 06:12:06,2026-08-12 21:41:41.391515
PO0004835,V02306,E-markets,22,2025-01-21 16:33:18,2026-08-12 21:41:41.391515
PO0004836,V01337,Solutions,143,2025-12-11 00:51:15,2026-08-12 21:41:41.391515
PO0004837,V03915,E-commerce,678,2025-07-01 07:22:03,2026-08-12 21:41:41.391515
PO0004838,V01187,Platforms,422,2025-08-05 04:38:37,2026-08-12 21:41:41.391515
PO0004839,V04133,Action-items,53,2025-03-09 02:27:18,2026-08-12 21:41:41.391515
PO0004841,V03806,E-services,782,2024-05-08 19:28:06,2026-08-12 21:41:41.391515
PO0004842,V02571,Paradigms,278,2025-02-07 10:59:59,2026-08-12 21:41:41.391515
PO0004843,V02982,Niches,44,2025-07-27 02:53:13,2026-08-12 21:41:41.391515
PO0004844,V00926,E-services,72,2024-09-04 12:45:53,2026-08-12 21:41:41.391515
PO0004845,V02982,Niches,56,2024-06-06 08:04:42,2026-08-12 21:41:41.391515
PO0004846,V02491,E-services,520,2025-08-10 04:35:25,2026-08-12 21:41:41.391515
PO0004847,V02353,Experiences,355,2025-01-07 01:50:15,2026-08-12 21:41:41.391515
PO0004848,V03636,Functionalities,943,2026-01-14 13:14:59,2026-08-12 21:41:41.391515
PO0004849,V03421,Functionalities,46,2025-06-10 08:33:45,2026-08-12 21:41:41.391515
PO0004850,V01517,Functionalities,584,2025-03-25 03:15:27,2026-08-12 21:41:41.391515
PO0004851,V01651,Action-items,253,2024-09-12 11:15:18,2026-08-12 21:41:41.391515
PO0004852,V02679,Niches,267,2024-04-19 13:18:23,2026-08-12 21:41:41.391515
PO0004853,V02091,Niches,566,2025-01-28 17:40:02,2026-08-12 21:41:41.391515
PO0004854,V01224,E-business,656,2024-11-04 18:17:13,2026-08-12 21:41:41.391515
PO0004855,V00932,Niches,937,2025-08-02 16:17:25,2026-08-12 21:41:41.391515
PO0004856,V03290,Channels,390,2025-06-04 01:27:01,2026-08-12 21:41:41.391515
PO0004857,V01665,E-services,420,2024-08-22 03:38:46,2026-08-12 21:41:41.391515
PO0004858,V02306,Schemas,749,2024-11-14 22:19:04,2026-08-12 21:41:41.391515
PO0004859,V01575,Roi,269,2024-10-15 04:58:32,2026-08-12 21:41:41.391515
PO0004860,V01863,Solutions,703,2025-06-28 01:38:25,2026-08-12 21:41:41.391515
PO0004861,V03808,E-services,26,2026-03-27 17:42:59,2026-08-12 21:41:41.391515
PO0004862,V01518,Systems,483,2025-05-21 04:17:14,2026-08-12 21:41:41.391515
PO0004863,V04245,Info-mediaries,994,2025-11-15 17:21:53,2026-08-12 21:41:41.391515
PO0004864,V02986,Users,533,2025-12-11 13:38:55,2026-08-12 21:41:41.391515
PO0004865,V03676,Bandwidth,630,2024-11-19 21:16:52,2026-08-12 21:41:41.391515
PO0004866,V00572,Users,909,2025-09-11 15:01:46,2026-08-12 21:41:41.391515
PO0004867,V04301,Functionalities,640,2025-12-19 18:47:53,2026-08-12 21:41:41.391515
PO0004868,V04577,Paradigms,326,2024-10-25 13:58:32,2026-08-12 21:41:41.391515
PO0004869,V04588,Architectures,846,2026-01-08 11:47:31,2026-08-12 21:41:41.391515
PO0004870,V04232,Users,528,2024-05-30 04:28:04,2026-08-12 21:41:41.391515
PO0004871,V01331,Niches,630,2025-10-11 16:11:05,2026-08-12 21:41:41.391515
PO0004872,V02649,Paradigms,235,2024-08-09 22:49:40,2026-08-12 21:41:41.391515
PO0004873,V03739,Users,396,2025-12-17 00:48:48,2026-08-12 21:41:41.391515
PO0004874,V04113,E-markets,560,2026-02-23 23:19:53,2026-08-12 21:41:41.391515
PO0004876,V03082,E-tailers,384,2025-09-26 20:30:14,2026-08-12 21:41:41.391515
PO0004877,V03776,Solutions,628,2026-01-16 11:51:12,2026-08-12 21:41:41.391515
PO0004878,V01158,Communities,542,2025-11-14 01:52:38,2026-08-12 21:41:41.391515
PO0004879,V02091,Niches,-547,2024-06-15 12:42:15,2026-08-12 21:41:41.391515
PO0004880,V00223,Roi,102,2025-04-14 21:20:23,2026-08-12 21:41:41.391515
PO0004881,V02274,E-services,674,2025-11-01 21:10:35,2026-08-12 21:41:41.391515
PO0004882,V04236,Relationships,54,2025-06-10 11:42:44,2026-08-12 21:41:41.391515
PO0004884,V01594,Models,208,2025-03-05 19:00:53,2026-08-12 21:41:41.391515
PO0004885,V01595,Platforms,318,2025-04-19 05:07:36,2026-08-12 21:41:41.391515
PO0004886,V00136,Services,608,2025-05-12 22:05:50,2026-08-12 21:41:41.391515
PO0004887,V04556,E-markets,831,2026-02-15 00:20:35,2026-08-12 21:41:41.391515
PO0004888,V00047,E-services,543,2026-04-08 08:35:44,2026-08-12 21:41:41.391515
PO0004889,V02403,Users,268,2024-04-22 08:12:12,2026-08-12 21:41:41.391515
PO0004890,V04076,Schemas,257,2025-02-12 02:32:10,2026-08-12 21:41:41.391515
PO0004891,V04475,Channels,410,2025-08-23 11:07:25,2026-08-12 21:41:41.391515
PO0004892,V02049,Users,363,2025-02-04 18:11:56,2026-08-12 21:41:41.391515
PO0004893,V04591,E-services,24,2025-08-28 19:17:27,2026-08-12 21:41:41.391515
PO0004894,V00079,Communities,791,2024-11-14 13:27:43,2026-08-12 21:41:41.391515
PO0004895,V04502,Niches,381,2025-09-15 05:25:37,2026-08-12 21:41:41.391515
PO0004896,V01029,E-markets,477,2024-10-07 06:43:02,2026-08-12 21:41:41.391515
PO0004897,V01064,Methodologies,658,2025-09-26 11:18:02,2026-08-12 21:41:41.391515
PO0004898,V01947,E-commerce,712,2024-07-15 11:23:09,2026-08-12 21:41:41.391515
PO0004899,V02734,Action-items,148,2025-01-09 23:57:08,2026-08-12 21:41:41.391515
PO0004900,V01564,Schemas,176,2026-03-04 21:00:57,2026-08-12 21:41:41.391515
PO0004901,V04874,E-markets,552,2025-09-01 03:34:27,2026-08-12 21:41:41.391515
PO0004902,V04332,Niches,434,2025-06-01 21:17:30,2026-08-12 21:41:41.391515
PO0004903,V00400,Solutions,790,2025-07-12 10:15:59,2026-08-12 21:41:41.391515
PO0004904,V02518,Partnerships,5,2026-02-17 20:39:53,2026-08-12 21:41:41.391515
PO0004905,V03608,Solutions,636,2025-11-25 21:40:48,2026-08-12 21:41:41.391515
PO0004906,V01261,Services,35,2025-11-28 05:56:38,2026-08-12 21:41:41.391515
PO0004907,V02713,Relationships,798,2026-03-20 08:03:25,2026-08-12 21:41:41.391515
PO0004908,V04225,E-services,187,2026-04-03 11:26:42,2026-08-12 21:41:41.391515
PO0004909,V03028,Roi,564,2024-05-28 05:53:36,2026-08-12 21:41:41.391515
PO0004910,V02672,Systems,523,2024-07-06 23:25:09,2026-08-12 21:41:41.391515
PO0004911,V00995,Systems,378,2025-02-06 20:41:21,2026-08-12 21:41:41.391515
PO0004912,V04518,Metrics,22,2025-09-05 06:12:56,2026-08-12 21:41:41.391515
PO0004913,V04259,Channels,315,2026-02-07 22:21:56,2026-08-12 21:41:41.391515
PO0004914,V03107,Schemas,51,2024-10-31 04:56:26,2026-08-12 21:41:41.391515
PO0004915,V02544,E-markets,71,2026-03-04 10:52:40,2026-08-12 21:41:41.391515
PO0004916,V04238,Partnerships,4,2025-12-08 22:44:04,2026-08-12 21:41:41.391515
PO0004917,V04839,Systems,175,2025-07-13 05:17:16,2026-08-12 21:41:41.391515
PO0004918,V02221,E-business,-337,2026-04-03 09:00:44,2026-08-12 21:41:41.391515
PO0004919,V04763,E-services,96,2025-10-31 08:31:33,2026-08-12 21:41:41.391515
PO0004920,V01475,Functionalities,158,2025-09-11 05:21:05,2026-08-12 21:41:41.391515
PO0004921,V04473,E-tailers,303,2024-08-06 05:41:58,2026-08-12 21:41:41.391515
PO0004923,V02985,Paradigms,651,2026-02-07 03:51:38,2026-08-12 21:41:41.391515
PO0004924,V00978,Paradigms,818,2025-09-08 00:32:00,2026-08-12 21:41:41.391515
PO0004925,V01788,Info-mediaries,846,2025-05-19 21:56:57,2026-08-12 21:41:41.391515
PO0004926,V04695,Solutions,887,2024-06-29 08:41:12,2026-08-12 21:41:41.391515
PO0004927,V04726,Roi,681,2024-12-29 05:07:15,2026-08-12 21:41:41.391515
PO0004928,V04795,Solutions,282,2024-04-19 03:37:50,2026-08-12 21:41:41.391515
PO0004929,V03963,Experiences,855,2024-09-20 03:06:01,2026-08-12 21:41:41.391515
PO0004930,V01325,Roi,675,2026-04-17 17:23:54,2026-08-12 21:41:41.391515
PO0004931,V03915,Solutions,902,2025-04-01 13:49:29,2026-08-12 21:41:41.391515
PO0004932,V03289,Bandwidth,759,2025-12-10 17:49:52,2026-08-12 21:41:41.391515
PO0004933,V02549,Roi,811,2024-05-24 00:47:18,2026-08-12 21:41:41.391515
PO0004934,V01223,Partnerships,746,2024-07-15 21:26:59,2026-08-12 21:41:41.391515
PO0004935,V03986,Services,501,2025-04-22 16:36:10,2026-08-12 21:41:41.391515
PO0004937,V01817,Infrastructures,710,2026-04-15 17:33:10,2026-08-12 21:41:41.391515
PO0004938,V00932,Niches,524,2025-07-27 07:47:00,2026-08-12 21:41:41.391515
PO0004939,V04259,Channels,730,2024-08-17 05:38:36,2026-08-12 21:41:41.391515
PO0004940,V02214,E-business,789,2025-03-04 05:22:41,2026-08-12 21:41:41.391515
PO0004941,V03987,Solutions,672,2025-08-20 23:20:32,2026-08-12 21:41:41.391515
PO0004942,V01120,Paradigms,385,2024-12-05 17:42:33,2026-08-12 21:41:41.391515
PO0004943,V01135,Bandwidth,985,2024-05-21 01:01:05,2026-08-12 21:41:41.391515
PO0004944,V00683,Infrastructures,166,2025-03-30 15:11:19,2026-08-12 21:41:41.391515
PO0004945,V03487,Schemas,952,2026-03-02 09:30:00,2026-08-12 21:41:41.391515
PO0004946,V03992,Infrastructures,129,2024-05-25 05:32:50,2026-08-12 21:41:41.391515
PO0004947,V04845,Users,658,2024-09-23 03:18:57,2026-08-12 21:41:41.391515
PO0004948,V04432,Methodologies,281,2024-05-12 03:41:47,2026-08-12 21:41:41.391515
PO0004949,V02802,Paradigms,986,2025-05-21 14:29:56,2026-08-12 21:41:41.391515
PO0004950,V03780,Paradigms,74,2025-08-19 15:31:25,2026-08-12 21:41:41.391515
PO0004951,V02150,Users,203,2025-06-10 23:43:05,2026-08-12 21:41:41.391515
PO0004952,V01475,Functionalities,885,2024-05-12 10:21:48,2026-08-12 21:41:41.391515
PO0004953,V02575,Schemas,977,2025-05-25 00:35:37,2026-08-12 21:41:41.391515
PO0004954,V02845,Info-mediaries,654,2025-08-28 14:14:05,2026-08-12 21:41:41.391515
PO0004955,V03971,Roi,619,2026-03-16 16:50:57,2026-08-12 21:41:41.391515
PO0004956,V00223,E-markets,358,2026-02-19 18:43:54,2026-08-12 21:41:41.391515
PO0004957,V01659,Web-readiness,445,2026-02-14 05:09:06,2026-08-12 21:41:41.391515
PO0004958,V00526,Web-readiness,257,2024-06-07 22:51:48,2026-08-12 21:41:41.391515
PO0004959,V00757,Metrics,519,2025-04-05 20:13:38,2026-08-12 21:41:41.391515
PO0004960,V04382,Niches,55,2024-08-19 18:22:44,2026-08-12 21:41:41.391515
PO0004961,V00862,Markets,404,2025-02-24 08:04:22,2026-08-12 21:41:41.391515
PO0004962,V03178,Solutions,763,2024-08-12 16:31:49,2026-08-12 21:41:41.391515
PO0004963,V03445,E-services,690,2025-06-02 15:42:47,2026-08-12 21:41:41.391515
PO0004964,V04980,Paradigms,688,2024-08-24 15:16:02,2026-08-12 21:41:41.391515
PO0004965,V04535,Experiences,189,2025-07-28 12:53:11,2026-08-12 21:41:41.391515
PO0004966,V00636,Infrastructures,819,2025-03-06 01:14:15,2026-08-12 21:41:41.391515
PO0004967,V02685,Services,596,2025-06-19 09:54:45,2026-08-12 21:41:41.391515
PO0004968,V01568,Users,300,2024-08-31 01:02:12,2026-08-12 21:41:41.391515
PO0004969,V02736,Web-readiness,787,2025-09-05 20:57:13,2026-08-12 21:41:41.391515
PO0004970,V00607,Info-mediaries,296,2026-02-22 20:22:01,2026-08-12 21:41:41.391515
PO0004971,V04861,Users,596,2025-12-07 09:21:59,2026-08-12 21:41:41.391515
PO0004972,V04297,Paradigms,483,2024-12-03 21:41:23,2026-08-12 21:41:41.391515
PO0004973,V00343,Bandwidth,339,2026-01-24 22:59:54,2026-08-12 21:41:41.391515
PO0004974,V02516,Architectures,-683,2024-12-06 08:41:20,2026-08-12 21:41:41.391515
PO0004975,V04119,Markets,69,2026-02-01 08:32:00,2026-08-12 21:41:41.391515
PO0004976,V02008,Channels,612,2025-06-01 00:17:25,2026-08-12 21:41:41.391515
PO0004978,V00364,Systems,623,2025-11-23 07:25:49,2026-08-12 21:41:41.391515
PO0004979,V03187,Convergence,433,2024-05-11 10:58:23,2026-08-12 21:41:41.391515
PO0004981,V01833,Niches,748,2026-02-07 17:36:36,2026-08-12 21:41:41.391515
PO0004983,V02555,E-markets,386,2025-04-08 11:15:59,2026-08-12 21:41:41.391515
PO0004984,V01341,Architectures,-587,2024-08-10 10:08:41,2026-08-12 21:41:41.391515
PO0004985,V03801,Niches,318,2025-05-24 01:27:19,2026-08-12 21:41:41.391515
PO0004986,V02752,Action-items,461,2025-05-17 07:19:00,2026-08-12 21:41:41.391515
PO0004987,V02682,Users,517,2025-09-12 11:12:06,2026-08-12 21:41:41.391515
PO0004988,V00994,Platforms,191,2025-07-12 01:58:33,2026-08-12 21:41:41.391515
PO0004989,V00031,Channels,144,2025-01-06 05:20:27,2026-08-12 21:41:41.391515
PO0004990,V04473,Users,36,2025-06-30 19:33:03,2026-08-12 21:41:41.391515
PO0004991,V02306,E-markets,143,2024-09-07 19:24:11,2026-08-12 21:41:41.391515
PO0004992,V00937,Networks,380,2025-08-29 08:12:22,2026-08-12 21:41:41.391515
PO0004993,V01980,Architectures,998,2025-09-02 10:15:29,2026-08-12 21:41:41.391515
PO0004994,V03423,Info-mediaries,931,2025-04-15 16:19:17,2026-08-12 21:41:41.391515
PO0004996,V01418,Convergence,482,2024-11-18 01:55:18,2026-08-12 21:41:41.391515
PO0004997,V04381,E-tailers,729,2024-06-25 23:51:08,2026-08-12 21:41:41.391515
PO0004998,V02707,Channels,692,2024-06-15 11:09:44,2026-08-12 21:41:41.391515
PO0004999,V00559,E-commerce,637,2025-03-09 09:56:28,2026-08-12 21:41:41.391515
PO0005000,V00359,Niches,424,2025-06-11 07:28:00,2026-08-12 21:41:41.391515
