vendor_id,vendor_name,region,risk_rating,ingestion_timestamp
V00001,"Rodriguez, Figueroa and Sanchez",AMER,Low,2026-08-12 21:45:32.070184
V00002,Doyle Ltd,EMEA,High,2026-08-12 21:45:32.070184
V00003,"Mcclain, Miller and Henderson",AMER,High,2026-08-12 21:45:32.070184
V00004,Davis and Sons,EMEA,Low,2026-08-12 21:45:32.070184
V00005,"Guzman, Hoffman and Baldwin",EMEA,High,2026-08-12 21:45:32.070184
V00006,"Gardner, Robinson and Lawrence",EMEA,Medium,2026-08-12 21:45:32.070184
V00007,Blake and Sons,AMER,Low,2026-08-12 21:45:32.070184
V00008,"Henderson, Ramirez and Lewis",EMEA,Low,2026-08-12 21:45:32.070184
V00009,Garcia-James,AMER,Medium,2026-08-12 21:45:32.070184
V00010,Abbott-Munoz,APAC,Low,2026-08-12 21:45:32.070184
V00011,Blair PLC,LATAM,Low,2026-08-12 21:45:32.070184
V00012,Dudley Group,APAC,High,2026-08-12 21:45:32.070184
V00013,Arnold Ltd,EMEA,Medium,2026-08-12 21:45:32.070184
V00014,"Mcclure, Ward and Lee",AMER,Medium,2026-08-12 21:45:32.070184
V00015,Williams and Sons,APAC,Low,2026-08-12 21:45:32.070184
V00016,Galloway-Wyatt,APAC,High,2026-08-12 21:45:32.070184
V00017,James Group,EMEA,High,2026-08-12 21:45:32.070184
V00018,"Flowers, Martin and Kelly",LATAM,Medium,2026-08-12 21:45:32.070184
V00019,"Adams, Zuniga and Wong",EMEA,High,2026-08-12 21:45:32.070184
V00020,"Reid, Ferguson and Sanchez",AMER,Low,2026-08-12 21:45:32.070184
V00021,Gray-Mayo,LATAM,Medium,2026-08-12 21:45:32.070184
V00022,"Watts, Robinson and Nguyen",APAC,Low,2026-08-12 21:45:32.070184
V00023,Perez Inc,LATAM,Low,2026-08-12 21:45:32.070184
V00024,Morales-Jones,APAC,High,2026-08-12 21:45:32.070184
V00025,"Walter, Edwards and Rios",LATAM,Medium,2026-08-12 21:45:32.070184
V00026,Wilkerson-Day,LATAM,Low,2026-08-12 21:45:32.070184
V00027,Baker and Sons,EMEA,High,2026-08-12 21:45:32.070184
V00028,"Hoffman, Baker and Richards",AMER,Medium,2026-08-12 21:45:32.070184
V00029,"ross, robinson and bright",APAC,High,2026-08-12 21:45:32.070184
V00030,"Snyder, Campos and Callahan",AMER,High,2026-08-12 21:45:32.070184
V00031,Burton Ltd,APAC,Low,2026-08-12 21:45:32.070184
V00032,Carlson-Cruz,AMER,High,2026-08-12 21:45:32.070184
V00033,"Ferrell, Rice and Maddox",EMEA,High,2026-08-12 21:45:32.070184
V00034,Frazier Inc,APAC,High,2026-08-12 21:45:32.070184
V00035,"Dyer, Potter and Mack",APAC,Low,2026-08-12 21:45:32.070184
V00036,rodriguez-graham,AMER,High,2026-08-12 21:45:32.070184
V00037,Smith-Bowen,APAC,Medium,2026-08-12 21:45:32.070184
V00038,"Baker, Mason and White",AMER,Low,2026-08-12 21:45:32.070184
V00039,Harrell LLC,EMEA,Low,2026-08-12 21:45:32.070184
V00040,"Romero, Gonzalez and Brooks",EMEA,Medium,2026-08-12 21:45:32.070184
V00041,Ryan PLC,EMEA,High,2026-08-12 21:45:32.070184
V00042,George Group,APAC,Medium,2026-08-12 21:45:32.070184
V00043,Rodriguez LLC,LATAM,High,2026-08-12 21:45:32.070184
V00044,Allen-Allen,AMER,,2026-08-12 21:45:32.070184
V00045,"Arroyo, Miller and Tucker",EMEA,Low,2026-08-12 21:45:32.070184
V00046,Spence PLC,EMEA,Low,2026-08-12 21:45:32.070184
V00047,Anderson Group,AMER,High,2026-08-12 21:45:32.070184
V00048,"Martin, Rose and Obrien",EMEA,High,2026-08-12 21:45:32.070184
V00049,Hickman Ltd,LATAM,Low,2026-08-12 21:45:32.070184
V00050,"Harris, Collins and Carney",EMEA,Low,2026-08-12 21:45:32.070184
V00051,"Brooks, Lam and Hayes",LATAM,Medium,2026-08-12 21:45:32.070184
V00052,Walker LLC,AMER,Low,2026-08-12 21:45:32.070184
V00053,Chapman and Sons,AMER,Low,2026-08-12 21:45:32.070184
V00054,"Robinson, Jones and Welch",EMEA,Medium,2026-08-12 21:45:32.070184
V00055,Jones Inc,AMER,Medium,2026-08-12 21:45:32.070184
V00056,Jones-Young,AMER,Low,2026-08-12 21:45:32.070184
V00057,"Washington, Ryan and Cummings",AMER,Low,2026-08-12 21:45:32.070184
V00058,"Johnston, Sanchez and Kennedy",EMEA,Medium,2026-08-12 21:45:32.070184
V00059,lee-davis,LATAM,Low,2026-08-12 21:45:32.070184
V00060,Gomez-Jenkins,LATAM,Medium,2026-08-12 21:45:32.070184
V00061,"Brown, Valdez and Lucas",APAC,Medium,2026-08-12 21:45:32.070184
V00062,Powell LLC,LATAM,Low,2026-08-12 21:45:32.070184
V00063,Wright and Sons,AMER,High,2026-08-12 21:45:32.070184
V00064,"West, Henderson and Ramirez",APAC,Low,2026-08-12 21:45:32.070184
V00065,Baxter Inc,EMEA,Low,2026-08-12 21:45:32.070184
V00066,Morton-Chase,EMEA,Low,2026-08-12 21:45:32.070184
V00067,Williams PLC,EMEA,Medium,2026-08-12 21:45:32.070184
V00068,Novak and Sons,EMEA,High,2026-08-12 21:45:32.070184
V00069,Russell Group,LATAM,High,2026-08-12 21:45:32.070184
V00070,Hancock Inc,APAC,Low,2026-08-12 21:45:32.070184
V00071,Gray Group,APAC,Medium,2026-08-12 21:45:32.070184
V00072,House-Glover,LATAM,Medium,2026-08-12 21:45:32.070184
V00073,Henderson-Bernard,AMER,Medium,2026-08-12 21:45:32.070184
V00074,"Stanley, Tucker and Lee",AMER,Low,2026-08-12 21:45:32.070184
V00075,Novak PLC,EMEA,Medium,2026-08-12 21:45:32.070184
V00076,"Daniels, Adkins and Brown",APAC,Medium,2026-08-12 21:45:32.070184
V00077,"Woods, Calhoun and Schmidt",APAC,High,2026-08-12 21:45:32.070184
V00078,Yu Inc,AMER,High,2026-08-12 21:45:32.070184
V00079,Jones Inc,AMER,Low,2026-08-12 21:45:32.070184
V00080,"Hensley, Powell and David",EMEA,Medium,2026-08-12 21:45:32.070184
V00081,"Sanchez, Wheeler and Harvey",APAC,Low,2026-08-12 21:45:32.070184
V00082,Sandoval-Cunningham,LATAM,Medium,2026-08-12 21:45:32.070184
V00083,Donovan-Harris,AMER,High,2026-08-12 21:45:32.070184
V00084,"Edwards, Baker and Anderson",AMER,Medium,2026-08-12 21:45:32.070184
V00085,"Evans, Stewart and Walton",APAC,Low,2026-08-12 21:45:32.070184
V00086,Smith PLC,LATAM,,2026-08-12 21:45:32.070184
V00087,"Ferrell, Jones and Lewis",EMEA,,2026-08-12 21:45:32.070184
V00088,Anderson-Bailey,EMEA,Medium,2026-08-12 21:45:32.070184
V00089,Suarez LLC,AMER,Medium,2026-08-12 21:45:32.070184
V00090,Moore-Bass,AMER,Medium,2026-08-12 21:45:32.070184
V00091,"Turner, Riggs and Roman",LATAM,High,2026-08-12 21:45:32.070184
V00092,"Smith, Montoya and Evans",EMEA,Low,2026-08-12 21:45:32.070184
V00093,"Garcia, Humphrey and Baker",LATAM,Low,2026-08-12 21:45:32.070184
V00094,Newton and Sons,LATAM,High,2026-08-12 21:45:32.070184
V00095,Campbell-Clark,APAC,Low,2026-08-12 21:45:32.070184
V00096,Harris-Walters,AMER,Medium,2026-08-12 21:45:32.070184
V00097,Wagner-King,LATAM,Medium,2026-08-12 21:45:32.070184
V00098,Davis Group,EMEA,,2026-08-12 21:45:32.070184
V00099,Williams-Cook,APAC,Medium,2026-08-12 21:45:32.070184
V00100,Walsh LLC,APAC,Medium,2026-08-12 21:45:32.070184
V00101,Figueroa PLC,APAC,Low,2026-08-12 21:45:32.070184
V00102,"Patterson, Smith and Jones",EMEA,High,2026-08-12 21:45:32.070184
V00103,"Mckee, Gardner and Davenport",AMER,High,2026-08-12 21:45:32.070184
V00104,"Tran, Jordan and Williams",APAC,Medium,2026-08-12 21:45:32.070184
V00105,Nolan-Flynn,LATAM,High,2026-08-12 21:45:32.070184
V00106,Nolan and Sons,LATAM,Low,2026-08-12 21:45:32.070184
V00107,"Wright, Garcia and Deleon",EMEA,Medium,2026-08-12 21:45:32.070184
V00108,Dickson-Brady,APAC,High,2026-08-12 21:45:32.070184
V00109,Hancock and Sons,APAC,High,2026-08-12 21:45:32.070184
V00110,Johnson-Doyle,LATAM,High,2026-08-12 21:45:32.070184
V00111,Patton-Jenkins,LATAM,High,2026-08-12 21:45:32.070184
V00112,"Shields, Cochran and Adams",EMEA,High,2026-08-12 21:45:32.070184
V00113,"Rodriguez, Brennan and Garrison",AMER,Medium,2026-08-12 21:45:32.070184
V00114,Gonzalez Group,APAC,Medium,2026-08-12 21:45:32.070184
V00115,Torres-Pope,LATAM,High,2026-08-12 21:45:32.070184
V00116,Walker Ltd,APAC,Low,2026-08-12 21:45:32.070184
V00117,Ross LLC,APAC,Low,2026-08-12 21:45:32.070184
V00118,Rasmussen LLC,AMER,Low,2026-08-12 21:45:32.070184
V00119,May-Ross,AMER,Medium,2026-08-12 21:45:32.070184
V00120,"Rivera, Johnson and Wiley",EMEA,High,2026-08-12 21:45:32.070184
V00121,white-estes,EMEA,Low,2026-08-12 21:45:32.070184
V00122,Johnson-Carlson,AMER,Medium,2026-08-12 21:45:32.070184
V00123,Chandler-Edwards,LATAM,Low,2026-08-12 21:45:32.070184
V00124,"Joyce, Wilson and Lam",AMER,Medium,2026-08-12 21:45:32.070184
V00125,Scott Ltd,APAC,Medium,2026-08-12 21:45:32.070184
V00126,Smith-Frost,LATAM,High,2026-08-12 21:45:32.070184
V00127,"Mcdaniel, Bentley and Mclaughlin",LATAM,Medium,2026-08-12 21:45:32.070184
V00128,Diaz Inc,APAC,High,2026-08-12 21:45:32.070184
V00129,"Mccall, Hanson and Alvarado",LATAM,Low,2026-08-12 21:45:32.070184
V00130,Cortez LLC,APAC,Medium,2026-08-12 21:45:32.070184
V00131,"Parker, Ortiz and Powell",EMEA,Low,2026-08-12 21:45:32.070184
V00132,Spencer-Lee,EMEA,Low,2026-08-12 21:45:32.070184
V00133,"Bentley, Byrd and Orr",LATAM,Medium,2026-08-12 21:45:32.070184
V00134,"carroll, sullivan and bass",LATAM,High,2026-08-12 21:45:32.070184
V00135,Mitchell-Jordan,LATAM,,2026-08-12 21:45:32.070184
V00136,"Lawson, Morris and Ramos",LATAM,Medium,2026-08-12 21:45:32.070184
V00137,"Lewis, Kennedy and Santana",EMEA,Medium,2026-08-12 21:45:32.070184
V00138,"Jackson, Miller and Robertson",AMER,Medium,2026-08-12 21:45:32.070184
V00139,"Harvey, Davis and Crane",LATAM,High,2026-08-12 21:45:32.070184
V00140,Chambers and Sons,EMEA,High,2026-08-12 21:45:32.070184
V00141,Hernandez Inc,AMER,Low,2026-08-12 21:45:32.070184
V00142,Riggs PLC,LATAM,Low,2026-08-12 21:45:32.070184
V00143,Gibson Ltd,EMEA,Medium,2026-08-12 21:45:32.070184
V00144,"Lee, Horton and Snyder",LATAM,Medium,2026-08-12 21:45:32.070184
V00145,Hernandez Ltd,APAC,Low,2026-08-12 21:45:32.070184
V00146,Stafford Inc,AMER,Medium,2026-08-12 21:45:32.070184
V00147,Robinson-Brock,AMER,Low,2026-08-12 21:45:32.070184
V00148,"Holmes, Williams and Wright",AMER,High,2026-08-12 21:45:32.070184
V00149,Bryant Group,AMER,High,2026-08-12 21:45:32.070184
V00150,"Schmidt, Hansen and Stewart",APAC,Medium,2026-08-12 21:45:32.070184
V00151,Salazar-Ball,AMER,Low,2026-08-12 21:45:32.070184
V00152,"Simmons, Meadows and Griffin",AMER,Medium,2026-08-12 21:45:32.070184
V00153,Manning Group,LATAM,Medium,2026-08-12 21:45:32.070184
V00154,Green-Wright,EMEA,Low,2026-08-12 21:45:32.070184
V00155,"Ramirez, Strickland and Washington",AMER,High,2026-08-12 21:45:32.070184
V00156,Hill Inc,LATAM,High,2026-08-12 21:45:32.070184
V00157,"Mitchell, Nelson and Flores",APAC,Low,2026-08-12 21:45:32.070184
V00158,"Miller, Hernandez and Reyes",AMER,Medium,2026-08-12 21:45:32.070184
V00159,Mccarthy Inc,LATAM,High,2026-08-12 21:45:32.070184
V00160,Russell-Daniels,APAC,High,2026-08-12 21:45:32.070184
V00161,Brown-Wall,LATAM,Medium,2026-08-12 21:45:32.070184
V00162,Stein-Silva,APAC,Medium,2026-08-12 21:45:32.070184
V00163,"Smith, Gilmore and Johnston",AMER,Medium,2026-08-12 21:45:32.070184
V00164,Smith-Bell,LATAM,High,2026-08-12 21:45:32.070184
V00165,Castaneda-Ashley,AMER,Medium,2026-08-12 21:45:32.070184
V00166,Medina-Navarro,EMEA,Medium,2026-08-12 21:45:32.070184
V00167,"Hurst, Freeman and Nelson",APAC,,2026-08-12 21:45:32.070184
V00168,Johnson-Rogers,AMER,Low,2026-08-12 21:45:32.070184
V00169,"Yates, Ramsey and Pittman",EMEA,High,2026-08-12 21:45:32.070184
V00170,Hooper PLC,LATAM,Low,2026-08-12 21:45:32.070184
V00171,Meadows PLC,EMEA,Medium,2026-08-12 21:45:32.070184
V00172,"Alvarado, Miller and Patterson",APAC,Medium,2026-08-12 21:45:32.070184
V00173,White-Green,APAC,High,2026-08-12 21:45:32.070184
V00174,Lewis-Murphy,EMEA,Low,2026-08-12 21:45:32.070184
V00175,Ramirez-Bean,EMEA,Low,2026-08-12 21:45:32.070184
V00176,King-Miller,APAC,Low,2026-08-12 21:45:32.070184
V00177,Curry Inc,APAC,Low,2026-08-12 21:45:32.070184
V00178,Walker-Jones,EMEA,,2026-08-12 21:45:32.070184
V00179,"Williams, Johnson and Wright",APAC,High,2026-08-12 21:45:32.070184
V00180,Howell and Sons,LATAM,Low,2026-08-12 21:45:32.070184
V00181,Wells Inc,LATAM,Medium,2026-08-12 21:45:32.070184
V00182,"Gould, Marshall and Scott",AMER,Medium,2026-08-12 21:45:32.070184
V00183,Jackson-Lawson,AMER,Medium,2026-08-12 21:45:32.070184
V00184,"Higgins, Strickland and Martin",AMER,Low,2026-08-12 21:45:32.070184
V00185,Rodriguez-Johnson,APAC,Low,2026-08-12 21:45:32.070184
V00186,Johnston-Odonnell,LATAM,High,2026-08-12 21:45:32.070184
V00187,Sanders-Espinoza,LATAM,Medium,2026-08-12 21:45:32.070184
V00188,Vargas Ltd,LATAM,Medium,2026-08-12 21:45:32.070184
V00189,Garcia LLC,AMER,Low,2026-08-12 21:45:32.070184
V00190,"Burke, Martinez and Riggs",AMER,Low,2026-08-12 21:45:32.070184
V00191,Reed Group,EMEA,Low,2026-08-12 21:45:32.070184
V00192,"Wood, Hunter and Peterson",LATAM,,2026-08-12 21:45:32.070184
V00193,Short-Garcia,APAC,High,2026-08-12 21:45:32.070184
V00194,Reid-Poole,EMEA,Medium,2026-08-12 21:45:32.070184
V00195,"Hernandez, Thompson and Boyd",EMEA,Medium,2026-08-12 21:45:32.070184
V00196,"Nelson, Morton and Medina",EMEA,Medium,2026-08-12 21:45:32.070184
V00197,Marshall-Petersen,EMEA,Medium,2026-08-12 21:45:32.070184
V00198,"Adams, Christian and Rivas",APAC,Medium,2026-08-12 21:45:32.070184
V00199,Ramirez Group,LATAM,Medium,2026-08-12 21:45:32.070184
V00200,Christensen PLC,AMER,,2026-08-12 21:45:32.070184
V00201,"Barnett, Rogers and Snyder",APAC,High,2026-08-12 21:45:32.070184
V00202,White-Lewis,AMER,High,2026-08-12 21:45:32.070184
V00203,Peterson-Beard,EMEA,Medium,2026-08-12 21:45:32.070184
V00204,"Beard, Peters and Black",APAC,Low,2026-08-12 21:45:32.070184
V00205,Miller Ltd,LATAM,Low,2026-08-12 21:45:32.070184
V00206,Freeman-Chang,APAC,High,2026-08-12 21:45:32.070184
V00207,"Alvarez, Joseph and West",LATAM,High,2026-08-12 21:45:32.070184
V00208,Davis and Sons,LATAM,,2026-08-12 21:45:32.070184
V00209,Holt-Torres,APAC,Medium,2026-08-12 21:45:32.070184
V00210,"Wood, Tran and Cooper",AMER,High,2026-08-12 21:45:32.070184
V00211,"Pierce, Bell and Chavez",AMER,Low,2026-08-12 21:45:32.070184
V00212,King-Martinez,LATAM,High,2026-08-12 21:45:32.070184
V00213,Stewart Ltd,APAC,High,2026-08-12 21:45:32.070184
V00214,"Tapia, Vaughn and Lee",LATAM,,2026-08-12 21:45:32.070184
V00215,"Washington, Hardy and Bray",EMEA,High,2026-08-12 21:45:32.070184
V00216,"Carlson, Hooper and Wall",LATAM,Low,2026-08-12 21:45:32.070184
V00217,Perez-White,AMER,Medium,2026-08-12 21:45:32.070184
V00218,Erickson and Sons,EMEA,Medium,2026-08-12 21:45:32.070184
V00219,Williams-Brown,APAC,Medium,2026-08-12 21:45:32.070184
V00220,Terry-Martinez,EMEA,Medium,2026-08-12 21:45:32.070184
V00221,Garcia-Smith,EMEA,Low,2026-08-12 21:45:32.070184
V00222,Harrison-Alexander,LATAM,Medium,2026-08-12 21:45:32.070184
V00223,Sheppard LLC,AMER,Medium,2026-08-12 21:45:32.070184
V00224,Wilson-Jones,LATAM,Low,2026-08-12 21:45:32.070184
V00225,Jones-Soto,APAC,High,2026-08-12 21:45:32.070184
V00226,Hernandez PLC,APAC,Low,2026-08-12 21:45:32.070184
V00227,Miller-Wright,LATAM,Low,2026-08-12 21:45:32.070184
V00228,"Duran, Obrien and Gibbs",APAC,High,2026-08-12 21:45:32.070184
V00229,Rowe Group,LATAM,Medium,2026-08-12 21:45:32.070184
V00230,Kerr-Evans,EMEA,Medium,2026-08-12 21:45:32.070184
V00231,"Branch, Torres and Oliver",APAC,Low,2026-08-12 21:45:32.070184
V00232,"Choi, Garcia and Farmer",LATAM,Low,2026-08-12 21:45:32.070184
V00233,"Clark, Guerrero and Moore",EMEA,Low,2026-08-12 21:45:32.070184
V00234,Arnold and Sons,APAC,High,2026-08-12 21:45:32.070184
V00235,Ortiz Ltd,APAC,High,2026-08-12 21:45:32.070184
V00236,"Harrison, Johnson and Roberts",APAC,High,2026-08-12 21:45:32.070184
V00237,Warner-Gibson,AMER,High,2026-08-12 21:45:32.070184
V00238,"Hall, Baker and Moody",APAC,Low,2026-08-12 21:45:32.070184
V00239,"Guerrero, Peck and Coleman",AMER,High,2026-08-12 21:45:32.070184
V00240,"Walker, Hernandez and Baker",EMEA,High,2026-08-12 21:45:32.070184
V00241,Jones and Sons,APAC,Low,2026-08-12 21:45:32.070184
V00242,Larson-Holloway,EMEA,Low,2026-08-12 21:45:32.070184
V00243,Gonzales-Harrison,EMEA,Low,2026-08-12 21:45:32.070184
V00244,Lyons-Bender,LATAM,High,2026-08-12 21:45:32.070184
V00245,"Fernandez, Kim and George",EMEA,Low,2026-08-12 21:45:32.070184
V00246,Navarro-Munoz,APAC,,2026-08-12 21:45:32.070184
V00247,Davis Ltd,APAC,High,2026-08-12 21:45:32.070184
V00248,"Matthews, Smith and Hubbard",APAC,High,2026-08-12 21:45:32.070184
V00249,Johnston-Hines,APAC,Medium,2026-08-12 21:45:32.070184
V00250,Ruiz Ltd,LATAM,Medium,2026-08-12 21:45:32.070184
V00251,Moon-White,APAC,High,2026-08-12 21:45:32.070184
V00252,"graham, olsen and costa",AMER,High,2026-08-12 21:45:32.070184
V00253,Bailey-Cook,AMER,High,2026-08-12 21:45:32.070184
V00254,"Garcia, Martin and Jenkins",APAC,Low,2026-08-12 21:45:32.070184
V00255,Roberts-Landry,EMEA,High,2026-08-12 21:45:32.070184
V00256,"Johnson, Miller and King",EMEA,High,2026-08-12 21:45:32.070184
V00257,Cordova Group,AMER,Medium,2026-08-12 21:45:32.070184
V00258,"Bryan, Smith and Booth",APAC,High,2026-08-12 21:45:32.070184
V00259,Gutierrez-Lopez,APAC,High,2026-08-12 21:45:32.070184
V00260,Dean-Jimenez,APAC,High,2026-08-12 21:45:32.070184
V00261,Wolf-Harris,EMEA,Medium,2026-08-12 21:45:32.070184
V00262,"Anderson, Roberts and Gilmore",APAC,High,2026-08-12 21:45:32.070184
V00263,Martinez-Dudley,LATAM,Low,2026-08-12 21:45:32.070184
V00264,"Lloyd, Mckinney and Collins",LATAM,High,2026-08-12 21:45:32.070184
V00265,Tran Inc,AMER,Medium,2026-08-12 21:45:32.070184
V00266,Gay Inc,APAC,High,2026-08-12 21:45:32.070184
V00267,Valentine-Holland,APAC,Low,2026-08-12 21:45:32.070184
V00268,Jimenez Ltd,APAC,High,2026-08-12 21:45:32.070184
V00269,Hicks-Hill,LATAM,High,2026-08-12 21:45:32.070184
V00270,Baird-Sanchez,EMEA,Low,2026-08-12 21:45:32.070184
V00271,"Thomas, Lee and Greene",LATAM,Low,2026-08-12 21:45:32.070184
V00272,"Suarez, Shields and Hill",EMEA,Medium,2026-08-12 21:45:32.070184
V00273,Morgan-French,LATAM,High,2026-08-12 21:45:32.070184
V00274,Hoover-Campbell,LATAM,High,2026-08-12 21:45:32.070184
V00275,Monroe-Carpenter,LATAM,,2026-08-12 21:45:32.070184
V00276,"Burns, Hernandez and Ryan",LATAM,Medium,2026-08-12 21:45:32.070184
V00277,Cook-Hines,AMER,High,2026-08-12 21:45:32.070184
V00278,Gibson-Morris,APAC,Low,2026-08-12 21:45:32.070184
V00279,Pollard and Sons,AMER,Medium,2026-08-12 21:45:32.070184
V00280,"Reyes, Chase and Jenkins",AMER,Low,2026-08-12 21:45:32.070184
V00281,Garner-Thornton,EMEA,High,2026-08-12 21:45:32.070184
V00282,Hughes-Alvarado,EMEA,High,2026-08-12 21:45:32.070184
V00283,"Pollard, Simpson and Johnson",APAC,Low,2026-08-12 21:45:32.070184
V00284,"Sanford, Rivera and Garcia",APAC,Low,2026-08-12 21:45:32.070184
V00285,Garcia-Lozano,EMEA,Low,2026-08-12 21:45:32.070184
V00286,Bowen Group,AMER,Medium,2026-08-12 21:45:32.070184
V00287,"Booker, Jones and Harrington",APAC,Low,2026-08-12 21:45:32.070184
V00288,Morgan-Schwartz,LATAM,High,2026-08-12 21:45:32.070184
V00289,"Miller, Murphy and Craig",LATAM,Medium,2026-08-12 21:45:32.070184
V00290,"James, Stewart and Higgins",EMEA,,2026-08-12 21:45:32.070184
V00291,Brennan-Johnson,APAC,Medium,2026-08-12 21:45:32.070184
V00292,Young Ltd,LATAM,Medium,2026-08-12 21:45:32.070184
V00293,Bright-Francis,LATAM,Low,2026-08-12 21:45:32.070184
V00294,Good-Hodges,EMEA,Low,2026-08-12 21:45:32.070184
V00295,"Brennan, Wallace and Benson",APAC,Medium,2026-08-12 21:45:32.070184
V00296,Williams Inc,LATAM,High,2026-08-12 21:45:32.070184
V00297,Howard-Jordan,AMER,High,2026-08-12 21:45:32.070184
V00298,Schmidt PLC,EMEA,Medium,2026-08-12 21:45:32.070184
V00299,"Sparks, Jackson and Miller",APAC,Medium,2026-08-12 21:45:32.070184
V00300,Harvey-Allen,APAC,Medium,2026-08-12 21:45:32.070184
V00301,"Thomas, Murray and King",EMEA,High,2026-08-12 21:45:32.070184
V00302,Estrada-Nolan,AMER,Low,2026-08-12 21:45:32.070184
V00303,Santana-Byrd,APAC,Low,2026-08-12 21:45:32.070184
V00304,Jones LLC,APAC,High,2026-08-12 21:45:32.070184
V00305,"Evans, Hayden and Vaughn",LATAM,High,2026-08-12 21:45:32.070184
V00306,Bruce-Gonzalez,APAC,Medium,2026-08-12 21:45:32.070184
V00307,Castaneda-Rodriguez,EMEA,High,2026-08-12 21:45:32.070184
V00308,Armstrong-Andrews,APAC,High,2026-08-12 21:45:32.070184
V00309,"Phillips, Spence and Barrett",EMEA,Medium,2026-08-12 21:45:32.070184
V00310,Smith-Grimes,AMER,High,2026-08-12 21:45:32.070184
V00311,"Beltran, Lozano and Mcgee",APAC,Low,2026-08-12 21:45:32.070184
V00312,Parsons-Hall,APAC,Medium,2026-08-12 21:45:32.070184
V00313,Robinson-Lee,EMEA,High,2026-08-12 21:45:32.070184
V00314,Byrd-Le,AMER,Low,2026-08-12 21:45:32.070184
V00315,"Becker, Taylor and Davis",LATAM,Medium,2026-08-12 21:45:32.070184
V00316,"Lucas, Parker and Alexander",APAC,High,2026-08-12 21:45:32.070184
V00317,"Diaz, Anderson and Browning",EMEA,Low,2026-08-12 21:45:32.070184
V00318,Burgess-Thompson,AMER,Medium,2026-08-12 21:45:32.070184
V00319,Buchanan LLC,LATAM,Medium,2026-08-12 21:45:32.070184
V00320,"Shaw, Nelson and Martin",AMER,Medium,2026-08-12 21:45:32.070184
V00321,Coffey-Phillips,LATAM,High,2026-08-12 21:45:32.070184
V00322,Brock-Mcdonald,LATAM,High,2026-08-12 21:45:32.070184
V00323,Taylor and Sons,EMEA,Low,2026-08-12 21:45:32.070184
V00324,"Ramsey, Whitney and Coffey",AMER,Low,2026-08-12 21:45:32.070184
V00325,"Diaz, Gibbs and Smith",EMEA,Medium,2026-08-12 21:45:32.070184
V00326,"Martinez, Richardson and Curry",APAC,Low,2026-08-12 21:45:32.070184
V00327,Richards-Carson,LATAM,Low,2026-08-12 21:45:32.070184
V00328,Rodriguez-Hall,APAC,High,2026-08-12 21:45:32.070184
V00329,Harvey PLC,LATAM,Medium,2026-08-12 21:45:32.070184
V00330,Herman-Walker,APAC,Low,2026-08-12 21:45:32.070184
V00331,Reid Group,APAC,Low,2026-08-12 21:45:32.070184
V00332,"Turner, Ortiz and Taylor",LATAM,High,2026-08-12 21:45:32.070184
V00333,Torres Group,APAC,High,2026-08-12 21:45:32.070184
V00334,Davis PLC,EMEA,Low,2026-08-12 21:45:32.070184
V00335,Price LLC,EMEA,Medium,2026-08-12 21:45:32.070184
V00336,"Avery, Horton and Fernandez",EMEA,Low,2026-08-12 21:45:32.070184
V00337,"Newton, Moore and Perry",EMEA,High,2026-08-12 21:45:32.070184
V00338,Bass PLC,AMER,Low,2026-08-12 21:45:32.070184
V00339,Crosby-Ramirez,LATAM,High,2026-08-12 21:45:32.070184
V00340,"Wood, Ramos and Sampson",APAC,High,2026-08-12 21:45:32.070184
V00341,Garcia-Jennings,LATAM,Medium,2026-08-12 21:45:32.070184
V00342,"Winters, Newman and Brown",AMER,Medium,2026-08-12 21:45:32.070184
V00343,Lopez-Martinez,LATAM,Low,2026-08-12 21:45:32.070184
V00344,Davis-Lewis,AMER,High,2026-08-12 21:45:32.070184
V00345,"Harper, Smith and Buchanan",LATAM,Medium,2026-08-12 21:45:32.070184
V00346,Zhang PLC,AMER,Medium,2026-08-12 21:45:32.070184
V00347,Jones PLC,EMEA,Medium,2026-08-12 21:45:32.070184
V00348,Willis and Sons,AMER,Medium,2026-08-12 21:45:32.070184
V00349,Schroeder-Kramer,APAC,High,2026-08-12 21:45:32.070184
V00350,"Smith, Garrison and Thomas",AMER,Low,2026-08-12 21:45:32.070184
V00351,Fernandez and Sons,EMEA,Medium,2026-08-12 21:45:32.070184
V00352,Guerrero Inc,LATAM,Medium,2026-08-12 21:45:32.070184
V00353,Smith and Sons,APAC,Low,2026-08-12 21:45:32.070184
V00354,"Morris, Thompson and Williams",LATAM,Medium,2026-08-12 21:45:32.070184
V00355,"Fisher, Wilson and Brown",EMEA,Medium,2026-08-12 21:45:32.070184
V00356,Strickland-Palmer,APAC,Medium,2026-08-12 21:45:32.070184
V00357,Hayes and Sons,LATAM,Low,2026-08-12 21:45:32.070184
V00358,"Williams, Logan and Camacho",APAC,High,2026-08-12 21:45:32.070184
V00359,"Turner, Schneider and Johnson",EMEA,High,2026-08-12 21:45:32.070184
V00360,Boone-Simmons,AMER,High,2026-08-12 21:45:32.070184
V00361,Henry Group,AMER,Medium,2026-08-12 21:45:32.070184
V00362,Lam LLC,APAC,Medium,2026-08-12 21:45:32.070184
V00363,"Hernandez, Martinez and Weber",EMEA,Low,2026-08-12 21:45:32.070184
V00364,"Kelley, Nguyen and Vang",AMER,High,2026-08-12 21:45:32.070184
V00365,"Phillips, Wagner and Jordan",EMEA,High,2026-08-12 21:45:32.070184
V00366,"Wilson, Pena and Rich",EMEA,High,2026-08-12 21:45:32.070184
V00367,"Le, Lewis and Hayes",EMEA,Medium,2026-08-12 21:45:32.070184
V00368,Gutierrez Group,LATAM,Low,2026-08-12 21:45:32.070184
V00369,Perry-Davis,LATAM,Low,2026-08-12 21:45:32.070184
V00370,Edwards-Scott,LATAM,Medium,2026-08-12 21:45:32.070184
V00371,Mcdaniel Group,LATAM,Low,2026-08-12 21:45:32.070184
V00372,Davis Inc,EMEA,Medium,2026-08-12 21:45:32.070184
V00373,Reynolds Ltd,APAC,High,2026-08-12 21:45:32.070184
V00374,"Watson, Anderson and Brown",AMER,Medium,2026-08-12 21:45:32.070184
V00375,"Hoffman, Santiago and Jenkins",LATAM,High,2026-08-12 21:45:32.070184
V00376,"Pugh, Henderson and Moon",EMEA,Medium,2026-08-12 21:45:32.070184
V00377,Schmitt PLC,LATAM,Low,2026-08-12 21:45:32.070184
V00378,Bell-Lane,LATAM,Low,2026-08-12 21:45:32.070184
V00379,Moore Group,AMER,High,2026-08-12 21:45:32.070184
V00380,Boone LLC,EMEA,Low,2026-08-12 21:45:32.070184
V00381,"Richardson, Farmer and Andrews",EMEA,High,2026-08-12 21:45:32.070184
V00382,Bruce-Villegas,AMER,Low,2026-08-12 21:45:32.070184
V00383,"Austin, Day and Johnson",LATAM,Low,2026-08-12 21:45:32.070184
V00384,"Gallegos, Adams and White",AMER,Low,2026-08-12 21:45:32.070184
V00385,"Farmer, Dorsey and Bell",LATAM,Low,2026-08-12 21:45:32.070184
V00386,Kane PLC,AMER,High,2026-08-12 21:45:32.070184
V00387,"Morales, Thomas and Schultz",EMEA,Medium,2026-08-12 21:45:32.070184
V00388,Davis PLC,EMEA,High,2026-08-12 21:45:32.070184
V00389,Bennett Group,AMER,High,2026-08-12 21:45:32.070184
V00390,Moore-Collins,AMER,Medium,2026-08-12 21:45:32.070184
V00391,frank-bradley,LATAM,Medium,2026-08-12 21:45:32.070184
V00392,Ware and Sons,AMER,Medium,2026-08-12 21:45:32.070184
V00393,Webster Inc,AMER,High,2026-08-12 21:45:32.070184
V00394,"Miller, Ramos and Coleman",AMER,Medium,2026-08-12 21:45:32.070184
V00395,"Ramos, Nelson and Fischer",EMEA,High,2026-08-12 21:45:32.070184
V00396,Reed Inc,EMEA,Low,2026-08-12 21:45:32.070184
V00397,Gregory-Watkins,LATAM,Low,2026-08-12 21:45:32.070184
V00398,"Estrada, Williams and Foster",EMEA,Low,2026-08-12 21:45:32.070184
V00399,"Brown, Harris and Dougherty",LATAM,High,2026-08-12 21:45:32.070184
V00400,Duran LLC,EMEA,Medium,2026-08-12 21:45:32.070184
V00401,Wilson-Jimenez,APAC,Medium,2026-08-12 21:45:32.070184
V00402,Thompson-James,LATAM,High,2026-08-12 21:45:32.070184
V00403,"Hall, Hansen and Barnett",APAC,Low,2026-08-12 21:45:32.070184
V00404,Jones-Hensley,APAC,Low,2026-08-12 21:45:32.070184
V00405,Graham Group,EMEA,High,2026-08-12 21:45:32.070184
V00406,Atkins PLC,APAC,High,2026-08-12 21:45:32.070184
V00407,Berry-Mckinney,LATAM,Low,2026-08-12 21:45:32.070184
V00408,Roberts-Sullivan,AMER,High,2026-08-12 21:45:32.070184
V00409,Jackson-Meza,LATAM,Medium,2026-08-12 21:45:32.070184
V00410,Collier-Gillespie,AMER,Low,2026-08-12 21:45:32.070184
V00411,Kim Inc,EMEA,Low,2026-08-12 21:45:32.070184
V00412,Graham Group,LATAM,Low,2026-08-12 21:45:32.070184
V00413,"Miller, Harrell and Reese",APAC,Medium,2026-08-12 21:45:32.070184
V00414,Cook and Sons,EMEA,High,2026-08-12 21:45:32.070184
V00415,Dixon Inc,LATAM,Low,2026-08-12 21:45:32.070184
V00416,"Hicks, Bullock and Bailey",LATAM,Medium,2026-08-12 21:45:32.070184
V00417,"Mullen, Brewer and Hernandez",AMER,Low,2026-08-12 21:45:32.070184
V00418,Thomas and Sons,LATAM,High,2026-08-12 21:45:32.070184
V00419,Morrison Ltd,LATAM,Low,2026-08-12 21:45:32.070184
V00420,Thompson Ltd,LATAM,Low,2026-08-12 21:45:32.070184
V00421,Marshall-Elliott,LATAM,Low,2026-08-12 21:45:32.070184
V00422,"Cole, Glass and Cunningham",AMER,High,2026-08-12 21:45:32.070184
V00423,"Downs, Morris and Maddox",APAC,High,2026-08-12 21:45:32.070184
V00424,Hernandez-Jones,APAC,Low,2026-08-12 21:45:32.070184
V00425,Welch-Hogan,EMEA,Medium,2026-08-12 21:45:32.070184
V00426,"Brown, Romero and Collins",EMEA,Low,2026-08-12 21:45:32.070184
V00427,Johnson-Wood,APAC,High,2026-08-12 21:45:32.070184
V00428,Jones-Lin,EMEA,High,2026-08-12 21:45:32.070184
V00429,Gilbert PLC,LATAM,High,2026-08-12 21:45:32.070184
V00430,Ford-Spencer,LATAM,High,2026-08-12 21:45:32.070184
V00431,"Huang, Cole and Pacheco",AMER,Medium,2026-08-12 21:45:32.070184
V00432,"Lopez, Jacobs and Mason",EMEA,High,2026-08-12 21:45:32.070184
V00433,Hayes LLC,EMEA,Medium,2026-08-12 21:45:32.070184
V00434,"Miller, Lucas and Williams",AMER,High,2026-08-12 21:45:32.070184
V00435,"Kim, Gonzales and Mills",APAC,High,2026-08-12 21:45:32.070184
V00436,Cox LLC,APAC,Low,2026-08-12 21:45:32.070184
V00437,Ortiz-Morgan,APAC,Low,2026-08-12 21:45:32.070184
V00438,"Williams, Mccoy and Cook",AMER,High,2026-08-12 21:45:32.070184
V00439,Davis-Gregory,EMEA,Low,2026-08-12 21:45:32.070184
V00440,King-York,APAC,,2026-08-12 21:45:32.070184
V00441,"Marks, Cook and Aguilar",AMER,Low,2026-08-12 21:45:32.070184
V00442,Rangel LLC,APAC,High,2026-08-12 21:45:32.070184
V00443,"Hale, Myers and Larson",AMER,Medium,2026-08-12 21:45:32.070184
V00444,Collins Group,APAC,Medium,2026-08-12 21:45:32.070184
V00445,"Conner, Li and Santiago",LATAM,Medium,2026-08-12 21:45:32.070184
V00446,"Osborn, Gaines and Davis",EMEA,Medium,2026-08-12 21:45:32.070184
V00447,"Henderson, Cox and Cox",APAC,High,2026-08-12 21:45:32.070184
V00448,Bean LLC,APAC,High,2026-08-12 21:45:32.070184
V00449,Lee-Cooke,LATAM,Low,2026-08-12 21:45:32.070184
V00450,Jones Inc,AMER,Medium,2026-08-12 21:45:32.070184
V00451,"Wise, Conley and Stephenson",LATAM,Low,2026-08-12 21:45:32.070184
V00452,Stanley PLC,LATAM,High,2026-08-12 21:45:32.070184
V00453,Harper and Sons,EMEA,Medium,2026-08-12 21:45:32.070184
V00454,White Ltd,EMEA,Low,2026-08-12 21:45:32.070184
V00455,"Lamb, Martin and Kim",LATAM,Medium,2026-08-12 21:45:32.070184
V00456,Diaz-Ball,LATAM,High,2026-08-12 21:45:32.070184
V00457,Bishop-Goodwin,APAC,Low,2026-08-12 21:45:32.070184
V00458,Young-Allen,LATAM,Medium,2026-08-12 21:45:32.070184
V00459,Mckee-Lee,LATAM,Low,2026-08-12 21:45:32.070184
V00460,"Valentine, Joyce and Murray",LATAM,,2026-08-12 21:45:32.070184
V00461,Strickland-Shaw,EMEA,Medium,2026-08-12 21:45:32.070184
V00462,Burch-Montoya,LATAM,High,2026-08-12 21:45:32.070184
V00463,"Taylor, Wright and Davidson",AMER,Low,2026-08-12 21:45:32.070184
V00464,Spencer-Garcia,APAC,High,2026-08-12 21:45:32.070184
V00465,"Rosales, Mitchell and Hines",EMEA,High,2026-08-12 21:45:32.070184
V00466,Cole-Palmer,AMER,Low,2026-08-12 21:45:32.070184
V00467,Davis-Lozano,LATAM,High,2026-08-12 21:45:32.070184
V00468,Wilkerson-Arias,EMEA,Medium,2026-08-12 21:45:32.070184
V00469,Brown-Shaw,LATAM,High,2026-08-12 21:45:32.070184
V00470,Hughes Inc,APAC,High,2026-08-12 21:45:32.070184
V00471,Walker-Flores,APAC,Medium,2026-08-12 21:45:32.070184
V00472,Combs Ltd,AMER,Medium,2026-08-12 21:45:32.070184
V00473,Moody-Taylor,AMER,High,2026-08-12 21:45:32.070184
V00474,Lowery-Kennedy,EMEA,High,2026-08-12 21:45:32.070184
V00475,Blake Group,LATAM,Low,2026-08-12 21:45:32.070184
V00476,Gilbert-Bullock,AMER,,2026-08-12 21:45:32.070184
V00477,Scott and Sons,EMEA,Medium,2026-08-12 21:45:32.070184
V00478,"Bentley, Lynch and Henderson",LATAM,High,2026-08-12 21:45:32.070184
V00479,Young-Martinez,EMEA,High,2026-08-12 21:45:32.070184
V00480,Barnes PLC,LATAM,Medium,2026-08-12 21:45:32.070184
V00481,Brown-Copeland,APAC,High,2026-08-12 21:45:32.070184
V00482,Carlson-Smith,APAC,High,2026-08-12 21:45:32.070184
V00483,"Andrews, Higgins and Carter",APAC,High,2026-08-12 21:45:32.070184
V00484,Mendez and Sons,APAC,Medium,2026-08-12 21:45:32.070184
V00485,"Butler, Beck and Miller",LATAM,Medium,2026-08-12 21:45:32.070184
V00486,Jones-Fox,APAC,Medium,2026-08-12 21:45:32.070184
V00487,"Hartman, Romero and Smith",LATAM,Medium,2026-08-12 21:45:32.070184
V00488,Williams-Hughes,EMEA,,2026-08-12 21:45:32.070184
V00489,King-Smith,AMER,Medium,2026-08-12 21:45:32.070184
V00490,Cooper Ltd,LATAM,Low,2026-08-12 21:45:32.070184
V00491,"Fuller, Ingram and Moss",APAC,Low,2026-08-12 21:45:32.070184
V00492,Anderson-Bell,EMEA,Low,2026-08-12 21:45:32.070184
V00493,Li-Thompson,EMEA,High,2026-08-12 21:45:32.070184
V00494,"Marshall, Dominguez and Welch",APAC,High,2026-08-12 21:45:32.070184
V00495,Brown Group,EMEA,Low,2026-08-12 21:45:32.070184
V00496,Carter Inc,EMEA,Medium,2026-08-12 21:45:32.070184
V00497,Blackwell LLC,LATAM,Medium,2026-08-12 21:45:32.070184
V00498,Robertson-Hays,APAC,Medium,2026-08-12 21:45:32.070184
V00499,"Kennedy, Johnson and Lucas",AMER,High,2026-08-12 21:45:32.070184
V00500,Kelly-Norman,AMER,Low,2026-08-12 21:45:32.070184
V00501,"Rivera, Martinez and Richardson",AMER,Medium,2026-08-12 21:45:32.070184
V00502,Paul-Kline,APAC,,2026-08-12 21:45:32.070184
V00503,Morgan-Lopez,AMER,Medium,2026-08-12 21:45:32.070184
V00504,"Jimenez, Glass and Stone",LATAM,Low,2026-08-12 21:45:32.070184
V00505,Acosta Inc,EMEA,Low,2026-08-12 21:45:32.070184
V00506,Morrison-Short,APAC,High,2026-08-12 21:45:32.070184
V00507,"Carter, Garcia and Murphy",APAC,High,2026-08-12 21:45:32.070184
V00508,Parker-Morrison,LATAM,Medium,2026-08-12 21:45:32.070184
V00509,Jackson-Wallace,AMER,Low,2026-08-12 21:45:32.070184
V00510,Williams-Berg,EMEA,Low,2026-08-12 21:45:32.070184
V00511,Mendez-Graham,APAC,Medium,2026-08-12 21:45:32.070184
V00512,"Whitney, Gould and Jones",AMER,Medium,2026-08-12 21:45:32.070184
V00513,"Sullivan, Palmer and Brady",AMER,High,2026-08-12 21:45:32.070184
V00514,Cisneros and Sons,LATAM,High,2026-08-12 21:45:32.070184
V00515,"Gregory, Kim and Martinez",APAC,High,2026-08-12 21:45:32.070184
V00516,Osborne LLC,APAC,Medium,2026-08-12 21:45:32.070184
V00517,Reyes-Bradley,EMEA,Medium,2026-08-12 21:45:32.070184
V00518,"Hernandez, Cole and Watson",APAC,Medium,2026-08-12 21:45:32.070184
V00519,Hines-Berry,EMEA,Low,2026-08-12 21:45:32.070184
V00520,"Richardson, Edwards and Ramirez",AMER,High,2026-08-12 21:45:32.070184
V00521,Johnson and Sons,AMER,High,2026-08-12 21:45:32.070184
V00522,Holmes-Mcintyre,EMEA,High,2026-08-12 21:45:32.070184
V00523,Green LLC,LATAM,Low,2026-08-12 21:45:32.070184
V00524,"Griffin, Davies and Mitchell",LATAM,Low,2026-08-12 21:45:32.070184
V00525,Gonzalez-Taylor,AMER,Medium,2026-08-12 21:45:32.070184
V00526,Hayes Ltd,AMER,High,2026-08-12 21:45:32.070184
V00527,osborn-cochran,AMER,Medium,2026-08-12 21:45:32.070184
V00528,Contreras-Mckinney,EMEA,High,2026-08-12 21:45:32.070184
V00529,"Daniels, Vance and York",AMER,High,2026-08-12 21:45:32.070184
V00530,"Mckinney, Graves and Thompson",AMER,,2026-08-12 21:45:32.070184
V00531,Hicks-Martinez,EMEA,High,2026-08-12 21:45:32.070184
V00532,Conner and Sons,LATAM,Medium,2026-08-12 21:45:32.070184
V00533,Johnson-Spencer,LATAM,Medium,2026-08-12 21:45:32.070184
V00534,Mcdonald-Bird,EMEA,High,2026-08-12 21:45:32.070184
V00535,Salazar Inc,LATAM,High,2026-08-12 21:45:32.070184
V00536,Parker Ltd,AMER,Low,2026-08-12 21:45:32.070184
V00537,"Mendoza, Jenkins and Ortiz",LATAM,High,2026-08-12 21:45:32.070184
V00538,"Jones, Compton and Day",LATAM,Medium,2026-08-12 21:45:32.070184
V00539,Owens-Holmes,AMER,Low,2026-08-12 21:45:32.070184
V00540,Humphrey PLC,AMER,Low,2026-08-12 21:45:32.070184
V00541,"Matthews, Saunders and Anderson",AMER,Medium,2026-08-12 21:45:32.070184
V00542,"Bartlett, Brown and Martinez",AMER,Low,2026-08-12 21:45:32.070184
V00543,Torres and Sons,EMEA,High,2026-08-12 21:45:32.070184
V00544,Donovan-Perez,AMER,Low,2026-08-12 21:45:32.070184
V00545,"Jacobson, Singleton and King",APAC,High,2026-08-12 21:45:32.070184
V00546,"Huber, Hill and Weber",APAC,Low,2026-08-12 21:45:32.070184
V00547,"Ferguson, Shaw and Jackson",EMEA,Medium,2026-08-12 21:45:32.070184
V00548,"Moore, Hopkins and Le",EMEA,High,2026-08-12 21:45:32.070184
V00549,"Morgan, Bradshaw and Williams",AMER,Medium,2026-08-12 21:45:32.070184
V00550,Miller Ltd,APAC,High,2026-08-12 21:45:32.070184
V00551,"Baker, Clark and Armstrong",LATAM,Low,2026-08-12 21:45:32.070184
V00552,"Fowler, Jimenez and Burton",EMEA,Medium,2026-08-12 21:45:32.070184
V00553,May-Turner,LATAM,Low,2026-08-12 21:45:32.070184
V00554,Ballard Ltd,EMEA,Medium,2026-08-12 21:45:32.070184
V00555,Evans-Jones,AMER,Medium,2026-08-12 21:45:32.070184
V00556,Moore Group,EMEA,Low,2026-08-12 21:45:32.070184
V00557,Marshall-Peterson,AMER,Low,2026-08-12 21:45:32.070184
V00558,Edwards Ltd,EMEA,Medium,2026-08-12 21:45:32.070184
V00559,Gross-Valencia,APAC,Low,2026-08-12 21:45:32.070184
V00560,Anderson-Wood,AMER,High,2026-08-12 21:45:32.070184
V00561,"Rodriguez, Allen and Martinez",EMEA,High,2026-08-12 21:45:32.070184
V00562,Wright-Davis,EMEA,High,2026-08-12 21:45:32.070184
V00563,Dougherty-Lin,LATAM,High,2026-08-12 21:45:32.070184
V00564,Wright-Grimes,APAC,High,2026-08-12 21:45:32.070184
V00565,Li PLC,LATAM,Medium,2026-08-12 21:45:32.070184
V00566,"Edwards, Hines and Jimenez",LATAM,Low,2026-08-12 21:45:32.070184
V00567,"Owens, Koch and Jimenez",EMEA,Low,2026-08-12 21:45:32.070184
V00568,Landry PLC,LATAM,Medium,2026-08-12 21:45:32.070184
V00569,Levy-Lewis,LATAM,High,2026-08-12 21:45:32.070184
V00570,Williams-Campbell,APAC,Medium,2026-08-12 21:45:32.070184
V00571,"Khan, Pena and Ruiz",LATAM,Medium,2026-08-12 21:45:32.070184
V00572,"Smith, Rodriguez and Anderson",EMEA,Low,2026-08-12 21:45:32.070184
V00573,Luna-Gallagher,AMER,,2026-08-12 21:45:32.070184
V00574,Williams-Williams,AMER,Low,2026-08-12 21:45:32.070184
V00575,"lee, tran and jones",EMEA,Low,2026-08-12 21:45:32.070184
V00576,"Cole, Pierce and Bryan",LATAM,Medium,2026-08-12 21:45:32.070184
V00577,"becker, wilson and hester",LATAM,High,2026-08-12 21:45:32.070184
V00578,Brooks-Hatfield,LATAM,,2026-08-12 21:45:32.070184
V00579,"Mcmillan, Fischer and Gonzalez",APAC,Low,2026-08-12 21:45:32.070184
V00580,"Morales, Williams and Williams",LATAM,Low,2026-08-12 21:45:32.070184
V00581,"Cook, Wells and Bryant",EMEA,Low,2026-08-12 21:45:32.070184
V00582,"Barry, Taylor and Velazquez",APAC,Medium,2026-08-12 21:45:32.070184
V00583,Martin-Ewing,LATAM,Medium,2026-08-12 21:45:32.070184
V00584,"Kirby, Wheeler and Romero",EMEA,Medium,2026-08-12 21:45:32.070184
V00585,"Patel, Erickson and Evans",AMER,Low,2026-08-12 21:45:32.070184
V00586,Richardson Ltd,LATAM,Low,2026-08-12 21:45:32.070184
V00587,Whitney PLC,AMER,Medium,2026-08-12 21:45:32.070184
V00588,Robles-Swanson,APAC,High,2026-08-12 21:45:32.070184
V00589,"Soto, Carlson and Baker",AMER,Low,2026-08-12 21:45:32.070184
V00590,"Patton, Parsons and Lane",LATAM,,2026-08-12 21:45:32.070184
V00591,"Williams, Castillo and Warren",APAC,High,2026-08-12 21:45:32.070184
V00592,"Harvey, Randall and Hernandez",APAC,Low,2026-08-12 21:45:32.070184
V00593,"Allen, Armstrong and Graves",LATAM,Low,2026-08-12 21:45:32.070184
V00594,Smith LLC,LATAM,High,2026-08-12 21:45:32.070184
V00595,Hernandez-Vaughn,EMEA,High,2026-08-12 21:45:32.070184
V00596,Shaw-Carr,APAC,Low,2026-08-12 21:45:32.070184
V00597,Salas-Fitzgerald,AMER,Medium,2026-08-12 21:45:32.070184
V00598,Thornton PLC,LATAM,,2026-08-12 21:45:32.070184
V00599,Hoffman Ltd,LATAM,Medium,2026-08-12 21:45:32.070184
V00600,Fox-Edwards,LATAM,Medium,2026-08-12 21:45:32.070184
V00601,Stevens PLC,LATAM,Low,2026-08-12 21:45:32.070184
V00602,Payne-Lowe,EMEA,High,2026-08-12 21:45:32.070184
V00603,"Becker, Lara and Baker",LATAM,High,2026-08-12 21:45:32.070184
V00604,Lee-Wright,LATAM,Medium,2026-08-12 21:45:32.070184
V00605,"Evans, David and Hendrix",APAC,Medium,2026-08-12 21:45:32.070184
V00606,Bush-Vaughn,EMEA,Low,2026-08-12 21:45:32.070184
V00607,Stewart-Bailey,LATAM,,2026-08-12 21:45:32.070184
V00608,"Hill, Martinez and Rhodes",AMER,High,2026-08-12 21:45:32.070184
V00609,Huang-Foster,LATAM,Low,2026-08-12 21:45:32.070184
V00610,Blevins-Ballard,AMER,High,2026-08-12 21:45:32.070184
V00611,Williams-Moses,EMEA,High,2026-08-12 21:45:32.070184
V00612,Reed Group,EMEA,Low,2026-08-12 21:45:32.070184
V00613,"Scott, Mendoza and Harris",EMEA,Low,2026-08-12 21:45:32.070184
V00614,"Nelson, Hoffman and Nelson",APAC,Medium,2026-08-12 21:45:32.070184
V00615,Gilbert PLC,EMEA,High,2026-08-12 21:45:32.070184
V00616,Sanchez Ltd,EMEA,Medium,2026-08-12 21:45:32.070184
V00617,"Perez, Hall and Garcia",LATAM,Medium,2026-08-12 21:45:32.070184
V00618,Love-Garcia,APAC,Medium,2026-08-12 21:45:32.070184
V00619,Smith PLC,EMEA,Medium,2026-08-12 21:45:32.070184
V00620,Russell Group,EMEA,Medium,2026-08-12 21:45:32.070184
V00621,Santos-Avila,APAC,Medium,2026-08-12 21:45:32.070184
V00622,Morris-Brewer,EMEA,Medium,2026-08-12 21:45:32.070184
V00623,Pearson and Sons,LATAM,Medium,2026-08-12 21:45:32.070184
V00624,"Rodgers, Jefferson and Johnson",EMEA,High,2026-08-12 21:45:32.070184
V00625,Butler and Sons,LATAM,High,2026-08-12 21:45:32.070184
V00626,Osborn Group,AMER,Medium,2026-08-12 21:45:32.070184
V00627,Lopez-Curry,APAC,Low,2026-08-12 21:45:32.070184
V00628,Mcdowell-Smith,LATAM,Medium,2026-08-12 21:45:32.070184
V00629,"Morrison, Hebert and Rogers",LATAM,High,2026-08-12 21:45:32.070184
V00630,Hays-Daniels,LATAM,,2026-08-12 21:45:32.070184
V00631,Small-Anderson,AMER,Low,2026-08-12 21:45:32.070184
V00632,"Mcdonald, Lee and Rodriguez",APAC,Low,2026-08-12 21:45:32.070184
V00633,Simon Ltd,LATAM,Medium,2026-08-12 21:45:32.070184
V00634,Higgins-Smith,AMER,Low,2026-08-12 21:45:32.070184
V00635,Gibbs-Bradley,EMEA,Medium,2026-08-12 21:45:32.070184
V00636,Thompson Ltd,EMEA,Medium,2026-08-12 21:45:32.070184
V00637,Wilcox-Robertson,APAC,Medium,2026-08-12 21:45:32.070184
V00638,Morales Inc,EMEA,Medium,2026-08-12 21:45:32.070184
V00639,Holden Group,EMEA,High,2026-08-12 21:45:32.070184
V00640,Boyle-Smith,LATAM,High,2026-08-12 21:45:32.070184
V00641,Young-Molina,APAC,Low,2026-08-12 21:45:32.070184
V00642,Turner-Sharp,APAC,High,2026-08-12 21:45:32.070184
V00643,Green LLC,EMEA,High,2026-08-12 21:45:32.070184
V00644,"Young, Contreras and Marshall",LATAM,Medium,2026-08-12 21:45:32.070184
V00645,Sullivan PLC,EMEA,Low,2026-08-12 21:45:32.070184
V00646,"Carrillo, Vaughn and Fowler",AMER,High,2026-08-12 21:45:32.070184
V00647,Richardson-Walker,LATAM,,2026-08-12 21:45:32.070184
V00648,Mendoza Group,APAC,High,2026-08-12 21:45:32.070184
V00649,"Zhang, Brooks and Miles",AMER,High,2026-08-12 21:45:32.070184
V00650,Todd-Pham,LATAM,Low,2026-08-12 21:45:32.070184
V00651,Gill Ltd,APAC,High,2026-08-12 21:45:32.070184
V00652,"Marks, Miller and Griffin",AMER,Medium,2026-08-12 21:45:32.070184
V00653,"Cox, Stark and Rodriguez",EMEA,High,2026-08-12 21:45:32.070184
V00654,"Leach, Harris and Herrera",AMER,High,2026-08-12 21:45:32.070184
V00655,Murphy PLC,APAC,Low,2026-08-12 21:45:32.070184
V00656,Wilson-Harris,LATAM,Medium,2026-08-12 21:45:32.070184
V00657,"Burns, Nolan and Griffin",LATAM,Low,2026-08-12 21:45:32.070184
V00658,Chavez PLC,EMEA,High,2026-08-12 21:45:32.070184
V00659,Bryant-Brown,EMEA,Medium,2026-08-12 21:45:32.070184
V00660,Chambers-Parker,APAC,Low,2026-08-12 21:45:32.070184
V00661,Foster Inc,LATAM,High,2026-08-12 21:45:32.070184
V00662,"Robinson, Jones and Henderson",LATAM,Medium,2026-08-12 21:45:32.070184
V00663,"Brown, Mcknight and Michael",EMEA,Low,2026-08-12 21:45:32.070184
V00664,Andersen Group,EMEA,,2026-08-12 21:45:32.070184
V00665,Mitchell and Sons,APAC,Low,2026-08-12 21:45:32.070184
V00666,Cannon Ltd,LATAM,High,2026-08-12 21:45:32.070184
V00667,"Stuart, Brooks and Vance",APAC,High,2026-08-12 21:45:32.070184
V00668,Kane-Knox,AMER,High,2026-08-12 21:45:32.070184
V00669,Miller-Brandt,LATAM,Low,2026-08-12 21:45:32.070184
V00670,"Anderson, Dalton and Wilson",EMEA,Medium,2026-08-12 21:45:32.070184
V00671,"Long, Anderson and Irwin",APAC,Medium,2026-08-12 21:45:32.070184
V00672,Avila LLC,AMER,Low,2026-08-12 21:45:32.070184
V00673,Nunez-Stephens,APAC,High,2026-08-12 21:45:32.070184
V00674,"Gray, Hall and Murray",EMEA,Low,2026-08-12 21:45:32.070184
V00675,Hill Ltd,APAC,High,2026-08-12 21:45:32.070184
V00676,Johnson Ltd,APAC,High,2026-08-12 21:45:32.070184
V00677,Mendez-Mayer,AMER,Low,2026-08-12 21:45:32.070184
V00678,Allen Inc,AMER,Medium,2026-08-12 21:45:32.070184
V00679,Wheeler Group,EMEA,Low,2026-08-12 21:45:32.070184
V00680,"Powers, Brennan and Sanchez",EMEA,High,2026-08-12 21:45:32.070184
V00681,Morales and Sons,APAC,High,2026-08-12 21:45:32.070184
V00682,"Robinson, Shields and Brown",AMER,Medium,2026-08-12 21:45:32.070184
V00683,"Holder, Young and Hendricks",APAC,Medium,2026-08-12 21:45:32.070184
V00684,"Flores, Harper and Chambers",AMER,High,2026-08-12 21:45:32.070184
V00685,Young-Walter,APAC,Low,2026-08-12 21:45:32.070184
V00686,"Boyd, Gutierrez and Hill",LATAM,Low,2026-08-12 21:45:32.070184
V00687,"Fry, Hobbs and Buck",APAC,Medium,2026-08-12 21:45:32.070184
V00688,"Shelton, Peters and Williams",LATAM,Medium,2026-08-12 21:45:32.070184
V00689,David-Powers,AMER,Low,2026-08-12 21:45:32.070184
V00690,"Flores, Butler and Hernandez",AMER,Low,2026-08-12 21:45:32.070184
V00691,White-Medina,LATAM,Low,2026-08-12 21:45:32.070184
V00692,Atkinson LLC,EMEA,High,2026-08-12 21:45:32.070184
V00693,"Thomas, Ford and Brown",APAC,Low,2026-08-12 21:45:32.070184
V00694,Faulkner-Grant,APAC,High,2026-08-12 21:45:32.070184
V00695,Price LLC,LATAM,High,2026-08-12 21:45:32.070184
V00696,Rivera Inc,EMEA,Medium,2026-08-12 21:45:32.070184
V00697,Boone-Davis,AMER,Low,2026-08-12 21:45:32.070184
V00698,"calderon, williams and bennett",EMEA,High,2026-08-12 21:45:32.070184
V00699,"Morrison, Russo and Lopez",APAC,Low,2026-08-12 21:45:32.070184
V00700,"Ramsey, Hansen and Mendoza",EMEA,Medium,2026-08-12 21:45:32.070184
V00701,Turner-Stout,AMER,Low,2026-08-12 21:45:32.070184
V00702,Giles Ltd,EMEA,Medium,2026-08-12 21:45:32.070184
V00703,Burgess Group,EMEA,High,2026-08-12 21:45:32.070184
V00704,Dominguez Ltd,AMER,High,2026-08-12 21:45:32.070184
V00705,Sanders and Sons,EMEA,High,2026-08-12 21:45:32.070184
V00706,"Morris, Campbell and Owens",LATAM,Low,2026-08-12 21:45:32.070184
V00707,"Howard, Green and Hunt",AMER,High,2026-08-12 21:45:32.070184
V00708,Owens-Lang,LATAM,Medium,2026-08-12 21:45:32.070184
V00709,"Harrison, Franco and Rocha",AMER,Low,2026-08-12 21:45:32.070184
V00710,Edwards-Williams,APAC,,2026-08-12 21:45:32.070184
V00711,Figueroa Inc,APAC,Low,2026-08-12 21:45:32.070184
V00712,Tran-Silva,LATAM,Medium,2026-08-12 21:45:32.070184
V00713,"Butler, Hernandez and Rivera",EMEA,Medium,2026-08-12 21:45:32.070184
V00714,hudson-sanchez,AMER,High,2026-08-12 21:45:32.070184
V00715,"Pena, Cohen and Scott",APAC,Medium,2026-08-12 21:45:32.070184
V00716,Levy-May,LATAM,Medium,2026-08-12 21:45:32.070184
V00717,Murray-Oconnor,LATAM,,2026-08-12 21:45:32.070184
V00718,Jackson-Cortez,APAC,,2026-08-12 21:45:32.070184
V00719,White-Preston,LATAM,High,2026-08-12 21:45:32.070184
V00720,"Bernard, Warren and Combs",LATAM,Medium,2026-08-12 21:45:32.070184
V00721,Landry Ltd,EMEA,Medium,2026-08-12 21:45:32.070184
V00722,Duran Group,EMEA,Low,2026-08-12 21:45:32.070184
V00723,Kirby and Sons,AMER,Medium,2026-08-12 21:45:32.070184
V00724,Mann Inc,EMEA,Low,2026-08-12 21:45:32.070184
V00725,Wagner LLC,AMER,Medium,2026-08-12 21:45:32.070184
V00726,Williamson Ltd,EMEA,,2026-08-12 21:45:32.070184
V00727,"Durham, Hopkins and Smith",AMER,Low,2026-08-12 21:45:32.070184
V00728,"Arnold, Smith and Moreno",APAC,Low,2026-08-12 21:45:32.070184
V00729,Nichols-Mitchell,APAC,High,2026-08-12 21:45:32.070184
V00730,"Li, Craig and Drake",AMER,Medium,2026-08-12 21:45:32.070184
V00731,Rodriguez Inc,AMER,Medium,2026-08-12 21:45:32.070184
V00732,"Hernandez, Lee and Fox",AMER,Medium,2026-08-12 21:45:32.070184
V00733,Adams-Sanders,LATAM,High,2026-08-12 21:45:32.070184
V00734,Chung-Stevens,AMER,High,2026-08-12 21:45:32.070184
V00735,branch and sons,AMER,Low,2026-08-12 21:45:32.070184
V00736,Sutton-Abbott,AMER,Medium,2026-08-12 21:45:32.070184
V00737,"Frey, Santos and Johnson",EMEA,Low,2026-08-12 21:45:32.070184
V00738,Gray-Tran,LATAM,Low,2026-08-12 21:45:32.070184
V00739,Walsh Ltd,APAC,Medium,2026-08-12 21:45:32.070184
V00740,Miller Group,AMER,High,2026-08-12 21:45:32.070184
V00741,"Mueller, Knight and Hodge",EMEA,High,2026-08-12 21:45:32.070184
V00742,Jacobson Inc,AMER,Medium,2026-08-12 21:45:32.070184
V00743,Lewis Ltd,APAC,Medium,2026-08-12 21:45:32.070184
V00744,"Alvarez, Williams and Jones",APAC,Low,2026-08-12 21:45:32.070184
V00745,Lam-Elliott,EMEA,Medium,2026-08-12 21:45:32.070184
V00746,White LLC,EMEA,High,2026-08-12 21:45:32.070184
V00747,Ali PLC,EMEA,,2026-08-12 21:45:32.070184
V00748,Goodwin Ltd,EMEA,High,2026-08-12 21:45:32.070184
V00749,Hickman-Evans,AMER,,2026-08-12 21:45:32.070184
V00750,"Allen, Davenport and Price",APAC,Low,2026-08-12 21:45:32.070184
V00751,"Rivera, Campos and Taylor",LATAM,Medium,2026-08-12 21:45:32.070184
V00752,"Ramsey, Mason and Mccann",EMEA,High,2026-08-12 21:45:32.070184
V00753,Davis and Sons,EMEA,High,2026-08-12 21:45:32.070184
V00754,Peterson PLC,LATAM,High,2026-08-12 21:45:32.070184
V00755,"Sanders, Ayala and Johnson",EMEA,High,2026-08-12 21:45:32.070184
V00756,Bowers-Hayes,AMER,Medium,2026-08-12 21:45:32.070184
V00757,Kelly Group,APAC,Medium,2026-08-12 21:45:32.070184
V00758,Lopez-Willis,LATAM,High,2026-08-12 21:45:32.070184
V00759,Miller-Montgomery,LATAM,Medium,2026-08-12 21:45:32.070184
V00760,Marquez Inc,EMEA,High,2026-08-12 21:45:32.070184
V00761,Moore-Dawson,LATAM,Medium,2026-08-12 21:45:32.070184
V00762,"Moore, Price and Ward",APAC,Low,2026-08-12 21:45:32.070184
V00763,Smith LLC,AMER,Low,2026-08-12 21:45:32.070184
V00764,Ward-Nelson,AMER,Low,2026-08-12 21:45:32.070184
V00765,Miller Group,AMER,High,2026-08-12 21:45:32.070184
V00766,Hawkins-Hunt,AMER,High,2026-08-12 21:45:32.070184
V00767,Johnson LLC,EMEA,Low,2026-08-12 21:45:32.070184
V00768,"Davis, George and Nguyen",EMEA,Low,2026-08-12 21:45:32.070184
V00769,Smith-Gutierrez,EMEA,,2026-08-12 21:45:32.070184
V00770,Hardy PLC,EMEA,Low,2026-08-12 21:45:32.070184
V00771,Armstrong and Sons,AMER,High,2026-08-12 21:45:32.070184
V00772,"James, Taylor and Turner",AMER,Low,2026-08-12 21:45:32.070184
V00773,Thomas-Jackson,LATAM,Low,2026-08-12 21:45:32.070184
V00774,Fisher-Washington,APAC,,2026-08-12 21:45:32.070184
V00775,Ward and Sons,EMEA,High,2026-08-12 21:45:32.070184
V00776,"Weber, Wheeler and Gonzalez",LATAM,Low,2026-08-12 21:45:32.070184
V00777,Taylor Inc,APAC,Low,2026-08-12 21:45:32.070184
V00778,Cook-Oliver,LATAM,,2026-08-12 21:45:32.070184
V00779,Alexander-Jordan,EMEA,High,2026-08-12 21:45:32.070184
V00780,"Mccann, Taylor and Flores",LATAM,Low,2026-08-12 21:45:32.070184
V00781,"Harris, Edwards and Oconnell",LATAM,Low,2026-08-12 21:45:32.070184
V00782,Carter-Neal,EMEA,High,2026-08-12 21:45:32.070184
V00783,Faulkner-Casey,AMER,Medium,2026-08-12 21:45:32.070184
V00784,Bennett-Velasquez,LATAM,Medium,2026-08-12 21:45:32.070184
V00785,Diaz-Frederick,LATAM,Medium,2026-08-12 21:45:32.070184
V00786,Vargas PLC,EMEA,Low,2026-08-12 21:45:32.070184
V00787,Maldonado PLC,AMER,Medium,2026-08-12 21:45:32.070184
V00788,Benton Group,EMEA,Low,2026-08-12 21:45:32.070184
V00789,"Clark, Salinas and Guerra",APAC,High,2026-08-12 21:45:32.070184
V00790,Fuentes Group,AMER,Low,2026-08-12 21:45:32.070184
V00791,"Porter, Schultz and Allen",LATAM,Medium,2026-08-12 21:45:32.070184
V00792,"Moore, Henderson and Bennett",EMEA,Low,2026-08-12 21:45:32.070184
V00793,Ewing-Mendoza,APAC,,2026-08-12 21:45:32.070184
V00794,Ferguson-Mclean,EMEA,High,2026-08-12 21:45:32.070184
V00795,"Barnes, Johnson and Schmitt",LATAM,High,2026-08-12 21:45:32.070184
V00796,"Woodard, Herrera and Little",AMER,Low,2026-08-12 21:45:32.070184
V00797,Rodriguez and Sons,LATAM,Low,2026-08-12 21:45:32.070184
V00798,"Ortega, Jackson and Salazar",EMEA,Medium,2026-08-12 21:45:32.070184
V00799,"Terrell, Byrd and Ross",APAC,,2026-08-12 21:45:32.070184
V00800,Sheppard-Jordan,EMEA,Low,2026-08-12 21:45:32.070184
V00801,Garcia and Sons,AMER,Medium,2026-08-12 21:45:32.070184
V00802,"Burgess, Grant and Watts",AMER,Medium,2026-08-12 21:45:32.070184
V00803,Griffin Group,EMEA,High,2026-08-12 21:45:32.070184
V00804,Barton-Chapman,LATAM,High,2026-08-12 21:45:32.070184
V00805,"Hernandez, Cuevas and Webb",APAC,Low,2026-08-12 21:45:32.070184
V00806,Perry-Nixon,LATAM,Medium,2026-08-12 21:45:32.070184
V00807,Guerra Ltd,EMEA,,2026-08-12 21:45:32.070184
V00808,Bailey LLC,LATAM,,2026-08-12 21:45:32.070184
V00809,Mueller-Boyd,EMEA,High,2026-08-12 21:45:32.070184
V00810,Alvarez-Kim,EMEA,Medium,2026-08-12 21:45:32.070184
V00811,"Chavez, Jones and Williams",APAC,Low,2026-08-12 21:45:32.070184
V00812,"Wilson, Sweeney and Wong",APAC,,2026-08-12 21:45:32.070184
V00813,"Marsh, Spears and Yang",AMER,Medium,2026-08-12 21:45:32.070184
V00814,"Thompson, Moore and Castro",AMER,Low,2026-08-12 21:45:32.070184
V00815,Hall-Sullivan,EMEA,Medium,2026-08-12 21:45:32.070184
V00816,Lopez Ltd,LATAM,Low,2026-08-12 21:45:32.070184
V00817,Foster-Mclaughlin,EMEA,Low,2026-08-12 21:45:32.070184
V00818,Cole Group,AMER,,2026-08-12 21:45:32.070184
V00819,Smith-Lewis,AMER,Low,2026-08-12 21:45:32.070184
V00820,Goodwin-Stokes,EMEA,High,2026-08-12 21:45:32.070184
V00821,Ray PLC,AMER,Medium,2026-08-12 21:45:32.070184
V00822,Diaz and Sons,LATAM,,2026-08-12 21:45:32.070184
V00823,Wilson-Lambert,EMEA,High,2026-08-12 21:45:32.070184
V00824,Rose-Fowler,AMER,Medium,2026-08-12 21:45:32.070184
V00825,"Price, Long and Wilson",APAC,High,2026-08-12 21:45:32.070184
V00826,Bruce-Williamson,AMER,Medium,2026-08-12 21:45:32.070184
V00827,"Mccarthy, Evans and Mendez",EMEA,Low,2026-08-12 21:45:32.070184
V00828,Powers LLC,APAC,High,2026-08-12 21:45:32.070184
V00829,Allen Inc,AMER,Low,2026-08-12 21:45:32.070184
V00830,Brooks and Sons,AMER,Medium,2026-08-12 21:45:32.070184
V00831,"Price, Carlson and Andrews",LATAM,Medium,2026-08-12 21:45:32.070184
V00832,Lopez-Reid,AMER,High,2026-08-12 21:45:32.070184
V00833,"Ellison, Arias and Thompson",LATAM,Medium,2026-08-12 21:45:32.070184
V00834,Burns and Sons,LATAM,Medium,2026-08-12 21:45:32.070184
V00835,Edwards Group,AMER,Low,2026-08-12 21:45:32.070184
V00836,"Brown, Howard and Smith",AMER,High,2026-08-12 21:45:32.070184
V00837,Lee Group,EMEA,High,2026-08-12 21:45:32.070184
V00838,"Wagner, Simpson and Cohen",LATAM,High,2026-08-12 21:45:32.070184
V00839,Mckinney-Wallace,EMEA,Medium,2026-08-12 21:45:32.070184
V00840,Miller Inc,AMER,High,2026-08-12 21:45:32.070184
V00841,Carter LLC,EMEA,Low,2026-08-12 21:45:32.070184
V00842,Medina and Sons,EMEA,Low,2026-08-12 21:45:32.070184
V00843,Cunningham-Barton,LATAM,Low,2026-08-12 21:45:32.070184
V00844,Dunn-Wilson,EMEA,High,2026-08-12 21:45:32.070184
V00845,Adams PLC,AMER,Low,2026-08-12 21:45:32.070184
V00846,Weaver-Sherman,APAC,Medium,2026-08-12 21:45:32.070184
V00847,"Alexander, Robinson and Coleman",AMER,High,2026-08-12 21:45:32.070184
V00848,"Greer, Potter and Evans",LATAM,Low,2026-08-12 21:45:32.070184
V00849,Cole LLC,AMER,Low,2026-08-12 21:45:32.070184
V00850,Gonzales Inc,APAC,High,2026-08-12 21:45:32.070184
V00851,Clark Ltd,APAC,Medium,2026-08-12 21:45:32.070184
V00852,"Norris, Callahan and Bishop",LATAM,Low,2026-08-12 21:45:32.070184
V00853,Martin-Taylor,LATAM,Low,2026-08-12 21:45:32.070184
V00854,Li Inc,EMEA,Low,2026-08-12 21:45:32.070184
V00855,"Bell, Campbell and Ryan",APAC,Low,2026-08-12 21:45:32.070184
V00856,Werner-Carter,APAC,Medium,2026-08-12 21:45:32.070184
V00857,"Adams, Hodge and Duke",AMER,Low,2026-08-12 21:45:32.070184
V00858,"Ochoa, Taylor and Brady",LATAM,Medium,2026-08-12 21:45:32.070184
V00859,Sellers-Riddle,AMER,Low,2026-08-12 21:45:32.070184
V00860,"Martinez, Cline and Wright",LATAM,High,2026-08-12 21:45:32.070184
V00861,"Morris, Wright and Bridges",APAC,Low,2026-08-12 21:45:32.070184
V00862,Burns-Ray,APAC,High,2026-08-12 21:45:32.070184
V00863,Burton-Brooks,AMER,Low,2026-08-12 21:45:32.070184
V00864,Schultz Inc,AMER,,2026-08-12 21:45:32.070184
V00865,Robertson-Ramirez,APAC,High,2026-08-12 21:45:32.070184
V00866,Gibson-Freeman,LATAM,High,2026-08-12 21:45:32.070184
V00867,"Smith, Schroeder and Oconnor",AMER,Low,2026-08-12 21:45:32.070184
V00868,"Stanton, Reid and Terry",EMEA,Medium,2026-08-12 21:45:32.070184
V00869,Flynn Group,EMEA,Medium,2026-08-12 21:45:32.070184
V00870,Donaldson and Sons,APAC,Low,2026-08-12 21:45:32.070184
V00871,Adams-Clayton,EMEA,Low,2026-08-12 21:45:32.070184
V00872,Kelley-Anderson,APAC,High,2026-08-12 21:45:32.070184
V00873,Kramer-Shannon,AMER,Medium,2026-08-12 21:45:32.070184
V00874,Williams Ltd,AMER,Low,2026-08-12 21:45:32.070184
V00875,Smith-Noble,APAC,High,2026-08-12 21:45:32.070184
V00876,Alexander Inc,LATAM,Medium,2026-08-12 21:45:32.070184
V00877,Harris-Barker,EMEA,Medium,2026-08-12 21:45:32.070184
V00878,Khan LLC,LATAM,High,2026-08-12 21:45:32.070184
V00879,Baxter LLC,APAC,High,2026-08-12 21:45:32.070184
V00880,Pena LLC,APAC,High,2026-08-12 21:45:32.070184
V00881,Watson Ltd,APAC,High,2026-08-12 21:45:32.070184
V00882,Williams Ltd,APAC,Low,2026-08-12 21:45:32.070184
V00883,Barber-Fischer,AMER,High,2026-08-12 21:45:32.070184
V00884,Rios-Padilla,EMEA,,2026-08-12 21:45:32.070184
V00885,Lewis Inc,APAC,Medium,2026-08-12 21:45:32.070184
V00886,Wheeler PLC,AMER,High,2026-08-12 21:45:32.070184
V00887,"Wallace, Smith and Cooper",EMEA,Medium,2026-08-12 21:45:32.070184
V00888,Mcneil Group,LATAM,High,2026-08-12 21:45:32.070184
V00889,"Anderson, Jones and Reyes",EMEA,High,2026-08-12 21:45:32.070184
V00890,"Shaffer, Garcia and Richardson",AMER,Medium,2026-08-12 21:45:32.070184
V00891,Taylor-Ayala,EMEA,High,2026-08-12 21:45:32.070184
V00892,May Ltd,EMEA,Medium,2026-08-12 21:45:32.070184
V00893,Jones PLC,LATAM,Medium,2026-08-12 21:45:32.070184
V00894,Bishop and Sons,LATAM,Low,2026-08-12 21:45:32.070184
V00895,Bell-Lewis,AMER,Medium,2026-08-12 21:45:32.070184
V00896,"Hernandez, Jenkins and Parks",LATAM,High,2026-08-12 21:45:32.070184
V00897,Miller Inc,EMEA,Low,2026-08-12 21:45:32.070184
V00898,Goodwin PLC,LATAM,Low,2026-08-12 21:45:32.070184
V00899,"Cruz, Richmond and Edwards",AMER,Medium,2026-08-12 21:45:32.070184
V00900,Wright Ltd,APAC,High,2026-08-12 21:45:32.070184
V00901,Wright PLC,EMEA,Low,2026-08-12 21:45:32.070184
V00902,"Griffith, Mitchell and Pugh",AMER,Low,2026-08-12 21:45:32.070184
V00903,Abbott Ltd,LATAM,Medium,2026-08-12 21:45:32.070184
V00904,Harris-Lawson,AMER,High,2026-08-12 21:45:32.070184
V00905,Adkins LLC,AMER,Medium,2026-08-12 21:45:32.070184
V00906,"Brown, Hurst and Blevins",AMER,,2026-08-12 21:45:32.070184
V00907,Cruz-Allen,EMEA,High,2026-08-12 21:45:32.070184
V00908,"Wheeler, Rice and Levine",AMER,Medium,2026-08-12 21:45:32.070184
V00909,Peck-Anderson,AMER,Low,2026-08-12 21:45:32.070184
V00910,"Fisher, Payne and Thompson",APAC,Medium,2026-08-12 21:45:32.070184
V00911,Best-Townsend,APAC,Medium,2026-08-12 21:45:32.070184
V00912,Matthews Inc,LATAM,Low,2026-08-12 21:45:32.070184
V00913,Lewis-Livingston,EMEA,Low,2026-08-12 21:45:32.070184
V00914,Hunter-Fuller,EMEA,Low,2026-08-12 21:45:32.070184
V00915,"Wang, Henderson and Morales",AMER,Medium,2026-08-12 21:45:32.070184
V00916,"Herrera, Jensen and Ramirez",AMER,High,2026-08-12 21:45:32.070184
V00917,Miller-Mccall,AMER,Low,2026-08-12 21:45:32.070184
V00918,Herrera Group,LATAM,Low,2026-08-12 21:45:32.070184
V00919,"Walters, Davenport and Becker",EMEA,Low,2026-08-12 21:45:32.070184
V00920,Collins Group,APAC,Medium,2026-08-12 21:45:32.070184
V00921,"Ashley, Allen and Sanchez",APAC,High,2026-08-12 21:45:32.070184
V00922,Wilson-Salazar,AMER,High,2026-08-12 21:45:32.070184
V00923,Parker Ltd,AMER,Low,2026-08-12 21:45:32.070184
V00924,"Yang, Wilson and Zimmerman",APAC,High,2026-08-12 21:45:32.070184
V00925,"Smith, Crawford and Reed",LATAM,Medium,2026-08-12 21:45:32.070184
V00926,"Logan, Le and Jackson",EMEA,High,2026-08-12 21:45:32.070184
V00927,Brady LLC,AMER,Low,2026-08-12 21:45:32.070184
V00928,"Tanner, Wise and Johnson",LATAM,Low,2026-08-12 21:45:32.070184
V00929,Nelson-Brown,AMER,High,2026-08-12 21:45:32.070184
V00930,"Proctor, Burton and Crawford",EMEA,Medium,2026-08-12 21:45:32.070184
V00931,"Ward, Porter and Bradley",LATAM,Low,2026-08-12 21:45:32.070184
V00932,Moore-Ayala,AMER,Medium,2026-08-12 21:45:32.070184
V00933,"Craig, Wilson and Yang",LATAM,High,2026-08-12 21:45:32.070184
V00934,Williams Inc,AMER,Low,2026-08-12 21:45:32.070184
V00935,Williams LLC,EMEA,Medium,2026-08-12 21:45:32.070184
V00936,Mora-White,APAC,High,2026-08-12 21:45:32.070184
V00937,Tran Ltd,EMEA,Low,2026-08-12 21:45:32.070184
V00938,"Rios, Walker and Wright",APAC,Medium,2026-08-12 21:45:32.070184
V00939,"Flores, Mckenzie and Duncan",LATAM,High,2026-08-12 21:45:32.070184
V00940,Shaw Inc,EMEA,High,2026-08-12 21:45:32.070184
V00941,Walker PLC,EMEA,Low,2026-08-12 21:45:32.070184
V00942,Finley Inc,LATAM,Low,2026-08-12 21:45:32.070184
V00943,Cline-Ayala,AMER,High,2026-08-12 21:45:32.070184
V00944,Murphy-Tran,EMEA,Medium,2026-08-12 21:45:32.070184
V00945,Wood LLC,LATAM,,2026-08-12 21:45:32.070184
V00946,"Mueller, Stevenson and Sanchez",APAC,Low,2026-08-12 21:45:32.070184
V00947,Vargas-Snyder,EMEA,High,2026-08-12 21:45:32.070184
V00948,Oconnor PLC,AMER,Medium,2026-08-12 21:45:32.070184
V00949,Hernandez Group,APAC,High,2026-08-12 21:45:32.070184
V00950,Hall LLC,AMER,Low,2026-08-12 21:45:32.070184
V00951,"Franco, Wiley and Tapia",LATAM,Medium,2026-08-12 21:45:32.070184
V00952,Blake Group,LATAM,Medium,2026-08-12 21:45:32.070184
V00953,"Acosta, Garcia and Moreno",AMER,High,2026-08-12 21:45:32.070184
V00954,Barnes Inc,LATAM,Low,2026-08-12 21:45:32.070184
V00955,Dawson Inc,LATAM,Low,2026-08-12 21:45:32.070184
V00956,morse plc,AMER,Medium,2026-08-12 21:45:32.070184
V00957,Haynes-Watson,LATAM,,2026-08-12 21:45:32.070184
V00958,"Miller, Davis and Anderson",AMER,High,2026-08-12 21:45:32.070184
V00959,Jones-Bradley,EMEA,High,2026-08-12 21:45:32.070184
V00960,Bates-Anderson,APAC,Low,2026-08-12 21:45:32.070184
V00961,Green-Edwards,APAC,High,2026-08-12 21:45:32.070184
V00962,Haynes-Moss,APAC,High,2026-08-12 21:45:32.070184
V00963,Chavez-Hall,EMEA,Low,2026-08-12 21:45:32.070184
V00964,Taylor PLC,APAC,High,2026-08-12 21:45:32.070184
V00965,Moore and Sons,AMER,Low,2026-08-12 21:45:32.070184
V00966,Owens-Russell,LATAM,Low,2026-08-12 21:45:32.070184
V00967,"Howard, Townsend and Hayes",AMER,Medium,2026-08-12 21:45:32.070184
V00968,Baker-Wilson,EMEA,High,2026-08-12 21:45:32.070184
V00969,Aguirre LLC,AMER,High,2026-08-12 21:45:32.070184
V00970,"Terry, Williams and Huff",LATAM,Medium,2026-08-12 21:45:32.070184
V00971,Hernandez-Dawson,EMEA,,2026-08-12 21:45:32.070184
V00972,Foster-Williams,LATAM,High,2026-08-12 21:45:32.070184
V00973,Green-Ewing,EMEA,High,2026-08-12 21:45:32.070184
V00974,Crane Group,EMEA,Low,2026-08-12 21:45:32.070184
V00975,"Adkins, Wright and Murray",APAC,High,2026-08-12 21:45:32.070184
V00976,Martinez Inc,EMEA,Medium,2026-08-12 21:45:32.070184
V00977,Anderson Group,APAC,Medium,2026-08-12 21:45:32.070184
V00978,Parks-Pace,APAC,High,2026-08-12 21:45:32.070184
V00979,Aguilar LLC,EMEA,Low,2026-08-12 21:45:32.070184
V00980,Johnson Inc,APAC,High,2026-08-12 21:45:32.070184
V00981,Orr Group,EMEA,High,2026-08-12 21:45:32.070184
V00982,Davis LLC,AMER,Medium,2026-08-12 21:45:32.070184
V00983,Williams Group,LATAM,High,2026-08-12 21:45:32.070184
V00984,Jackson PLC,APAC,Medium,2026-08-12 21:45:32.070184
V00985,Underwood-Foster,AMER,Medium,2026-08-12 21:45:32.070184
V00986,Reyes Group,EMEA,Medium,2026-08-12 21:45:32.070184
V00987,Gomez and Sons,APAC,High,2026-08-12 21:45:32.070184
V00988,Ramirez-Stephenson,APAC,Low,2026-08-12 21:45:32.070184
V00989,Mendez PLC,LATAM,Low,2026-08-12 21:45:32.070184
V00990,Holland Group,EMEA,High,2026-08-12 21:45:32.070184
V00991,Andrade-Mendoza,APAC,High,2026-08-12 21:45:32.070184
V00992,Ramirez and Sons,LATAM,Medium,2026-08-12 21:45:32.070184
V00993,Gonzalez-Wilkerson,APAC,High,2026-08-12 21:45:32.070184
V00994,"Wright, Mcknight and Stephens",EMEA,High,2026-08-12 21:45:32.070184
V00995,Mayo Ltd,LATAM,Low,2026-08-12 21:45:32.070184
V00996,Castillo-Harrington,APAC,High,2026-08-12 21:45:32.070184
V00997,Durham-Shaw,EMEA,Medium,2026-08-12 21:45:32.070184
V00998,Nelson-Johnson,AMER,Low,2026-08-12 21:45:32.070184
V00999,"Robinson, Huang and Osborne",AMER,,2026-08-12 21:45:32.070184
V01000,Stokes Group,APAC,Low,2026-08-12 21:45:32.070184
V01001,"Howard, Silva and Hall",AMER,Medium,2026-08-12 21:45:32.070184
V01002,Garcia Ltd,AMER,Low,2026-08-12 21:45:32.070184
V01003,Adams Ltd,APAC,Medium,2026-08-12 21:45:32.070184
V01004,Gallagher and Sons,AMER,High,2026-08-12 21:45:32.070184
V01005,"Bradford, Salinas and Kelly",EMEA,High,2026-08-12 21:45:32.070184
V01006,Thompson PLC,LATAM,High,2026-08-12 21:45:32.070184
V01007,Drake-Wolfe,EMEA,Low,2026-08-12 21:45:32.070184
V01008,"Johnson, Haynes and Meza",APAC,Low,2026-08-12 21:45:32.070184
V01009,"Thomas, Vaughan and Copeland",LATAM,High,2026-08-12 21:45:32.070184
V01010,Weaver-Thompson,AMER,Low,2026-08-12 21:45:32.070184
V01011,Davis and Sons,EMEA,Low,2026-08-12 21:45:32.070184
V01012,"Robinson, Fox and Smith",AMER,Medium,2026-08-12 21:45:32.070184
V01013,"Harris, Anderson and Love",AMER,High,2026-08-12 21:45:32.070184
V01014,Brown-Hernandez,LATAM,,2026-08-12 21:45:32.070184
V01015,"Stark, Schroeder and Mathis",EMEA,Medium,2026-08-12 21:45:32.070184
V01016,Yu-Brooks,EMEA,High,2026-08-12 21:45:32.070184
V01017,"Foster, Garcia and Turner",EMEA,High,2026-08-12 21:45:32.070184
V01018,Daugherty Ltd,LATAM,Low,2026-08-12 21:45:32.070184
V01019,Conner-Yu,LATAM,High,2026-08-12 21:45:32.070184
V01020,"Stewart, Mann and Hoffman",EMEA,Low,2026-08-12 21:45:32.070184
V01021,"Buchanan, Walker and Chapman",AMER,Low,2026-08-12 21:45:32.070184
V01022,Gray Ltd,AMER,High,2026-08-12 21:45:32.070184
V01023,"Phillips, Thompson and Smith",LATAM,Medium,2026-08-12 21:45:32.070184
V01024,"Fry, Myers and Gamble",APAC,Low,2026-08-12 21:45:32.070184
V01025,"Johnson, Guzman and Mccall",AMER,High,2026-08-12 21:45:32.070184
V01026,"Walker, Cunningham and Zuniga",AMER,High,2026-08-12 21:45:32.070184
V01027,Rivera Inc,AMER,Medium,2026-08-12 21:45:32.070184
V01028,Reed LLC,AMER,Medium,2026-08-12 21:45:32.070184
V01029,Fields Inc,LATAM,,2026-08-12 21:45:32.070184
V01030,"Santiago, Daniel and Rogers",EMEA,Low,2026-08-12 21:45:32.070184
V01031,Baker and Sons,APAC,High,2026-08-12 21:45:32.070184
V01032,"Jones, Scott and Rodriguez",APAC,Low,2026-08-12 21:45:32.070184
V01033,Williams Group,AMER,,2026-08-12 21:45:32.070184
V01034,"Barnes, Jackson and Gutierrez",AMER,Medium,2026-08-12 21:45:32.070184
V01035,Bell-Bennett,APAC,Low,2026-08-12 21:45:32.070184
V01036,Kramer-Lane,EMEA,Low,2026-08-12 21:45:32.070184
V01037,"Perez, Hayes and Lloyd",APAC,Low,2026-08-12 21:45:32.070184
V01038,Phillips LLC,AMER,High,2026-08-12 21:45:32.070184
V01039,Lynn-Jones,APAC,High,2026-08-12 21:45:32.070184
V01040,Barron and Sons,LATAM,Medium,2026-08-12 21:45:32.070184
V01041,"Jones, Mcmahon and Spence",EMEA,Low,2026-08-12 21:45:32.070184
V01042,Wheeler-Austin,EMEA,Medium,2026-08-12 21:45:32.070184
V01043,Bush-Reynolds,APAC,High,2026-08-12 21:45:32.070184
V01044,"Martin, Preston and Moore",APAC,Medium,2026-08-12 21:45:32.070184
V01045,Rivera and Sons,APAC,Low,2026-08-12 21:45:32.070184
V01046,Terry-Bowen,LATAM,Medium,2026-08-12 21:45:32.070184
V01047,"Fernandez, Guerrero and Evans",APAC,Medium,2026-08-12 21:45:32.070184
V01048,Williams PLC,APAC,Medium,2026-08-12 21:45:32.070184
V01049,"Larsen, Hernandez and Ward",AMER,Medium,2026-08-12 21:45:32.070184
V01050,Miller-Colon,EMEA,Medium,2026-08-12 21:45:32.070184
V01051,"Greene, Gonzalez and Johnson",AMER,Low,2026-08-12 21:45:32.070184
V01052,Little Inc,LATAM,High,2026-08-12 21:45:32.070184
V01053,Anthony-Parker,APAC,High,2026-08-12 21:45:32.070184
V01054,Ruiz-Jacobson,EMEA,Medium,2026-08-12 21:45:32.070184
V01055,Davis-Stephens,APAC,Low,2026-08-12 21:45:32.070184
V01056,Watson Group,LATAM,Medium,2026-08-12 21:45:32.070184
V01057,Lopez-Williams,EMEA,High,2026-08-12 21:45:32.070184
V01058,Marshall-Perez,EMEA,High,2026-08-12 21:45:32.070184
V01059,Elliott-Hernandez,AMER,Low,2026-08-12 21:45:32.070184
V01060,"Contreras, Miller and Cooper",APAC,Medium,2026-08-12 21:45:32.070184
V01061,"Gutierrez, Avila and Perez",APAC,Medium,2026-08-12 21:45:32.070184
V01062,Randall PLC,AMER,Low,2026-08-12 21:45:32.070184
V01063,Sheppard-Mcdaniel,APAC,High,2026-08-12 21:45:32.070184
V01064,Armstrong-Young,EMEA,Medium,2026-08-12 21:45:32.070184
V01065,Miller-Orr,AMER,High,2026-08-12 21:45:32.070184
V01066,"Johnson, Duncan and Black",EMEA,High,2026-08-12 21:45:32.070184
V01067,"Byrd, Oliver and Martinez",APAC,Medium,2026-08-12 21:45:32.070184
V01068,Thompson-Joyce,AMER,High,2026-08-12 21:45:32.070184
V01069,Stokes and Sons,EMEA,Low,2026-08-12 21:45:32.070184
V01070,Henderson Ltd,EMEA,Low,2026-08-12 21:45:32.070184
V01071,Harris-Carson,AMER,High,2026-08-12 21:45:32.070184
V01072,Flowers LLC,AMER,Medium,2026-08-12 21:45:32.070184
V01073,Bartlett-Sloan,EMEA,High,2026-08-12 21:45:32.070184
V01074,Miller PLC,AMER,Low,2026-08-12 21:45:32.070184
V01075,Arnold-Gates,AMER,High,2026-08-12 21:45:32.070184
V01076,"Ellis, Marks and Buchanan",EMEA,High,2026-08-12 21:45:32.070184
V01077,"Matthews, Harrington and Rodriguez",AMER,High,2026-08-12 21:45:32.070184
V01078,Hernandez PLC,AMER,Low,2026-08-12 21:45:32.070184
V01079,"Chang, Ayers and Buckley",LATAM,Low,2026-08-12 21:45:32.070184
V01080,"Chan, Floyd and Dillon",EMEA,High,2026-08-12 21:45:32.070184
V01081,Humphrey-Baker,APAC,Low,2026-08-12 21:45:32.070184
V01082,"Washington, Lynch and Johnson",LATAM,High,2026-08-12 21:45:32.070184
V01083,Powell-Montgomery,LATAM,Low,2026-08-12 21:45:32.070184
V01084,"Steele, Williams and Preston",LATAM,Low,2026-08-12 21:45:32.070184
V01085,Vaughn-Williams,AMER,High,2026-08-12 21:45:32.070184
V01086,Mccall-Prince,LATAM,High,2026-08-12 21:45:32.070184
V01087,Morgan LLC,AMER,High,2026-08-12 21:45:32.070184
V01088,Ramirez-Vasquez,APAC,Low,2026-08-12 21:45:32.070184
V01089,"Cohen, Compton and Perez",LATAM,Medium,2026-08-12 21:45:32.070184
V01090,Mccann-Ramos,AMER,Medium,2026-08-12 21:45:32.070184
V01091,Adams-Butler,EMEA,Low,2026-08-12 21:45:32.070184
V01092,"Davis, Alexander and Mcintyre",LATAM,Medium,2026-08-12 21:45:32.070184
V01093,Figueroa-Malone,AMER,High,2026-08-12 21:45:32.070184
V01094,Nicholson-Robertson,LATAM,High,2026-08-12 21:45:32.070184
V01095,Jones Ltd,LATAM,Medium,2026-08-12 21:45:32.070184
V01096,"Powell, Deleon and Warren",APAC,Medium,2026-08-12 21:45:32.070184
V01097,"Johnson, Lee and Whitaker",APAC,High,2026-08-12 21:45:32.070184
V01098,Wright Group,EMEA,Medium,2026-08-12 21:45:32.070184
V01099,Hull Ltd,EMEA,Medium,2026-08-12 21:45:32.070184
V01100,Hill Group,APAC,High,2026-08-12 21:45:32.070184
V01101,"Sanders, Leblanc and Maldonado",EMEA,High,2026-08-12 21:45:32.070184
V01102,Watson PLC,EMEA,Low,2026-08-12 21:45:32.070184
V01103,Thompson-Harrell,APAC,High,2026-08-12 21:45:32.070184
V01104,"Arnold, Cooper and Monroe",AMER,Low,2026-08-12 21:45:32.070184
V01105,Curry-Barker,AMER,Low,2026-08-12 21:45:32.070184
V01106,Johnson-Williams,AMER,Low,2026-08-12 21:45:32.070184
V01107,"Chan, Lewis and Walker",AMER,High,2026-08-12 21:45:32.070184
V01108,Byrd LLC,APAC,High,2026-08-12 21:45:32.070184
V01109,"ortiz, smith and deleon",EMEA,High,2026-08-12 21:45:32.070184
V01110,"Smith, Buck and Holland",APAC,,2026-08-12 21:45:32.070184
V01111,"Owen, Walker and Franklin",EMEA,High,2026-08-12 21:45:32.070184
V01112,Marquez-Fletcher,EMEA,,2026-08-12 21:45:32.070184
V01113,Coleman-Bennett,APAC,Medium,2026-08-12 21:45:32.070184
V01114,Stevens-Robinson,EMEA,,2026-08-12 21:45:32.070184
V01115,Byrd-Holloway,AMER,High,2026-08-12 21:45:32.070184
V01116,Silva-Smith,APAC,Medium,2026-08-12 21:45:32.070184
V01117,"Levy, Franco and Hoffman",EMEA,Medium,2026-08-12 21:45:32.070184
V01118,"Lynch, Evans and Rodriguez",APAC,Low,2026-08-12 21:45:32.070184
V01119,Rogers LLC,AMER,High,2026-08-12 21:45:32.070184
V01120,"Nguyen, Hill and Douglas",APAC,High,2026-08-12 21:45:32.070184
V01121,"Evans, Hernandez and Cannon",LATAM,Medium,2026-08-12 21:45:32.070184
V01122,Trujillo PLC,APAC,Medium,2026-08-12 21:45:32.070184
V01123,Guerrero-Becker,AMER,Medium,2026-08-12 21:45:32.070184
V01124,"Johnson, Jimenez and Phillips",EMEA,High,2026-08-12 21:45:32.070184
V01125,sullivan-doyle,LATAM,Medium,2026-08-12 21:45:32.070184
V01126,"Erickson, Armstrong and Lee",APAC,Low,2026-08-12 21:45:32.070184
V01127,"Reeves, Parks and Little",APAC,Low,2026-08-12 21:45:32.070184
V01128,Knox-Powers,APAC,Medium,2026-08-12 21:45:32.070184
V01129,"Evans, Jackson and Sandoval",EMEA,High,2026-08-12 21:45:32.070184
V01130,"White, Davis and Anderson",LATAM,High,2026-08-12 21:45:32.070184
V01131,Hardy-Hansen,APAC,Low,2026-08-12 21:45:32.070184
V01132,Arroyo LLC,APAC,Low,2026-08-12 21:45:32.070184
V01133,"Davis, Kelly and Garner",AMER,High,2026-08-12 21:45:32.070184
V01134,Fisher-Eaton,AMER,High,2026-08-12 21:45:32.070184
V01135,Green-Carter,APAC,High,2026-08-12 21:45:32.070184
V01136,Ruiz Ltd,APAC,Medium,2026-08-12 21:45:32.070184
V01137,"Carpenter, Oliver and Kennedy",APAC,Medium,2026-08-12 21:45:32.070184
V01138,Mason Ltd,AMER,High,2026-08-12 21:45:32.070184
V01139,Moreno-Gutierrez,AMER,High,2026-08-12 21:45:32.070184
V01140,Taylor and Sons,EMEA,Medium,2026-08-12 21:45:32.070184
V01141,ortiz-hudson,LATAM,Medium,2026-08-12 21:45:32.070184
V01142,Thomas-Huffman,EMEA,Medium,2026-08-12 21:45:32.070184
V01143,Maxwell Group,APAC,Low,2026-08-12 21:45:32.070184
V01144,Welch-Thompson,LATAM,High,2026-08-12 21:45:32.070184
V01145,"Brown, Hayes and Clark",LATAM,Low,2026-08-12 21:45:32.070184
V01146,Johnston and Sons,APAC,Medium,2026-08-12 21:45:32.070184
V01147,Glover-Chan,EMEA,High,2026-08-12 21:45:32.070184
V01148,Mendez Ltd,APAC,Low,2026-08-12 21:45:32.070184
V01149,Powell-Sanford,EMEA,Low,2026-08-12 21:45:32.070184
V01150,Smith-Ferguson,LATAM,Low,2026-08-12 21:45:32.070184
V01151,"Watson, Smith and Morris",APAC,Medium,2026-08-12 21:45:32.070184
V01152,"Lee, Rhodes and Sims",AMER,Medium,2026-08-12 21:45:32.070184
V01153,Perez LLC,EMEA,Medium,2026-08-12 21:45:32.070184
V01154,Anderson-Reyes,LATAM,High,2026-08-12 21:45:32.070184
V01155,"Torres, Brown and Williams",APAC,,2026-08-12 21:45:32.070184
V01156,Bryant-Meyer,EMEA,High,2026-08-12 21:45:32.070184
V01157,"Morgan, Barron and Cowan",EMEA,Medium,2026-08-12 21:45:32.070184
V01158,Ferrell-Henry,LATAM,High,2026-08-12 21:45:32.070184
V01159,Martin Group,APAC,Medium,2026-08-12 21:45:32.070184
V01160,Perez Ltd,EMEA,High,2026-08-12 21:45:32.070184
V01161,Clark Inc,LATAM,Low,2026-08-12 21:45:32.070184
V01162,"Wagner, Martinez and Dawson",APAC,Medium,2026-08-12 21:45:32.070184
V01163,Brooks Ltd,LATAM,Medium,2026-08-12 21:45:32.070184
V01164,Wise-Dean,APAC,High,2026-08-12 21:45:32.070184
V01165,"Vang, Stanley and Valdez",LATAM,Low,2026-08-12 21:45:32.070184
V01166,Williams Inc,EMEA,High,2026-08-12 21:45:32.070184
V01167,Wallace-Martinez,AMER,Low,2026-08-12 21:45:32.070184
V01168,Wells-Hernandez,AMER,Medium,2026-08-12 21:45:32.070184
V01169,"Jennings, Smith and Fisher",LATAM,High,2026-08-12 21:45:32.070184
V01170,Bates LLC,APAC,High,2026-08-12 21:45:32.070184
V01171,"Obrien, Taylor and Rivas",LATAM,Medium,2026-08-12 21:45:32.070184
V01172,Hunt PLC,LATAM,High,2026-08-12 21:45:32.070184
V01173,Campbell Inc,EMEA,,2026-08-12 21:45:32.070184
V01174,Gonzalez-Gonzalez,APAC,Medium,2026-08-12 21:45:32.070184
V01175,Decker-Dudley,APAC,High,2026-08-12 21:45:32.070184
V01176,Warner-Phillips,EMEA,High,2026-08-12 21:45:32.070184
V01177,Kelley and Sons,LATAM,High,2026-08-12 21:45:32.070184
V01178,"Fitzpatrick, Rivera and Smith",APAC,Medium,2026-08-12 21:45:32.070184
V01179,"Davis, Rodriguez and Andrews",LATAM,Medium,2026-08-12 21:45:32.070184
V01180,Hernandez-Davis,APAC,,2026-08-12 21:45:32.070184
V01181,"Jones, Cummings and Conway",EMEA,Medium,2026-08-12 21:45:32.070184
V01182,"Hall, Hinton and Phillips",LATAM,Medium,2026-08-12 21:45:32.070184
V01183,williams-li,APAC,High,2026-08-12 21:45:32.070184
V01184,Phelps LLC,APAC,Low,2026-08-12 21:45:32.070184
V01185,"Edwards, Rodgers and Davis",LATAM,Low,2026-08-12 21:45:32.070184
V01186,Smith and Sons,LATAM,Medium,2026-08-12 21:45:32.070184
V01187,"Holland, Murphy and Kline",EMEA,High,2026-08-12 21:45:32.070184
V01188,"Adams, Quinn and Watson",APAC,Medium,2026-08-12 21:45:32.070184
V01189,White-Morales,APAC,Medium,2026-08-12 21:45:32.070184
V01190,Nelson-Cruz,EMEA,Medium,2026-08-12 21:45:32.070184
V01191,Marsh-Banks,LATAM,Medium,2026-08-12 21:45:32.070184
V01192,Wilson Ltd,APAC,Low,2026-08-12 21:45:32.070184
V01193,"Brown, Dunlap and Moore",AMER,Low,2026-08-12 21:45:32.070184
V01194,pruitt-webb,EMEA,High,2026-08-12 21:45:32.070184
V01195,"Gregory, White and James",AMER,,2026-08-12 21:45:32.070184
V01196,Carr-Huffman,LATAM,Medium,2026-08-12 21:45:32.070184
V01197,"Mcpherson, Anderson and Knapp",APAC,Medium,2026-08-12 21:45:32.070184
V01198,Clay Group,AMER,Low,2026-08-12 21:45:32.070184
V01199,Brown Ltd,AMER,High,2026-08-12 21:45:32.070184
V01200,Smith-Oneill,APAC,Medium,2026-08-12 21:45:32.070184
V01201,"Saunders, Ray and Cunningham",EMEA,Medium,2026-08-12 21:45:32.070184
V01202,"Marks, Stone and Watts",AMER,Low,2026-08-12 21:45:32.070184
V01203,"Davis, Stanley and Wright",EMEA,Medium,2026-08-12 21:45:32.070184
V01204,Alvarado-Davidson,APAC,Low,2026-08-12 21:45:32.070184
V01205,Combs PLC,AMER,Medium,2026-08-12 21:45:32.070184
V01206,"Brown, Schneider and Moore",APAC,Low,2026-08-12 21:45:32.070184
V01207,Christian-Booth,AMER,Low,2026-08-12 21:45:32.070184
V01208,Walton LLC,EMEA,Medium,2026-08-12 21:45:32.070184
V01209,Rivera LLC,EMEA,Low,2026-08-12 21:45:32.070184
V01210,Hunter PLC,LATAM,High,2026-08-12 21:45:32.070184
V01211,"Gray, Montoya and Miller",AMER,Low,2026-08-12 21:45:32.070184
V01212,Solis-West,APAC,High,2026-08-12 21:45:32.070184
V01213,West-Wilson,EMEA,High,2026-08-12 21:45:32.070184
V01214,Mcgee-Smith,LATAM,Low,2026-08-12 21:45:32.070184
V01215,Gutierrez-Hawkins,APAC,Medium,2026-08-12 21:45:32.070184
V01216,Petersen PLC,LATAM,Medium,2026-08-12 21:45:32.070184
V01217,"Walsh, Wu and Hart",AMER,Medium,2026-08-12 21:45:32.070184
V01218,"Powers, Clements and Cox",LATAM,Low,2026-08-12 21:45:32.070184
V01219,Velasquez Group,APAC,High,2026-08-12 21:45:32.070184
V01220,Castro-Harvey,EMEA,Low,2026-08-12 21:45:32.070184
V01221,moran-cox,APAC,High,2026-08-12 21:45:32.070184
V01222,wilson-malone,LATAM,High,2026-08-12 21:45:32.070184
V01223,Smith LLC,APAC,High,2026-08-12 21:45:32.070184
V01224,"Brandt, Carter and Boyd",LATAM,Low,2026-08-12 21:45:32.070184
V01225,"Rodriguez, Prince and Vasquez",EMEA,High,2026-08-12 21:45:32.070184
V01226,"Newton, Ortiz and King",APAC,Low,2026-08-12 21:45:32.070184
V01227,Lopez Group,AMER,Low,2026-08-12 21:45:32.070184
V01228,Bryant and Sons,AMER,Medium,2026-08-12 21:45:32.070184
V01229,"Morgan, Sherman and Williams",LATAM,High,2026-08-12 21:45:32.070184
V01230,"Monroe, Chapman and Barton",APAC,Low,2026-08-12 21:45:32.070184
V01231,Ellis-Lawrence,AMER,Low,2026-08-12 21:45:32.070184
V01232,"Taylor, Porter and Moreno",LATAM,Low,2026-08-12 21:45:32.070184
V01233,Tran Group,APAC,High,2026-08-12 21:45:32.070184
V01234,"Webb, Romero and Morse",APAC,High,2026-08-12 21:45:32.070184
V01235,Holt and Sons,AMER,High,2026-08-12 21:45:32.070184
V01236,"Ochoa, Garcia and Sandoval",EMEA,High,2026-08-12 21:45:32.070184
V01237,"Andrade, Gordon and Cruz",LATAM,Low,2026-08-12 21:45:32.070184
V01238,"Moon, Farmer and Hill",EMEA,High,2026-08-12 21:45:32.070184
V01239,Waller-Chavez,AMER,High,2026-08-12 21:45:32.070184
V01240,Taylor PLC,LATAM,Low,2026-08-12 21:45:32.070184
V01241,"Tanner, Hunt and Cameron",LATAM,High,2026-08-12 21:45:32.070184
V01242,"Valencia, Joseph and Walls",LATAM,Medium,2026-08-12 21:45:32.070184
V01243,"Robinson, Clark and Klein",APAC,Medium,2026-08-12 21:45:32.070184
V01244,"Reed, Chambers and Zavala",APAC,High,2026-08-12 21:45:32.070184
V01245,"Hester, Thompson and Daniels",LATAM,High,2026-08-12 21:45:32.070184
V01246,"morris, wilson and bell",LATAM,Medium,2026-08-12 21:45:32.070184
V01247,Aguilar-Bender,AMER,Medium,2026-08-12 21:45:32.070184
V01248,"Butler, Adkins and Skinner",APAC,Low,2026-08-12 21:45:32.070184
V01249,Rich-Henderson,APAC,Low,2026-08-12 21:45:32.070184
V01250,Mills Inc,APAC,High,2026-08-12 21:45:32.070184
V01251,Thomas-Santiago,EMEA,,2026-08-12 21:45:32.070184
V01252,Adams and Sons,EMEA,Medium,2026-08-12 21:45:32.070184
V01253,Vega-Thomas,EMEA,Medium,2026-08-12 21:45:32.070184
V01254,Vaughn LLC,LATAM,High,2026-08-12 21:45:32.070184
V01255,Molina Inc,APAC,Medium,2026-08-12 21:45:32.070184
V01256,Cervantes-Garcia,AMER,High,2026-08-12 21:45:32.070184
V01257,"Stevenson, Hancock and Newton",LATAM,Low,2026-08-12 21:45:32.070184
V01258,"Price, Dixon and Robles",APAC,Medium,2026-08-12 21:45:32.070184
V01259,"Roberts, Beck and House",AMER,Low,2026-08-12 21:45:32.070184
V01260,Butler-French,AMER,High,2026-08-12 21:45:32.070184
V01261,"Edwards, Arnold and Smith",APAC,,2026-08-12 21:45:32.070184
V01262,Harris-Melton,EMEA,Medium,2026-08-12 21:45:32.070184
V01263,Greer-Pruitt,AMER,High,2026-08-12 21:45:32.070184
V01264,"Mckinney, Richardson and Chapman",LATAM,High,2026-08-12 21:45:32.070184
V01265,"Morrison, Parsons and Brandt",LATAM,Medium,2026-08-12 21:45:32.070184
V01266,Cole-Lucero,APAC,Low,2026-08-12 21:45:32.070184
V01267,Lopez and Sons,LATAM,Medium,2026-08-12 21:45:32.070184
V01268,"Palmer, Bennett and Patterson",EMEA,Low,2026-08-12 21:45:32.070184
V01269,"Baker, Martin and Singleton",LATAM,High,2026-08-12 21:45:32.070184
V01270,Rivera Ltd,EMEA,Low,2026-08-12 21:45:32.070184
V01271,Williams LLC,APAC,High,2026-08-12 21:45:32.070184
V01272,"Williams, Randolph and Gilbert",LATAM,Medium,2026-08-12 21:45:32.070184
V01273,"Turner, Tyler and Pierce",APAC,High,2026-08-12 21:45:32.070184
V01274,Bowers LLC,EMEA,Medium,2026-08-12 21:45:32.070184
V01275,"Robinson, White and Jones",LATAM,High,2026-08-12 21:45:32.070184
V01276,"Moore, Daniels and Powell",EMEA,Low,2026-08-12 21:45:32.070184
V01277,Walker-Lewis,AMER,Low,2026-08-12 21:45:32.070184
V01278,Rivera-Carter,EMEA,,2026-08-12 21:45:32.070184
V01279,"Moreno, Barajas and Colon",AMER,Medium,2026-08-12 21:45:32.070184
V01280,"Smith, Caldwell and Griffin",EMEA,High,2026-08-12 21:45:32.070184
V01281,"Austin, Oliver and Haley",APAC,High,2026-08-12 21:45:32.070184
V01282,"blackwell, james and hogan",EMEA,High,2026-08-12 21:45:32.070184
V01283,Cruz PLC,AMER,Medium,2026-08-12 21:45:32.070184
V01284,"Campbell, Pruitt and Short",APAC,Low,2026-08-12 21:45:32.070184
V01285,Robertson-Hicks,AMER,Medium,2026-08-12 21:45:32.070184
V01286,Williams-Villanueva,APAC,,2026-08-12 21:45:32.070184
V01287,Flores Inc,LATAM,Low,2026-08-12 21:45:32.070184
V01288,Jackson PLC,AMER,Medium,2026-08-12 21:45:32.070184
V01289,"Smith, Jones and Santiago",AMER,Low,2026-08-12 21:45:32.070184
V01290,Hancock Group,AMER,Low,2026-08-12 21:45:32.070184
V01291,Harris Ltd,APAC,Medium,2026-08-12 21:45:32.070184
V01292,"Rowe, Lucas and Case",APAC,High,2026-08-12 21:45:32.070184
V01293,"Parks, Johnson and Love",EMEA,High,2026-08-12 21:45:32.070184
V01294,Miller Inc,APAC,Medium,2026-08-12 21:45:32.070184
V01295,Bauer PLC,AMER,High,2026-08-12 21:45:32.070184
V01296,Andrews and Sons,APAC,Medium,2026-08-12 21:45:32.070184
V01297,Russell-Hayes,LATAM,High,2026-08-12 21:45:32.070184
V01298,Hamilton-Smith,EMEA,Medium,2026-08-12 21:45:32.070184
V01299,"Wilson, Smith and Cortez",APAC,High,2026-08-12 21:45:32.070184
V01300,Avila PLC,EMEA,High,2026-08-12 21:45:32.070184
V01301,Haynes Inc,EMEA,Low,2026-08-12 21:45:32.070184
V01302,Reilly-Rodriguez,EMEA,Medium,2026-08-12 21:45:32.070184
V01303,"Turner, Miller and Hubbard",EMEA,High,2026-08-12 21:45:32.070184
V01304,James-Short,APAC,Low,2026-08-12 21:45:32.070184
V01305,Wells PLC,AMER,Low,2026-08-12 21:45:32.070184
V01306,Taylor Group,AMER,Medium,2026-08-12 21:45:32.070184
V01307,"Phillips, Walters and Evans",LATAM,Medium,2026-08-12 21:45:32.070184
V01308,"Wong, Bernard and Smith",APAC,Low,2026-08-12 21:45:32.070184
V01309,"Thomas, Williams and Armstrong",EMEA,Low,2026-08-12 21:45:32.070184
V01310,Medina-Arroyo,APAC,High,2026-08-12 21:45:32.070184
V01311,Clark-Figueroa,EMEA,Low,2026-08-12 21:45:32.070184
V01312,"Cooper, Gutierrez and Brewer",LATAM,Low,2026-08-12 21:45:32.070184
V01313,"Thomas, White and Jensen",APAC,Low,2026-08-12 21:45:32.070184
V01314,Lee-White,EMEA,Low,2026-08-12 21:45:32.070184
V01315,"Phelps, York and Randolph",AMER,Medium,2026-08-12 21:45:32.070184
V01316,"Murray, Dunn and Roberts",EMEA,Low,2026-08-12 21:45:32.070184
V01317,King and Sons,LATAM,High,2026-08-12 21:45:32.070184
V01318,"Carpenter, Lynn and Howard",LATAM,Low,2026-08-12 21:45:32.070184
V01319,"Rios, Garcia and Harvey",LATAM,High,2026-08-12 21:45:32.070184
V01320,Stewart Group,AMER,High,2026-08-12 21:45:32.070184
V01321,Jensen-Torres,AMER,Low,2026-08-12 21:45:32.070184
V01322,"Hernandez, Knight and Aguirre",AMER,High,2026-08-12 21:45:32.070184
V01323,Jackson-Edwards,AMER,Low,2026-08-12 21:45:32.070184
V01324,Joseph Ltd,APAC,Medium,2026-08-12 21:45:32.070184
V01325,Hill-Ward,AMER,High,2026-08-12 21:45:32.070184
V01326,"Quinn, Humphrey and Ford",LATAM,Low,2026-08-12 21:45:32.070184
V01327,Hampton-Tucker,EMEA,Medium,2026-08-12 21:45:32.070184
V01328,Thompson PLC,EMEA,Medium,2026-08-12 21:45:32.070184
V01329,Wilkinson and Sons,EMEA,Medium,2026-08-12 21:45:32.070184
V01330,"Gonzalez, Gross and Sims",EMEA,High,2026-08-12 21:45:32.070184
V01331,"Jones, Smith and Hunter",LATAM,High,2026-08-12 21:45:32.070184
V01332,Hess PLC,LATAM,High,2026-08-12 21:45:32.070184
V01333,Hammond-Lewis,EMEA,Medium,2026-08-12 21:45:32.070184
V01334,Arnold PLC,EMEA,Medium,2026-08-12 21:45:32.070184
V01335,"Kennedy, Rowe and Diaz",EMEA,Low,2026-08-12 21:45:32.070184
V01336,Vance PLC,AMER,Medium,2026-08-12 21:45:32.070184
V01337,"Vincent, Anderson and Mason",LATAM,Medium,2026-08-12 21:45:32.070184
V01338,Sanders PLC,EMEA,,2026-08-12 21:45:32.070184
V01339,Bates PLC,AMER,Medium,2026-08-12 21:45:32.070184
V01340,"Martin, Palmer and Griffin",AMER,High,2026-08-12 21:45:32.070184
V01341,Knight PLC,LATAM,Medium,2026-08-12 21:45:32.070184
V01342,"Brennan, Thomas and Dennis",AMER,Low,2026-08-12 21:45:32.070184
V01343,Williams-Juarez,EMEA,Low,2026-08-12 21:45:32.070184
V01344,Brown LLC,APAC,Low,2026-08-12 21:45:32.070184
V01345,Williams and Sons,APAC,Medium,2026-08-12 21:45:32.070184
V01346,"Velez, Ward and Harrison",LATAM,Low,2026-08-12 21:45:32.070184
V01347,Keith-Williams,EMEA,Medium,2026-08-12 21:45:32.070184
V01348,"Nguyen, Padilla and Boyd",AMER,Low,2026-08-12 21:45:32.070184
V01349,Davenport-Baker,LATAM,Low,2026-08-12 21:45:32.070184
V01350,"Hudson, Bennett and Gray",AMER,Medium,2026-08-12 21:45:32.070184
V01351,"Valdez, Houston and Black",APAC,Medium,2026-08-12 21:45:32.070184
V01352,Kaufman-Walker,EMEA,High,2026-08-12 21:45:32.070184
V01353,Gomez-Parrish,AMER,Medium,2026-08-12 21:45:32.070184
V01354,Sparks-Eaton,APAC,Medium,2026-08-12 21:45:32.070184
V01355,Shaw and Sons,APAC,Low,2026-08-12 21:45:32.070184
V01356,Martin-Jones,LATAM,Medium,2026-08-12 21:45:32.070184
V01357,"Campbell, Hernandez and Moore",EMEA,High,2026-08-12 21:45:32.070184
V01358,"Love, Wilson and Hall",AMER,Low,2026-08-12 21:45:32.070184
V01359,Cortez-Olson,EMEA,High,2026-08-12 21:45:32.070184
V01360,Mendoza-Garza,APAC,Medium,2026-08-12 21:45:32.070184
V01361,"Whitaker, Johnson and Williams",AMER,High,2026-08-12 21:45:32.070184
V01362,"Vargas, Taylor and Hunt",AMER,Medium,2026-08-12 21:45:32.070184
V01363,"Thomas, Jackson and Nielsen",AMER,Low,2026-08-12 21:45:32.070184
V01364,"Mullen, Greene and Elliott",AMER,Low,2026-08-12 21:45:32.070184
V01365,Johns Ltd,LATAM,Medium,2026-08-12 21:45:32.070184
V01366,"Nicholson, Valentine and Robinson",LATAM,Low,2026-08-12 21:45:32.070184
V01367,"Haney, Dillon and Jackson",APAC,Medium,2026-08-12 21:45:32.070184
V01368,Burke-Norton,AMER,High,2026-08-12 21:45:32.070184
V01369,Hanson PLC,APAC,High,2026-08-12 21:45:32.070184
V01370,Jackson-Jennings,APAC,Medium,2026-08-12 21:45:32.070184
V01371,Carlson-Jones,AMER,Medium,2026-08-12 21:45:32.070184
V01372,Cruz-Rodriguez,EMEA,High,2026-08-12 21:45:32.070184
V01373,Mills PLC,AMER,Medium,2026-08-12 21:45:32.070184
V01374,"Barnes, Hernandez and Davis",AMER,Medium,2026-08-12 21:45:32.070184
V01375,Valenzuela-Greene,EMEA,Medium,2026-08-12 21:45:32.070184
V01376,"Gordon, Wilson and Olson",EMEA,High,2026-08-12 21:45:32.070184
V01377,Winters PLC,AMER,Low,2026-08-12 21:45:32.070184
V01378,Prince Ltd,AMER,Medium,2026-08-12 21:45:32.070184
V01379,"Reynolds, Fisher and Golden",APAC,Medium,2026-08-12 21:45:32.070184
V01380,"Moreno, Perez and Lang",APAC,Low,2026-08-12 21:45:32.070184
V01381,Bell-Ballard,EMEA,Low,2026-08-12 21:45:32.070184
V01382,"Johnston, Coleman and Scott",AMER,Low,2026-08-12 21:45:32.070184
V01383,Kent Inc,AMER,Medium,2026-08-12 21:45:32.070184
V01384,George-Stephens,APAC,Low,2026-08-12 21:45:32.070184
V01385,Lopez-Fletcher,EMEA,Medium,2026-08-12 21:45:32.070184
V01386,Lane Inc,APAC,Medium,2026-08-12 21:45:32.070184
V01387,"Smith, Pena and Watts",EMEA,Medium,2026-08-12 21:45:32.070184
V01388,Ortiz-Rodriguez,AMER,Low,2026-08-12 21:45:32.070184
V01389,Pearson-King,APAC,Low,2026-08-12 21:45:32.070184
V01390,"Henderson, Diaz and Hill",EMEA,Low,2026-08-12 21:45:32.070184
V01391,"Sanders, Harris and Arnold",APAC,High,2026-08-12 21:45:32.070184
V01392,"Olson, Wood and Peters",LATAM,High,2026-08-12 21:45:32.070184
V01393,Hinton-Lane,AMER,Medium,2026-08-12 21:45:32.070184
V01394,"Sanders, Taylor and Shields",LATAM,High,2026-08-12 21:45:32.070184
V01395,Adkins Group,EMEA,High,2026-08-12 21:45:32.070184
V01396,"Avery, Garcia and Romero",AMER,Medium,2026-08-12 21:45:32.070184
V01397,Owen-Mendez,LATAM,Low,2026-08-12 21:45:32.070184
V01398,"Mann, Martin and Oconnell",LATAM,Medium,2026-08-12 21:45:32.070184
V01399,Brock and Sons,APAC,Medium,2026-08-12 21:45:32.070184
V01400,Frost-Graham,APAC,Medium,2026-08-12 21:45:32.070184
V01401,Baker LLC,LATAM,Low,2026-08-12 21:45:32.070184
V01402,Lynch Ltd,EMEA,Medium,2026-08-12 21:45:32.070184
V01403,Arias-Morales,EMEA,High,2026-08-12 21:45:32.070184
V01404,"Meyer, Dawson and Harper",AMER,Medium,2026-08-12 21:45:32.070184
V01405,Bowman Group,APAC,High,2026-08-12 21:45:32.070184
V01406,Harris Ltd,EMEA,High,2026-08-12 21:45:32.070184
V01407,"Mitchell, Johnson and Greene",LATAM,Medium,2026-08-12 21:45:32.070184
V01408,"Hale, Gilbert and Craig",LATAM,Medium,2026-08-12 21:45:32.070184
V01409,Allen-Smith,EMEA,Low,2026-08-12 21:45:32.070184
V01410,Miller LLC,LATAM,Low,2026-08-12 21:45:32.070184
V01411,Gomez-Foster,AMER,Medium,2026-08-12 21:45:32.070184
V01412,"Gonzalez, Smith and Padilla",AMER,High,2026-08-12 21:45:32.070184
V01413,Dunn Ltd,LATAM,Medium,2026-08-12 21:45:32.070184
V01414,"Herman, Bailey and Richmond",AMER,Low,2026-08-12 21:45:32.070184
V01415,Perez-Mccarty,AMER,Low,2026-08-12 21:45:32.070184
V01416,Spears-Andrews,APAC,Medium,2026-08-12 21:45:32.070184
V01417,Thompson-Hunter,EMEA,High,2026-08-12 21:45:32.070184
V01418,"Jones, Phillips and Arroyo",APAC,Medium,2026-08-12 21:45:32.070184
V01419,"Frye, Walter and Li",AMER,,2026-08-12 21:45:32.070184
V01420,"Wright, Ramos and Bennett",LATAM,Low,2026-08-12 21:45:32.070184
V01421,Carrillo-Todd,AMER,Low,2026-08-12 21:45:32.070184
V01422,Maldonado-Mosley,APAC,Low,2026-08-12 21:45:32.070184
V01423,Olson LLC,EMEA,Medium,2026-08-12 21:45:32.070184
V01424,Reyes and Sons,APAC,High,2026-08-12 21:45:32.070184
V01425,"Haynes, Mcbride and Gutierrez",EMEA,High,2026-08-12 21:45:32.070184
V01426,Black-Smith,LATAM,Medium,2026-08-12 21:45:32.070184
V01427,Wright-Davis,EMEA,,2026-08-12 21:45:32.070184
V01428,"Goodman, Peterson and Spencer",EMEA,High,2026-08-12 21:45:32.070184
V01429,Woods LLC,EMEA,Low,2026-08-12 21:45:32.070184
V01430,Shannon LLC,LATAM,High,2026-08-12 21:45:32.070184
V01431,Valentine Ltd,EMEA,Medium,2026-08-12 21:45:32.070184
V01432,Porter and Sons,LATAM,Medium,2026-08-12 21:45:32.070184
V01433,Moss LLC,AMER,High,2026-08-12 21:45:32.070184
V01434,Perez and Sons,APAC,Medium,2026-08-12 21:45:32.070184
V01435,"Kelly, Maxwell and Wilson",AMER,Low,2026-08-12 21:45:32.070184
V01436,Lowe Ltd,AMER,High,2026-08-12 21:45:32.070184
V01437,Austin-Duran,EMEA,High,2026-08-12 21:45:32.070184
V01438,"Rubio, Charles and Watson",APAC,Medium,2026-08-12 21:45:32.070184
V01439,Vasquez-Galloway,AMER,Low,2026-08-12 21:45:32.070184
V01440,"Melton, Henry and Joyce",AMER,High,2026-08-12 21:45:32.070184
V01441,"Ramirez, Walker and Ray",APAC,High,2026-08-12 21:45:32.070184
V01442,Fox Group,AMER,Medium,2026-08-12 21:45:32.070184
V01443,Ayers-Johnson,APAC,Medium,2026-08-12 21:45:32.070184
V01444,Long-Parks,APAC,Medium,2026-08-12 21:45:32.070184
V01445,Bryant Inc,APAC,High,2026-08-12 21:45:32.070184
V01446,"Holmes, Stewart and Smith",LATAM,High,2026-08-12 21:45:32.070184
V01447,"Clark, Carpenter and Nguyen",APAC,High,2026-08-12 21:45:32.070184
V01448,"Hensley, Lopez and Baker",AMER,Low,2026-08-12 21:45:32.070184
V01449,Ruiz-Austin,APAC,Medium,2026-08-12 21:45:32.070184
V01450,White-Coleman,APAC,Low,2026-08-12 21:45:32.070184
V01451,Haynes-Watson,EMEA,High,2026-08-12 21:45:32.070184
V01452,Ramirez-White,APAC,High,2026-08-12 21:45:32.070184
V01453,Krause Ltd,AMER,Medium,2026-08-12 21:45:32.070184
V01454,Olsen Ltd,EMEA,Medium,2026-08-12 21:45:32.070184
V01455,Brock-Peters,LATAM,Low,2026-08-12 21:45:32.070184
V01456,Gonzalez-Marsh,EMEA,Low,2026-08-12 21:45:32.070184
V01457,"Hernandez, Shaffer and Thompson",AMER,High,2026-08-12 21:45:32.070184
V01458,Taylor-Barry,AMER,Low,2026-08-12 21:45:32.070184
V01459,"Holmes, Le and Floyd",LATAM,High,2026-08-12 21:45:32.070184
V01460,King-Garrison,EMEA,Medium,2026-08-12 21:45:32.070184
V01461,Ross Ltd,APAC,Low,2026-08-12 21:45:32.070184
V01462,Brown LLC,APAC,Medium,2026-08-12 21:45:32.070184
V01463,Combs-Davis,AMER,Low,2026-08-12 21:45:32.070184
V01464,"Cook, Ward and Castro",LATAM,High,2026-08-12 21:45:32.070184
V01465,Cooper-Jenkins,APAC,Medium,2026-08-12 21:45:32.070184
V01466,Dillon-Mccarty,LATAM,Medium,2026-08-12 21:45:32.070184
V01467,Ray Ltd,EMEA,High,2026-08-12 21:45:32.070184
V01468,"Ryan, Krause and Mitchell",EMEA,Medium,2026-08-12 21:45:32.070184
V01469,Nunez-Freeman,AMER,Low,2026-08-12 21:45:32.070184
V01470,"Griffin, Miller and Austin",LATAM,Medium,2026-08-12 21:45:32.070184
V01471,Welch-Thomas,EMEA,,2026-08-12 21:45:32.070184
V01472,Davidson LLC,EMEA,High,2026-08-12 21:45:32.070184
V01473,Welch-Duncan,AMER,Low,2026-08-12 21:45:32.070184
V01474,Miller LLC,EMEA,Low,2026-08-12 21:45:32.070184
V01475,Edwards Ltd,LATAM,High,2026-08-12 21:45:32.070184
V01476,Page-Jacobs,APAC,Medium,2026-08-12 21:45:32.070184
V01477,Nelson-Wallace,APAC,Medium,2026-08-12 21:45:32.070184
V01478,Adkins-Meyer,AMER,Medium,2026-08-12 21:45:32.070184
V01479,Gutierrez-White,APAC,Medium,2026-08-12 21:45:32.070184
V01480,Martinez and Sons,EMEA,High,2026-08-12 21:45:32.070184
V01481,"King, Manning and Brady",AMER,Low,2026-08-12 21:45:32.070184
V01482,Jackson Inc,AMER,Medium,2026-08-12 21:45:32.070184
V01483,Brown Group,AMER,Low,2026-08-12 21:45:32.070184
V01484,"Brown, Wise and Warren",LATAM,Low,2026-08-12 21:45:32.070184
V01485,Garcia PLC,AMER,Low,2026-08-12 21:45:32.070184
V01486,Miller Group,APAC,Medium,2026-08-12 21:45:32.070184
V01487,Perez-Rojas,LATAM,Medium,2026-08-12 21:45:32.070184
V01488,Sims-Anderson,AMER,High,2026-08-12 21:45:32.070184
V01489,Johnson Ltd,LATAM,Low,2026-08-12 21:45:32.070184
V01490,Dalton-Nguyen,APAC,Medium,2026-08-12 21:45:32.070184
V01491,Mcdonald-Pitts,AMER,Medium,2026-08-12 21:45:32.070184
V01492,Dunn-Taylor,AMER,Medium,2026-08-12 21:45:32.070184
V01493,"Ryan, Garza and Bryant",EMEA,Low,2026-08-12 21:45:32.070184
V01494,"Fields, Elliott and Mills",EMEA,Medium,2026-08-12 21:45:32.070184
V01495,"Ferguson, Stout and Olson",APAC,Medium,2026-08-12 21:45:32.070184
V01496,Ballard Group,EMEA,,2026-08-12 21:45:32.070184
V01497,Diaz-Green,EMEA,Medium,2026-08-12 21:45:32.070184
V01498,Smith-Mills,APAC,Medium,2026-08-12 21:45:32.070184
V01499,Cooper Group,LATAM,,2026-08-12 21:45:32.070184
V01500,"Smith, Weeks and Arroyo",AMER,Medium,2026-08-12 21:45:32.070184
V01501,Evans-Cannon,LATAM,High,2026-08-12 21:45:32.070184
V01502,Harper-Robles,EMEA,,2026-08-12 21:45:32.070184
V01503,"Brooks, Jenkins and Castro",AMER,Medium,2026-08-12 21:45:32.070184
V01504,wright-espinoza,EMEA,High,2026-08-12 21:45:32.070184
V01505,"Price, Gray and Baker",AMER,Medium,2026-08-12 21:45:32.070184
V01506,Garrett-Black,EMEA,High,2026-08-12 21:45:32.070184
V01507,"Aguirre, Cohen and Mitchell",AMER,Medium,2026-08-12 21:45:32.070184
V01508,"Patel, Adams and Lopez",AMER,Low,2026-08-12 21:45:32.070184
V01509,White LLC,LATAM,Medium,2026-08-12 21:45:32.070184
V01510,Walsh PLC,EMEA,Medium,2026-08-12 21:45:32.070184
V01511,Nelson-Dean,AMER,High,2026-08-12 21:45:32.070184
V01512,Flores and Sons,APAC,Low,2026-08-12 21:45:32.070184
V01513,Booker Inc,APAC,High,2026-08-12 21:45:32.070184
V01514,Compton LLC,AMER,Low,2026-08-12 21:45:32.070184
V01515,Martinez-Gonzales,LATAM,,2026-08-12 21:45:32.070184
V01516,Hall and Sons,AMER,Low,2026-08-12 21:45:32.070184
V01517,Snyder LLC,APAC,Medium,2026-08-12 21:45:32.070184
V01518,Collins-Lloyd,LATAM,High,2026-08-12 21:45:32.070184
V01519,Ford-Moody,APAC,High,2026-08-12 21:45:32.070184
V01520,Miller-Christensen,EMEA,High,2026-08-12 21:45:32.070184
V01521,Brown Group,LATAM,High,2026-08-12 21:45:32.070184
V01522,Daniels and Sons,APAC,Medium,2026-08-12 21:45:32.070184
V01523,Huang LLC,EMEA,Low,2026-08-12 21:45:32.070184
V01524,Clayton-Martinez,APAC,High,2026-08-12 21:45:32.070184
V01525,"Wright, Wise and Ramos",EMEA,Medium,2026-08-12 21:45:32.070184
V01526,"Vang, Gonzalez and Moss",EMEA,High,2026-08-12 21:45:32.070184
V01527,Boyd and Sons,LATAM,Low,2026-08-12 21:45:32.070184
V01528,Price-Ali,AMER,High,2026-08-12 21:45:32.070184
V01529,Moore-Chandler,APAC,Medium,2026-08-12 21:45:32.070184
V01530,"Pineda, Meyer and King",LATAM,Low,2026-08-12 21:45:32.070184
V01531,"Evans, Ward and Williams",EMEA,Low,2026-08-12 21:45:32.070184
V01532,"Robinson, Rodriguez and Chen",AMER,Low,2026-08-12 21:45:32.070184
V01533,Smith-Bauer,APAC,Medium,2026-08-12 21:45:32.070184
V01534,"Wilson, Mccormick and Smith",APAC,Low,2026-08-12 21:45:32.070184
V01535,Perkins Ltd,AMER,Low,2026-08-12 21:45:32.070184
V01536,Barker-Moore,LATAM,Low,2026-08-12 21:45:32.070184
V01537,Wright Group,AMER,Medium,2026-08-12 21:45:32.070184
V01538,Parks LLC,LATAM,Low,2026-08-12 21:45:32.070184
V01539,"Brown, Kelly and Moore",EMEA,High,2026-08-12 21:45:32.070184
V01540,"Moody, Martinez and Hall",APAC,,2026-08-12 21:45:32.070184
V01541,"Kramer, Sherman and Trujillo",APAC,Low,2026-08-12 21:45:32.070184
V01542,Quinn-Smith,LATAM,Low,2026-08-12 21:45:32.070184
V01543,Howard-Taylor,APAC,High,2026-08-12 21:45:32.070184
V01544,Washington Group,EMEA,High,2026-08-12 21:45:32.070184
V01545,"Phillips, Terry and Lopez",AMER,Medium,2026-08-12 21:45:32.070184
V01546,Stephens LLC,EMEA,High,2026-08-12 21:45:32.070184
V01547,"Mcdonald, Dillon and George",AMER,High,2026-08-12 21:45:32.070184
V01548,"Martin, Schmidt and Cole",EMEA,Medium,2026-08-12 21:45:32.070184
V01549,Weaver-Gibson,EMEA,High,2026-08-12 21:45:32.070184
V01550,"Hunter, Gross and Andrade",AMER,Low,2026-08-12 21:45:32.070184
V01551,"Vincent, Parsons and Allen",AMER,Medium,2026-08-12 21:45:32.070184
V01552,"Brown, Coffey and Fuentes",AMER,Medium,2026-08-12 21:45:32.070184
V01553,Warren Group,AMER,High,2026-08-12 21:45:32.070184
V01554,"Moore, Campbell and Ortiz",EMEA,Medium,2026-08-12 21:45:32.070184
V01555,Rodriguez-Mills,AMER,Low,2026-08-12 21:45:32.070184
V01556,Williams and Sons,LATAM,High,2026-08-12 21:45:32.070184
V01557,Russo and Sons,LATAM,Medium,2026-08-12 21:45:32.070184
V01558,Washington Inc,LATAM,Low,2026-08-12 21:45:32.070184
V01559,Duncan Group,LATAM,High,2026-08-12 21:45:32.070184
V01560,"Burns, Hanson and Garza",AMER,Medium,2026-08-12 21:45:32.070184
V01561,Diaz PLC,AMER,Medium,2026-08-12 21:45:32.070184
V01562,"Jones, Conrad and Clark",EMEA,High,2026-08-12 21:45:32.070184
V01563,Hebert-Collier,AMER,High,2026-08-12 21:45:32.070184
V01564,Owen-Brown,AMER,Low,2026-08-12 21:45:32.070184
V01565,"Paul, Zamora and Short",AMER,Medium,2026-08-12 21:45:32.070184
V01566,"Brown, Jensen and Rice",AMER,High,2026-08-12 21:45:32.070184
V01567,"Jones, Torres and Blackburn",APAC,Low,2026-08-12 21:45:32.070184
V01568,"Davis, Hardy and Schmidt",EMEA,High,2026-08-12 21:45:32.070184
V01569,Lee Ltd,APAC,High,2026-08-12 21:45:32.070184
V01570,Hudson and Sons,AMER,Medium,2026-08-12 21:45:32.070184
V01571,"Curry, Perry and Garcia",AMER,Medium,2026-08-12 21:45:32.070184
V01572,"Ray, Craig and Park",APAC,Medium,2026-08-12 21:45:32.070184
V01573,Andrade-Jackson,AMER,Low,2026-08-12 21:45:32.070184
V01574,Pierce PLC,AMER,Medium,2026-08-12 21:45:32.070184
V01575,Sandoval-Ferguson,AMER,Low,2026-08-12 21:45:32.070184
V01576,"Ramos, Gomez and Edwards",EMEA,Medium,2026-08-12 21:45:32.070184
V01577,Kirk-Gutierrez,AMER,Medium,2026-08-12 21:45:32.070184
V01578,"Jordan, Swanson and Franklin",EMEA,Medium,2026-08-12 21:45:32.070184
V01579,"Gardner, Brooks and Pierce",AMER,Medium,2026-08-12 21:45:32.070184
V01580,"King, Nixon and West",EMEA,High,2026-08-12 21:45:32.070184
V01581,Smith-Johnson,APAC,High,2026-08-12 21:45:32.070184
V01582,Larson-Holmes,LATAM,Medium,2026-08-12 21:45:32.070184
V01583,Smith-Joyce,APAC,Low,2026-08-12 21:45:32.070184
V01584,Foley Inc,APAC,Medium,2026-08-12 21:45:32.070184
V01585,"Short, Ellison and Dixon",APAC,Medium,2026-08-12 21:45:32.070184
V01586,"Howe, Moore and Johnson",EMEA,High,2026-08-12 21:45:32.070184
V01587,Moore-Baker,EMEA,High,2026-08-12 21:45:32.070184
V01588,"Wright, Scott and Evans",EMEA,Low,2026-08-12 21:45:32.070184
V01589,"Ross, Hardin and Navarro",APAC,High,2026-08-12 21:45:32.070184
V01590,"Nguyen, Olson and Freeman",EMEA,Low,2026-08-12 21:45:32.070184
V01591,"Warner, Weiss and Davis",APAC,Medium,2026-08-12 21:45:32.070184
V01592,"Evans, Cross and Johnston",EMEA,High,2026-08-12 21:45:32.070184
V01593,Deleon LLC,LATAM,Medium,2026-08-12 21:45:32.070184
V01594,Hobbs-Hamilton,APAC,,2026-08-12 21:45:32.070184
V01595,Kane and Sons,APAC,High,2026-08-12 21:45:32.070184
V01596,"Delgado, Guzman and Smith",APAC,High,2026-08-12 21:45:32.070184
V01597,"Reyes, Torres and Williams",LATAM,Medium,2026-08-12 21:45:32.070184
V01598,"Cunningham, Murphy and Wolfe",AMER,Low,2026-08-12 21:45:32.070184
V01599,Williams Ltd,AMER,Medium,2026-08-12 21:45:32.070184
V01600,Maddox-Mullins,APAC,Low,2026-08-12 21:45:32.070184
V01601,"Wagner, Walker and Roberts",EMEA,High,2026-08-12 21:45:32.070184
V01602,Hernandez-Rogers,APAC,,2026-08-12 21:45:32.070184
V01603,Duncan-Williams,LATAM,High,2026-08-12 21:45:32.070184
V01604,Baker-Ross,LATAM,Low,2026-08-12 21:45:32.070184
V01605,Ayala-Anderson,AMER,High,2026-08-12 21:45:32.070184
V01606,castillo and sons,LATAM,Medium,2026-08-12 21:45:32.070184
V01607,Foster-Duncan,APAC,Medium,2026-08-12 21:45:32.070184
V01608,"Gilbert, Fitzgerald and Sanchez",AMER,Low,2026-08-12 21:45:32.070184
V01609,Adams Group,LATAM,Medium,2026-08-12 21:45:32.070184
V01610,Cohen-Johnston,LATAM,High,2026-08-12 21:45:32.070184
V01611,Powers Group,AMER,Low,2026-08-12 21:45:32.070184
V01612,Bailey-Flores,APAC,Low,2026-08-12 21:45:32.070184
V01613,"Rios, Carrillo and Jackson",LATAM,,2026-08-12 21:45:32.070184
V01614,Jensen-Branch,APAC,Medium,2026-08-12 21:45:32.070184
V01615,Hanson-Alexander,EMEA,Low,2026-08-12 21:45:32.070184
V01616,Gonzalez LLC,LATAM,Low,2026-08-12 21:45:32.070184
V01617,Todd Inc,APAC,Medium,2026-08-12 21:45:32.070184
V01618,Singh and Sons,AMER,Low,2026-08-12 21:45:32.070184
V01619,"Mcintosh, Melton and Wilkins",LATAM,Low,2026-08-12 21:45:32.070184
V01620,Cooper Inc,LATAM,Low,2026-08-12 21:45:32.070184
V01621,Cole-Johnson,EMEA,Low,2026-08-12 21:45:32.070184
V01622,Singh and Sons,AMER,High,2026-08-12 21:45:32.070184
V01623,Payne LLC,LATAM,Medium,2026-08-12 21:45:32.070184
V01624,"Webb, Blair and Thomas",AMER,Medium,2026-08-12 21:45:32.070184
V01625,"Barnett, Bennett and Escobar",APAC,Low,2026-08-12 21:45:32.070184
V01626,"Williams, Jackson and Campbell",LATAM,High,2026-08-12 21:45:32.070184
V01627,"Williamson, Brown and Pena",APAC,Medium,2026-08-12 21:45:32.070184
V01628,Jones Ltd,APAC,Low,2026-08-12 21:45:32.070184
V01629,Alvarado-Durham,AMER,High,2026-08-12 21:45:32.070184
V01630,Lin-Smith,AMER,High,2026-08-12 21:45:32.070184
V01631,"Hughes, Whitney and Romero",APAC,High,2026-08-12 21:45:32.070184
V01632,"Garcia, Stewart and Delacruz",APAC,Low,2026-08-12 21:45:32.070184
V01633,"Miller, Gonzalez and Rasmussen",EMEA,Low,2026-08-12 21:45:32.070184
V01634,"House, Smith and Wright",LATAM,Medium,2026-08-12 21:45:32.070184
V01635,"Torres, Burns and Garner",AMER,Low,2026-08-12 21:45:32.070184
V01636,Reed LLC,EMEA,High,2026-08-12 21:45:32.070184
V01637,Garrett-Young,AMER,Medium,2026-08-12 21:45:32.070184
V01638,"Hill, Brown and Scott",EMEA,Low,2026-08-12 21:45:32.070184
V01639,Zamora-Briggs,APAC,Low,2026-08-12 21:45:32.070184
V01640,Raymond LLC,APAC,Low,2026-08-12 21:45:32.070184
V01641,Hernandez Group,AMER,Low,2026-08-12 21:45:32.070184
V01642,"Taylor, Blair and Meyer",EMEA,Medium,2026-08-12 21:45:32.070184
V01643,"Salazar, Garrett and Perez",AMER,Medium,2026-08-12 21:45:32.070184
V01644,Berry Group,AMER,Low,2026-08-12 21:45:32.070184
V01645,Browning-Murphy,AMER,Low,2026-08-12 21:45:32.070184
V01646,"Anderson, Delgado and Carpenter",AMER,Medium,2026-08-12 21:45:32.070184
V01647,"Mcbride, Huffman and Parker",AMER,Medium,2026-08-12 21:45:32.070184
V01648,"Roach, Browning and Jordan",AMER,High,2026-08-12 21:45:32.070184
V01649,Douglas PLC,EMEA,High,2026-08-12 21:45:32.070184
V01650,Stewart PLC,APAC,High,2026-08-12 21:45:32.070184
V01651,"Fry, Wilson and Stewart",EMEA,High,2026-08-12 21:45:32.070184
V01652,Acosta LLC,AMER,High,2026-08-12 21:45:32.070184
V01653,Ali-Turner,APAC,Low,2026-08-12 21:45:32.070184
V01654,"Peck, Shannon and Mahoney",AMER,Low,2026-08-12 21:45:32.070184
V01655,Hernandez-Lopez,LATAM,Medium,2026-08-12 21:45:32.070184
V01656,Lopez PLC,AMER,Low,2026-08-12 21:45:32.070184
V01657,"Adams, Bradley and Hall",LATAM,Low,2026-08-12 21:45:32.070184
V01658,Hall Inc,APAC,Low,2026-08-12 21:45:32.070184
V01659,Miller-Chan,LATAM,Medium,2026-08-12 21:45:32.070184
V01660,Shaw PLC,AMER,Low,2026-08-12 21:45:32.070184
V01661,Joseph-Brooks,APAC,Medium,2026-08-12 21:45:32.070184
V01662,Henry-Taylor,LATAM,Low,2026-08-12 21:45:32.070184
V01663,Perez Group,LATAM,Low,2026-08-12 21:45:32.070184
V01664,schaefer group,LATAM,High,2026-08-12 21:45:32.070184
V01665,Newton and Sons,LATAM,High,2026-08-12 21:45:32.070184
V01666,Jones Group,AMER,Low,2026-08-12 21:45:32.070184
V01667,"Burns, Nguyen and Ellis",AMER,High,2026-08-12 21:45:32.070184
V01668,Patterson Inc,AMER,Medium,2026-08-12 21:45:32.070184
V01669,"Moss, James and Edwards",LATAM,Low,2026-08-12 21:45:32.070184
V01670,"Crosby, Armstrong and Herrera",LATAM,Medium,2026-08-12 21:45:32.070184
V01671,"Liu, Buchanan and Meyer",APAC,High,2026-08-12 21:45:32.070184
V01672,Bryant-Rich,LATAM,Medium,2026-08-12 21:45:32.070184
V01673,Stone Group,LATAM,Low,2026-08-12 21:45:32.070184
V01674,"Williams, Hughes and Hubbard",EMEA,High,2026-08-12 21:45:32.070184
V01675,Lee Group,AMER,Low,2026-08-12 21:45:32.070184
V01676,Wilkerson-Ayala,EMEA,Medium,2026-08-12 21:45:32.070184
V01677,Murray-Henderson,APAC,High,2026-08-12 21:45:32.070184
V01678,"Ellison, Vaughn and Mckee",LATAM,Medium,2026-08-12 21:45:32.070184
V01679,Gallegos-Hayes,LATAM,High,2026-08-12 21:45:32.070184
V01680,"Mason, White and Richards",AMER,Low,2026-08-12 21:45:32.070184
V01681,"Payne, Long and Morris",AMER,Medium,2026-08-12 21:45:32.070184
V01682,White PLC,LATAM,,2026-08-12 21:45:32.070184
V01683,"Huang, Khan and Davis",APAC,High,2026-08-12 21:45:32.070184
V01684,Holt-Meadows,APAC,High,2026-08-12 21:45:32.070184
V01685,Higgins Inc,LATAM,High,2026-08-12 21:45:32.070184
V01686,Wilson Group,LATAM,Medium,2026-08-12 21:45:32.070184
V01687,"Cox, Mills and Cruz",AMER,Medium,2026-08-12 21:45:32.070184
V01688,"Salazar, Moore and Pierce",LATAM,High,2026-08-12 21:45:32.070184
V01689,Tate LLC,APAC,Medium,2026-08-12 21:45:32.070184
V01690,"Savage, Huffman and Martin",EMEA,Medium,2026-08-12 21:45:32.070184
V01691,White Ltd,AMER,High,2026-08-12 21:45:32.070184
V01692,Barnes LLC,APAC,Medium,2026-08-12 21:45:32.070184
V01693,"Mack, Griffin and Sims",EMEA,Low,2026-08-12 21:45:32.070184
V01694,Roach and Sons,AMER,High,2026-08-12 21:45:32.070184
V01695,Dean LLC,APAC,,2026-08-12 21:45:32.070184
V01696,Ellis Group,LATAM,High,2026-08-12 21:45:32.070184
V01697,"Aguirre, Franklin and Snyder",LATAM,,2026-08-12 21:45:32.070184
V01698,Chapman Group,AMER,Medium,2026-08-12 21:45:32.070184
V01699,Ortiz-Miller,AMER,Medium,2026-08-12 21:45:32.070184
V01700,"Smith, Khan and Ramirez",APAC,Medium,2026-08-12 21:45:32.070184
V01701,"Grant, Bryan and Williams",APAC,Low,2026-08-12 21:45:32.070184
V01702,Brown LLC,LATAM,Low,2026-08-12 21:45:32.070184
V01703,Thomas Inc,AMER,High,2026-08-12 21:45:32.070184
V01704,"Lane, Morrison and Rivera",APAC,High,2026-08-12 21:45:32.070184
V01705,Williams Group,AMER,High,2026-08-12 21:45:32.070184
V01706,Martin LLC,APAC,Medium,2026-08-12 21:45:32.070184
V01707,"Guerrero, Graves and Armstrong",LATAM,Medium,2026-08-12 21:45:32.070184
V01708,"Thompson, Gibson and Riley",APAC,High,2026-08-12 21:45:32.070184
V01709,Davis LLC,APAC,Low,2026-08-12 21:45:32.070184
V01710,Richardson-Gray,LATAM,High,2026-08-12 21:45:32.070184
V01711,Chang PLC,AMER,High,2026-08-12 21:45:32.070184
V01712,Carter and Sons,LATAM,Low,2026-08-12 21:45:32.070184
V01713,Neal LLC,LATAM,Medium,2026-08-12 21:45:32.070184
V01714,Rose-Warren,LATAM,High,2026-08-12 21:45:32.070184
V01715,"Clark, Brown and Duncan",EMEA,Medium,2026-08-12 21:45:32.070184
V01716,"Rice, Miller and Ramsey",APAC,Medium,2026-08-12 21:45:32.070184
V01717,"Peck, Andersen and Mitchell",AMER,High,2026-08-12 21:45:32.070184
V01718,"Abbott, Green and Andrews",APAC,High,2026-08-12 21:45:32.070184
V01719,"Gomez, Anderson and Hart",EMEA,Medium,2026-08-12 21:45:32.070184
V01720,"Daniel, Jimenez and Morton",AMER,Low,2026-08-12 21:45:32.070184
V01721,"Hall, Roberts and Lee",LATAM,High,2026-08-12 21:45:32.070184
V01722,Johnson Ltd,AMER,Low,2026-08-12 21:45:32.070184
V01723,Mclaughlin and Sons,APAC,Medium,2026-08-12 21:45:32.070184
V01724,"duarte, gutierrez and cook",AMER,High,2026-08-12 21:45:32.070184
V01725,"Shaffer, Lewis and Davidson",AMER,Medium,2026-08-12 21:45:32.070184
V01726,"Campbell, Tyler and Parker",LATAM,Medium,2026-08-12 21:45:32.070184
V01727,"Pierce, Wang and Wilson",LATAM,High,2026-08-12 21:45:32.070184
V01728,Peterson-Ramsey,AMER,High,2026-08-12 21:45:32.070184
V01729,"Choi, Collier and Lee",APAC,Medium,2026-08-12 21:45:32.070184
V01730,Nielsen-Mendoza,AMER,Medium,2026-08-12 21:45:32.070184
V01731,Robles-Brewer,LATAM,High,2026-08-12 21:45:32.070184
V01732,Moore-Murray,EMEA,Low,2026-08-12 21:45:32.070184
V01733,"Huang, Ford and Olsen",APAC,Medium,2026-08-12 21:45:32.070184
V01734,"Brown, Meyer and Cunningham",AMER,Medium,2026-08-12 21:45:32.070184
V01735,"Stewart, Herrera and Clark",AMER,Medium,2026-08-12 21:45:32.070184
V01736,"Rivera, Hendricks and Flynn",EMEA,Medium,2026-08-12 21:45:32.070184
V01737,Montes LLC,APAC,Medium,2026-08-12 21:45:32.070184
V01738,Morgan Group,AMER,High,2026-08-12 21:45:32.070184
V01739,"Ferguson, Martin and Obrien",AMER,High,2026-08-12 21:45:32.070184
V01740,Larson LLC,APAC,High,2026-08-12 21:45:32.070184
V01741,"Hodge, Mckinney and Nelson",APAC,High,2026-08-12 21:45:32.070184
V01742,Crawford and Sons,LATAM,,2026-08-12 21:45:32.070184
V01743,Hayes-Sampson,APAC,Medium,2026-08-12 21:45:32.070184
V01744,Warren and Sons,EMEA,Medium,2026-08-12 21:45:32.070184
V01745,Brooks Inc,LATAM,High,2026-08-12 21:45:32.070184
V01746,Gentry Group,LATAM,Low,2026-08-12 21:45:32.070184
V01747,"Johnson, Webb and Porter",LATAM,Medium,2026-08-12 21:45:32.070184
V01748,Peterson Group,APAC,High,2026-08-12 21:45:32.070184
V01749,"Russo, Collins and Murphy",AMER,Low,2026-08-12 21:45:32.070184
V01750,Short PLC,APAC,Medium,2026-08-12 21:45:32.070184
V01751,"Haney, Harris and Johnson",APAC,Medium,2026-08-12 21:45:32.070184
V01752,Reeves-Boyd,EMEA,High,2026-08-12 21:45:32.070184
V01753,Collins Inc,AMER,Medium,2026-08-12 21:45:32.070184
V01754,"Charles, Wiggins and Cook",AMER,Low,2026-08-12 21:45:32.070184
V01755,Garcia Ltd,EMEA,High,2026-08-12 21:45:32.070184
V01756,"Edwards, Lane and Collins",APAC,Medium,2026-08-12 21:45:32.070184
V01757,Flores and Sons,APAC,Low,2026-08-12 21:45:32.070184
V01758,Hill-Flores,APAC,Low,2026-08-12 21:45:32.070184
V01759,Lambert-Nelson,LATAM,Medium,2026-08-12 21:45:32.070184
V01760,Hill Inc,EMEA,Low,2026-08-12 21:45:32.070184
V01761,"Castro, Garcia and Daniels",EMEA,Low,2026-08-12 21:45:32.070184
V01762,"Flores, Thomas and Bush",EMEA,Low,2026-08-12 21:45:32.070184
V01763,Andrews-Jackson,APAC,Low,2026-08-12 21:45:32.070184
V01764,Austin-Morgan,AMER,Low,2026-08-12 21:45:32.070184
V01765,Williams-Johnson,LATAM,High,2026-08-12 21:45:32.070184
V01766,"Williams, Reyes and Miller",EMEA,Low,2026-08-12 21:45:32.070184
V01767,White-Carlson,APAC,Medium,2026-08-12 21:45:32.070184
V01768,"Soto, Vaughn and Griffin",LATAM,Low,2026-08-12 21:45:32.070184
V01769,Edwards-Roth,APAC,High,2026-08-12 21:45:32.070184
V01770,"Chang, Lamb and Miller",LATAM,,2026-08-12 21:45:32.070184
V01771,Bradley-Davis,EMEA,High,2026-08-12 21:45:32.070184
V01772,"Mcdonald, Bryant and Cohen",LATAM,,2026-08-12 21:45:32.070184
V01773,"Miranda, Ruiz and Meza",APAC,High,2026-08-12 21:45:32.070184
V01774,Callahan PLC,LATAM,High,2026-08-12 21:45:32.070184
V01775,Durham-Myers,AMER,Low,2026-08-12 21:45:32.070184
V01776,"Stark, Rivera and Valencia",EMEA,Medium,2026-08-12 21:45:32.070184
V01777,Chavez-Johnson,AMER,Low,2026-08-12 21:45:32.070184
V01778,Rodriguez-Mendoza,APAC,Medium,2026-08-12 21:45:32.070184
V01779,Campbell LLC,AMER,High,2026-08-12 21:45:32.070184
V01780,"Andrews, Romero and Sullivan",LATAM,Medium,2026-08-12 21:45:32.070184
V01781,"Robles, Nguyen and Banks",APAC,High,2026-08-12 21:45:32.070184
V01782,Patel-Morales,AMER,,2026-08-12 21:45:32.070184
V01783,Allen-Sanchez,APAC,High,2026-08-12 21:45:32.070184
V01784,Dickson Group,APAC,High,2026-08-12 21:45:32.070184
V01785,Peterson Ltd,APAC,Medium,2026-08-12 21:45:32.070184
V01786,"Reynolds, Baird and Bradley",LATAM,Low,2026-08-12 21:45:32.070184
V01787,Stephens-Young,LATAM,Low,2026-08-12 21:45:32.070184
V01788,"Caldwell, Stevenson and Joseph",EMEA,Low,2026-08-12 21:45:32.070184
V01789,Wilson-Carlson,LATAM,Medium,2026-08-12 21:45:32.070184
V01790,Peters-Short,LATAM,Low,2026-08-12 21:45:32.070184
V01791,Parker Group,LATAM,Medium,2026-08-12 21:45:32.070184
V01792,George Ltd,EMEA,Low,2026-08-12 21:45:32.070184
V01793,"Wise, Gray and Snyder",APAC,Low,2026-08-12 21:45:32.070184
V01794,"Brown, Robinson and Taylor",APAC,High,2026-08-12 21:45:32.070184
V01795,"Berger, Fields and Smith",AMER,High,2026-08-12 21:45:32.070184
V01796,Guerrero Group,AMER,Low,2026-08-12 21:45:32.070184
V01797,"Carter, Gilbert and West",APAC,Low,2026-08-12 21:45:32.070184
V01798,Maldonado LLC,AMER,Medium,2026-08-12 21:45:32.070184
V01799,Hudson-Gentry,AMER,Medium,2026-08-12 21:45:32.070184
V01800,Sellers-Zuniga,LATAM,Medium,2026-08-12 21:45:32.070184
V01801,"Haas, Cooper and Davis",AMER,Medium,2026-08-12 21:45:32.070184
V01802,Carr PLC,LATAM,Medium,2026-08-12 21:45:32.070184
V01803,Abbott-Phelps,EMEA,Low,2026-08-12 21:45:32.070184
V01804,Wood PLC,APAC,Medium,2026-08-12 21:45:32.070184
V01805,Smith PLC,LATAM,Low,2026-08-12 21:45:32.070184
V01806,Rodriguez-Campbell,LATAM,,2026-08-12 21:45:32.070184
V01807,Young Ltd,LATAM,Medium,2026-08-12 21:45:32.070184
V01808,"Long, Flores and Reyes",EMEA,Low,2026-08-12 21:45:32.070184
V01809,Graham-Clark,APAC,High,2026-08-12 21:45:32.070184
V01810,Wells and Sons,AMER,Medium,2026-08-12 21:45:32.070184
V01811,"Cruz, Middleton and Larsen",LATAM,Medium,2026-08-12 21:45:32.070184
V01812,Roberts Ltd,AMER,Medium,2026-08-12 21:45:32.070184
V01813,Taylor Inc,LATAM,High,2026-08-12 21:45:32.070184
V01814,"Smith, Griffith and Tucker",APAC,Medium,2026-08-12 21:45:32.070184
V01815,Proctor-Taylor,EMEA,Medium,2026-08-12 21:45:32.070184
V01816,May Group,AMER,Medium,2026-08-12 21:45:32.070184
V01817,English-Dominguez,LATAM,Medium,2026-08-12 21:45:32.070184
V01818,Hanson-Gibson,APAC,Low,2026-08-12 21:45:32.070184
V01819,Arnold-Cole,AMER,High,2026-08-12 21:45:32.070184
V01820,Perez-Coleman,AMER,High,2026-08-12 21:45:32.070184
V01821,Lane Ltd,APAC,Medium,2026-08-12 21:45:32.070184
V01822,Joseph LLC,AMER,Low,2026-08-12 21:45:32.070184
V01823,House-Johnston,EMEA,,2026-08-12 21:45:32.070184
V01824,Good PLC,APAC,Medium,2026-08-12 21:45:32.070184
V01825,Bush-Wilson,LATAM,High,2026-08-12 21:45:32.070184
V01826,Nixon-Miller,EMEA,Low,2026-08-12 21:45:32.070184
V01827,"Simon, Terrell and Terrell",APAC,High,2026-08-12 21:45:32.070184
V01828,Marshall-Miller,AMER,Medium,2026-08-12 21:45:32.070184
V01829,"Davis, Kennedy and Harmon",LATAM,Medium,2026-08-12 21:45:32.070184
V01830,"Miller, Schultz and Yates",LATAM,Medium,2026-08-12 21:45:32.070184
V01831,Austin-Berger,APAC,High,2026-08-12 21:45:32.070184
V01832,"Osborne, Harrison and Hunt",LATAM,Medium,2026-08-12 21:45:32.070184
V01833,Berry-Rivera,EMEA,Low,2026-08-12 21:45:32.070184
V01834,Yu-Yates,EMEA,Low,2026-08-12 21:45:32.070184
V01835,Jackson-Neal,EMEA,Medium,2026-08-12 21:45:32.070184
V01836,"Curry, Acosta and Elliott",EMEA,Low,2026-08-12 21:45:32.070184
V01837,Soto PLC,LATAM,,2026-08-12 21:45:32.070184
V01838,Berry Ltd,EMEA,High,2026-08-12 21:45:32.070184
V01839,Lamb-Weber,LATAM,Low,2026-08-12 21:45:32.070184
V01840,Washington-Martinez,EMEA,Medium,2026-08-12 21:45:32.070184
V01841,York LLC,AMER,,2026-08-12 21:45:32.070184
V01842,Anderson-Campbell,LATAM,Medium,2026-08-12 21:45:32.070184
V01843,Smith-Rodriguez,APAC,Low,2026-08-12 21:45:32.070184
V01844,Kent Ltd,LATAM,Low,2026-08-12 21:45:32.070184
V01845,Hopkins LLC,LATAM,High,2026-08-12 21:45:32.070184
V01846,Green Ltd,LATAM,Medium,2026-08-12 21:45:32.070184
V01847,Washington PLC,APAC,Medium,2026-08-12 21:45:32.070184
V01848,Cooper Inc,APAC,High,2026-08-12 21:45:32.070184
V01849,Larson and Sons,EMEA,High,2026-08-12 21:45:32.070184
V01850,Mullins-Gutierrez,APAC,High,2026-08-12 21:45:32.070184
V01851,Young-Alexander,LATAM,Low,2026-08-12 21:45:32.070184
V01852,"Jackson, Lane and Wilkinson",LATAM,Medium,2026-08-12 21:45:32.070184
V01853,May Inc,APAC,Medium,2026-08-12 21:45:32.070184
V01854,Jackson Group,EMEA,Medium,2026-08-12 21:45:32.070184
V01855,Turner-Reese,LATAM,Low,2026-08-12 21:45:32.070184
V01856,"Hall, Vega and Price",LATAM,Low,2026-08-12 21:45:32.070184
V01857,Thomas-Berg,LATAM,Medium,2026-08-12 21:45:32.070184
V01858,Roberts Group,AMER,Medium,2026-08-12 21:45:32.070184
V01859,Gregory-Nixon,EMEA,Low,2026-08-12 21:45:32.070184
V01860,"Blanchard, Davis and Schmidt",AMER,Low,2026-08-12 21:45:32.070184
V01861,Blanchard-Reynolds,EMEA,Low,2026-08-12 21:45:32.070184
V01862,"Garrison, Rogers and Adams",APAC,Medium,2026-08-12 21:45:32.070184
V01863,Scott PLC,APAC,Low,2026-08-12 21:45:32.070184
V01864,Murray-Leonard,AMER,High,2026-08-12 21:45:32.070184
V01865,Navarro PLC,LATAM,Low,2026-08-12 21:45:32.070184
V01866,Meyer Ltd,AMER,,2026-08-12 21:45:32.070184
V01867,"Kaiser, Edwards and Smith",AMER,Low,2026-08-12 21:45:32.070184
V01868,Decker Inc,APAC,High,2026-08-12 21:45:32.070184
V01869,Davis-Garcia,AMER,Low,2026-08-12 21:45:32.070184
V01870,Bell-Hardy,EMEA,Low,2026-08-12 21:45:32.070184
V01871,Lee-Johnson,LATAM,Low,2026-08-12 21:45:32.070184
V01872,Brown PLC,APAC,Medium,2026-08-12 21:45:32.070184
V01873,"Shannon, Robinson and Greene",APAC,High,2026-08-12 21:45:32.070184
V01874,Erickson Inc,EMEA,Low,2026-08-12 21:45:32.070184
V01875,Gates and Sons,EMEA,Low,2026-08-12 21:45:32.070184
V01876,Douglas-Yoder,LATAM,Medium,2026-08-12 21:45:32.070184
V01877,"Pratt, Lopez and Rodriguez",APAC,Low,2026-08-12 21:45:32.070184
V01878,King Group,AMER,Low,2026-08-12 21:45:32.070184
V01879,"Mayer, Fowler and Livingston",EMEA,Medium,2026-08-12 21:45:32.070184
V01880,Hammond-Schwartz,EMEA,High,2026-08-12 21:45:32.070184
V01881,"Carrillo, Morris and Martin",APAC,Medium,2026-08-12 21:45:32.070184
V01882,Ramirez Inc,APAC,High,2026-08-12 21:45:32.070184
V01883,Price-Ferrell,AMER,Medium,2026-08-12 21:45:32.070184
V01884,Sosa-Baker,EMEA,High,2026-08-12 21:45:32.070184
V01885,Jones-Krause,LATAM,High,2026-08-12 21:45:32.070184
V01886,Bishop and Sons,LATAM,Low,2026-08-12 21:45:32.070184
V01887,"Vasquez, Thomas and Mack",APAC,Medium,2026-08-12 21:45:32.070184
V01888,Mendez Inc,EMEA,High,2026-08-12 21:45:32.070184
V01889,Baldwin-Garcia,AMER,High,2026-08-12 21:45:32.070184
V01890,Jones Ltd,EMEA,,2026-08-12 21:45:32.070184
V01891,Waters-Smith,APAC,Low,2026-08-12 21:45:32.070184
V01892,Hernandez-Bowman,LATAM,High,2026-08-12 21:45:32.070184
V01893,Ortega LLC,APAC,Medium,2026-08-12 21:45:32.070184
V01894,Graves Group,AMER,High,2026-08-12 21:45:32.070184
V01895,"Smith, Zimmerman and Wise",AMER,Medium,2026-08-12 21:45:32.070184
V01896,Graham-Anthony,EMEA,Medium,2026-08-12 21:45:32.070184
V01897,Fernandez Inc,EMEA,High,2026-08-12 21:45:32.070184
V01898,Finley-Meyers,AMER,Medium,2026-08-12 21:45:32.070184
V01899,Martinez-Nichols,APAC,Medium,2026-08-12 21:45:32.070184
V01900,Cook-Turner,LATAM,Low,2026-08-12 21:45:32.070184
V01901,Chen Ltd,EMEA,Medium,2026-08-12 21:45:32.070184
V01902,Diaz LLC,LATAM,High,2026-08-12 21:45:32.070184
V01903,Randall LLC,APAC,High,2026-08-12 21:45:32.070184
V01904,"Harris, Spencer and Ponce",LATAM,High,2026-08-12 21:45:32.070184
V01905,"Lee, Dominguez and Mosley",LATAM,Low,2026-08-12 21:45:32.070184
V01906,"Barker, Tucker and Mcclure",LATAM,Low,2026-08-12 21:45:32.070184
V01907,Moss-Taylor,AMER,High,2026-08-12 21:45:32.070184
V01908,Johnson PLC,EMEA,High,2026-08-12 21:45:32.070184
V01909,Burns Inc,LATAM,Low,2026-08-12 21:45:32.070184
V01910,"Schneider, Porter and Hanna",AMER,High,2026-08-12 21:45:32.070184
V01911,Levy-Smith,APAC,Medium,2026-08-12 21:45:32.070184
V01912,Brown-French,EMEA,Low,2026-08-12 21:45:32.070184
V01913,Sullivan and Sons,APAC,Medium,2026-08-12 21:45:32.070184
V01914,"Contreras, Ellis and Gregory",LATAM,Low,2026-08-12 21:45:32.070184
V01915,"Hernandez, Riley and Buckley",AMER,Medium,2026-08-12 21:45:32.070184
V01916,Moss Group,LATAM,Medium,2026-08-12 21:45:32.070184
V01917,"Smith, Meadows and Montgomery",EMEA,Low,2026-08-12 21:45:32.070184
V01918,Haynes and Sons,LATAM,High,2026-08-12 21:45:32.070184
V01919,Jackson Inc,APAC,Low,2026-08-12 21:45:32.070184
V01920,Hoover-Davis,LATAM,Medium,2026-08-12 21:45:32.070184
V01921,"Jackson, Garza and Meyers",AMER,High,2026-08-12 21:45:32.070184
V01922,Wilson PLC,AMER,Low,2026-08-12 21:45:32.070184
V01923,"Walker, Brock and Simmons",APAC,High,2026-08-12 21:45:32.070184
V01924,"Gregory, Nguyen and Daugherty",AMER,Low,2026-08-12 21:45:32.070184
V01925,"Gardner, Morris and Oconnell",AMER,High,2026-08-12 21:45:32.070184
V01926,Duran PLC,AMER,Low,2026-08-12 21:45:32.070184
V01927,Rogers Inc,AMER,Medium,2026-08-12 21:45:32.070184
V01928,Thomas-Perry,LATAM,Low,2026-08-12 21:45:32.070184
V01929,"Wood, Martin and Sanchez",LATAM,,2026-08-12 21:45:32.070184
V01930,"Williams, Garcia and Boone",AMER,Medium,2026-08-12 21:45:32.070184
V01931,"Bennett, Moore and Hobbs",APAC,Medium,2026-08-12 21:45:32.070184
V01932,Smith and Sons,AMER,High,2026-08-12 21:45:32.070184
V01933,Mann PLC,APAC,Low,2026-08-12 21:45:32.070184
V01934,Butler-Aguirre,EMEA,Low,2026-08-12 21:45:32.070184
V01935,Schwartz-Harris,AMER,High,2026-08-12 21:45:32.070184
V01936,"Nelson, Cole and Allen",APAC,Low,2026-08-12 21:45:32.070184
V01937,Bishop Inc,LATAM,Low,2026-08-12 21:45:32.070184
V01938,"White, Porter and Clements",EMEA,Medium,2026-08-12 21:45:32.070184
V01939,"Serrano, Turner and Barnes",AMER,Medium,2026-08-12 21:45:32.070184
V01940,"Young, Wilson and Moreno",LATAM,Low,2026-08-12 21:45:32.070184
V01941,Montgomery PLC,EMEA,Low,2026-08-12 21:45:32.070184
V01942,"Robinson, Townsend and Hopkins",AMER,Low,2026-08-12 21:45:32.070184
V01943,Brown-Rodriguez,EMEA,Medium,2026-08-12 21:45:32.070184
V01944,Jennings Group,EMEA,Low,2026-08-12 21:45:32.070184
V01945,Thompson-Santiago,EMEA,High,2026-08-12 21:45:32.070184
V01946,Brown LLC,LATAM,,2026-08-12 21:45:32.070184
V01947,clark-king,APAC,High,2026-08-12 21:45:32.070184
V01948,"Trujillo, Chang and Williams",LATAM,Medium,2026-08-12 21:45:32.070184
V01949,"Williams, Medina and Moore",LATAM,Medium,2026-08-12 21:45:32.070184
V01950,Washington Inc,APAC,Low,2026-08-12 21:45:32.070184
V01951,Jacobson Ltd,AMER,Medium,2026-08-12 21:45:32.070184
V01952,Watkins-Nguyen,EMEA,High,2026-08-12 21:45:32.070184
V01953,Burgess LLC,LATAM,Low,2026-08-12 21:45:32.070184
V01954,Maxwell LLC,APAC,High,2026-08-12 21:45:32.070184
V01955,Garcia Ltd,LATAM,Medium,2026-08-12 21:45:32.070184
V01956,Kane-Bennett,APAC,Low,2026-08-12 21:45:32.070184
V01957,Jones PLC,AMER,High,2026-08-12 21:45:32.070184
V01958,Brown-Graham,LATAM,Low,2026-08-12 21:45:32.070184
V01959,Reilly Group,LATAM,High,2026-08-12 21:45:32.070184
V01960,Hughes and Sons,LATAM,High,2026-08-12 21:45:32.070184
V01961,Cortez-Chen,AMER,,2026-08-12 21:45:32.070184
V01962,Harris-Martinez,LATAM,High,2026-08-12 21:45:32.070184
V01963,"Carroll, Ramirez and Rodriguez",LATAM,High,2026-08-12 21:45:32.070184
V01964,Ellis-Jackson,AMER,Low,2026-08-12 21:45:32.070184
V01965,robinson-phillips,LATAM,Low,2026-08-12 21:45:32.070184
V01966,Clarke Ltd,APAC,High,2026-08-12 21:45:32.070184
V01967,"Whitehead, Lane and Tran",AMER,High,2026-08-12 21:45:32.070184
V01968,Miller PLC,EMEA,Low,2026-08-12 21:45:32.070184
V01969,Atkins-Robinson,AMER,Medium,2026-08-12 21:45:32.070184
V01970,Hood-Ramirez,EMEA,Low,2026-08-12 21:45:32.070184
V01971,"Patterson, Salas and Wright",LATAM,Low,2026-08-12 21:45:32.070184
V01972,Riley-Snow,LATAM,Low,2026-08-12 21:45:32.070184
V01973,"Shah, Mcintyre and Villanueva",EMEA,Low,2026-08-12 21:45:32.070184
V01974,Baird-Williams,EMEA,Medium,2026-08-12 21:45:32.070184
V01975,Quinn-Gordon,APAC,Low,2026-08-12 21:45:32.070184
V01976,Schmidt-Mendoza,APAC,High,2026-08-12 21:45:32.070184
V01977,"Nicholson, Chavez and Allen",LATAM,High,2026-08-12 21:45:32.070184
V01978,"Mullins, Steele and Russell",APAC,Medium,2026-08-12 21:45:32.070184
V01979,Anderson LLC,AMER,High,2026-08-12 21:45:32.070184
V01980,Holland Inc,AMER,High,2026-08-12 21:45:32.070184
V01981,castillo llc,LATAM,High,2026-08-12 21:45:32.070184
V01982,Warner PLC,EMEA,Medium,2026-08-12 21:45:32.070184
V01983,"Silva, Bray and Ford",AMER,High,2026-08-12 21:45:32.070184
V01984,Sawyer Group,AMER,Low,2026-08-12 21:45:32.070184
V01985,Clarke LLC,AMER,High,2026-08-12 21:45:32.070184
V01986,"Marshall, Schultz and Dalton",LATAM,Low,2026-08-12 21:45:32.070184
V01987,Cruz Ltd,APAC,Medium,2026-08-12 21:45:32.070184
V01988,Schmidt-Phillips,APAC,Low,2026-08-12 21:45:32.070184
V01989,Wolfe-Salazar,EMEA,Low,2026-08-12 21:45:32.070184
V01990,"Norton, French and Miller",AMER,High,2026-08-12 21:45:32.070184
V01991,Fitzgerald-Brown,AMER,Low,2026-08-12 21:45:32.070184
V01992,"Cox, Williams and Reyes",AMER,Low,2026-08-12 21:45:32.070184
V01993,Harvey-Diaz,AMER,Medium,2026-08-12 21:45:32.070184
V01994,Wong Ltd,AMER,High,2026-08-12 21:45:32.070184
V01995,Castro and Sons,LATAM,Medium,2026-08-12 21:45:32.070184
V01996,Zavala and Sons,EMEA,High,2026-08-12 21:45:32.070184
V01997,"Wilson, Mendoza and Crosby",LATAM,Medium,2026-08-12 21:45:32.070184
V01998,"Pitts, Warner and Mullins",AMER,Medium,2026-08-12 21:45:32.070184
V01999,Flores LLC,AMER,Medium,2026-08-12 21:45:32.070184
V02000,"Frazier, Ramirez and Brown",AMER,,2026-08-12 21:45:32.070184
V02001,Chavez-Mason,EMEA,High,2026-08-12 21:45:32.070184
V02002,Harrison PLC,APAC,Medium,2026-08-12 21:45:32.070184
V02003,"Bryan, Lam and Hayes",EMEA,Low,2026-08-12 21:45:32.070184
V02004,Marsh-Dougherty,EMEA,Medium,2026-08-12 21:45:32.070184
V02005,Lopez Group,APAC,Medium,2026-08-12 21:45:32.070184
V02006,Miller and Sons,EMEA,Low,2026-08-12 21:45:32.070184
V02007,Mullen-Jones,APAC,Medium,2026-08-12 21:45:32.070184
V02008,Hill Ltd,EMEA,Low,2026-08-12 21:45:32.070184
V02009,Crawford and Sons,AMER,Medium,2026-08-12 21:45:32.070184
V02010,"Crane, Johnson and Butler",EMEA,Low,2026-08-12 21:45:32.070184
V02011,"Weaver, Anderson and Reed",LATAM,High,2026-08-12 21:45:32.070184
V02012,Rojas-Smith,APAC,High,2026-08-12 21:45:32.070184
V02013,Brown and Sons,AMER,Medium,2026-08-12 21:45:32.070184
V02014,"Newman, Jenkins and Cooper",LATAM,Low,2026-08-12 21:45:32.070184
V02015,"Buchanan, Tucker and Wade",EMEA,Medium,2026-08-12 21:45:32.070184
V02016,"Wilkinson, Wallace and Torres",APAC,High,2026-08-12 21:45:32.070184
V02017,Villanueva LLC,AMER,,2026-08-12 21:45:32.070184
V02018,Mccormick and Sons,AMER,Low,2026-08-12 21:45:32.070184
V02019,Watson-Roberts,APAC,Low,2026-08-12 21:45:32.070184
V02020,Hernandez LLC,APAC,Low,2026-08-12 21:45:32.070184
V02021,Huber-Montgomery,EMEA,Medium,2026-08-12 21:45:32.070184
V02022,Joseph LLC,EMEA,Low,2026-08-12 21:45:32.070184
V02023,Mcpherson Ltd,AMER,Low,2026-08-12 21:45:32.070184
V02024,"Conway, Bauer and Martin",AMER,Medium,2026-08-12 21:45:32.070184
V02025,Williams LLC,EMEA,Medium,2026-08-12 21:45:32.070184
V02026,"Martinez, Green and Lopez",LATAM,High,2026-08-12 21:45:32.070184
V02027,"Mann, Wade and Spence",EMEA,Low,2026-08-12 21:45:32.070184
V02028,Watson PLC,APAC,Medium,2026-08-12 21:45:32.070184
V02029,Ferguson Inc,EMEA,Low,2026-08-12 21:45:32.070184
V02030,Sullivan Group,APAC,Low,2026-08-12 21:45:32.070184
V02031,Gould LLC,APAC,Low,2026-08-12 21:45:32.070184
V02032,Smith Ltd,LATAM,Low,2026-08-12 21:45:32.070184
V02033,"Cantrell, Rivera and Thornton",AMER,Low,2026-08-12 21:45:32.070184
V02034,Kemp-Montes,APAC,Medium,2026-08-12 21:45:32.070184
V02035,"Estrada, Marsh and Chandler",APAC,High,2026-08-12 21:45:32.070184
V02036,Morgan-Rodriguez,LATAM,Medium,2026-08-12 21:45:32.070184
V02037,Mccullough-Taylor,AMER,Low,2026-08-12 21:45:32.070184
V02038,"Wilson, Johnson and Williamson",EMEA,Medium,2026-08-12 21:45:32.070184
V02039,Griffin Inc,LATAM,High,2026-08-12 21:45:32.070184
V02040,Brown-Davidson,APAC,High,2026-08-12 21:45:32.070184
V02041,"Fox, Harrington and Wang",APAC,Medium,2026-08-12 21:45:32.070184
V02042,Johnson PLC,AMER,Medium,2026-08-12 21:45:32.070184
V02043,Rhodes-Rosario,LATAM,Medium,2026-08-12 21:45:32.070184
V02044,"Foster, Henry and Morrison",LATAM,Medium,2026-08-12 21:45:32.070184
V02045,"Harding, Kerr and Ward",LATAM,Low,2026-08-12 21:45:32.070184
V02046,Baldwin Group,AMER,Medium,2026-08-12 21:45:32.070184
V02047,Hughes-Smith,AMER,Medium,2026-08-12 21:45:32.070184
V02048,Bell-Madden,AMER,,2026-08-12 21:45:32.070184
V02049,"Miller, Luna and Wallace",EMEA,High,2026-08-12 21:45:32.070184
V02050,Lara-Roberts,APAC,Low,2026-08-12 21:45:32.070184
V02051,"Waller, Coleman and Mosley",APAC,Low,2026-08-12 21:45:32.070184
V02052,Houston PLC,APAC,Medium,2026-08-12 21:45:32.070184
V02053,Thomas LLC,AMER,Medium,2026-08-12 21:45:32.070184
V02054,Mcneil-Fox,EMEA,Medium,2026-08-12 21:45:32.070184
V02055,Jones-Choi,EMEA,Medium,2026-08-12 21:45:32.070184
V02056,Davis-Ortiz,LATAM,High,2026-08-12 21:45:32.070184
V02057,Perry-Peters,AMER,Medium,2026-08-12 21:45:32.070184
V02058,"Bradley, Melendez and Gonzalez",LATAM,Low,2026-08-12 21:45:32.070184
V02059,Roberts-Henry,AMER,Medium,2026-08-12 21:45:32.070184
V02060,Davenport-Torres,APAC,,2026-08-12 21:45:32.070184
V02061,"Singh, Walker and Moody",APAC,Medium,2026-08-12 21:45:32.070184
V02062,Baker Ltd,LATAM,High,2026-08-12 21:45:32.070184
V02063,"Kennedy, Valdez and Stafford",AMER,High,2026-08-12 21:45:32.070184
V02064,White-Knox,EMEA,Medium,2026-08-12 21:45:32.070184
V02065,"Sanchez, Wilson and Ramirez",LATAM,Medium,2026-08-12 21:45:32.070184
V02066,George LLC,LATAM,Low,2026-08-12 21:45:32.070184
V02067,"Castillo, Graham and Scott",LATAM,High,2026-08-12 21:45:32.070184
V02068,"Alvarez, Benson and Wilson",AMER,High,2026-08-12 21:45:32.070184
V02069,"Quinn, Smith and Green",LATAM,Low,2026-08-12 21:45:32.070184
V02070,"Brown, Flores and Johns",LATAM,Medium,2026-08-12 21:45:32.070184
V02071,Howard Inc,AMER,Medium,2026-08-12 21:45:32.070184
V02072,Ward-Fields,EMEA,Medium,2026-08-12 21:45:32.070184
V02073,Williams-Carter,EMEA,Low,2026-08-12 21:45:32.070184
V02074,"Mayer, Palmer and Miranda",AMER,Medium,2026-08-12 21:45:32.070184
V02075,Duran PLC,EMEA,Low,2026-08-12 21:45:32.070184
V02076,Stephens LLC,LATAM,Low,2026-08-12 21:45:32.070184
V02077,"Marsh, Nelson and Wolfe",EMEA,High,2026-08-12 21:45:32.070184
V02078,Davis-Carpenter,EMEA,Low,2026-08-12 21:45:32.070184
V02079,Smith PLC,LATAM,High,2026-08-12 21:45:32.070184
V02080,Watson-Washington,LATAM,Medium,2026-08-12 21:45:32.070184
V02081,Mccall-Martin,AMER,Medium,2026-08-12 21:45:32.070184
V02082,Moore and Sons,APAC,High,2026-08-12 21:45:32.070184
V02083,Pope PLC,LATAM,High,2026-08-12 21:45:32.070184
V02084,"Norris, Cisneros and Mathis",LATAM,Low,2026-08-12 21:45:32.070184
V02085,"Arnold, Avila and Wilson",LATAM,Medium,2026-08-12 21:45:32.070184
V02086,Moon-Wilson,AMER,Medium,2026-08-12 21:45:32.070184
V02087,Mclean Group,EMEA,Medium,2026-08-12 21:45:32.070184
V02088,Collins-Cox,AMER,High,2026-08-12 21:45:32.070184
V02089,Preston-Harper,LATAM,Medium,2026-08-12 21:45:32.070184
V02090,Jackson-Torres,APAC,Low,2026-08-12 21:45:32.070184
V02091,"Olsen, Walker and Vincent",APAC,Medium,2026-08-12 21:45:32.070184
V02092,Watts LLC,AMER,,2026-08-12 21:45:32.070184
V02093,Clark Inc,LATAM,Medium,2026-08-12 21:45:32.070184
V02094,Vazquez-Bowers,EMEA,,2026-08-12 21:45:32.070184
V02095,Smith Group,EMEA,Medium,2026-08-12 21:45:32.070184
V02096,Williams-Rodriguez,LATAM,Low,2026-08-12 21:45:32.070184
V02097,"Palmer, Brown and Wilson",LATAM,Low,2026-08-12 21:45:32.070184
V02098,Williams-Turner,EMEA,Low,2026-08-12 21:45:32.070184
V02099,Webster Inc,EMEA,Medium,2026-08-12 21:45:32.070184
V02100,"harris, santana and lopez",EMEA,Low,2026-08-12 21:45:32.070184
V02101,Johnson-Thomas,APAC,Low,2026-08-12 21:45:32.070184
V02102,"Mcmahon, Rush and Bailey",AMER,High,2026-08-12 21:45:32.070184
V02103,Wyatt Ltd,AMER,High,2026-08-12 21:45:32.070184
V02104,"Allen, Hudson and Garcia",AMER,Medium,2026-08-12 21:45:32.070184
V02105,"Hines, Rice and Baldwin",AMER,Low,2026-08-12 21:45:32.070184
V02106,Jackson-Webster,EMEA,Medium,2026-08-12 21:45:32.070184
V02107,beltran inc,AMER,,2026-08-12 21:45:32.070184
V02108,Knapp Ltd,EMEA,High,2026-08-12 21:45:32.070184
V02109,Richardson-Lawrence,AMER,High,2026-08-12 21:45:32.070184
V02110,Nunez-Rodriguez,LATAM,High,2026-08-12 21:45:32.070184
V02111,Zavala-Coleman,EMEA,High,2026-08-12 21:45:32.070184
V02112,"Perez, Rodriguez and Rollins",LATAM,Low,2026-08-12 21:45:32.070184
V02113,Owens PLC,APAC,,2026-08-12 21:45:32.070184
V02114,Simpson LLC,AMER,Medium,2026-08-12 21:45:32.070184
V02115,"Roberts, Bowen and Miller",APAC,High,2026-08-12 21:45:32.070184
V02116,Wilson-Campbell,EMEA,Medium,2026-08-12 21:45:32.070184
V02117,"Fitzgerald, Mcdaniel and Randall",AMER,High,2026-08-12 21:45:32.070184
V02118,Spencer LLC,EMEA,Medium,2026-08-12 21:45:32.070184
V02119,Lopez-Jones,LATAM,High,2026-08-12 21:45:32.070184
V02120,Crosby-Richardson,EMEA,Medium,2026-08-12 21:45:32.070184
V02121,Lutz Group,APAC,High,2026-08-12 21:45:32.070184
V02122,"Garcia, Kim and Barrett",LATAM,Medium,2026-08-12 21:45:32.070184
V02123,Wilson Group,AMER,,2026-08-12 21:45:32.070184
V02124,Neal-Madden,AMER,Medium,2026-08-12 21:45:32.070184
V02125,"Schaefer, Levine and Brown",EMEA,High,2026-08-12 21:45:32.070184
V02126,Morgan PLC,LATAM,Medium,2026-08-12 21:45:32.070184
V02127,Martinez-Massey,AMER,Low,2026-08-12 21:45:32.070184
V02128,"Porter, Hubbard and Miranda",LATAM,High,2026-08-12 21:45:32.070184
V02129,"Nelson, Clarke and Schneider",APAC,High,2026-08-12 21:45:32.070184
V02130,Kelly-Estrada,LATAM,High,2026-08-12 21:45:32.070184
V02131,Archer-Dixon,EMEA,High,2026-08-12 21:45:32.070184
V02132,Tate Inc,AMER,High,2026-08-12 21:45:32.070184
V02133,King Group,EMEA,High,2026-08-12 21:45:32.070184
V02134,Fuller and Sons,EMEA,Medium,2026-08-12 21:45:32.070184
V02135,Garcia Inc,LATAM,Low,2026-08-12 21:45:32.070184
V02136,Jimenez Inc,EMEA,Low,2026-08-12 21:45:32.070184
V02137,Reyes Ltd,EMEA,Low,2026-08-12 21:45:32.070184
V02138,Hernandez-Howell,LATAM,Medium,2026-08-12 21:45:32.070184
V02139,Wolf Ltd,LATAM,Low,2026-08-12 21:45:32.070184
V02140,"Saunders, Sparks and Harris",LATAM,High,2026-08-12 21:45:32.070184
V02141,"Jimenez, Wagner and Daniels",LATAM,Low,2026-08-12 21:45:32.070184
V02142,"Payne, Cisneros and Johnson",LATAM,Low,2026-08-12 21:45:32.070184
V02143,Beard-Wilson,LATAM,Low,2026-08-12 21:45:32.070184
V02144,Edwards-Bennett,AMER,Medium,2026-08-12 21:45:32.070184
V02145,Johnson-Thompson,APAC,High,2026-08-12 21:45:32.070184
V02146,"Dalton, Turner and Mccarthy",EMEA,Medium,2026-08-12 21:45:32.070184
V02147,Jordan-Edwards,APAC,Medium,2026-08-12 21:45:32.070184
V02148,Freeman-Rodriguez,APAC,Low,2026-08-12 21:45:32.070184
V02149,"Henry, Spencer and Ryan",EMEA,,2026-08-12 21:45:32.070184
V02150,Alvarez-Dickerson,APAC,Medium,2026-08-12 21:45:32.070184
V02151,"Brown, Baker and Garza",LATAM,High,2026-08-12 21:45:32.070184
V02152,Jensen-Gomez,AMER,Medium,2026-08-12 21:45:32.070184
V02153,Flores-Johnson,AMER,Medium,2026-08-12 21:45:32.070184
V02154,Anderson LLC,LATAM,Medium,2026-08-12 21:45:32.070184
V02155,Pacheco-Silva,APAC,High,2026-08-12 21:45:32.070184
V02156,"Peterson, Davis and Reed",APAC,High,2026-08-12 21:45:32.070184
V02157,Jenkins-Brown,LATAM,High,2026-08-12 21:45:32.070184
V02158,Wright Ltd,APAC,High,2026-08-12 21:45:32.070184
V02159,Watkins-Lozano,EMEA,Medium,2026-08-12 21:45:32.070184
V02160,Melton Inc,EMEA,Medium,2026-08-12 21:45:32.070184
V02161,Jackson-Ryan,EMEA,Low,2026-08-12 21:45:32.070184
V02162,Murray Group,LATAM,Medium,2026-08-12 21:45:32.070184
V02163,"Robertson, Fisher and Smith",AMER,High,2026-08-12 21:45:32.070184
V02164,Chapman-Odom,EMEA,Medium,2026-08-12 21:45:32.070184
V02165,Hudson-Morris,LATAM,High,2026-08-12 21:45:32.070184
V02166,Stokes Inc,AMER,Low,2026-08-12 21:45:32.070184
V02167,"Leonard, Rogers and Shaw",APAC,Low,2026-08-12 21:45:32.070184
V02168,"Morgan, Mendez and Cox",LATAM,High,2026-08-12 21:45:32.070184
V02169,Harris-Reid,LATAM,Low,2026-08-12 21:45:32.070184
V02170,Pittman PLC,LATAM,High,2026-08-12 21:45:32.070184
V02171,Mitchell Inc,LATAM,Low,2026-08-12 21:45:32.070184
V02172,Davies-Morales,EMEA,Low,2026-08-12 21:45:32.070184
V02173,Weber Inc,AMER,Medium,2026-08-12 21:45:32.070184
V02174,"Richard, Davis and Rogers",EMEA,Low,2026-08-12 21:45:32.070184
V02175,Knight PLC,EMEA,Medium,2026-08-12 21:45:32.070184
V02176,Simmons-Reed,LATAM,High,2026-08-12 21:45:32.070184
V02177,Pearson LLC,EMEA,Low,2026-08-12 21:45:32.070184
V02178,"Brock, Reynolds and Fernandez",APAC,Low,2026-08-12 21:45:32.070184
V02179,Perry LLC,LATAM,Medium,2026-08-12 21:45:32.070184
V02180,"robertson, powers and kelley",AMER,Medium,2026-08-12 21:45:32.070184
V02181,Burton PLC,AMER,Low,2026-08-12 21:45:32.070184
V02182,Ray and Sons,LATAM,High,2026-08-12 21:45:32.070184
V02183,"Hayden, Harmon and Mcdonald",APAC,Medium,2026-08-12 21:45:32.070184
V02184,"Patel, Mendez and Hammond",LATAM,Medium,2026-08-12 21:45:32.070184
V02185,Michael-Barber,APAC,Low,2026-08-12 21:45:32.070184
V02186,Boyd LLC,LATAM,High,2026-08-12 21:45:32.070184
V02187,Hernandez-Hernandez,APAC,,2026-08-12 21:45:32.070184
V02188,"Cannon, Richard and Jenkins",LATAM,High,2026-08-12 21:45:32.070184
V02189,Walters Group,AMER,High,2026-08-12 21:45:32.070184
V02190,Colon-Lucas,EMEA,Medium,2026-08-12 21:45:32.070184
V02191,Mcdaniel-Young,LATAM,High,2026-08-12 21:45:32.070184
V02192,Wilson and Sons,APAC,Low,2026-08-12 21:45:32.070184
V02193,Sanchez LLC,APAC,High,2026-08-12 21:45:32.070184
V02194,Washington-Esparza,LATAM,High,2026-08-12 21:45:32.070184
V02195,Lucas-Johnson,LATAM,Medium,2026-08-12 21:45:32.070184
V02196,Nelson Inc,AMER,High,2026-08-12 21:45:32.070184
V02197,Clarke-Ramirez,EMEA,High,2026-08-12 21:45:32.070184
V02198,"Thompson, Phelps and Stuart",AMER,Low,2026-08-12 21:45:32.070184
V02199,Casey-Brown,LATAM,Low,2026-08-12 21:45:32.070184
V02200,Edwards LLC,LATAM,High,2026-08-12 21:45:32.070184
V02201,Lester Group,EMEA,High,2026-08-12 21:45:32.070184
V02202,Powers-Blackwell,AMER,Low,2026-08-12 21:45:32.070184
V02203,Hahn-Ramsey,LATAM,Medium,2026-08-12 21:45:32.070184
V02204,Young PLC,LATAM,High,2026-08-12 21:45:32.070184
V02205,"Mason, Martinez and Beck",LATAM,Low,2026-08-12 21:45:32.070184
V02206,"Herring, Huynh and King",EMEA,High,2026-08-12 21:45:32.070184
V02207,Young Inc,APAC,Medium,2026-08-12 21:45:32.070184
V02208,Murphy-Silva,LATAM,High,2026-08-12 21:45:32.070184
V02209,Shaffer-Manning,LATAM,Low,2026-08-12 21:45:32.070184
V02210,Robinson-Rodriguez,AMER,Low,2026-08-12 21:45:32.070184
V02211,Booker Group,EMEA,High,2026-08-12 21:45:32.070184
V02212,King-Lawrence,EMEA,Medium,2026-08-12 21:45:32.070184
V02213,Ferguson-Lyons,AMER,Medium,2026-08-12 21:45:32.070184
V02214,Stewart Group,LATAM,Medium,2026-08-12 21:45:32.070184
V02215,Vega-Richmond,EMEA,High,2026-08-12 21:45:32.070184
V02216,Cox Ltd,AMER,,2026-08-12 21:45:32.070184
V02217,Underwood-Smith,APAC,Low,2026-08-12 21:45:32.070184
V02218,"Johnson, Stevenson and Lindsey",EMEA,Medium,2026-08-12 21:45:32.070184
V02219,Vazquez Ltd,APAC,Low,2026-08-12 21:45:32.070184
V02220,King Group,AMER,High,2026-08-12 21:45:32.070184
V02221,Fowler-Haynes,AMER,Medium,2026-08-12 21:45:32.070184
V02222,"Martinez, Camacho and Mathews",LATAM,High,2026-08-12 21:45:32.070184
V02223,Smith-Yu,LATAM,Low,2026-08-12 21:45:32.070184
V02224,Turner-Mayer,EMEA,High,2026-08-12 21:45:32.070184
V02225,Evans and Sons,AMER,Low,2026-08-12 21:45:32.070184
V02226,Welch-Suarez,APAC,High,2026-08-12 21:45:32.070184
V02227,"Sullivan, Johnson and Delacruz",AMER,High,2026-08-12 21:45:32.070184
V02228,Ruiz-Gutierrez,LATAM,Medium,2026-08-12 21:45:32.070184
V02229,Love-Mcdowell,APAC,Medium,2026-08-12 21:45:32.070184
V02230,Holloway Ltd,LATAM,Low,2026-08-12 21:45:32.070184
V02231,Hunter-Bell,AMER,High,2026-08-12 21:45:32.070184
V02232,"Daniel, Kelley and Murphy",EMEA,Medium,2026-08-12 21:45:32.070184
V02233,"Johnson, Williams and May",EMEA,Low,2026-08-12 21:45:32.070184
V02234,"Ramos, Davidson and Smith",AMER,Medium,2026-08-12 21:45:32.070184
V02235,Fuller LLC,EMEA,Medium,2026-08-12 21:45:32.070184
V02236,"Miller, Moore and Black",EMEA,Low,2026-08-12 21:45:32.070184
V02237,"Hines, Bradford and Jennings",EMEA,Low,2026-08-12 21:45:32.070184
V02238,Hayes-Russo,APAC,High,2026-08-12 21:45:32.070184
V02239,Green Ltd,LATAM,,2026-08-12 21:45:32.070184
V02240,"Serrano, Marsh and Gonzalez",LATAM,Medium,2026-08-12 21:45:32.070184
V02241,Richardson-Long,LATAM,High,2026-08-12 21:45:32.070184
V02242,Duffy-Wilkerson,AMER,Medium,2026-08-12 21:45:32.070184
V02243,Smith Inc,APAC,High,2026-08-12 21:45:32.070184
V02244,"Holland, Sims and Meadows",AMER,Low,2026-08-12 21:45:32.070184
V02245,Gonzalez-Haynes,EMEA,Low,2026-08-12 21:45:32.070184
V02246,Williams PLC,LATAM,Medium,2026-08-12 21:45:32.070184
V02247,Burke-Hernandez,EMEA,Medium,2026-08-12 21:45:32.070184
V02248,Jackson-Bradley,LATAM,Medium,2026-08-12 21:45:32.070184
V02249,Higgins Group,AMER,High,2026-08-12 21:45:32.070184
V02250,wilcox-snyder,EMEA,Medium,2026-08-12 21:45:32.070184
V02251,Reeves and Sons,LATAM,Low,2026-08-12 21:45:32.070184
V02252,Roberts-Snyder,AMER,Low,2026-08-12 21:45:32.070184
V02253,reynolds and sons,EMEA,High,2026-08-12 21:45:32.070184
V02254,"Lewis, Holloway and Acosta",LATAM,Medium,2026-08-12 21:45:32.070184
V02255,Barnes Group,EMEA,High,2026-08-12 21:45:32.070184
V02256,Johnson LLC,AMER,Low,2026-08-12 21:45:32.070184
V02257,Williamson and Sons,APAC,High,2026-08-12 21:45:32.070184
V02258,Aguilar-Holland,AMER,Low,2026-08-12 21:45:32.070184
V02259,Smith and Sons,APAC,High,2026-08-12 21:45:32.070184
V02260,Mccann-Sanders,LATAM,High,2026-08-12 21:45:32.070184
V02261,Reeves Ltd,APAC,High,2026-08-12 21:45:32.070184
V02262,Fitzgerald-Scott,AMER,High,2026-08-12 21:45:32.070184
V02263,Hawkins Inc,EMEA,Low,2026-08-12 21:45:32.070184
V02264,Galvan-Ruiz,EMEA,High,2026-08-12 21:45:32.070184
V02265,Barajas-Crosby,APAC,Low,2026-08-12 21:45:32.070184
V02266,"Mckinney, Pacheco and Smith",APAC,Medium,2026-08-12 21:45:32.070184
V02267,"Harvey, Turner and Foster",LATAM,Medium,2026-08-12 21:45:32.070184
V02268,Anderson-Mcclain,LATAM,High,2026-08-12 21:45:32.070184
V02269,Carpenter LLC,APAC,High,2026-08-12 21:45:32.070184
V02270,Gordon LLC,APAC,High,2026-08-12 21:45:32.070184
V02271,Anderson-Stewart,EMEA,Medium,2026-08-12 21:45:32.070184
V02272,"Hamilton, Green and Edwards",LATAM,,2026-08-12 21:45:32.070184
V02273,Porter LLC,AMER,Medium,2026-08-12 21:45:32.070184
V02274,"Ward, Jordan and Orr",LATAM,Low,2026-08-12 21:45:32.070184
V02275,Austin-Juarez,APAC,Medium,2026-08-12 21:45:32.070184
V02276,Black-Graham,APAC,Low,2026-08-12 21:45:32.070184
V02277,Stewart Group,EMEA,Medium,2026-08-12 21:45:32.070184
V02278,Peters Ltd,AMER,Low,2026-08-12 21:45:32.070184
V02279,"Yates, Brown and Hernandez",LATAM,Low,2026-08-12 21:45:32.070184
V02280,White Group,APAC,High,2026-08-12 21:45:32.070184
V02281,Martin-Mcdonald,AMER,Low,2026-08-12 21:45:32.070184
V02282,Carney Group,EMEA,Medium,2026-08-12 21:45:32.070184
V02283,Alexander Ltd,LATAM,Medium,2026-08-12 21:45:32.070184
V02284,"Washington, Vasquez and Singleton",EMEA,High,2026-08-12 21:45:32.070184
V02285,Martinez Inc,APAC,Low,2026-08-12 21:45:32.070184
V02286,Oneill and Sons,APAC,High,2026-08-12 21:45:32.070184
V02287,Brady LLC,LATAM,High,2026-08-12 21:45:32.070184
V02288,"Macdonald, Willis and Silva",APAC,Medium,2026-08-12 21:45:32.070184
V02289,Fox PLC,LATAM,High,2026-08-12 21:45:32.070184
V02290,Butler Inc,EMEA,Medium,2026-08-12 21:45:32.070184
V02291,Tate Ltd,APAC,Medium,2026-08-12 21:45:32.070184
V02292,Clay Inc,AMER,Low,2026-08-12 21:45:32.070184
V02293,Maldonado-Becker,EMEA,High,2026-08-12 21:45:32.070184
V02294,Brooks-Hickman,LATAM,Low,2026-08-12 21:45:32.070184
V02295,Hood and Sons,EMEA,Medium,2026-08-12 21:45:32.070184
V02296,Miller Ltd,AMER,,2026-08-12 21:45:32.070184
V02297,"Castillo, Fuller and Adams",AMER,High,2026-08-12 21:45:32.070184
V02298,"Smith, Booker and Douglas",APAC,Low,2026-08-12 21:45:32.070184
V02299,Nguyen-Dennis,AMER,High,2026-08-12 21:45:32.070184
V02300,"Meadows, Robles and Anderson",EMEA,Low,2026-08-12 21:45:32.070184
V02301,Solis LLC,APAC,Low,2026-08-12 21:45:32.070184
V02302,Yates-Manning,APAC,Low,2026-08-12 21:45:32.070184
V02303,"Crane, James and Ross",AMER,Medium,2026-08-12 21:45:32.070184
V02304,Allen Group,EMEA,Low,2026-08-12 21:45:32.070184
V02305,Smith and Sons,EMEA,Medium,2026-08-12 21:45:32.070184
V02306,Price Group,AMER,Medium,2026-08-12 21:45:32.070184
V02307,Holland-Best,AMER,,2026-08-12 21:45:32.070184
V02308,Martinez Group,APAC,Medium,2026-08-12 21:45:32.070184
V02309,Fitzgerald-Dorsey,EMEA,Medium,2026-08-12 21:45:32.070184
V02310,"Munoz, Howard and Davis",LATAM,Low,2026-08-12 21:45:32.070184
V02311,Hunt-Burns,EMEA,Medium,2026-08-12 21:45:32.070184
V02312,Alvarez-Hart,EMEA,High,2026-08-12 21:45:32.070184
V02313,Davis-Henderson,APAC,Medium,2026-08-12 21:45:32.070184
V02314,Austin-Hamilton,APAC,Low,2026-08-12 21:45:32.070184
V02315,Davis-Palmer,LATAM,Low,2026-08-12 21:45:32.070184
V02316,Rhodes-Holland,AMER,Medium,2026-08-12 21:45:32.070184
V02317,"Moore, Simpson and Soto",AMER,Low,2026-08-12 21:45:32.070184
V02318,"Miller, Mcdonald and Miller",LATAM,High,2026-08-12 21:45:32.070184
V02319,Evans-Joyce,EMEA,Medium,2026-08-12 21:45:32.070184
V02320,"Leach, Skinner and Mills",AMER,Medium,2026-08-12 21:45:32.070184
V02321,Carroll-Arnold,EMEA,Medium,2026-08-12 21:45:32.070184
V02322,Palmer PLC,LATAM,High,2026-08-12 21:45:32.070184
V02323,Gutierrez-Marshall,LATAM,Low,2026-08-12 21:45:32.070184
V02324,"Carroll, King and Scott",AMER,Low,2026-08-12 21:45:32.070184
V02325,Mack Inc,EMEA,Low,2026-08-12 21:45:32.070184
V02326,Yang Group,AMER,Medium,2026-08-12 21:45:32.070184
V02327,Hartman Group,AMER,Medium,2026-08-12 21:45:32.070184
V02328,Miller Ltd,EMEA,Low,2026-08-12 21:45:32.070184
V02329,Edwards-Ramsey,APAC,High,2026-08-12 21:45:32.070184
V02330,"Cole, Morton and Peterson",EMEA,Medium,2026-08-12 21:45:32.070184
V02331,Clark Inc,EMEA,Low,2026-08-12 21:45:32.070184
V02332,"Hendrix, Green and Nunez",EMEA,Low,2026-08-12 21:45:32.070184
V02333,Ferguson-Smith,APAC,Low,2026-08-12 21:45:32.070184
V02334,Smith Ltd,EMEA,Low,2026-08-12 21:45:32.070184
V02335,Stevens-Sullivan,APAC,High,2026-08-12 21:45:32.070184
V02336,"Church, Guzman and Tucker",APAC,Medium,2026-08-12 21:45:32.070184
V02337,"Li, Jensen and Vazquez",AMER,Medium,2026-08-12 21:45:32.070184
V02338,"Leonard, Ballard and Miller",APAC,High,2026-08-12 21:45:32.070184
V02339,Smith Inc,AMER,,2026-08-12 21:45:32.070184
V02340,Horton and Sons,APAC,Low,2026-08-12 21:45:32.070184
V02341,Clark Ltd,AMER,Medium,2026-08-12 21:45:32.070184
V02342,Santos Group,APAC,Medium,2026-08-12 21:45:32.070184
V02343,"Garrison, Ryan and Miller",AMER,High,2026-08-12 21:45:32.070184
V02344,Hernandez-Henderson,APAC,Medium,2026-08-12 21:45:32.070184
V02345,Martin and Sons,APAC,Low,2026-08-12 21:45:32.070184
V02346,"Park, Maynard and Ruiz",LATAM,Low,2026-08-12 21:45:32.070184
V02347,Richards-Harris,AMER,Low,2026-08-12 21:45:32.070184
V02348,"Gallegos, Myers and Cook",EMEA,Low,2026-08-12 21:45:32.070184
V02349,Mccoy Ltd,AMER,High,2026-08-12 21:45:32.070184
V02350,Petty-Allison,LATAM,Low,2026-08-12 21:45:32.070184
V02351,"Lane, Simon and Duarte",EMEA,Low,2026-08-12 21:45:32.070184
V02352,Freeman Group,APAC,Medium,2026-08-12 21:45:32.070184
V02353,"Garza, Carr and Gregory",LATAM,Low,2026-08-12 21:45:32.070184
V02354,Hall-Brown,AMER,Low,2026-08-12 21:45:32.070184
V02355,Henderson LLC,EMEA,,2026-08-12 21:45:32.070184
V02356,"Brown, Orozco and Butler",EMEA,High,2026-08-12 21:45:32.070184
V02357,Wilson-Dean,AMER,Low,2026-08-12 21:45:32.070184
V02358,"Reed, Terry and Smith",LATAM,Medium,2026-08-12 21:45:32.070184
V02359,Barber-Harrison,AMER,Low,2026-08-12 21:45:32.070184
V02360,Hall-Robinson,AMER,High,2026-08-12 21:45:32.070184
V02361,"Morgan, Guzman and Kirby",APAC,Medium,2026-08-12 21:45:32.070184
V02362,"Mcdonald, Ware and Sharp",APAC,High,2026-08-12 21:45:32.070184
V02363,Moyer-Whitaker,EMEA,,2026-08-12 21:45:32.070184
V02364,"Delgado, Ward and Kennedy",APAC,Low,2026-08-12 21:45:32.070184
V02365,howell llc,EMEA,Low,2026-08-12 21:45:32.070184
V02366,"Curry, Estrada and Anderson",APAC,High,2026-08-12 21:45:32.070184
V02367,Moore Group,AMER,High,2026-08-12 21:45:32.070184
V02368,Leon Group,EMEA,Medium,2026-08-12 21:45:32.070184
V02369,Young-Hawkins,AMER,High,2026-08-12 21:45:32.070184
V02370,Howard LLC,EMEA,High,2026-08-12 21:45:32.070184
V02371,Rhodes-Thompson,AMER,High,2026-08-12 21:45:32.070184
V02372,"Johnson, Brown and Jordan",AMER,High,2026-08-12 21:45:32.070184
V02373,"Perez, Hoffman and Tucker",APAC,High,2026-08-12 21:45:32.070184
V02374,Glover-Hammond,LATAM,Low,2026-08-12 21:45:32.070184
V02375,"Adams, Hernandez and Vaughn",LATAM,Low,2026-08-12 21:45:32.070184
V02376,"Munoz, Garcia and Williams",LATAM,Medium,2026-08-12 21:45:32.070184
V02377,Lloyd-Estes,LATAM,Low,2026-08-12 21:45:32.070184
V02378,Villegas PLC,EMEA,Low,2026-08-12 21:45:32.070184
V02379,"Casey, Meza and Colon",EMEA,High,2026-08-12 21:45:32.070184
V02380,Romero and Sons,EMEA,Medium,2026-08-12 21:45:32.070184
V02381,"Wilson, Harris and Ward",EMEA,Low,2026-08-12 21:45:32.070184
V02382,"Carter, Alexander and Hunter",LATAM,Low,2026-08-12 21:45:32.070184
V02383,"Harrell, Moore and Cox",AMER,High,2026-08-12 21:45:32.070184
V02384,Martinez and Sons,AMER,Low,2026-08-12 21:45:32.070184
V02385,Montes-Hammond,AMER,Low,2026-08-12 21:45:32.070184
V02386,Sanchez Group,EMEA,High,2026-08-12 21:45:32.070184
V02387,Mitchell-Jackson,AMER,Low,2026-08-12 21:45:32.070184
V02388,Watson-Fischer,AMER,Low,2026-08-12 21:45:32.070184
V02389,Soto-Sanchez,LATAM,Low,2026-08-12 21:45:32.070184
V02390,"Fisher, Perez and Pham",EMEA,Low,2026-08-12 21:45:32.070184
V02391,Hardin-Villanueva,AMER,Low,2026-08-12 21:45:32.070184
V02392,"Norton, Cox and Johnson",APAC,Low,2026-08-12 21:45:32.070184
V02393,Carrillo Ltd,EMEA,Low,2026-08-12 21:45:32.070184
V02394,"Acevedo, Miller and Edwards",LATAM,Medium,2026-08-12 21:45:32.070184
V02395,Hamilton Group,EMEA,High,2026-08-12 21:45:32.070184
V02396,Keller Ltd,AMER,Medium,2026-08-12 21:45:32.070184
V02397,Orr Inc,AMER,Medium,2026-08-12 21:45:32.070184
V02398,"Whitney, Lloyd and Liu",AMER,Medium,2026-08-12 21:45:32.070184
V02399,Barnes-Blackwell,AMER,High,2026-08-12 21:45:32.070184
V02400,"Spencer, Torres and Newton",APAC,High,2026-08-12 21:45:32.070184
V02401,Smith-Ramirez,APAC,High,2026-08-12 21:45:32.070184
V02402,"Bishop, Thomas and Powell",AMER,Medium,2026-08-12 21:45:32.070184
V02403,"Harris, Stephens and Kramer",APAC,High,2026-08-12 21:45:32.070184
V02404,"Ramos, Reed and Cain",EMEA,High,2026-08-12 21:45:32.070184
V02405,"Sullivan, Gonzalez and Turner",LATAM,High,2026-08-12 21:45:32.070184
V02406,Medina Group,AMER,Low,2026-08-12 21:45:32.070184
V02407,"Higgins, Hobbs and Meyer",APAC,Low,2026-08-12 21:45:32.070184
V02408,"Campbell, Davis and Arnold",EMEA,Medium,2026-08-12 21:45:32.070184
V02409,"Peterson, Reid and Johnson",LATAM,High,2026-08-12 21:45:32.070184
V02410,"Vargas, Allen and Schroeder",APAC,Low,2026-08-12 21:45:32.070184
V02411,"Henderson, Wagner and Dennis",EMEA,Medium,2026-08-12 21:45:32.070184
V02412,Green-Romero,LATAM,High,2026-08-12 21:45:32.070184
V02413,Williams Ltd,AMER,High,2026-08-12 21:45:32.070184
V02414,West PLC,EMEA,High,2026-08-12 21:45:32.070184
V02415,"Smith, Morgan and Young",EMEA,Low,2026-08-12 21:45:32.070184
V02416,"Zhang, Cunningham and Kline",EMEA,Low,2026-08-12 21:45:32.070184
V02417,"Wade, Richard and Hall",EMEA,Medium,2026-08-12 21:45:32.070184
V02418,Mitchell-Glover,LATAM,Low,2026-08-12 21:45:32.070184
V02419,"Armstrong, Taylor and Gray",EMEA,Low,2026-08-12 21:45:32.070184
V02420,"Wright, Murphy and Aguilar",LATAM,,2026-08-12 21:45:32.070184
V02421,Gibson-Thomas,APAC,Low,2026-08-12 21:45:32.070184
V02422,Poole-Miller,AMER,Medium,2026-08-12 21:45:32.070184
V02423,Coleman and Sons,AMER,Low,2026-08-12 21:45:32.070184
V02424,Lewis-Miller,AMER,Low,2026-08-12 21:45:32.070184
V02425,"Fox, Chapman and Stone",EMEA,Low,2026-08-12 21:45:32.070184
V02426,Wiggins-Silva,APAC,Medium,2026-08-12 21:45:32.070184
V02427,"Henderson, Alexander and Galvan",AMER,Medium,2026-08-12 21:45:32.070184
V02428,Dennis-Butler,AMER,High,2026-08-12 21:45:32.070184
V02429,Thomas and Sons,AMER,Medium,2026-08-12 21:45:32.070184
V02430,Dawson-Anderson,LATAM,High,2026-08-12 21:45:32.070184
V02431,"Palmer, Rice and Benson",APAC,High,2026-08-12 21:45:32.070184
V02432,Kennedy-Francis,APAC,Low,2026-08-12 21:45:32.070184
V02433,"Wood, Crane and Guzman",EMEA,High,2026-08-12 21:45:32.070184
V02434,Rodriguez-Wood,EMEA,Medium,2026-08-12 21:45:32.070184
V02435,Williams-Hernandez,AMER,High,2026-08-12 21:45:32.070184
V02436,Torres-Brooks,LATAM,Medium,2026-08-12 21:45:32.070184
V02437,Tucker-Moody,LATAM,Low,2026-08-12 21:45:32.070184
V02438,Bowers Group,APAC,High,2026-08-12 21:45:32.070184
V02439,Zuniga LLC,EMEA,Medium,2026-08-12 21:45:32.070184
V02440,Lewis-Fuentes,EMEA,,2026-08-12 21:45:32.070184
V02441,Smith-Kelley,EMEA,High,2026-08-12 21:45:32.070184
V02442,Harrell Group,EMEA,Medium,2026-08-12 21:45:32.070184
V02443,Berry-Knight,AMER,High,2026-08-12 21:45:32.070184
V02444,Harrington-Alvarez,AMER,Medium,2026-08-12 21:45:32.070184
V02445,"Bass, Anderson and Taylor",APAC,Medium,2026-08-12 21:45:32.070184
V02446,"Murray, Cole and Cole",APAC,Medium,2026-08-12 21:45:32.070184
V02447,"Nguyen, Marsh and Beck",AMER,Medium,2026-08-12 21:45:32.070184
V02448,Hughes-Mccullough,AMER,High,2026-08-12 21:45:32.070184
V02449,Weaver-Rubio,LATAM,Medium,2026-08-12 21:45:32.070184
V02450,Fitzgerald-Brewer,APAC,Low,2026-08-12 21:45:32.070184
V02451,Mann PLC,AMER,High,2026-08-12 21:45:32.070184
V02452,"Hogan, Zimmerman and Hoffman",EMEA,High,2026-08-12 21:45:32.070184
V02453,Schneider Inc,APAC,Medium,2026-08-12 21:45:32.070184
V02454,Friedman PLC,APAC,High,2026-08-12 21:45:32.070184
V02455,"Todd, Bernard and Boyd",LATAM,Low,2026-08-12 21:45:32.070184
V02456,Shaw-Smith,AMER,Low,2026-08-12 21:45:32.070184
V02457,"Mayer, White and Smith",AMER,Low,2026-08-12 21:45:32.070184
V02458,Sanchez Ltd,AMER,Medium,2026-08-12 21:45:32.070184
V02459,"Wallace, Roman and Lawson",APAC,Low,2026-08-12 21:45:32.070184
V02460,Chapman-Henry,APAC,Low,2026-08-12 21:45:32.070184
V02461,Morgan and Sons,LATAM,Medium,2026-08-12 21:45:32.070184
V02462,Johnson-Rice,LATAM,High,2026-08-12 21:45:32.070184
V02463,Scott-Wilson,LATAM,Low,2026-08-12 21:45:32.070184
V02464,Weaver LLC,LATAM,High,2026-08-12 21:45:32.070184
V02465,White Inc,APAC,High,2026-08-12 21:45:32.070184
V02466,Parker Group,APAC,Low,2026-08-12 21:45:32.070184
V02467,"Jackson, Mendez and Nguyen",APAC,,2026-08-12 21:45:32.070184
V02468,Reeves LLC,AMER,High,2026-08-12 21:45:32.070184
V02469,Garcia-Thomas,AMER,Low,2026-08-12 21:45:32.070184
V02470,Scott-David,EMEA,High,2026-08-12 21:45:32.070184
V02471,Williams and Sons,LATAM,Medium,2026-08-12 21:45:32.070184
V02472,"Willis, Vasquez and Goodwin",LATAM,High,2026-08-12 21:45:32.070184
V02473,Avery-Adams,AMER,Low,2026-08-12 21:45:32.070184
V02474,Marshall-Russell,LATAM,Medium,2026-08-12 21:45:32.070184
V02475,Johnson-Schultz,APAC,Medium,2026-08-12 21:45:32.070184
V02476,Adams PLC,LATAM,Low,2026-08-12 21:45:32.070184
V02477,"Garcia, Hines and Pearson",EMEA,Medium,2026-08-12 21:45:32.070184
V02478,Torres Group,AMER,High,2026-08-12 21:45:32.070184
V02479,Miller-Fields,APAC,Medium,2026-08-12 21:45:32.070184
V02480,Patton and Sons,EMEA,Low,2026-08-12 21:45:32.070184
V02481,Fernandez-Jackson,APAC,Medium,2026-08-12 21:45:32.070184
V02482,Medina Group,AMER,Medium,2026-08-12 21:45:32.070184
V02483,"Hayes, Smith and Marshall",LATAM,Medium,2026-08-12 21:45:32.070184
V02484,"Roberts, Stanton and Smith",APAC,Low,2026-08-12 21:45:32.070184
V02485,Nelson-King,LATAM,Medium,2026-08-12 21:45:32.070184
V02486,"James, Bell and Chen",EMEA,Medium,2026-08-12 21:45:32.070184
V02487,"Pittman, Campbell and Martin",EMEA,High,2026-08-12 21:45:32.070184
V02488,"Hart, Turner and Foster",LATAM,Low,2026-08-12 21:45:32.070184
V02489,Rivas Ltd,EMEA,Low,2026-08-12 21:45:32.070184
V02490,"Lutz, Johns and Clark",EMEA,Medium,2026-08-12 21:45:32.070184
V02491,"Bernard, Flores and Fleming",APAC,Low,2026-08-12 21:45:32.070184
V02492,Reid-Petty,EMEA,Medium,2026-08-12 21:45:32.070184
V02493,"chavez, sanchez and bird",LATAM,Medium,2026-08-12 21:45:32.070184
V02494,Clark-Haley,LATAM,Low,2026-08-12 21:45:32.070184
V02495,Smith-Holt,AMER,Low,2026-08-12 21:45:32.070184
V02496,"Nielsen, Lynch and Smith",LATAM,High,2026-08-12 21:45:32.070184
V02497,Chambers Group,LATAM,Low,2026-08-12 21:45:32.070184
V02498,"woodard, warner and farmer",AMER,Medium,2026-08-12 21:45:32.070184
V02499,"Miller, Mcdowell and Curtis",APAC,High,2026-08-12 21:45:32.070184
V02500,"Johnson, Collier and Powers",LATAM,High,2026-08-12 21:45:32.070184
V02501,"Martinez, Stanton and Bennett",APAC,Medium,2026-08-12 21:45:32.070184
V02502,"Howard, Thompson and Tate",APAC,Low,2026-08-12 21:45:32.070184
V02503,"Terrell, Martinez and Wood",APAC,Low,2026-08-12 21:45:32.070184
V02504,Wallace and Sons,LATAM,Medium,2026-08-12 21:45:32.070184
V02505,"Smith, Campbell and Morse",LATAM,High,2026-08-12 21:45:32.070184
V02506,Lee-Velasquez,AMER,Low,2026-08-12 21:45:32.070184
V02507,"Turner, Robbins and Young",AMER,High,2026-08-12 21:45:32.070184
V02508,Coffey-Johnson,AMER,High,2026-08-12 21:45:32.070184
V02509,Conway-Mann,AMER,High,2026-08-12 21:45:32.070184
V02510,Smith Ltd,EMEA,Medium,2026-08-12 21:45:32.070184
V02511,Rodriguez-Ramirez,LATAM,Low,2026-08-12 21:45:32.070184
V02512,"Snyder, Arnold and Keller",LATAM,Medium,2026-08-12 21:45:32.070184
V02513,"Chambers, Morrison and Thompson",LATAM,Low,2026-08-12 21:45:32.070184
V02514,"Anderson, Brown and Green",APAC,Medium,2026-08-12 21:45:32.070184
V02515,"Foley, Ibarra and Daniel",LATAM,High,2026-08-12 21:45:32.070184
V02516,Lee-Gregory,LATAM,,2026-08-12 21:45:32.070184
V02517,"Byrd, Mendez and Becker",APAC,High,2026-08-12 21:45:32.070184
V02518,Smith-Simmons,APAC,Low,2026-08-12 21:45:32.070184
V02519,"Hahn, Williams and Mcmillan",EMEA,High,2026-08-12 21:45:32.070184
V02520,Richard-Russell,LATAM,Low,2026-08-12 21:45:32.070184
V02521,Frazier Group,EMEA,High,2026-08-12 21:45:32.070184
V02522,Ward-Blake,LATAM,Medium,2026-08-12 21:45:32.070184
V02523,"Walker, Ramirez and Fisher",AMER,High,2026-08-12 21:45:32.070184
V02524,Stewart-Myers,LATAM,High,2026-08-12 21:45:32.070184
V02525,Miller-Armstrong,EMEA,Medium,2026-08-12 21:45:32.070184
V02526,Mooney and Sons,LATAM,Low,2026-08-12 21:45:32.070184
V02527,"Coleman, Jones and Wright",AMER,High,2026-08-12 21:45:32.070184
V02528,Murphy Inc,AMER,High,2026-08-12 21:45:32.070184
V02529,"Garrett, Johnson and Reynolds",EMEA,Medium,2026-08-12 21:45:32.070184
V02530,Watkins Ltd,EMEA,Low,2026-08-12 21:45:32.070184
V02531,Pittman-Wright,EMEA,High,2026-08-12 21:45:32.070184
V02532,Allen-Peterson,LATAM,Medium,2026-08-12 21:45:32.070184
V02533,Underwood PLC,EMEA,,2026-08-12 21:45:32.070184
V02534,Harding PLC,AMER,Low,2026-08-12 21:45:32.070184
V02535,"Gonzales, Davis and Griffin",AMER,Low,2026-08-12 21:45:32.070184
V02536,Miller Inc,AMER,Low,2026-08-12 21:45:32.070184
V02537,Bennett Ltd,EMEA,Medium,2026-08-12 21:45:32.070184
V02538,Patton Inc,LATAM,Low,2026-08-12 21:45:32.070184
V02539,Brown-Bishop,EMEA,High,2026-08-12 21:45:32.070184
V02540,jones-byrd,LATAM,Low,2026-08-12 21:45:32.070184
V02541,"Williams, Horn and Morales",EMEA,High,2026-08-12 21:45:32.070184
V02542,"Walton, Hall and Greene",AMER,Low,2026-08-12 21:45:32.070184
V02543,"hanson, chavez and marshall",LATAM,High,2026-08-12 21:45:32.070184
V02544,Hobbs-Harvey,APAC,Low,2026-08-12 21:45:32.070184
V02545,Curtis-Lowe,AMER,High,2026-08-12 21:45:32.070184
V02546,Gibson LLC,APAC,Low,2026-08-12 21:45:32.070184
V02547,"Lee, Garcia and Larson",EMEA,Low,2026-08-12 21:45:32.070184
V02548,Watkins and Sons,EMEA,Medium,2026-08-12 21:45:32.070184
V02549,"Martinez, Hicks and Kelly",AMER,Medium,2026-08-12 21:45:32.070184
V02550,Hardy-Wallace,LATAM,High,2026-08-12 21:45:32.070184
V02551,Taylor Inc,LATAM,Low,2026-08-12 21:45:32.070184
V02552,Anderson PLC,APAC,Medium,2026-08-12 21:45:32.070184
V02553,Palmer-Pearson,APAC,Low,2026-08-12 21:45:32.070184
V02554,Collins-Mcclure,LATAM,Medium,2026-08-12 21:45:32.070184
V02555,Hernandez LLC,APAC,Medium,2026-08-12 21:45:32.070184
V02556,"Cooper, Wood and Smith",LATAM,Low,2026-08-12 21:45:32.070184
V02557,"Sandoval, Thomas and Young",AMER,Medium,2026-08-12 21:45:32.070184
V02558,"Trevino, Henderson and Gonzalez",APAC,High,2026-08-12 21:45:32.070184
V02559,Davidson and Sons,APAC,,2026-08-12 21:45:32.070184
V02560,Peterson Ltd,APAC,Medium,2026-08-12 21:45:32.070184
V02561,Neal-Holden,AMER,Low,2026-08-12 21:45:32.070184
V02562,"Schwartz, Christian and Knight",APAC,,2026-08-12 21:45:32.070184
V02563,Jensen-Barnes,APAC,Low,2026-08-12 21:45:32.070184
V02564,Garcia Inc,EMEA,High,2026-08-12 21:45:32.070184
V02565,Robinson-Smith,EMEA,High,2026-08-12 21:45:32.070184
V02566,Steele Group,AMER,High,2026-08-12 21:45:32.070184
V02567,"Lewis, Castillo and Tate",LATAM,Medium,2026-08-12 21:45:32.070184
V02568,Aguirre-Bennett,AMER,Medium,2026-08-12 21:45:32.070184
V02569,Lopez-Fritz,LATAM,Low,2026-08-12 21:45:32.070184
V02570,Smith-Howard,APAC,High,2026-08-12 21:45:32.070184
V02571,"Wilson, Roberts and Lee",APAC,Low,2026-08-12 21:45:32.070184
V02572,"Durham, Ward and Hester",AMER,Medium,2026-08-12 21:45:32.070184
V02573,Gonzalez and Sons,LATAM,Low,2026-08-12 21:45:32.070184
V02574,Mcclure Ltd,AMER,Medium,2026-08-12 21:45:32.070184
V02575,Morgan PLC,AMER,Medium,2026-08-12 21:45:32.070184
V02576,White Inc,APAC,Medium,2026-08-12 21:45:32.070184
V02577,Cameron Inc,LATAM,,2026-08-12 21:45:32.070184
V02578,Decker and Sons,LATAM,Medium,2026-08-12 21:45:32.070184
V02579,Pena-Dyer,AMER,Medium,2026-08-12 21:45:32.070184
V02580,Boyle-Torres,EMEA,Low,2026-08-12 21:45:32.070184
V02581,Wood LLC,APAC,High,2026-08-12 21:45:32.070184
V02582,"Jackson, Rose and Lloyd",AMER,Low,2026-08-12 21:45:32.070184
V02583,"Keith, Johns and Jones",AMER,High,2026-08-12 21:45:32.070184
V02584,Andrade and Sons,AMER,,2026-08-12 21:45:32.070184
V02585,Lee Group,APAC,Medium,2026-08-12 21:45:32.070184
V02586,"Brooks, Greene and Rowland",LATAM,Medium,2026-08-12 21:45:32.070184
V02587,Mccall PLC,LATAM,Low,2026-08-12 21:45:32.070184
V02588,"Lopez, Nichols and Clarke",LATAM,High,2026-08-12 21:45:32.070184
V02589,Wright-Soto,EMEA,High,2026-08-12 21:45:32.070184
V02590,Salas-York,APAC,Medium,2026-08-12 21:45:32.070184
V02591,"Blackwell, Clark and Miller",AMER,Medium,2026-08-12 21:45:32.070184
V02592,Gibbs-Mendez,APAC,High,2026-08-12 21:45:32.070184
V02593,Romero Ltd,EMEA,High,2026-08-12 21:45:32.070184
V02594,"Brooks, Stone and White",AMER,,2026-08-12 21:45:32.070184
V02595,"Brooks, Neal and Baldwin",LATAM,Low,2026-08-12 21:45:32.070184
V02596,Wells-Perkins,APAC,Medium,2026-08-12 21:45:32.070184
V02597,"Morse, Silva and Johnson",AMER,Low,2026-08-12 21:45:32.070184
V02598,Jacobson Group,LATAM,High,2026-08-12 21:45:32.070184
V02599,Foster LLC,EMEA,Low,2026-08-12 21:45:32.070184
V02600,Oneal-Duncan,APAC,High,2026-08-12 21:45:32.070184
V02601,scott-miller,AMER,High,2026-08-12 21:45:32.070184
V02602,Phillips PLC,LATAM,Low,2026-08-12 21:45:32.070184
V02603,Hall-Williams,LATAM,Medium,2026-08-12 21:45:32.070184
V02604,"Oliver, Simmons and Mcdonald",AMER,Medium,2026-08-12 21:45:32.070184
V02605,Richardson-Jimenez,LATAM,High,2026-08-12 21:45:32.070184
V02606,Reyes-White,APAC,,2026-08-12 21:45:32.070184
V02607,Baker Inc,LATAM,Low,2026-08-12 21:45:32.070184
V02608,Valenzuela-Phillips,APAC,High,2026-08-12 21:45:32.070184
V02609,"Hunt, Schneider and Hartman",AMER,,2026-08-12 21:45:32.070184
V02610,Garcia Inc,AMER,Low,2026-08-12 21:45:32.070184
V02611,Johnson-Gonzalez,APAC,Low,2026-08-12 21:45:32.070184
V02612,Leonard LLC,EMEA,High,2026-08-12 21:45:32.070184
V02613,Mcgee-Mack,LATAM,Low,2026-08-12 21:45:32.070184
V02614,Lee-Munoz,APAC,Medium,2026-08-12 21:45:32.070184
V02615,Murillo Ltd,APAC,High,2026-08-12 21:45:32.070184
V02616,"Daniels, Green and Carrillo",AMER,Low,2026-08-12 21:45:32.070184
V02617,Short-Logan,LATAM,High,2026-08-12 21:45:32.070184
V02618,Bautista-Underwood,EMEA,Low,2026-08-12 21:45:32.070184
V02619,"Smith, Valdez and Hays",EMEA,Medium,2026-08-12 21:45:32.070184
V02620,Grimes and Sons,AMER,High,2026-08-12 21:45:32.070184
V02621,Cummings and Sons,EMEA,Medium,2026-08-12 21:45:32.070184
V02622,Hall-Matthews,AMER,High,2026-08-12 21:45:32.070184
V02623,"Todd, Sharp and Murray",AMER,Medium,2026-08-12 21:45:32.070184
V02624,Edwards and Sons,AMER,Low,2026-08-12 21:45:32.070184
V02625,Carrillo-Wolfe,EMEA,High,2026-08-12 21:45:32.070184
V02626,Gonzales PLC,AMER,Low,2026-08-12 21:45:32.070184
V02627,Brooks PLC,LATAM,Medium,2026-08-12 21:45:32.070184
V02628,Torres Ltd,APAC,High,2026-08-12 21:45:32.070184
V02629,Porter Ltd,AMER,Medium,2026-08-12 21:45:32.070184
V02630,Morgan-Barnes,LATAM,Low,2026-08-12 21:45:32.070184
V02631,"Goodwin, Farmer and Vaughn",AMER,Low,2026-08-12 21:45:32.070184
V02632,Nguyen-Johnson,EMEA,Medium,2026-08-12 21:45:32.070184
V02633,Weeks and Sons,LATAM,Medium,2026-08-12 21:45:32.070184
V02634,Carroll-Lloyd,LATAM,High,2026-08-12 21:45:32.070184
V02635,"Berry, Myers and James",LATAM,High,2026-08-12 21:45:32.070184
V02636,Brown-Hughes,APAC,Medium,2026-08-12 21:45:32.070184
V02637,Rodriguez-Hudson,APAC,Medium,2026-08-12 21:45:32.070184
V02638,Fowler-Torres,APAC,High,2026-08-12 21:45:32.070184
V02639,garcia plc,APAC,Medium,2026-08-12 21:45:32.070184
V02640,Johnson Ltd,EMEA,Medium,2026-08-12 21:45:32.070184
V02641,"Burns, Lopez and Jones",APAC,High,2026-08-12 21:45:32.070184
V02642,Campbell-Hall,LATAM,Medium,2026-08-12 21:45:32.070184
V02643,"Warren, Gibson and Wood",LATAM,Low,2026-08-12 21:45:32.070184
V02644,jackson group,AMER,Low,2026-08-12 21:45:32.070184
V02645,Moore-Rodriguez,APAC,High,2026-08-12 21:45:32.070184
V02646,"Barnes, Paul and Price",EMEA,Medium,2026-08-12 21:45:32.070184
V02647,Anderson and Sons,EMEA,Low,2026-08-12 21:45:32.070184
V02648,Reynolds-Mckinney,EMEA,Medium,2026-08-12 21:45:32.070184
V02649,Moore-Andrews,EMEA,Low,2026-08-12 21:45:32.070184
V02650,Matthews-Shaw,LATAM,Medium,2026-08-12 21:45:32.070184
V02651,"Stevens, Harris and Ritter",APAC,Medium,2026-08-12 21:45:32.070184
V02652,Brown-Ross,LATAM,High,2026-08-12 21:45:32.070184
V02653,Fox PLC,EMEA,High,2026-08-12 21:45:32.070184
V02654,Stevens-Johnston,LATAM,High,2026-08-12 21:45:32.070184
V02655,"Davis, Lucas and Ellison",APAC,High,2026-08-12 21:45:32.070184
V02656,Graves-Dawson,EMEA,Medium,2026-08-12 21:45:32.070184
V02657,Myers-Colon,AMER,Low,2026-08-12 21:45:32.070184
V02658,Perry and Sons,APAC,Medium,2026-08-12 21:45:32.070184
V02659,"Quinn, Ellis and Bartlett",LATAM,,2026-08-12 21:45:32.070184
V02660,Hale Inc,LATAM,Low,2026-08-12 21:45:32.070184
V02661,Hale-Williams,APAC,Low,2026-08-12 21:45:32.070184
V02662,Hill Ltd,APAC,Low,2026-08-12 21:45:32.070184
V02663,"Carter, Hendricks and Wolfe",LATAM,,2026-08-12 21:45:32.070184
V02664,"Barrera, Kerr and Jenkins",LATAM,Low,2026-08-12 21:45:32.070184
V02665,"Martinez, Wood and Campos",AMER,Medium,2026-08-12 21:45:32.070184
V02666,"Miranda, Nguyen and Hayes",LATAM,High,2026-08-12 21:45:32.070184
V02667,Clark-Williams,AMER,High,2026-08-12 21:45:32.070184
V02668,Jones Ltd,LATAM,Low,2026-08-12 21:45:32.070184
V02669,"Brady, James and Reese",EMEA,Medium,2026-08-12 21:45:32.070184
V02670,Sanders Inc,AMER,Medium,2026-08-12 21:45:32.070184
V02671,Wilson-Stark,AMER,Low,2026-08-12 21:45:32.070184
V02672,Santiago-Marshall,AMER,Low,2026-08-12 21:45:32.070184
V02673,Jones-Kelley,LATAM,Medium,2026-08-12 21:45:32.070184
V02674,Reeves Group,LATAM,Medium,2026-08-12 21:45:32.070184
V02675,Ruiz LLC,APAC,High,2026-08-12 21:45:32.070184
V02676,Jackson Inc,AMER,Medium,2026-08-12 21:45:32.070184
V02677,"Garcia, Phillips and Nichols",EMEA,High,2026-08-12 21:45:32.070184
V02678,Jackson-Powers,EMEA,Medium,2026-08-12 21:45:32.070184
V02679,Byrd and Sons,AMER,High,2026-08-12 21:45:32.070184
V02680,Howard-Robinson,LATAM,Medium,2026-08-12 21:45:32.070184
V02681,Stafford PLC,LATAM,Medium,2026-08-12 21:45:32.070184
V02682,Ramos Inc,AMER,High,2026-08-12 21:45:32.070184
V02683,"Cain, Davidson and Moran",AMER,High,2026-08-12 21:45:32.070184
V02684,Myers LLC,LATAM,Low,2026-08-12 21:45:32.070184
V02685,Williams-Smith,EMEA,Medium,2026-08-12 21:45:32.070184
V02686,Wang-Mcfarland,AMER,Low,2026-08-12 21:45:32.070184
V02687,Kerr-Gonzalez,EMEA,Medium,2026-08-12 21:45:32.070184
V02688,Fisher Inc,AMER,Low,2026-08-12 21:45:32.070184
V02689,Hoover-Frazier,APAC,Medium,2026-08-12 21:45:32.070184
V02690,Walker Inc,APAC,High,2026-08-12 21:45:32.070184
V02691,"Jackson, Jackson and Perry",LATAM,Medium,2026-08-12 21:45:32.070184
V02692,Ochoa LLC,EMEA,High,2026-08-12 21:45:32.070184
V02693,"Sims, Weber and Villa",APAC,Low,2026-08-12 21:45:32.070184
V02694,Mcmillan-Martinez,APAC,High,2026-08-12 21:45:32.070184
V02695,Rodriguez LLC,AMER,Low,2026-08-12 21:45:32.070184
V02696,Smith Ltd,AMER,High,2026-08-12 21:45:32.070184
V02697,Smith-Lewis,LATAM,Medium,2026-08-12 21:45:32.070184
V02698,Jones LLC,EMEA,Low,2026-08-12 21:45:32.070184
V02699,"Hanson, Williams and Mcclure",LATAM,Medium,2026-08-12 21:45:32.070184
V02700,Turner-George,APAC,,2026-08-12 21:45:32.070184
V02701,Marquez PLC,LATAM,Medium,2026-08-12 21:45:32.070184
V02702,King Inc,EMEA,Medium,2026-08-12 21:45:32.070184
V02703,"Nguyen, Mccoy and Price",EMEA,High,2026-08-12 21:45:32.070184
V02704,"Anderson, Thompson and Gill",APAC,Medium,2026-08-12 21:45:32.070184
V02705,"Stewart, York and Olson",EMEA,High,2026-08-12 21:45:32.070184
V02706,Smith-Barr,EMEA,Low,2026-08-12 21:45:32.070184
V02707,Reyes-Davidson,AMER,,2026-08-12 21:45:32.070184
V02708,Gordon Ltd,AMER,Medium,2026-08-12 21:45:32.070184
V02709,Hall PLC,AMER,Medium,2026-08-12 21:45:32.070184
V02710,Parker Ltd,LATAM,Low,2026-08-12 21:45:32.070184
V02711,Todd-Harvey,LATAM,High,2026-08-12 21:45:32.070184
V02712,Taylor Group,EMEA,Low,2026-08-12 21:45:32.070184
V02713,Harris-Bennett,AMER,High,2026-08-12 21:45:32.070184
V02714,"Johnson, Mclean and George",APAC,Low,2026-08-12 21:45:32.070184
V02715,Stevenson-Murphy,APAC,Low,2026-08-12 21:45:32.070184
V02716,Stewart-Buchanan,APAC,Medium,2026-08-12 21:45:32.070184
V02717,Meyer Group,EMEA,Medium,2026-08-12 21:45:32.070184
V02718,"Hess, Christensen and Perez",APAC,Medium,2026-08-12 21:45:32.070184
V02719,"Rivera, Allen and Ryan",AMER,High,2026-08-12 21:45:32.070184
V02720,"Mcneil, Solis and Horton",APAC,,2026-08-12 21:45:32.070184
V02721,Franklin Group,APAC,Low,2026-08-12 21:45:32.070184
V02722,"Morris, Ramos and Smith",EMEA,Low,2026-08-12 21:45:32.070184
V02723,Jones-Lee,AMER,Low,2026-08-12 21:45:32.070184
V02724,"Braun, Mays and Martinez",AMER,Medium,2026-08-12 21:45:32.070184
V02725,Watkins and Sons,AMER,High,2026-08-12 21:45:32.070184
V02726,Romero Group,AMER,,2026-08-12 21:45:32.070184
V02727,"Mcdonald, Martin and Gonzalez",APAC,Medium,2026-08-12 21:45:32.070184
V02728,Thompson-Wright,EMEA,Low,2026-08-12 21:45:32.070184
V02729,Ray-Faulkner,EMEA,High,2026-08-12 21:45:32.070184
V02730,Nelson Group,AMER,High,2026-08-12 21:45:32.070184
V02731,Tapia LLC,LATAM,High,2026-08-12 21:45:32.070184
V02732,Gray-Ruiz,EMEA,Low,2026-08-12 21:45:32.070184
V02733,Wagner-Moss,APAC,Medium,2026-08-12 21:45:32.070184
V02734,Weiss Group,AMER,Low,2026-08-12 21:45:32.070184
V02735,Gill Group,EMEA,Medium,2026-08-12 21:45:32.070184
V02736,Blake LLC,AMER,Low,2026-08-12 21:45:32.070184
V02737,"Medina, Tran and Thompson",AMER,Low,2026-08-12 21:45:32.070184
V02738,Ford-Chavez,APAC,Low,2026-08-12 21:45:32.070184
V02739,Hart-Castillo,EMEA,Medium,2026-08-12 21:45:32.070184
V02740,Taylor-Harrison,AMER,High,2026-08-12 21:45:32.070184
V02741,Hendricks Inc,EMEA,Medium,2026-08-12 21:45:32.070184
V02742,Hensley Ltd,EMEA,Medium,2026-08-12 21:45:32.070184
V02743,"Brooks, Sullivan and Perry",APAC,High,2026-08-12 21:45:32.070184
V02744,Waller-Brooks,APAC,High,2026-08-12 21:45:32.070184
V02745,Parker-Archer,APAC,Medium,2026-08-12 21:45:32.070184
V02746,Ortiz Inc,APAC,Low,2026-08-12 21:45:32.070184
V02747,Cruz PLC,EMEA,Medium,2026-08-12 21:45:32.070184
V02748,Lee Group,APAC,High,2026-08-12 21:45:32.070184
V02749,Wise-Walton,EMEA,High,2026-08-12 21:45:32.070184
V02750,Hicks-Burns,AMER,Low,2026-08-12 21:45:32.070184
V02751,"Richardson, Brown and Cruz",APAC,High,2026-08-12 21:45:32.070184
V02752,Fitzgerald-Allen,AMER,Low,2026-08-12 21:45:32.070184
V02753,Dorsey LLC,LATAM,Low,2026-08-12 21:45:32.070184
V02754,"Mann, Johnson and Wade",AMER,Low,2026-08-12 21:45:32.070184
V02755,Green Group,LATAM,High,2026-08-12 21:45:32.070184
V02756,"Hernandez, Wright and Lane",APAC,Low,2026-08-12 21:45:32.070184
V02757,"Skinner, Smith and Wise",APAC,Medium,2026-08-12 21:45:32.070184
V02758,"Dawson, Cruz and Mccarthy",AMER,Medium,2026-08-12 21:45:32.070184
V02759,Stone and Sons,LATAM,High,2026-08-12 21:45:32.070184
V02760,Martin-Simmons,AMER,High,2026-08-12 21:45:32.070184
V02761,"Turner, Ponce and Barrett",APAC,High,2026-08-12 21:45:32.070184
V02762,Willis-Gross,APAC,Low,2026-08-12 21:45:32.070184
V02763,"Booth, Rodriguez and Armstrong",EMEA,Low,2026-08-12 21:45:32.070184
V02764,Olsen-Adams,APAC,Low,2026-08-12 21:45:32.070184
V02765,Conrad Group,APAC,Medium,2026-08-12 21:45:32.070184
V02766,"Parker, Benitez and Velasquez",APAC,Medium,2026-08-12 21:45:32.070184
V02767,Davis Ltd,AMER,Low,2026-08-12 21:45:32.070184
V02768,warren-pena,APAC,Low,2026-08-12 21:45:32.070184
V02769,"Jordan, Thompson and Lopez",AMER,,2026-08-12 21:45:32.070184
V02770,Gonzalez and Sons,EMEA,Medium,2026-08-12 21:45:32.070184
V02771,"Fry, Hayes and Olsen",APAC,High,2026-08-12 21:45:32.070184
V02772,Harris Ltd,LATAM,Low,2026-08-12 21:45:32.070184
V02773,Lamb and Sons,APAC,Medium,2026-08-12 21:45:32.070184
V02774,Bird-Savage,EMEA,High,2026-08-12 21:45:32.070184
V02775,Sims-Weber,AMER,Low,2026-08-12 21:45:32.070184
V02776,"Martin, Carter and Gray",APAC,Low,2026-08-12 21:45:32.070184
V02777,Brown-Johnson,APAC,,2026-08-12 21:45:32.070184
V02778,Woods Ltd,APAC,High,2026-08-12 21:45:32.070184
V02779,Smith LLC,APAC,Low,2026-08-12 21:45:32.070184
V02780,Ortega Inc,AMER,Low,2026-08-12 21:45:32.070184
V02781,Clark Inc,LATAM,Low,2026-08-12 21:45:32.070184
V02782,Morrison-Hatfield,EMEA,Low,2026-08-12 21:45:32.070184
V02783,Frederick-Kennedy,APAC,Medium,2026-08-12 21:45:32.070184
V02784,Munoz-Rogers,APAC,,2026-08-12 21:45:32.070184
V02785,"Wu, Key and Montoya",APAC,Low,2026-08-12 21:45:32.070184
V02786,Ortega-Gray,EMEA,Medium,2026-08-12 21:45:32.070184
V02787,Hester LLC,APAC,Low,2026-08-12 21:45:32.070184
V02788,Smith Ltd,EMEA,Medium,2026-08-12 21:45:32.070184
V02789,Hardy-Barron,AMER,Low,2026-08-12 21:45:32.070184
V02790,Johnson Inc,LATAM,High,2026-08-12 21:45:32.070184
V02791,"Ramirez, Lyons and Briggs",AMER,High,2026-08-12 21:45:32.070184
V02792,Hayes-Parks,LATAM,Medium,2026-08-12 21:45:32.070184
V02793,Robertson-Keller,APAC,Low,2026-08-12 21:45:32.070184
V02794,Andersen LLC,APAC,Low,2026-08-12 21:45:32.070184
V02795,Schultz Inc,AMER,High,2026-08-12 21:45:32.070184
V02796,"Nguyen, Wallace and Lawson",LATAM,Medium,2026-08-12 21:45:32.070184
V02797,Stevenson-Bauer,AMER,Medium,2026-08-12 21:45:32.070184
V02798,Patterson-Huynh,LATAM,Medium,2026-08-12 21:45:32.070184
V02799,Hatfield-Vincent,EMEA,High,2026-08-12 21:45:32.070184
V02800,Navarro LLC,EMEA,High,2026-08-12 21:45:32.070184
V02801,"Lee, Thomas and Meyer",APAC,Low,2026-08-12 21:45:32.070184
V02802,"Glover, Moran and Johnson",EMEA,High,2026-08-12 21:45:32.070184
V02803,robles-turner,EMEA,Low,2026-08-12 21:45:32.070184
V02804,"Davies, Archer and Owens",AMER,Medium,2026-08-12 21:45:32.070184
V02805,Friedman-Olson,LATAM,High,2026-08-12 21:45:32.070184
V02806,"Allen, Lewis and Mullins",LATAM,Low,2026-08-12 21:45:32.070184
V02807,"Graves, Garcia and Holder",EMEA,High,2026-08-12 21:45:32.070184
V02808,Martin LLC,LATAM,Medium,2026-08-12 21:45:32.070184
V02809,Miranda-Robinson,EMEA,High,2026-08-12 21:45:32.070184
V02810,Wade-Lynn,APAC,High,2026-08-12 21:45:32.070184
V02811,"Martinez, Taylor and Nichols",AMER,Low,2026-08-12 21:45:32.070184
V02812,"Vasquez, Pope and Cook",LATAM,Medium,2026-08-12 21:45:32.070184
V02813,Huynh PLC,LATAM,Medium,2026-08-12 21:45:32.070184
V02814,Schneider Group,EMEA,High,2026-08-12 21:45:32.070184
V02815,"Paul, Hardy and Valdez",AMER,Low,2026-08-12 21:45:32.070184
V02816,"Burch, Kim and Hall",APAC,High,2026-08-12 21:45:32.070184
V02817,Wilson-Miller,LATAM,Low,2026-08-12 21:45:32.070184
V02818,Peterson PLC,AMER,Low,2026-08-12 21:45:32.070184
V02819,Garner Inc,LATAM,Medium,2026-08-12 21:45:32.070184
V02820,"Richardson, Castaneda and Finley",EMEA,,2026-08-12 21:45:32.070184
V02821,"Mclaughlin, Collins and Lawrence",EMEA,Medium,2026-08-12 21:45:32.070184
V02822,Boone Group,APAC,Low,2026-08-12 21:45:32.070184
V02823,Wise-Salinas,APAC,Medium,2026-08-12 21:45:32.070184
V02824,Meyer PLC,EMEA,Medium,2026-08-12 21:45:32.070184
V02825,"Walker, Foster and Medina",AMER,Low,2026-08-12 21:45:32.070184
V02826,Stewart-Cabrera,EMEA,High,2026-08-12 21:45:32.070184
V02827,Hood-Porter,AMER,High,2026-08-12 21:45:32.070184
V02828,Hernandez-Campbell,EMEA,Low,2026-08-12 21:45:32.070184
V02829,"Ortega, Solis and Warner",APAC,Low,2026-08-12 21:45:32.070184
V02830,"Flores, Shaw and Barker",LATAM,High,2026-08-12 21:45:32.070184
V02831,Shea-Mccarthy,LATAM,Medium,2026-08-12 21:45:32.070184
V02832,Welch-Lewis,AMER,Medium,2026-08-12 21:45:32.070184
V02833,Padilla-Bennett,AMER,Low,2026-08-12 21:45:32.070184
V02834,Hernandez-Moran,AMER,Medium,2026-08-12 21:45:32.070184
V02835,"Michael, Walker and Fitzgerald",EMEA,High,2026-08-12 21:45:32.070184
V02836,Gates Ltd,APAC,Medium,2026-08-12 21:45:32.070184
V02837,Evans-Briggs,AMER,High,2026-08-12 21:45:32.070184
V02838,Ritter PLC,AMER,Medium,2026-08-12 21:45:32.070184
V02839,Rogers-Gregory,APAC,Low,2026-08-12 21:45:32.070184
V02840,Todd-Myers,AMER,High,2026-08-12 21:45:32.070184
V02841,"Acosta, Campbell and Leblanc",LATAM,Low,2026-08-12 21:45:32.070184
V02842,"Chase, Long and Anderson",EMEA,Medium,2026-08-12 21:45:32.070184
V02843,"Glenn, Brown and Michael",APAC,Low,2026-08-12 21:45:32.070184
V02844,Ellis-Martin,EMEA,Low,2026-08-12 21:45:32.070184
V02845,Ramos Group,EMEA,High,2026-08-12 21:45:32.070184
V02846,Merritt-Clark,APAC,High,2026-08-12 21:45:32.070184
V02847,"Gonzalez, Curtis and Cox",APAC,Medium,2026-08-12 21:45:32.070184
V02848,"Garcia, Floyd and Garrison",APAC,Low,2026-08-12 21:45:32.070184
V02849,Clements-Simmons,LATAM,High,2026-08-12 21:45:32.070184
V02850,Howe Inc,LATAM,Medium,2026-08-12 21:45:32.070184
V02851,Mccann-White,APAC,Medium,2026-08-12 21:45:32.070184
V02852,Wilson PLC,LATAM,Low,2026-08-12 21:45:32.070184
V02853,"Morgan, Hamilton and Hernandez",AMER,Medium,2026-08-12 21:45:32.070184
V02854,"Powell, Johnson and Allen",LATAM,Medium,2026-08-12 21:45:32.070184
V02855,Turner-Carlson,AMER,Medium,2026-08-12 21:45:32.070184
V02856,Delgado Group,LATAM,Low,2026-08-12 21:45:32.070184
V02857,"Esparza, Lambert and Davis",APAC,Medium,2026-08-12 21:45:32.070184
V02858,Hancock-Santos,LATAM,Medium,2026-08-12 21:45:32.070184
V02859,Chen-Wallace,EMEA,Medium,2026-08-12 21:45:32.070184
V02860,Wilson Inc,LATAM,Medium,2026-08-12 21:45:32.070184
V02861,Burns Ltd,EMEA,High,2026-08-12 21:45:32.070184
V02862,"walker, matthews and archer",APAC,Low,2026-08-12 21:45:32.070184
V02863,Hill-Mcgee,AMER,Medium,2026-08-12 21:45:32.070184
V02864,"White, Washington and Newman",APAC,High,2026-08-12 21:45:32.070184
V02865,Evans-Martinez,EMEA,Medium,2026-08-12 21:45:32.070184
V02866,Brown-Stout,LATAM,High,2026-08-12 21:45:32.070184
V02867,"Lopez, Hess and Smith",APAC,Medium,2026-08-12 21:45:32.070184
V02868,"Roth, Logan and Moreno",EMEA,,2026-08-12 21:45:32.070184
V02869,Stone PLC,AMER,High,2026-08-12 21:45:32.070184
V02870,"Reeves, Tyler and Martinez",EMEA,Medium,2026-08-12 21:45:32.070184
V02871,Sheppard Inc,EMEA,Low,2026-08-12 21:45:32.070184
V02872,Atkins Ltd,LATAM,High,2026-08-12 21:45:32.070184
V02873,Smith Group,APAC,Low,2026-08-12 21:45:32.070184
V02874,Martinez-Anderson,LATAM,,2026-08-12 21:45:32.070184
V02875,Delgado Inc,EMEA,Low,2026-08-12 21:45:32.070184
V02876,"Scott, Mullins and Miller",EMEA,High,2026-08-12 21:45:32.070184
V02877,Hunter LLC,LATAM,High,2026-08-12 21:45:32.070184
V02878,"Jackson, Rowland and Barrett",LATAM,Low,2026-08-12 21:45:32.070184
V02879,Turner PLC,LATAM,Medium,2026-08-12 21:45:32.070184
V02880,Hopkins-Wallace,LATAM,High,2026-08-12 21:45:32.070184
V02881,"Henry, Edwards and Bartlett",EMEA,,2026-08-12 21:45:32.070184
V02882,Obrien-Dixon,LATAM,Medium,2026-08-12 21:45:32.070184
V02883,"Garcia, Weiss and Young",LATAM,Low,2026-08-12 21:45:32.070184
V02884,Thomas and Sons,EMEA,Medium,2026-08-12 21:45:32.070184
V02885,Guzman and Sons,APAC,Medium,2026-08-12 21:45:32.070184
V02886,"Howard, Anderson and Dean",AMER,Low,2026-08-12 21:45:32.070184
V02887,Pierce LLC,LATAM,High,2026-08-12 21:45:32.070184
V02888,Santos-Martin,LATAM,High,2026-08-12 21:45:32.070184
V02889,Miller-King,EMEA,Low,2026-08-12 21:45:32.070184
V02890,Bentley-Thomas,APAC,High,2026-08-12 21:45:32.070184
V02891,Jones Ltd,APAC,High,2026-08-12 21:45:32.070184
V02892,Cowan-Terry,AMER,Medium,2026-08-12 21:45:32.070184
V02893,Klein PLC,LATAM,High,2026-08-12 21:45:32.070184
V02894,"Holland, Dixon and Martin",EMEA,Medium,2026-08-12 21:45:32.070184
V02895,Stewart Group,AMER,Low,2026-08-12 21:45:32.070184
V02896,Johnson-Munoz,EMEA,Low,2026-08-12 21:45:32.070184
V02897,Nelson PLC,EMEA,Low,2026-08-12 21:45:32.070184
V02898,Sutton Group,AMER,Medium,2026-08-12 21:45:32.070184
V02899,Murphy Inc,LATAM,Low,2026-08-12 21:45:32.070184
V02900,Blankenship-Strickland,LATAM,Low,2026-08-12 21:45:32.070184
V02901,Melton and Sons,APAC,High,2026-08-12 21:45:32.070184
V02902,Smith-Bennett,APAC,High,2026-08-12 21:45:32.070184
V02903,Gray Inc,EMEA,Low,2026-08-12 21:45:32.070184
V02904,Thompson Ltd,APAC,High,2026-08-12 21:45:32.070184
V02905,Chapman-Roman,EMEA,Medium,2026-08-12 21:45:32.070184
V02906,Rice Ltd,EMEA,Low,2026-08-12 21:45:32.070184
V02907,"Grimes, Arnold and Lawson",AMER,Medium,2026-08-12 21:45:32.070184
V02908,Jackson Group,AMER,Low,2026-08-12 21:45:32.070184
V02909,Reed Ltd,AMER,High,2026-08-12 21:45:32.070184
V02910,"Faulkner, Schmidt and Wheeler",LATAM,High,2026-08-12 21:45:32.070184
V02911,Woods-Anderson,EMEA,Medium,2026-08-12 21:45:32.070184
V02912,Parks Ltd,APAC,Medium,2026-08-12 21:45:32.070184
V02913,Sandoval and Sons,APAC,Medium,2026-08-12 21:45:32.070184
V02914,Bradley-Adams,APAC,High,2026-08-12 21:45:32.070184
V02915,"Fowler, Wood and Waters",AMER,High,2026-08-12 21:45:32.070184
V02916,"Franklin, Mann and White",APAC,Low,2026-08-12 21:45:32.070184
V02917,Lindsey-Shaw,LATAM,Medium,2026-08-12 21:45:32.070184
V02918,Cisneros-Meyer,APAC,High,2026-08-12 21:45:32.070184
V02919,"Keith, Cervantes and Torres",LATAM,Low,2026-08-12 21:45:32.070184
V02920,Meza Group,EMEA,Low,2026-08-12 21:45:32.070184
V02921,bruce-walters,EMEA,Low,2026-08-12 21:45:32.070184
V02922,Blair Inc,AMER,Low,2026-08-12 21:45:32.070184
V02923,Johnston Inc,LATAM,High,2026-08-12 21:45:32.070184
V02924,"Mitchell, Noble and Stokes",AMER,Low,2026-08-12 21:45:32.070184
V02925,Hayden Group,LATAM,High,2026-08-12 21:45:32.070184
V02926,"Romero, Cross and Castillo",APAC,High,2026-08-12 21:45:32.070184
V02927,"Jennings, Rhodes and Patel",EMEA,Low,2026-08-12 21:45:32.070184
V02928,Sullivan PLC,EMEA,Medium,2026-08-12 21:45:32.070184
V02929,Bartlett Ltd,APAC,High,2026-08-12 21:45:32.070184
V02930,Klein Ltd,APAC,,2026-08-12 21:45:32.070184
V02931,"Brady, Sanchez and Stevenson",LATAM,High,2026-08-12 21:45:32.070184
V02932,"Sutton, Williams and West",EMEA,Medium,2026-08-12 21:45:32.070184
V02933,Craig PLC,AMER,Low,2026-08-12 21:45:32.070184
V02934,Thompson LLC,AMER,High,2026-08-12 21:45:32.070184
V02935,palmer inc,APAC,Medium,2026-08-12 21:45:32.070184
V02936,Simpson-Jackson,APAC,Low,2026-08-12 21:45:32.070184
V02937,Morgan Ltd,LATAM,Low,2026-08-12 21:45:32.070184
V02938,Decker Inc,APAC,High,2026-08-12 21:45:32.070184
V02939,Evans-Carter,AMER,High,2026-08-12 21:45:32.070184
V02940,Smith Ltd,LATAM,Medium,2026-08-12 21:45:32.070184
V02941,"Long, Leblanc and Hickman",AMER,Low,2026-08-12 21:45:32.070184
V02942,"Robertson, Barry and Walls",EMEA,High,2026-08-12 21:45:32.070184
V02943,"Charles, Brown and Smith",EMEA,Low,2026-08-12 21:45:32.070184
V02944,Murphy-Gomez,AMER,Medium,2026-08-12 21:45:32.070184
V02945,Bailey Ltd,AMER,High,2026-08-12 21:45:32.070184
V02946,Morales Inc,AMER,Medium,2026-08-12 21:45:32.070184
V02947,Jordan and Sons,APAC,High,2026-08-12 21:45:32.070184
V02948,Rice and Sons,APAC,,2026-08-12 21:45:32.070184
V02949,Martinez-Freeman,LATAM,High,2026-08-12 21:45:32.070184
V02950,Hammond LLC,EMEA,High,2026-08-12 21:45:32.070184
V02951,Ruiz LLC,AMER,Medium,2026-08-12 21:45:32.070184
V02952,Diaz-Mcclain,LATAM,Low,2026-08-12 21:45:32.070184
V02953,"Cain, Rodriguez and Gonzales",AMER,Medium,2026-08-12 21:45:32.070184
V02954,Martin-Gomez,APAC,Medium,2026-08-12 21:45:32.070184
V02955,Smith-Stephenson,LATAM,Low,2026-08-12 21:45:32.070184
V02956,"Gonzalez, Lopez and Williams",AMER,Low,2026-08-12 21:45:32.070184
V02957,Fisher-Rivera,AMER,Low,2026-08-12 21:45:32.070184
V02958,Martin and Sons,APAC,Medium,2026-08-12 21:45:32.070184
V02959,Moyer-Bird,EMEA,Medium,2026-08-12 21:45:32.070184
V02960,Fisher PLC,EMEA,High,2026-08-12 21:45:32.070184
V02961,Marsh-Klein,AMER,Medium,2026-08-12 21:45:32.070184
V02962,Potter-Deleon,EMEA,High,2026-08-12 21:45:32.070184
V02963,Shaw-Mclean,EMEA,Medium,2026-08-12 21:45:32.070184
V02964,Anderson-Rosario,APAC,Medium,2026-08-12 21:45:32.070184
V02965,Martinez LLC,LATAM,Medium,2026-08-12 21:45:32.070184
V02966,"Smith, Cohen and Williams",LATAM,High,2026-08-12 21:45:32.070184
V02967,Jordan-Harper,LATAM,Low,2026-08-12 21:45:32.070184
V02968,Hamilton LLC,LATAM,Medium,2026-08-12 21:45:32.070184
V02969,Tucker-Hodges,APAC,Low,2026-08-12 21:45:32.070184
V02970,Williamson Ltd,APAC,Low,2026-08-12 21:45:32.070184
V02971,"Lopez, Campbell and Wilson",EMEA,Medium,2026-08-12 21:45:32.070184
V02972,Gamble-Wright,EMEA,Medium,2026-08-12 21:45:32.070184
V02973,Gonzalez-Mccarthy,APAC,High,2026-08-12 21:45:32.070184
V02974,Haynes PLC,AMER,Medium,2026-08-12 21:45:32.070184
V02975,"White, Riddle and Garza",AMER,Low,2026-08-12 21:45:32.070184
V02976,"Hernandez, Martinez and Morales",AMER,Low,2026-08-12 21:45:32.070184
V02977,Mooney-Hickman,LATAM,High,2026-08-12 21:45:32.070184
V02978,Smith-Gonzalez,LATAM,High,2026-08-12 21:45:32.070184
V02979,James PLC,LATAM,Medium,2026-08-12 21:45:32.070184
V02980,Graves-Baird,APAC,High,2026-08-12 21:45:32.070184
V02981,Rogers Group,APAC,Low,2026-08-12 21:45:32.070184
V02982,Hicks Ltd,AMER,Medium,2026-08-12 21:45:32.070184
V02983,Torres LLC,LATAM,,2026-08-12 21:45:32.070184
V02984,Ramirez-Bell,APAC,High,2026-08-12 21:45:32.070184
V02985,Wright-Jacobson,EMEA,High,2026-08-12 21:45:32.070184
V02986,Williams Inc,APAC,Low,2026-08-12 21:45:32.070184
V02987,"Garner, Lewis and Kennedy",EMEA,Medium,2026-08-12 21:45:32.070184
V02988,"Garcia, Lopez and Vaughan",AMER,High,2026-08-12 21:45:32.070184
V02989,Cook-Rodriguez,APAC,Medium,2026-08-12 21:45:32.070184
V02990,"Smith, Arnold and Atkins",EMEA,Medium,2026-08-12 21:45:32.070184
V02991,Ward-Patrick,APAC,Low,2026-08-12 21:45:32.070184
V02992,"Maxwell, Rice and Watson",LATAM,High,2026-08-12 21:45:32.070184
V02993,"Hill, Silva and Miller",LATAM,High,2026-08-12 21:45:32.070184
V02994,Anderson Ltd,EMEA,Low,2026-08-12 21:45:32.070184
V02995,"Martinez, Willis and Barr",EMEA,Medium,2026-08-12 21:45:32.070184
V02996,"Roth, Lee and Griffin",LATAM,High,2026-08-12 21:45:32.070184
V02997,Jones PLC,LATAM,High,2026-08-12 21:45:32.070184
V02998,"Cooper, Swanson and Mayo",EMEA,High,2026-08-12 21:45:32.070184
V02999,ferguson and sons,APAC,Medium,2026-08-12 21:45:32.070184
V03000,Anderson Group,LATAM,Low,2026-08-12 21:45:32.070184
V03001,"Dawson, Snow and Malone",EMEA,Low,2026-08-12 21:45:32.070184
V03002,"Hester, Jacobson and West",APAC,Medium,2026-08-12 21:45:32.070184
V03003,"Wilson, Graham and Webb",APAC,Medium,2026-08-12 21:45:32.070184
V03004,"Velazquez, Gordon and Johnson",AMER,Medium,2026-08-12 21:45:32.070184
V03005,"Hill, Ponce and Roberts",EMEA,Medium,2026-08-12 21:45:32.070184
V03006,"Brown, Compton and Lee",LATAM,Low,2026-08-12 21:45:32.070184
V03007,Simpson-Patel,LATAM,Low,2026-08-12 21:45:32.070184
V03008,"Mata, Martin and Christensen",LATAM,High,2026-08-12 21:45:32.070184
V03009,Hart-Myers,LATAM,Medium,2026-08-12 21:45:32.070184
V03010,"Nelson, White and Moore",APAC,High,2026-08-12 21:45:32.070184
V03011,Vargas Inc,LATAM,High,2026-08-12 21:45:32.070184
V03012,"Gibson, Zimmerman and Warren",APAC,High,2026-08-12 21:45:32.070184
V03013,Phelps-Phillips,EMEA,Medium,2026-08-12 21:45:32.070184
V03014,Arnold-Jackson,AMER,,2026-08-12 21:45:32.070184
V03015,Ferguson LLC,APAC,Low,2026-08-12 21:45:32.070184
V03016,Bowman LLC,LATAM,,2026-08-12 21:45:32.070184
V03017,Nelson Inc,AMER,Medium,2026-08-12 21:45:32.070184
V03018,"Whitney, Mayo and Clark",APAC,Medium,2026-08-12 21:45:32.070184
V03019,Smith LLC,AMER,High,2026-08-12 21:45:32.070184
V03020,"Jacobs, Wood and Miller",LATAM,Low,2026-08-12 21:45:32.070184
V03021,"Henson, Baker and Anderson",AMER,High,2026-08-12 21:45:32.070184
V03022,"Phillips, Galloway and Garrett",LATAM,Low,2026-08-12 21:45:32.070184
V03023,Holloway and Sons,EMEA,High,2026-08-12 21:45:32.070184
V03024,"Sanford, Thompson and Bonilla",APAC,Medium,2026-08-12 21:45:32.070184
V03025,"Sandoval, Parrish and Crosby",EMEA,High,2026-08-12 21:45:32.070184
V03026,"Rodriguez, Reese and Reyes",AMER,Low,2026-08-12 21:45:32.070184
V03027,"Scott, Sims and Munoz",AMER,Medium,2026-08-12 21:45:32.070184
V03028,Montoya and Sons,APAC,High,2026-08-12 21:45:32.070184
V03029,Adams-Perkins,AMER,Low,2026-08-12 21:45:32.070184
V03030,Moore-Hall,AMER,Medium,2026-08-12 21:45:32.070184
V03031,"Hamilton, Hernandez and Mendoza",APAC,Medium,2026-08-12 21:45:32.070184
V03032,White-Lopez,EMEA,High,2026-08-12 21:45:32.070184
V03033,Lopez Group,LATAM,Low,2026-08-12 21:45:32.070184
V03034,"White, Campbell and Collins",EMEA,Medium,2026-08-12 21:45:32.070184
V03035,Roth Ltd,LATAM,Low,2026-08-12 21:45:32.070184
V03036,"Lopez, Thomas and Simmons",LATAM,,2026-08-12 21:45:32.070184
V03037,Stout-Waller,EMEA,Medium,2026-08-12 21:45:32.070184
V03038,ramsey and sons,APAC,Low,2026-08-12 21:45:32.070184
V03039,"Christensen, Smith and Garcia",APAC,Low,2026-08-12 21:45:32.070184
V03040,Smith-Serrano,LATAM,High,2026-08-12 21:45:32.070184
V03041,"michael, anderson and carrillo",LATAM,Medium,2026-08-12 21:45:32.070184
V03042,Thomas-Burton,APAC,Medium,2026-08-12 21:45:32.070184
V03043,Sparks Inc,LATAM,High,2026-08-12 21:45:32.070184
V03044,Daniels LLC,EMEA,High,2026-08-12 21:45:32.070184
V03045,"Miller, Taylor and Malone",AMER,High,2026-08-12 21:45:32.070184
V03046,Ochoa-Parker,AMER,Low,2026-08-12 21:45:32.070184
V03047,Moore-Brown,APAC,Medium,2026-08-12 21:45:32.070184
V03048,"Adams, Stephens and Smith",LATAM,Low,2026-08-12 21:45:32.070184
V03049,Garcia LLC,APAC,High,2026-08-12 21:45:32.070184
V03050,Hunt Group,AMER,Medium,2026-08-12 21:45:32.070184
V03051,Smith and Sons,EMEA,Medium,2026-08-12 21:45:32.070184
V03052,Perez Group,AMER,Low,2026-08-12 21:45:32.070184
V03053,Gomez LLC,AMER,High,2026-08-12 21:45:32.070184
V03054,Dorsey Ltd,LATAM,High,2026-08-12 21:45:32.070184
V03055,Mcdaniel-Espinoza,LATAM,High,2026-08-12 21:45:32.070184
V03056,Vasquez Inc,AMER,High,2026-08-12 21:45:32.070184
V03057,Garcia LLC,APAC,High,2026-08-12 21:45:32.070184
V03058,Jones-Cook,LATAM,Medium,2026-08-12 21:45:32.070184
V03059,Mclean-Gillespie,LATAM,Low,2026-08-12 21:45:32.070184
V03060,Munoz and Sons,APAC,Low,2026-08-12 21:45:32.070184
V03061,Moreno-Greene,LATAM,High,2026-08-12 21:45:32.070184
V03062,"Coleman, Barry and Mcdaniel",LATAM,High,2026-08-12 21:45:32.070184
V03063,"Roth, Bailey and Garcia",LATAM,Low,2026-08-12 21:45:32.070184
V03064,Stanley-Cantu,EMEA,High,2026-08-12 21:45:32.070184
V03065,"Lindsey, Mccormick and Hensley",LATAM,Low,2026-08-12 21:45:32.070184
V03066,Strickland and Sons,LATAM,High,2026-08-12 21:45:32.070184
V03067,Hernandez-Griffin,LATAM,High,2026-08-12 21:45:32.070184
V03068,Briggs-Wilson,EMEA,Medium,2026-08-12 21:45:32.070184
V03069,Moyer-Ramirez,EMEA,Medium,2026-08-12 21:45:32.070184
V03070,Morris and Sons,APAC,Low,2026-08-12 21:45:32.070184
V03071,Saunders LLC,EMEA,High,2026-08-12 21:45:32.070184
V03072,Snyder-Olson,LATAM,Low,2026-08-12 21:45:32.070184
V03073,Guzman-Fields,AMER,High,2026-08-12 21:45:32.070184
V03074,Pham Ltd,EMEA,Low,2026-08-12 21:45:32.070184
V03075,Reyes PLC,AMER,,2026-08-12 21:45:32.070184
V03076,Ryan-Vasquez,LATAM,Medium,2026-08-12 21:45:32.070184
V03077,"Underwood, Cruz and Carpenter",APAC,High,2026-08-12 21:45:32.070184
V03078,Rose-Frank,AMER,Medium,2026-08-12 21:45:32.070184
V03079,"Robinson, Miller and Ward",APAC,Medium,2026-08-12 21:45:32.070184
V03080,Mcknight Inc,AMER,Medium,2026-08-12 21:45:32.070184
V03081,Grant-Rosario,LATAM,Medium,2026-08-12 21:45:32.070184
V03082,Brown LLC,APAC,High,2026-08-12 21:45:32.070184
V03083,Allison-Delacruz,EMEA,Medium,2026-08-12 21:45:32.070184
V03084,Phillips and Sons,EMEA,Medium,2026-08-12 21:45:32.070184
V03085,"Bonilla, Durham and Sanchez",AMER,Medium,2026-08-12 21:45:32.070184
V03086,Brown and Sons,EMEA,Medium,2026-08-12 21:45:32.070184
V03087,Hayden Ltd,APAC,Medium,2026-08-12 21:45:32.070184
V03088,Bennett Inc,AMER,Low,2026-08-12 21:45:32.070184
V03089,"Hanna, Watson and Miles",EMEA,Medium,2026-08-12 21:45:32.070184
V03090,"Perkins, Woods and Wheeler",APAC,High,2026-08-12 21:45:32.070184
V03091,Johnson LLC,LATAM,High,2026-08-12 21:45:32.070184
V03092,Miller Inc,EMEA,Low,2026-08-12 21:45:32.070184
V03093,Carroll Group,APAC,High,2026-08-12 21:45:32.070184
V03094,Cannon Group,APAC,Low,2026-08-12 21:45:32.070184
V03095,"Taylor, Rose and Rush",LATAM,Medium,2026-08-12 21:45:32.070184
V03096,Jenkins-Rogers,APAC,High,2026-08-12 21:45:32.070184
V03097,"Dominguez, Mitchell and Moore",APAC,High,2026-08-12 21:45:32.070184
V03098,"Johnson, Potter and Gordon",LATAM,High,2026-08-12 21:45:32.070184
V03099,sanders group,EMEA,Medium,2026-08-12 21:45:32.070184
V03100,"Vaughan, Gibson and Dawson",AMER,Medium,2026-08-12 21:45:32.070184
V03101,Ellison-Shaw,EMEA,Medium,2026-08-12 21:45:32.070184
V03102,"Perez, Huynh and Nelson",AMER,High,2026-08-12 21:45:32.070184
V03103,Boyd and Sons,AMER,High,2026-08-12 21:45:32.070184
V03104,"Lewis, Montgomery and Robinson",EMEA,High,2026-08-12 21:45:32.070184
V03105,Carson PLC,LATAM,High,2026-08-12 21:45:32.070184
V03106,"Skinner, Velasquez and Mcdonald",AMER,Medium,2026-08-12 21:45:32.070184
V03107,Delgado-Sullivan,AMER,Low,2026-08-12 21:45:32.070184
V03108,Martin-Pratt,EMEA,Medium,2026-08-12 21:45:32.070184
V03109,"Coleman, Nelson and Garcia",EMEA,Low,2026-08-12 21:45:32.070184
V03110,Morrison-Bradford,AMER,High,2026-08-12 21:45:32.070184
V03111,Allen and Sons,EMEA,High,2026-08-12 21:45:32.070184
V03112,"Rodriguez, Lewis and Smith",EMEA,High,2026-08-12 21:45:32.070184
V03113,Lopez-Harris,EMEA,High,2026-08-12 21:45:32.070184
V03114,Allen Inc,AMER,High,2026-08-12 21:45:32.070184
V03115,"Cunningham, Elliott and Tyler",AMER,Low,2026-08-12 21:45:32.070184
V03116,Williams Inc,LATAM,Low,2026-08-12 21:45:32.070184
V03117,Smith-Kelly,LATAM,Medium,2026-08-12 21:45:32.070184
V03118,Benjamin-Porter,AMER,High,2026-08-12 21:45:32.070184
V03119,Walton-Swanson,EMEA,High,2026-08-12 21:45:32.070184
V03120,Park Inc,LATAM,Low,2026-08-12 21:45:32.070184
V03121,Russell-Figueroa,APAC,Medium,2026-08-12 21:45:32.070184
V03122,Shaw and Sons,LATAM,High,2026-08-12 21:45:32.070184
V03123,Matthews Group,APAC,High,2026-08-12 21:45:32.070184
V03124,Willis-Christian,APAC,High,2026-08-12 21:45:32.070184
V03125,Martin-Fleming,EMEA,,2026-08-12 21:45:32.070184
V03126,Mcclure Inc,LATAM,Medium,2026-08-12 21:45:32.070184
V03127,"Hall, Lewis and Maldonado",LATAM,High,2026-08-12 21:45:32.070184
V03128,Mack and Sons,LATAM,Medium,2026-08-12 21:45:32.070184
V03129,"Black, Chandler and Curtis",EMEA,Low,2026-08-12 21:45:32.070184
V03130,West-Anderson,EMEA,Medium,2026-08-12 21:45:32.070184
V03131,Ward-Chase,LATAM,Low,2026-08-12 21:45:32.070184
V03132,Williams-Marquez,EMEA,High,2026-08-12 21:45:32.070184
V03133,"Hughes, Clark and Bishop",EMEA,Medium,2026-08-12 21:45:32.070184
V03134,Rubio PLC,EMEA,Medium,2026-08-12 21:45:32.070184
V03135,"Gamble, Davis and Smith",LATAM,High,2026-08-12 21:45:32.070184
V03136,Payne-Novak,LATAM,Medium,2026-08-12 21:45:32.070184
V03137,Porter Group,APAC,High,2026-08-12 21:45:32.070184
V03138,Jackson-Phillips,LATAM,,2026-08-12 21:45:32.070184
V03139,Ramirez LLC,AMER,Medium,2026-08-12 21:45:32.070184
V03140,Davis-White,LATAM,,2026-08-12 21:45:32.070184
V03141,Scott-Kennedy,EMEA,High,2026-08-12 21:45:32.070184
V03142,Hines-Ramos,APAC,Low,2026-08-12 21:45:32.070184
V03143,Case PLC,APAC,High,2026-08-12 21:45:32.070184
V03144,Williams-Trevino,EMEA,High,2026-08-12 21:45:32.070184
V03145,Ortiz-Harvey,AMER,Low,2026-08-12 21:45:32.070184
V03146,"Anderson, Richardson and Kirk",LATAM,High,2026-08-12 21:45:32.070184
V03147,Brooks-Fleming,AMER,High,2026-08-12 21:45:32.070184
V03148,"Cole, Rich and Esparza",LATAM,Low,2026-08-12 21:45:32.070184
V03149,Oliver Ltd,LATAM,Low,2026-08-12 21:45:32.070184
V03150,Figueroa and Sons,APAC,High,2026-08-12 21:45:32.070184
V03151,"Nicholson, Smith and Farrell",AMER,Medium,2026-08-12 21:45:32.070184
V03152,Bennett-Hudson,APAC,High,2026-08-12 21:45:32.070184
V03153,Walker Group,EMEA,High,2026-08-12 21:45:32.070184
V03154,"Davis, Owens and Day",AMER,Medium,2026-08-12 21:45:32.070184
V03155,Rodriguez-White,APAC,High,2026-08-12 21:45:32.070184
V03156,Lowery Group,AMER,Low,2026-08-12 21:45:32.070184
V03157,Gonzalez-Murphy,APAC,Medium,2026-08-12 21:45:32.070184
V03158,Peterson-Munoz,EMEA,Low,2026-08-12 21:45:32.070184
V03159,Park Group,APAC,Medium,2026-08-12 21:45:32.070184
V03160,Ramirez Inc,APAC,Medium,2026-08-12 21:45:32.070184
V03161,"Moore, Harrison and Bowman",EMEA,Low,2026-08-12 21:45:32.070184
V03162,Carroll-Huerta,LATAM,Low,2026-08-12 21:45:32.070184
V03163,Brown-Stokes,APAC,Low,2026-08-12 21:45:32.070184
V03164,Irwin-Lewis,APAC,High,2026-08-12 21:45:32.070184
V03165,Parrish Ltd,AMER,High,2026-08-12 21:45:32.070184
V03166,Nelson-Reid,AMER,High,2026-08-12 21:45:32.070184
V03167,Thomas LLC,AMER,High,2026-08-12 21:45:32.070184
V03168,Miller-Russo,EMEA,Low,2026-08-12 21:45:32.070184
V03169,Savage-Warren,APAC,Medium,2026-08-12 21:45:32.070184
V03170,"Orozco, White and Brown",EMEA,High,2026-08-12 21:45:32.070184
V03171,Peterson-Mullins,APAC,Medium,2026-08-12 21:45:32.070184
V03172,Gonzalez Group,LATAM,Low,2026-08-12 21:45:32.070184
V03173,Alvarez-Barker,LATAM,,2026-08-12 21:45:32.070184
V03174,Sheppard Group,EMEA,Medium,2026-08-12 21:45:32.070184
V03175,Gaines-Hudson,APAC,High,2026-08-12 21:45:32.070184
V03176,Hoffman PLC,APAC,High,2026-08-12 21:45:32.070184
V03177,Miller Ltd,EMEA,Low,2026-08-12 21:45:32.070184
V03178,"Jensen, Morris and Downs",AMER,Low,2026-08-12 21:45:32.070184
V03179,"Newton, Doyle and Stewart",APAC,Medium,2026-08-12 21:45:32.070184
V03180,Mosley and Sons,EMEA,Medium,2026-08-12 21:45:32.070184
V03181,Lin-Wilson,EMEA,Low,2026-08-12 21:45:32.070184
V03182,"Russell, Meyer and Smith",LATAM,Low,2026-08-12 21:45:32.070184
V03183,Harding-Mathews,LATAM,High,2026-08-12 21:45:32.070184
V03184,"Cole, Montes and Davis",AMER,Medium,2026-08-12 21:45:32.070184
V03185,Reese and Sons,LATAM,High,2026-08-12 21:45:32.070184
V03186,Horton-Schroeder,EMEA,High,2026-08-12 21:45:32.070184
V03187,"Gray, Bailey and Farley",AMER,Low,2026-08-12 21:45:32.070184
V03188,"Ray, Smith and Cervantes",LATAM,High,2026-08-12 21:45:32.070184
V03189,Turner LLC,APAC,Medium,2026-08-12 21:45:32.070184
V03190,"Fuentes, Martinez and Porter",APAC,Medium,2026-08-12 21:45:32.070184
V03191,Gutierrez-Bell,LATAM,,2026-08-12 21:45:32.070184
V03192,"Simmons, Dickson and Rogers",LATAM,Low,2026-08-12 21:45:32.070184
V03193,Ellis LLC,AMER,Medium,2026-08-12 21:45:32.070184
V03194,Tran and Sons,EMEA,High,2026-08-12 21:45:32.070184
V03195,"Graham, Mitchell and Keller",LATAM,,2026-08-12 21:45:32.070184
V03196,"Kim, Campbell and Oliver",APAC,Low,2026-08-12 21:45:32.070184
V03197,Cowan Inc,AMER,Low,2026-08-12 21:45:32.070184
V03198,Banks PLC,LATAM,Low,2026-08-12 21:45:32.070184
V03199,Garcia-Brady,APAC,Medium,2026-08-12 21:45:32.070184
V03200,"Ho, Garcia and Wallace",LATAM,Low,2026-08-12 21:45:32.070184
V03201,"Shaffer, Contreras and Christian",EMEA,High,2026-08-12 21:45:32.070184
V03202,Walker Group,APAC,Low,2026-08-12 21:45:32.070184
V03203,"James, Gonzalez and Harrison",EMEA,Medium,2026-08-12 21:45:32.070184
V03204,Bell Group,APAC,High,2026-08-12 21:45:32.070184
V03205,Odonnell-Newman,APAC,Low,2026-08-12 21:45:32.070184
V03206,"Foster, Ayers and Casey",EMEA,,2026-08-12 21:45:32.070184
V03207,"Campbell, Hobbs and Baker",EMEA,Low,2026-08-12 21:45:32.070184
V03208,Nunez-Smith,EMEA,Low,2026-08-12 21:45:32.070184
V03209,Johnson-Johnson,LATAM,Medium,2026-08-12 21:45:32.070184
V03210,Randall-Stone,LATAM,Low,2026-08-12 21:45:32.070184
V03211,"Greene, Rogers and Haley",AMER,Medium,2026-08-12 21:45:32.070184
V03212,Allen-Beltran,APAC,Low,2026-08-12 21:45:32.070184
V03213,Jensen Group,AMER,Medium,2026-08-12 21:45:32.070184
V03214,Solis PLC,EMEA,Low,2026-08-12 21:45:32.070184
V03215,Anderson-Fields,EMEA,Low,2026-08-12 21:45:32.070184
V03216,"Thompson, Strong and Holmes",LATAM,Medium,2026-08-12 21:45:32.070184
V03217,Hall-Mckinney,EMEA,Medium,2026-08-12 21:45:32.070184
V03218,Gordon Ltd,APAC,High,2026-08-12 21:45:32.070184
V03219,"Mueller, Cameron and Burton",APAC,Low,2026-08-12 21:45:32.070184
V03220,Hood-Moore,EMEA,High,2026-08-12 21:45:32.070184
V03221,Harris-Davis,LATAM,,2026-08-12 21:45:32.070184
V03222,Smith-Carrillo,EMEA,Low,2026-08-12 21:45:32.070184
V03223,johnson ltd,EMEA,Low,2026-08-12 21:45:32.070184
V03224,"Knapp, Miller and Reyes",LATAM,Medium,2026-08-12 21:45:32.070184
V03225,"Gross, Lucero and Walters",LATAM,Medium,2026-08-12 21:45:32.070184
V03226,Lopez-Delgado,APAC,High,2026-08-12 21:45:32.070184
V03227,Phillips PLC,APAC,Medium,2026-08-12 21:45:32.070184
V03228,Barber Group,APAC,Medium,2026-08-12 21:45:32.070184
V03229,Hopkins-Hill,AMER,High,2026-08-12 21:45:32.070184
V03230,Burton Ltd,APAC,Low,2026-08-12 21:45:32.070184
V03231,"Camacho, Rodriguez and Ho",AMER,High,2026-08-12 21:45:32.070184
V03232,Rodriguez LLC,LATAM,Low,2026-08-12 21:45:32.070184
V03233,Kline-Davis,EMEA,Medium,2026-08-12 21:45:32.070184
V03234,Kirk-Durham,AMER,High,2026-08-12 21:45:32.070184
V03235,Myers Group,EMEA,Low,2026-08-12 21:45:32.070184
V03236,Gutierrez Group,AMER,Low,2026-08-12 21:45:32.070184
V03237,"Jones, Mcdaniel and Brooks",EMEA,High,2026-08-12 21:45:32.070184
V03238,Schultz-Hayes,APAC,High,2026-08-12 21:45:32.070184
V03239,White Inc,EMEA,Medium,2026-08-12 21:45:32.070184
V03240,Keller Ltd,EMEA,High,2026-08-12 21:45:32.070184
V03241,"Bond, Wilson and Cooper",LATAM,Low,2026-08-12 21:45:32.070184
V03242,Webb-Mendez,LATAM,Medium,2026-08-12 21:45:32.070184
V03243,"Smith, Boyd and Scott",LATAM,Medium,2026-08-12 21:45:32.070184
V03244,Lee Inc,APAC,Low,2026-08-12 21:45:32.070184
V03245,"Johnson, Hunt and Hernandez",APAC,Low,2026-08-12 21:45:32.070184
V03246,Wilson-Robinson,AMER,Low,2026-08-12 21:45:32.070184
V03247,Taylor-Miller,LATAM,Low,2026-08-12 21:45:32.070184
V03248,"Case, Adams and Olson",EMEA,Medium,2026-08-12 21:45:32.070184
V03249,Bailey PLC,LATAM,High,2026-08-12 21:45:32.070184
V03250,"Phillips, Mcgee and Simpson",AMER,Low,2026-08-12 21:45:32.070184
V03251,"Potts, Nielsen and Wright",LATAM,Low,2026-08-12 21:45:32.070184
V03252,Mcdaniel Ltd,EMEA,Low,2026-08-12 21:45:32.070184
V03253,Hayden-Garcia,APAC,Low,2026-08-12 21:45:32.070184
V03254,"Collins, Bauer and Mckay",AMER,High,2026-08-12 21:45:32.070184
V03255,Hamilton-Griffin,LATAM,Medium,2026-08-12 21:45:32.070184
V03256,"Burgess, Cabrera and Dean",LATAM,Low,2026-08-12 21:45:32.070184
V03257,"Reyes, Gonzalez and Gomez",APAC,Medium,2026-08-12 21:45:32.070184
V03258,"Weiss, Cole and Preston",APAC,Low,2026-08-12 21:45:32.070184
V03259,"King, Ortiz and Munoz",EMEA,High,2026-08-12 21:45:32.070184
V03260,"Clements, Moreno and Sanders",APAC,Low,2026-08-12 21:45:32.070184
V03261,White LLC,APAC,Low,2026-08-12 21:45:32.070184
V03262,Gibbs-Howard,LATAM,Medium,2026-08-12 21:45:32.070184
V03263,Lewis LLC,APAC,High,2026-08-12 21:45:32.070184
V03264,Thomas-Edwards,APAC,Medium,2026-08-12 21:45:32.070184
V03265,Flores Inc,APAC,,2026-08-12 21:45:32.070184
V03266,"Murphy, Marshall and Pope",LATAM,Low,2026-08-12 21:45:32.070184
V03267,Hoffman Group,LATAM,High,2026-08-12 21:45:32.070184
V03268,Guzman-Rose,LATAM,High,2026-08-12 21:45:32.070184
V03269,Hoffman Ltd,LATAM,Low,2026-08-12 21:45:32.070184
V03270,"Shah, Aguirre and Powers",AMER,High,2026-08-12 21:45:32.070184
V03271,"Stafford, Fisher and Avila",EMEA,Medium,2026-08-12 21:45:32.070184
V03272,Li-Gonzalez,LATAM,Medium,2026-08-12 21:45:32.070184
V03273,Lang Group,LATAM,Medium,2026-08-12 21:45:32.070184
V03274,Mooney Group,LATAM,High,2026-08-12 21:45:32.070184
V03275,Martinez and Sons,AMER,Low,2026-08-12 21:45:32.070184
V03276,"Murphy, Reyes and Ray",APAC,Low,2026-08-12 21:45:32.070184
V03277,Smith-Logan,AMER,High,2026-08-12 21:45:32.070184
V03278,"Travis, Buck and Mitchell",APAC,High,2026-08-12 21:45:32.070184
V03279,Johnson-Ferguson,EMEA,Medium,2026-08-12 21:45:32.070184
V03280,"Williams, Newman and Jones",LATAM,High,2026-08-12 21:45:32.070184
V03281,Gallegos Group,EMEA,Low,2026-08-12 21:45:32.070184
V03282,"Turner, Stewart and Reed",APAC,High,2026-08-12 21:45:32.070184
V03283,Hawkins LLC,EMEA,Medium,2026-08-12 21:45:32.070184
V03284,Salazar-Long,EMEA,Medium,2026-08-12 21:45:32.070184
V03285,"Riggs, Snyder and Davidson",AMER,High,2026-08-12 21:45:32.070184
V03286,Cameron PLC,EMEA,Medium,2026-08-12 21:45:32.070184
V03287,Johnson Inc,LATAM,Medium,2026-08-12 21:45:32.070184
V03288,Taylor LLC,APAC,Low,2026-08-12 21:45:32.070184
V03289,"Ramsey, Perez and Miller",AMER,Low,2026-08-12 21:45:32.070184
V03290,"Barrera, Wood and Leach",APAC,High,2026-08-12 21:45:32.070184
V03291,Villa Inc,AMER,Low,2026-08-12 21:45:32.070184
V03292,Ware-Williams,LATAM,Medium,2026-08-12 21:45:32.070184
V03293,Valentine Inc,APAC,Medium,2026-08-12 21:45:32.070184
V03294,Murphy-Salazar,APAC,High,2026-08-12 21:45:32.070184
V03295,Nelson-Jackson,EMEA,Medium,2026-08-12 21:45:32.070184
V03296,Silva Inc,EMEA,High,2026-08-12 21:45:32.070184
V03297,Flores and Sons,EMEA,High,2026-08-12 21:45:32.070184
V03298,"Barron, Church and Gutierrez",EMEA,Medium,2026-08-12 21:45:32.070184
V03299,Barnett-Boyd,AMER,Medium,2026-08-12 21:45:32.070184
V03300,Lane Ltd,LATAM,Medium,2026-08-12 21:45:32.070184
V03301,Bray-Morris,EMEA,Medium,2026-08-12 21:45:32.070184
V03302,"Webb, Davis and Miranda",LATAM,High,2026-08-12 21:45:32.070184
V03303,"Miller, Hansen and Salas",LATAM,High,2026-08-12 21:45:32.070184
V03304,"Holland, Foley and Neal",APAC,Medium,2026-08-12 21:45:32.070184
V03305,Bonilla Inc,EMEA,Medium,2026-08-12 21:45:32.070184
V03306,Smith and Sons,EMEA,Medium,2026-08-12 21:45:32.070184
V03307,Cardenas-Lopez,EMEA,High,2026-08-12 21:45:32.070184
V03308,Peterson PLC,LATAM,High,2026-08-12 21:45:32.070184
V03309,"Palmer, Edwards and Blackburn",EMEA,High,2026-08-12 21:45:32.070184
V03310,"Gibson, Moore and Wagner",EMEA,Medium,2026-08-12 21:45:32.070184
V03311,Robinson LLC,LATAM,High,2026-08-12 21:45:32.070184
V03312,Hester-Parrish,AMER,,2026-08-12 21:45:32.070184
V03313,"Harris, Ross and Jones",AMER,Medium,2026-08-12 21:45:32.070184
V03314,Martin-Parker,AMER,High,2026-08-12 21:45:32.070184
V03315,"Wong, Thomas and Walter",APAC,High,2026-08-12 21:45:32.070184
V03316,"Rodriguez, Smith and Murray",AMER,High,2026-08-12 21:45:32.070184
V03317,Johnson-Stanley,EMEA,Medium,2026-08-12 21:45:32.070184
V03318,Bell-Wilson,APAC,Medium,2026-08-12 21:45:32.070184
V03319,"Miller, Reynolds and Hernandez",LATAM,Low,2026-08-12 21:45:32.070184
V03320,"Jordan, Cook and Alexander",APAC,Low,2026-08-12 21:45:32.070184
V03321,Davis-Wong,APAC,High,2026-08-12 21:45:32.070184
V03322,"Reilly, Lee and Lopez",AMER,High,2026-08-12 21:45:32.070184
V03323,Wheeler PLC,EMEA,Low,2026-08-12 21:45:32.070184
V03324,"Snyder, Hamilton and Maldonado",EMEA,,2026-08-12 21:45:32.070184
V03325,"Wright, Rodriguez and Wilson",AMER,Medium,2026-08-12 21:45:32.070184
V03326,Johnston and Sons,LATAM,Medium,2026-08-12 21:45:32.070184
V03327,Patel LLC,APAC,Low,2026-08-12 21:45:32.070184
V03328,Andrade Ltd,LATAM,Medium,2026-08-12 21:45:32.070184
V03329,"Sullivan, Long and Robinson",LATAM,Low,2026-08-12 21:45:32.070184
V03330,"Adams, Harris and Floyd",AMER,Medium,2026-08-12 21:45:32.070184
V03331,Walsh-Mccarthy,APAC,Low,2026-08-12 21:45:32.070184
V03332,Gross-Davis,AMER,High,2026-08-12 21:45:32.070184
V03333,"Velez, Howell and Stevenson",AMER,Low,2026-08-12 21:45:32.070184
V03334,"Allen, Edwards and Jones",APAC,Low,2026-08-12 21:45:32.070184
V03335,Cook Group,LATAM,Low,2026-08-12 21:45:32.070184
V03336,Rivers Ltd,AMER,High,2026-08-12 21:45:32.070184
V03337,Patterson-Smith,EMEA,Medium,2026-08-12 21:45:32.070184
V03338,Ibarra-Jackson,EMEA,High,2026-08-12 21:45:32.070184
V03339,Wheeler Group,AMER,,2026-08-12 21:45:32.070184
V03340,"Smith, Marks and Kennedy",AMER,Medium,2026-08-12 21:45:32.070184
V03341,Fuentes PLC,EMEA,High,2026-08-12 21:45:32.070184
V03342,"Mooney, Conley and Fox",LATAM,Low,2026-08-12 21:45:32.070184
V03343,Fischer Inc,APAC,Medium,2026-08-12 21:45:32.070184
V03344,Torres Ltd,LATAM,Medium,2026-08-12 21:45:32.070184
V03345,Chavez-Navarro,AMER,Medium,2026-08-12 21:45:32.070184
V03346,"Scott, Tucker and Diaz",LATAM,Low,2026-08-12 21:45:32.070184
V03347,Carey LLC,AMER,Medium,2026-08-12 21:45:32.070184
V03348,"Cook, Holmes and Beck",AMER,High,2026-08-12 21:45:32.070184
V03349,"Washington, Nelson and Stone",LATAM,High,2026-08-12 21:45:32.070184
V03350,"Smith, Irwin and Chase",EMEA,Medium,2026-08-12 21:45:32.070184
V03351,"Mcknight, Howard and Johnson",LATAM,Medium,2026-08-12 21:45:32.070184
V03352,"Figueroa, Mcpherson and Howard",AMER,Medium,2026-08-12 21:45:32.070184
V03353,"Davis, Knapp and Gray",LATAM,Medium,2026-08-12 21:45:32.070184
V03354,Sheppard Ltd,APAC,High,2026-08-12 21:45:32.070184
V03355,"Gardner, Gaines and Archer",AMER,Low,2026-08-12 21:45:32.070184
V03356,"Thompson, Lozano and Bailey",EMEA,High,2026-08-12 21:45:32.070184
V03357,Myers-Butler,AMER,Low,2026-08-12 21:45:32.070184
V03358,Parker-Williams,APAC,High,2026-08-12 21:45:32.070184
V03359,"Miles, Flowers and Martinez",LATAM,High,2026-08-12 21:45:32.070184
V03360,Knight-Sparks,APAC,High,2026-08-12 21:45:32.070184
V03361,Roberts-Montes,AMER,Medium,2026-08-12 21:45:32.070184
V03362,Ho-Thomas,APAC,Low,2026-08-12 21:45:32.070184
V03363,"Hernandez, Levy and Hanson",AMER,Low,2026-08-12 21:45:32.070184
V03364,"Martin, Tucker and Brown",AMER,,2026-08-12 21:45:32.070184
V03365,Smith-Williams,APAC,Low,2026-08-12 21:45:32.070184
V03366,Petersen-Martinez,APAC,,2026-08-12 21:45:32.070184
V03367,Torres-Jordan,EMEA,High,2026-08-12 21:45:32.070184
V03368,"Flowers, Williams and Taylor",LATAM,High,2026-08-12 21:45:32.070184
V03369,Glover-Shaw,APAC,Low,2026-08-12 21:45:32.070184
V03370,"Moore, Miller and Nelson",APAC,Medium,2026-08-12 21:45:32.070184
V03371,"Gonzalez, Richards and Miller",LATAM,Medium,2026-08-12 21:45:32.070184
V03372,Johnson LLC,LATAM,Medium,2026-08-12 21:45:32.070184
V03373,Cain Ltd,LATAM,Low,2026-08-12 21:45:32.070184
V03374,Henderson-Rasmussen,EMEA,Low,2026-08-12 21:45:32.070184
V03375,Orozco LLC,LATAM,Low,2026-08-12 21:45:32.070184
V03376,"Collins, Elliott and Shelton",APAC,High,2026-08-12 21:45:32.070184
V03377,Brock-Taylor,APAC,High,2026-08-12 21:45:32.070184
V03378,Wright Group,APAC,Low,2026-08-12 21:45:32.070184
V03379,"Gonzalez, Torres and Evans",EMEA,Low,2026-08-12 21:45:32.070184
V03380,"Murray, White and Patton",EMEA,High,2026-08-12 21:45:32.070184
V03381,Davis-Rose,AMER,Low,2026-08-12 21:45:32.070184
V03382,"Edwards, Donovan and Marquez",EMEA,Low,2026-08-12 21:45:32.070184
V03383,Gomez-Owens,EMEA,Medium,2026-08-12 21:45:32.070184
V03384,Murray-Gaines,EMEA,Medium,2026-08-12 21:45:32.070184
V03385,Bernard Group,EMEA,Low,2026-08-12 21:45:32.070184
V03386,Campos PLC,AMER,Low,2026-08-12 21:45:32.070184
V03387,Buchanan-Carpenter,EMEA,Medium,2026-08-12 21:45:32.070184
V03388,Martinez-Daniels,AMER,Medium,2026-08-12 21:45:32.070184
V03389,"Rich, Brown and Bruce",AMER,Low,2026-08-12 21:45:32.070184
V03390,Powell Inc,LATAM,Low,2026-08-12 21:45:32.070184
V03391,Aguirre-Golden,EMEA,High,2026-08-12 21:45:32.070184
V03392,Combs-Miller,EMEA,High,2026-08-12 21:45:32.070184
V03393,gallegos-santos,AMER,Medium,2026-08-12 21:45:32.070184
V03394,Wheeler-Short,EMEA,High,2026-08-12 21:45:32.070184
V03395,"olson, rivera and brown",EMEA,Low,2026-08-12 21:45:32.070184
V03396,"Richards, Dixon and Love",AMER,High,2026-08-12 21:45:32.070184
V03397,"Harris, Thomas and Yang",AMER,Low,2026-08-12 21:45:32.070184
V03398,Taylor-Jacobson,AMER,Low,2026-08-12 21:45:32.070184
V03399,"Phelps, Turner and Collins",LATAM,Medium,2026-08-12 21:45:32.070184
V03400,Shaffer PLC,EMEA,High,2026-08-12 21:45:32.070184
V03401,"Gonzalez, Jones and Hernandez",LATAM,Medium,2026-08-12 21:45:32.070184
V03402,Meyer and Sons,APAC,Low,2026-08-12 21:45:32.070184
V03403,Garcia Inc,EMEA,Medium,2026-08-12 21:45:32.070184
V03404,"Wallace, Brown and Martinez",APAC,,2026-08-12 21:45:32.070184
V03405,Webb-White,EMEA,Low,2026-08-12 21:45:32.070184
V03406,Skinner PLC,EMEA,Medium,2026-08-12 21:45:32.070184
V03407,Underwood-Maldonado,EMEA,Medium,2026-08-12 21:45:32.070184
V03408,"Williamson, Reynolds and Fields",LATAM,Medium,2026-08-12 21:45:32.070184
V03409,Thomas Ltd,APAC,Medium,2026-08-12 21:45:32.070184
V03410,"Allen, Hunt and Lyons",EMEA,Low,2026-08-12 21:45:32.070184
V03411,Alvarez LLC,EMEA,High,2026-08-12 21:45:32.070184
V03412,Contreras-Haley,LATAM,High,2026-08-12 21:45:32.070184
V03413,Richardson-Hill,APAC,High,2026-08-12 21:45:32.070184
V03414,Wolfe-Rodriguez,LATAM,Low,2026-08-12 21:45:32.070184
V03415,Li-Hernandez,LATAM,Low,2026-08-12 21:45:32.070184
V03416,Bryant-Elliott,EMEA,High,2026-08-12 21:45:32.070184
V03417,Carpenter Inc,EMEA,,2026-08-12 21:45:32.070184
V03418,"Santos, Sandoval and Wallace",EMEA,Medium,2026-08-12 21:45:32.070184
V03419,Estes-Mcdonald,EMEA,High,2026-08-12 21:45:32.070184
V03420,"Ellis, Smith and Moore",EMEA,Low,2026-08-12 21:45:32.070184
V03421,"Foley, Gordon and Bailey",EMEA,Medium,2026-08-12 21:45:32.070184
V03422,"Warren, Palmer and Thompson",AMER,High,2026-08-12 21:45:32.070184
V03423,Bell Ltd,AMER,Low,2026-08-12 21:45:32.070184
V03424,"Morgan, Espinoza and Buchanan",APAC,Low,2026-08-12 21:45:32.070184
V03425,Glover-Barrett,EMEA,High,2026-08-12 21:45:32.070184
V03426,Jones-Franco,AMER,Medium,2026-08-12 21:45:32.070184
V03427,Bennett-Ruiz,LATAM,Medium,2026-08-12 21:45:32.070184
V03428,"White, Erickson and Hunter",APAC,Low,2026-08-12 21:45:32.070184
V03429,"Fox, Anderson and Nguyen",EMEA,Low,2026-08-12 21:45:32.070184
V03430,"Bailey, Williamson and Powell",LATAM,Low,2026-08-12 21:45:32.070184
V03431,Johnson Ltd,APAC,High,2026-08-12 21:45:32.070184
V03432,Hall Ltd,AMER,High,2026-08-12 21:45:32.070184
V03433,Porter Ltd,AMER,Low,2026-08-12 21:45:32.070184
V03434,morris-hall,LATAM,Medium,2026-08-12 21:45:32.070184
V03435,"Flynn, Garcia and Gilmore",APAC,Medium,2026-08-12 21:45:32.070184
V03436,"Stafford, Campos and Fisher",AMER,Medium,2026-08-12 21:45:32.070184
V03437,Brown LLC,APAC,Low,2026-08-12 21:45:32.070184
V03438,Johnson Ltd,EMEA,High,2026-08-12 21:45:32.070184
V03439,Alexander LLC,EMEA,Low,2026-08-12 21:45:32.070184
V03440,"Welch, Johnson and Thompson",EMEA,High,2026-08-12 21:45:32.070184
V03441,Hale Group,AMER,Medium,2026-08-12 21:45:32.070184
V03442,Zhang PLC,AMER,High,2026-08-12 21:45:32.070184
V03443,"Gonzalez, King and Kim",EMEA,Medium,2026-08-12 21:45:32.070184
V03444,Perez-Harmon,APAC,High,2026-08-12 21:45:32.070184
V03445,Cervantes-Stokes,APAC,Low,2026-08-12 21:45:32.070184
V03446,Miller Inc,APAC,Medium,2026-08-12 21:45:32.070184
V03447,"Moyer, Davis and Johnson",AMER,Medium,2026-08-12 21:45:32.070184
V03448,Barry LLC,LATAM,High,2026-08-12 21:45:32.070184
V03449,Carroll-Lin,EMEA,,2026-08-12 21:45:32.070184
V03450,Lopez-Blair,APAC,Medium,2026-08-12 21:45:32.070184
V03451,"May, Crawford and Collier",LATAM,Low,2026-08-12 21:45:32.070184
V03452,"Carey, Mason and Kelly",LATAM,Medium,2026-08-12 21:45:32.070184
V03453,"Castaneda, Solis and Gonzales",LATAM,Medium,2026-08-12 21:45:32.070184
V03454,"Bennett, Jones and Miller",APAC,High,2026-08-12 21:45:32.070184
V03455,"Evans, Wilson and Hall",APAC,Medium,2026-08-12 21:45:32.070184
V03456,"Fernandez, Johnson and Nicholson",AMER,High,2026-08-12 21:45:32.070184
V03457,Nielsen-King,AMER,Low,2026-08-12 21:45:32.070184
V03458,"Howard, Brennan and Moore",AMER,Low,2026-08-12 21:45:32.070184
V03459,Jones-Johnston,EMEA,High,2026-08-12 21:45:32.070184
V03460,"Frederick, Porter and Ross",AMER,Low,2026-08-12 21:45:32.070184
V03461,Gardner Inc,APAC,High,2026-08-12 21:45:32.070184
V03462,"Ruiz, Lowery and Baker",LATAM,High,2026-08-12 21:45:32.070184
V03463,Johnson Group,AMER,High,2026-08-12 21:45:32.070184
V03464,Gonzalez-Barron,EMEA,High,2026-08-12 21:45:32.070184
V03465,Taylor PLC,AMER,Low,2026-08-12 21:45:32.070184
V03466,"Rivera, Todd and Gaines",EMEA,Low,2026-08-12 21:45:32.070184
V03467,Young Inc,EMEA,Medium,2026-08-12 21:45:32.070184
V03468,"Strong, Warner and Cannon",LATAM,High,2026-08-12 21:45:32.070184
V03469,reed inc,AMER,Medium,2026-08-12 21:45:32.070184
V03470,George-Salazar,EMEA,Low,2026-08-12 21:45:32.070184
V03471,Clay Group,EMEA,High,2026-08-12 21:45:32.070184
V03472,Nelson Inc,EMEA,Low,2026-08-12 21:45:32.070184
V03473,Johnson PLC,EMEA,Low,2026-08-12 21:45:32.070184
V03474,Santos Group,APAC,High,2026-08-12 21:45:32.070184
V03475,Turner-Horn,EMEA,Medium,2026-08-12 21:45:32.070184
V03476,Smith Inc,EMEA,,2026-08-12 21:45:32.070184
V03477,Ayala and Sons,APAC,Medium,2026-08-12 21:45:32.070184
V03478,"Franklin, Gray and Sutton",AMER,Medium,2026-08-12 21:45:32.070184
V03479,Tran Inc,LATAM,Low,2026-08-12 21:45:32.070184
V03480,Cannon-Dominguez,LATAM,Low,2026-08-12 21:45:32.070184
V03481,Miles-Dunn,APAC,High,2026-08-12 21:45:32.070184
V03482,Kim PLC,AMER,High,2026-08-12 21:45:32.070184
V03483,Bell-Cooper,LATAM,Medium,2026-08-12 21:45:32.070184
V03484,Allen Inc,LATAM,Medium,2026-08-12 21:45:32.070184
V03485,"Smith, Gutierrez and Goodwin",EMEA,Low,2026-08-12 21:45:32.070184
V03486,"Bradley, Ritter and Smith",APAC,Medium,2026-08-12 21:45:32.070184
V03487,"Wright, Brown and Brown",LATAM,Medium,2026-08-12 21:45:32.070184
V03488,White-Williams,EMEA,Low,2026-08-12 21:45:32.070184
V03489,Morrison-Zamora,AMER,Low,2026-08-12 21:45:32.070184
V03490,Anderson-Sanders,EMEA,Medium,2026-08-12 21:45:32.070184
V03491,"Martinez, Jones and Wright",EMEA,Low,2026-08-12 21:45:32.070184
V03492,"Harris, Thornton and Li",AMER,Low,2026-08-12 21:45:32.070184
V03493,Wallace LLC,APAC,,2026-08-12 21:45:32.070184
V03494,Deleon-Carter,APAC,High,2026-08-12 21:45:32.070184
V03495,"Sanchez, Orozco and Flores",LATAM,Medium,2026-08-12 21:45:32.070184
V03496,"Gordon, Brown and Mccullough",LATAM,High,2026-08-12 21:45:32.070184
V03497,"Sampson, Tucker and Miller",AMER,Medium,2026-08-12 21:45:32.070184
V03498,Skinner PLC,EMEA,Low,2026-08-12 21:45:32.070184
V03499,Torres PLC,EMEA,Medium,2026-08-12 21:45:32.070184
V03500,Martinez Ltd,EMEA,Medium,2026-08-12 21:45:32.070184
V03501,Johnson and Sons,LATAM,High,2026-08-12 21:45:32.070184
V03502,"Alexander, Duran and Benton",APAC,Medium,2026-08-12 21:45:32.070184
V03503,Porter Inc,EMEA,Medium,2026-08-12 21:45:32.070184
V03504,Ramirez-Cruz,AMER,Medium,2026-08-12 21:45:32.070184
V03505,Brown PLC,APAC,High,2026-08-12 21:45:32.070184
V03506,Simpson-Roy,APAC,High,2026-08-12 21:45:32.070184
V03507,Wallace-Walker,APAC,High,2026-08-12 21:45:32.070184
V03508,Lopez-Jordan,EMEA,Low,2026-08-12 21:45:32.070184
V03509,Guerrero Inc,EMEA,High,2026-08-12 21:45:32.070184
V03510,"Hines, Pineda and Kent",EMEA,Medium,2026-08-12 21:45:32.070184
V03511,Livingston-Solomon,APAC,High,2026-08-12 21:45:32.070184
V03512,"Robinson, Johnson and Swanson",EMEA,High,2026-08-12 21:45:32.070184
V03513,"Hamilton, Patterson and Daniel",LATAM,High,2026-08-12 21:45:32.070184
V03514,"Goodwin, Aguirre and Tran",APAC,Low,2026-08-12 21:45:32.070184
V03515,"Randolph, Mitchell and Ritter",APAC,High,2026-08-12 21:45:32.070184
V03516,"Ford, Armstrong and Carroll",AMER,Medium,2026-08-12 21:45:32.070184
V03517,"Green, Horne and Mcdonald",APAC,Medium,2026-08-12 21:45:32.070184
V03518,Anderson Inc,EMEA,Medium,2026-08-12 21:45:32.070184
V03519,Marsh-Tapia,APAC,High,2026-08-12 21:45:32.070184
V03520,Lutz PLC,EMEA,High,2026-08-12 21:45:32.070184
V03521,Morgan-Foster,AMER,High,2026-08-12 21:45:32.070184
V03522,"Hill, Adams and King",APAC,Low,2026-08-12 21:45:32.070184
V03523,"Patrick, Franklin and Martinez",AMER,Medium,2026-08-12 21:45:32.070184
V03524,"Guerrero, Huff and Abbott",AMER,Low,2026-08-12 21:45:32.070184
V03525,Ford-Gonzales,AMER,Medium,2026-08-12 21:45:32.070184
V03526,Johnson-Howard,EMEA,Medium,2026-08-12 21:45:32.070184
V03527,"Richard, Robinson and Brown",LATAM,Medium,2026-08-12 21:45:32.070184
V03528,Hill PLC,APAC,Low,2026-08-12 21:45:32.070184
V03529,"Edwards, Brown and White",EMEA,High,2026-08-12 21:45:32.070184
V03530,Green-Simpson,AMER,Low,2026-08-12 21:45:32.070184
V03531,Mccoy and Sons,APAC,Low,2026-08-12 21:45:32.070184
V03532,"Douglas, Hall and Pena",AMER,High,2026-08-12 21:45:32.070184
V03533,Cohen Group,EMEA,Medium,2026-08-12 21:45:32.070184
V03534,"Stewart, Tran and Perez",APAC,Medium,2026-08-12 21:45:32.070184
V03535,"Braun, Hester and Smith",AMER,High,2026-08-12 21:45:32.070184
V03536,Fernandez-Williams,AMER,Low,2026-08-12 21:45:32.070184
V03537,Bailey Inc,EMEA,High,2026-08-12 21:45:32.070184
V03538,"Wallace, Dixon and Young",APAC,Medium,2026-08-12 21:45:32.070184
V03539,Hudson-Calderon,AMER,Medium,2026-08-12 21:45:32.070184
V03540,"Perry, May and Liu",LATAM,High,2026-08-12 21:45:32.070184
V03541,Johnson PLC,AMER,Low,2026-08-12 21:45:32.070184
V03542,Rogers-Russell,APAC,Low,2026-08-12 21:45:32.070184
V03543,"Brooks, Dunlap and Carter",AMER,Low,2026-08-12 21:45:32.070184
V03544,Martin Inc,LATAM,,2026-08-12 21:45:32.070184
V03545,Conrad-Buck,EMEA,Low,2026-08-12 21:45:32.070184
V03546,Rodriguez and Sons,LATAM,Low,2026-08-12 21:45:32.070184
V03547,Dixon-Norman,AMER,High,2026-08-12 21:45:32.070184
V03548,"Logan, Marquez and Case",AMER,Low,2026-08-12 21:45:32.070184
V03549,Rivas-Johnson,EMEA,High,2026-08-12 21:45:32.070184
V03550,"Hernandez, Farmer and Banks",AMER,High,2026-08-12 21:45:32.070184
V03551,Benjamin and Sons,EMEA,Medium,2026-08-12 21:45:32.070184
V03552,"Gordon, Andrews and Kelley",APAC,Medium,2026-08-12 21:45:32.070184
V03553,Ryan-Martinez,EMEA,Low,2026-08-12 21:45:32.070184
V03554,"Yates, Lawson and Hopkins",EMEA,Medium,2026-08-12 21:45:32.070184
V03555,"Alexander, Adams and Huff",APAC,,2026-08-12 21:45:32.070184
V03556,Bartlett-Murphy,LATAM,Low,2026-08-12 21:45:32.070184
V03557,Hall-Edwards,AMER,High,2026-08-12 21:45:32.070184
V03558,Steele Group,APAC,High,2026-08-12 21:45:32.070184
V03559,"Rosario, Ortiz and Miller",APAC,Medium,2026-08-12 21:45:32.070184
V03560,"Wagner, Melendez and Valdez",EMEA,High,2026-08-12 21:45:32.070184
V03561,"hall, hartman and hall",EMEA,,2026-08-12 21:45:32.070184
V03562,Frost and Sons,EMEA,Medium,2026-08-12 21:45:32.070184
V03563,Craig-Wade,LATAM,High,2026-08-12 21:45:32.070184
V03564,"Green, Mitchell and Edwards",EMEA,Medium,2026-08-12 21:45:32.070184
V03565,Ortiz PLC,EMEA,Low,2026-08-12 21:45:32.070184
V03566,johnston ltd,AMER,High,2026-08-12 21:45:32.070184
V03567,Yoder Group,APAC,Low,2026-08-12 21:45:32.070184
V03568,Jackson Group,EMEA,Low,2026-08-12 21:45:32.070184
V03569,Cannon-Dawson,EMEA,Medium,2026-08-12 21:45:32.070184
V03570,Newton-Martinez,APAC,Medium,2026-08-12 21:45:32.070184
V03571,Bass Inc,AMER,Low,2026-08-12 21:45:32.070184
V03572,"Jackson, Jones and Robertson",EMEA,Low,2026-08-12 21:45:32.070184
V03573,"Sellers, Strong and Gomez",AMER,Medium,2026-08-12 21:45:32.070184
V03574,Terry-Allen,EMEA,Medium,2026-08-12 21:45:32.070184
V03575,Wilson-Merritt,APAC,,2026-08-12 21:45:32.070184
V03576,Vargas-Jensen,AMER,High,2026-08-12 21:45:32.070184
V03577,"Williams, Rodgers and Kelly",LATAM,High,2026-08-12 21:45:32.070184
V03578,Lozano-Mccoy,LATAM,Medium,2026-08-12 21:45:32.070184
V03579,"Davenport, Roberts and Woods",AMER,High,2026-08-12 21:45:32.070184
V03580,Quinn Ltd,APAC,High,2026-08-12 21:45:32.070184
V03581,"Hendricks, Zuniga and Miller",APAC,Low,2026-08-12 21:45:32.070184
V03582,Watkins LLC,EMEA,Low,2026-08-12 21:45:32.070184
V03583,"Banks, Gray and Gonzales",AMER,High,2026-08-12 21:45:32.070184
V03584,"Sharp, Ramirez and Mejia",LATAM,Low,2026-08-12 21:45:32.070184
V03585,Evans LLC,APAC,Medium,2026-08-12 21:45:32.070184
V03586,Elliott PLC,LATAM,High,2026-08-12 21:45:32.070184
V03587,"Romero, Reilly and Mitchell",APAC,High,2026-08-12 21:45:32.070184
V03588,Flores-White,APAC,Medium,2026-08-12 21:45:32.070184
V03589,Williams Ltd,LATAM,Medium,2026-08-12 21:45:32.070184
V03590,"Clark, Stone and Andrews",LATAM,High,2026-08-12 21:45:32.070184
V03591,"Edwards, Reed and Martin",LATAM,Low,2026-08-12 21:45:32.070184
V03592,Hill-Gonzales,APAC,Medium,2026-08-12 21:45:32.070184
V03593,Roberts LLC,EMEA,Low,2026-08-12 21:45:32.070184
V03594,"Molina, Middleton and Estrada",EMEA,High,2026-08-12 21:45:32.070184
V03595,Davis PLC,EMEA,High,2026-08-12 21:45:32.070184
V03596,"Fischer, Johnson and Orr",EMEA,High,2026-08-12 21:45:32.070184
V03597,"Medina, Lee and Freeman",AMER,High,2026-08-12 21:45:32.070184
V03598,Wood LLC,AMER,Medium,2026-08-12 21:45:32.070184
V03599,"Simmons, Wallace and Martinez",EMEA,High,2026-08-12 21:45:32.070184
V03600,Phillips-Rodriguez,APAC,Medium,2026-08-12 21:45:32.070184
V03601,"Calhoun, Wilson and Oneal",APAC,High,2026-08-12 21:45:32.070184
V03602,Baker-Lin,LATAM,Low,2026-08-12 21:45:32.070184
V03603,Dennis-Wilson,AMER,Low,2026-08-12 21:45:32.070184
V03604,Lara-Garner,EMEA,,2026-08-12 21:45:32.070184
V03605,Luna LLC,AMER,Medium,2026-08-12 21:45:32.070184
V03606,Hunter LLC,APAC,Low,2026-08-12 21:45:32.070184
V03607,Mccoy-Hunt,EMEA,High,2026-08-12 21:45:32.070184
V03608,Mann LLC,EMEA,,2026-08-12 21:45:32.070184
V03609,Hamilton Ltd,EMEA,Low,2026-08-12 21:45:32.070184
V03610,"Stewart, Skinner and Guerrero",AMER,Medium,2026-08-12 21:45:32.070184
V03611,"Johnson, Walters and Smith",APAC,High,2026-08-12 21:45:32.070184
V03612,Willis and Sons,APAC,Medium,2026-08-12 21:45:32.070184
V03613,"Gonzalez, Harrison and Washington",LATAM,High,2026-08-12 21:45:32.070184
V03614,Gross LLC,AMER,High,2026-08-12 21:45:32.070184
V03615,Gonzalez Inc,APAC,,2026-08-12 21:45:32.070184
V03616,"Vincent, Curry and Smith",LATAM,High,2026-08-12 21:45:32.070184
V03617,Henry PLC,APAC,High,2026-08-12 21:45:32.070184
V03618,Mckinney Inc,AMER,Medium,2026-08-12 21:45:32.070184
V03619,Watts-Austin,APAC,High,2026-08-12 21:45:32.070184
V03620,"Silva, Little and Washington",AMER,Medium,2026-08-12 21:45:32.070184
V03621,"Best, Humphrey and Pittman",LATAM,Low,2026-08-12 21:45:32.070184
V03622,Contreras-Henry,LATAM,Low,2026-08-12 21:45:32.070184
V03623,"Myers, Howard and Castillo",EMEA,High,2026-08-12 21:45:32.070184
V03624,Robinson LLC,LATAM,Low,2026-08-12 21:45:32.070184
V03625,Montes-Nguyen,LATAM,High,2026-08-12 21:45:32.070184
V03626,"Coleman, Thompson and Huber",AMER,High,2026-08-12 21:45:32.070184
V03627,"Wilson, Terry and Bush",LATAM,Medium,2026-08-12 21:45:32.070184
V03628,Larsen-Shields,APAC,Medium,2026-08-12 21:45:32.070184
V03629,"Jenkins, Young and Carter",AMER,Low,2026-08-12 21:45:32.070184
V03630,"Lewis, Rosales and Ortiz",LATAM,High,2026-08-12 21:45:32.070184
V03631,"Ingram, Green and Stewart",LATAM,Low,2026-08-12 21:45:32.070184
V03632,Lamb-Coleman,LATAM,Low,2026-08-12 21:45:32.070184
V03633,Gaines-Adams,AMER,Low,2026-08-12 21:45:32.070184
V03634,"Robinson, Fields and Williams",AMER,Medium,2026-08-12 21:45:32.070184
V03635,Ortiz-Armstrong,LATAM,Low,2026-08-12 21:45:32.070184
V03636,Herrera Ltd,APAC,High,2026-08-12 21:45:32.070184
V03637,Gould PLC,AMER,Medium,2026-08-12 21:45:32.070184
V03638,"Rivera, Jacobs and Smith",AMER,Low,2026-08-12 21:45:32.070184
V03639,"Smith, Gray and Deleon",APAC,Medium,2026-08-12 21:45:32.070184
V03640,Barr-Wang,EMEA,,2026-08-12 21:45:32.070184
V03641,"Brown, Williams and Clark",EMEA,High,2026-08-12 21:45:32.070184
V03642,"Gonzalez, Moore and Nichols",APAC,High,2026-08-12 21:45:32.070184
V03643,"Perez, Solis and Lozano",EMEA,High,2026-08-12 21:45:32.070184
V03644,Gutierrez-Tran,EMEA,Low,2026-08-12 21:45:32.070184
V03645,Case Inc,LATAM,Low,2026-08-12 21:45:32.070184
V03646,Fischer PLC,AMER,Low,2026-08-12 21:45:32.070184
V03647,Mason Group,AMER,Medium,2026-08-12 21:45:32.070184
V03648,Moore LLC,EMEA,Medium,2026-08-12 21:45:32.070184
V03649,Hall Ltd,LATAM,Medium,2026-08-12 21:45:32.070184
V03650,Johnson Ltd,LATAM,High,2026-08-12 21:45:32.070184
V03651,Hess Group,AMER,Low,2026-08-12 21:45:32.070184
V03652,"Morales, Cardenas and Mcdowell",EMEA,Low,2026-08-12 21:45:32.070184
V03653,Jones PLC,AMER,High,2026-08-12 21:45:32.070184
V03654,"Warner, Oconnor and Smith",LATAM,High,2026-08-12 21:45:32.070184
V03655,"Greer, Jacobs and Hernandez",APAC,Medium,2026-08-12 21:45:32.070184
V03656,"Chapman, Myers and Decker",APAC,,2026-08-12 21:45:32.070184
V03657,Glover-Coleman,APAC,Medium,2026-08-12 21:45:32.070184
V03658,"Johnson, Hill and Harris",EMEA,High,2026-08-12 21:45:32.070184
V03659,Costa-Johnston,LATAM,High,2026-08-12 21:45:32.070184
V03660,Carter-Davis,EMEA,High,2026-08-12 21:45:32.070184
V03661,Hoffman-Webb,AMER,Medium,2026-08-12 21:45:32.070184
V03662,"Ferguson, Sanchez and Smith",AMER,High,2026-08-12 21:45:32.070184
V03663,Luna-Bean,AMER,Medium,2026-08-12 21:45:32.070184
V03664,"Klein, Chavez and Lane",APAC,Medium,2026-08-12 21:45:32.070184
V03665,Sanders and Sons,APAC,Medium,2026-08-12 21:45:32.070184
V03666,Wood-Hart,EMEA,Medium,2026-08-12 21:45:32.070184
V03667,"Collins, Thomas and Soto",APAC,High,2026-08-12 21:45:32.070184
V03668,Davis and Sons,APAC,High,2026-08-12 21:45:32.070184
V03669,Hancock Group,APAC,High,2026-08-12 21:45:32.070184
V03670,"Wright, Thomas and Jensen",APAC,Low,2026-08-12 21:45:32.070184
V03671,Mills-Franco,APAC,Low,2026-08-12 21:45:32.070184
V03672,Brown Group,LATAM,Medium,2026-08-12 21:45:32.070184
V03673,Jenkins-Yang,EMEA,High,2026-08-12 21:45:32.070184
V03674,Johnson Ltd,APAC,Low,2026-08-12 21:45:32.070184
V03675,"George, Savage and Adams",APAC,Low,2026-08-12 21:45:32.070184
V03676,Fischer Group,EMEA,Low,2026-08-12 21:45:32.070184
V03677,"Porter, Chung and Young",EMEA,Low,2026-08-12 21:45:32.070184
V03678,Fletcher-Robertson,APAC,Low,2026-08-12 21:45:32.070184
V03679,"Haney, Miller and Garcia",APAC,Low,2026-08-12 21:45:32.070184
V03680,"Jones, Martinez and Smith",LATAM,High,2026-08-12 21:45:32.070184
V03681,"Goodman, Martin and Kim",AMER,Medium,2026-08-12 21:45:32.070184
V03682,Williams Group,LATAM,Low,2026-08-12 21:45:32.070184
V03683,Jackson-Pratt,APAC,Medium,2026-08-12 21:45:32.070184
V03684,Taylor-Sawyer,APAC,High,2026-08-12 21:45:32.070184
V03685,Ross-Phillips,AMER,Medium,2026-08-12 21:45:32.070184
V03686,Forbes-Cortez,AMER,Medium,2026-08-12 21:45:32.070184
V03687,"Nelson, Morris and Preston",EMEA,Low,2026-08-12 21:45:32.070184
V03688,"Santos, Thomas and Mills",AMER,Low,2026-08-12 21:45:32.070184
V03689,Lang Ltd,APAC,Low,2026-08-12 21:45:32.070184
V03690,Stone-King,LATAM,,2026-08-12 21:45:32.070184
V03691,Clark-Rivera,AMER,Low,2026-08-12 21:45:32.070184
V03692,"Cortez, Phelps and Taylor",APAC,Medium,2026-08-12 21:45:32.070184
V03693,"Espinoza, Wells and Stewart",APAC,High,2026-08-12 21:45:32.070184
V03694,Hernandez Inc,AMER,High,2026-08-12 21:45:32.070184
V03695,Collins and Sons,EMEA,Medium,2026-08-12 21:45:32.070184
V03696,Benson PLC,EMEA,Low,2026-08-12 21:45:32.070184
V03697,Rivera-Brown,APAC,Medium,2026-08-12 21:45:32.070184
V03698,Wheeler-Jones,LATAM,Low,2026-08-12 21:45:32.070184
V03699,"hansen, perez and fuller",EMEA,Low,2026-08-12 21:45:32.070184
V03700,Hill Group,APAC,Medium,2026-08-12 21:45:32.070184
V03701,"Daniel, Richardson and Wang",LATAM,Medium,2026-08-12 21:45:32.070184
V03702,Hoffman-May,AMER,Medium,2026-08-12 21:45:32.070184
V03703,Jones and Sons,LATAM,High,2026-08-12 21:45:32.070184
V03704,Cross LLC,APAC,Low,2026-08-12 21:45:32.070184
V03705,Baker Inc,APAC,,2026-08-12 21:45:32.070184
V03706,Robles PLC,LATAM,Medium,2026-08-12 21:45:32.070184
V03707,"Miranda, Rivera and Ingram",AMER,High,2026-08-12 21:45:32.070184
V03708,"Jacobs, Levy and Mclaughlin",EMEA,Medium,2026-08-12 21:45:32.070184
V03709,"Barnett, Kennedy and Jackson",LATAM,Medium,2026-08-12 21:45:32.070184
V03710,Hays Inc,EMEA,Medium,2026-08-12 21:45:32.070184
V03711,"Thomas, Martin and Baxter",AMER,High,2026-08-12 21:45:32.070184
V03712,Miller-Booker,AMER,Medium,2026-08-12 21:45:32.070184
V03713,Hunt Group,APAC,Medium,2026-08-12 21:45:32.070184
V03714,Ortega-Murphy,LATAM,Medium,2026-08-12 21:45:32.070184
V03715,"Wolf, Allen and Long",EMEA,Medium,2026-08-12 21:45:32.070184
V03716,Mccarthy-Kelly,LATAM,Low,2026-08-12 21:45:32.070184
V03717,"Stewart, Miller and Jacobs",EMEA,Low,2026-08-12 21:45:32.070184
V03718,Moses Ltd,EMEA,Low,2026-08-12 21:45:32.070184
V03719,Dawson-Larsen,AMER,Medium,2026-08-12 21:45:32.070184
V03720,"Alexander, Neal and King",LATAM,Low,2026-08-12 21:45:32.070184
V03721,Grant Group,APAC,Low,2026-08-12 21:45:32.070184
V03722,"Bailey, Johnson and Diaz",AMER,Low,2026-08-12 21:45:32.070184
V03723,Townsend-Reed,EMEA,Medium,2026-08-12 21:45:32.070184
V03724,Lewis-Castro,EMEA,,2026-08-12 21:45:32.070184
V03725,Reyes and Sons,AMER,Low,2026-08-12 21:45:32.070184
V03726,"Cowan, Gonzalez and Ward",EMEA,High,2026-08-12 21:45:32.070184
V03727,Smith LLC,APAC,High,2026-08-12 21:45:32.070184
V03728,Davis-Wood,EMEA,Low,2026-08-12 21:45:32.070184
V03729,Shaw-Smith,EMEA,Medium,2026-08-12 21:45:32.070184
V03730,Johnson-Hill,AMER,Medium,2026-08-12 21:45:32.070184
V03731,Sanders-Forbes,EMEA,Low,2026-08-12 21:45:32.070184
V03732,"King, Garrett and Maddox",APAC,High,2026-08-12 21:45:32.070184
V03733,Roy Group,LATAM,Low,2026-08-12 21:45:32.070184
V03734,"Chen, Henry and Wells",EMEA,High,2026-08-12 21:45:32.070184
V03735,"Christensen, Aguirre and Johnson",LATAM,,2026-08-12 21:45:32.070184
V03736,Salazar Ltd,LATAM,High,2026-08-12 21:45:32.070184
V03737,Thornton and Sons,LATAM,High,2026-08-12 21:45:32.070184
V03738,Miller Inc,APAC,High,2026-08-12 21:45:32.070184
V03739,Ramos Ltd,LATAM,Medium,2026-08-12 21:45:32.070184
V03740,Edwards PLC,LATAM,Low,2026-08-12 21:45:32.070184
V03741,Lucero-Lee,APAC,Medium,2026-08-12 21:45:32.070184
V03742,"Mclaughlin, Cook and Powers",LATAM,Medium,2026-08-12 21:45:32.070184
V03743,Hurst-Jackson,LATAM,Low,2026-08-12 21:45:32.070184
V03744,"Bowen, Diaz and Smith",EMEA,Medium,2026-08-12 21:45:32.070184
V03745,"Powell, Monroe and Caldwell",EMEA,High,2026-08-12 21:45:32.070184
V03746,Lee PLC,EMEA,Low,2026-08-12 21:45:32.070184
V03747,Daniel Inc,APAC,Medium,2026-08-12 21:45:32.070184
V03748,Ramos LLC,APAC,Low,2026-08-12 21:45:32.070184
V03749,"Gonzalez, Wagner and Thompson",AMER,Low,2026-08-12 21:45:32.070184
V03750,"Wilkinson, Everett and Collins",AMER,Medium,2026-08-12 21:45:32.070184
V03751,"Bell, Peterson and Carroll",LATAM,High,2026-08-12 21:45:32.070184
V03752,"Miller, Conrad and Davis",APAC,Medium,2026-08-12 21:45:32.070184
V03753,White Inc,AMER,Medium,2026-08-12 21:45:32.070184
V03754,Stewart Ltd,APAC,High,2026-08-12 21:45:32.070184
V03755,Wang Inc,EMEA,High,2026-08-12 21:45:32.070184
V03756,Little Group,AMER,High,2026-08-12 21:45:32.070184
V03757,Wiley and Sons,AMER,Medium,2026-08-12 21:45:32.070184
V03758,Hood-May,LATAM,Medium,2026-08-12 21:45:32.070184
V03759,Burgess Ltd,AMER,High,2026-08-12 21:45:32.070184
V03760,Collins Group,LATAM,Medium,2026-08-12 21:45:32.070184
V03761,"Mitchell, Ramirez and Cunningham",AMER,Low,2026-08-12 21:45:32.070184
V03762,Perez-Lopez,LATAM,High,2026-08-12 21:45:32.070184
V03763,Thompson LLC,EMEA,Low,2026-08-12 21:45:32.070184
V03764,Wolfe-Baker,LATAM,,2026-08-12 21:45:32.070184
V03765,Kelly-Cox,EMEA,Low,2026-08-12 21:45:32.070184
V03766,"Mills, Gallegos and Mcdaniel",EMEA,Medium,2026-08-12 21:45:32.070184
V03767,Johnson PLC,EMEA,Low,2026-08-12 21:45:32.070184
V03768,Moore-Carroll,AMER,Medium,2026-08-12 21:45:32.070184
V03769,"Hamilton, Brewer and Fleming",EMEA,Medium,2026-08-12 21:45:32.070184
V03770,Clark-Lyons,LATAM,Low,2026-08-12 21:45:32.070184
V03771,"Arnold, Paul and Adams",APAC,High,2026-08-12 21:45:32.070184
V03772,"Ayala, Scott and Mcdonald",LATAM,Medium,2026-08-12 21:45:32.070184
V03773,Weeks PLC,APAC,High,2026-08-12 21:45:32.070184
V03774,"Welch, Alvarez and Mcdonald",APAC,High,2026-08-12 21:45:32.070184
V03775,Watson-Gray,AMER,Medium,2026-08-12 21:45:32.070184
V03776,"Valenzuela, Morris and Garcia",APAC,Medium,2026-08-12 21:45:32.070184
V03777,Booth-Smith,AMER,High,2026-08-12 21:45:32.070184
V03778,Alvarez-Rogers,AMER,Low,2026-08-12 21:45:32.070184
V03779,Lopez LLC,EMEA,Low,2026-08-12 21:45:32.070184
V03780,Martin-Payne,AMER,High,2026-08-12 21:45:32.070184
V03781,Gonzales PLC,LATAM,Medium,2026-08-12 21:45:32.070184
V03782,Watkins-Neal,EMEA,Low,2026-08-12 21:45:32.070184
V03783,"Ross, Flowers and King",AMER,Medium,2026-08-12 21:45:32.070184
V03784,Burke-Olson,LATAM,Medium,2026-08-12 21:45:32.070184
V03785,Evans-Arellano,AMER,Medium,2026-08-12 21:45:32.070184
V03786,Hines PLC,EMEA,Medium,2026-08-12 21:45:32.070184
V03787,Fisher LLC,LATAM,High,2026-08-12 21:45:32.070184
V03788,"Morales, Johnson and Hunt",EMEA,Medium,2026-08-12 21:45:32.070184
V03789,Tanner-Sanford,APAC,Low,2026-08-12 21:45:32.070184
V03790,"Gonzalez, Compton and Walton",AMER,Low,2026-08-12 21:45:32.070184
V03791,Alvarado Inc,AMER,Low,2026-08-12 21:45:32.070184
V03792,Parker and Sons,AMER,High,2026-08-12 21:45:32.070184
V03793,Ellis-Martin,AMER,Medium,2026-08-12 21:45:32.070184
V03794,Hopkins and Sons,APAC,High,2026-08-12 21:45:32.070184
V03795,Turner Inc,APAC,High,2026-08-12 21:45:32.070184
V03796,Young and Sons,APAC,Medium,2026-08-12 21:45:32.070184
V03797,Davis-Sanchez,AMER,Low,2026-08-12 21:45:32.070184
V03798,"Peters, Rowe and Smith",EMEA,Low,2026-08-12 21:45:32.070184
V03799,Cooper Group,LATAM,Low,2026-08-12 21:45:32.070184
V03800,"Mcdaniel, Hale and Durham",AMER,High,2026-08-12 21:45:32.070184
V03801,"Bennett, Ford and Sanchez",APAC,Low,2026-08-12 21:45:32.070184
V03802,Hughes LLC,AMER,Medium,2026-08-12 21:45:32.070184
V03803,Ross LLC,AMER,Medium,2026-08-12 21:45:32.070184
V03804,Weiss-Cross,LATAM,Medium,2026-08-12 21:45:32.070184
V03805,Carlson-Ferguson,APAC,High,2026-08-12 21:45:32.070184
V03806,Freeman-Yang,EMEA,Medium,2026-08-12 21:45:32.070184
V03807,"Johnson, Blackwell and Thompson",LATAM,Low,2026-08-12 21:45:32.070184
V03808,Wood LLC,AMER,High,2026-08-12 21:45:32.070184
V03809,"Morrow, Bishop and Walton",LATAM,Low,2026-08-12 21:45:32.070184
V03810,Brewer and Sons,APAC,High,2026-08-12 21:45:32.070184
V03811,Lopez-Clark,LATAM,Medium,2026-08-12 21:45:32.070184
V03812,Davis-Cruz,APAC,High,2026-08-12 21:45:32.070184
V03813,Simmons LLC,AMER,Medium,2026-08-12 21:45:32.070184
V03814,Hughes-Nicholson,AMER,,2026-08-12 21:45:32.070184
V03815,Green Group,APAC,Medium,2026-08-12 21:45:32.070184
V03816,Martin Ltd,LATAM,High,2026-08-12 21:45:32.070184
V03817,"Flowers, Marshall and Miller",APAC,High,2026-08-12 21:45:32.070184
V03818,"Oconnor, Rios and Sullivan",APAC,High,2026-08-12 21:45:32.070184
V03819,Martin and Sons,EMEA,Medium,2026-08-12 21:45:32.070184
V03820,"Hunter, Parks and Smith",APAC,,2026-08-12 21:45:32.070184
V03821,"Choi, Morales and Wise",LATAM,Medium,2026-08-12 21:45:32.070184
V03822,Coleman-Harmon,LATAM,Low,2026-08-12 21:45:32.070184
V03823,munoz group,APAC,High,2026-08-12 21:45:32.070184
V03824,"Watson, Wells and Rogers",LATAM,High,2026-08-12 21:45:32.070184
V03825,"Bonilla, Rodriguez and White",APAC,High,2026-08-12 21:45:32.070184
V03826,Schmidt-Reyes,EMEA,Medium,2026-08-12 21:45:32.070184
V03827,"Miller, Smith and Vaughan",AMER,Medium,2026-08-12 21:45:32.070184
V03828,"Lawrence, Gonzalez and Hess",APAC,High,2026-08-12 21:45:32.070184
V03829,"Brennan, Graham and Marshall",APAC,,2026-08-12 21:45:32.070184
V03830,Martinez Group,AMER,Medium,2026-08-12 21:45:32.070184
V03831,Richardson-Small,LATAM,High,2026-08-12 21:45:32.070184
V03832,"Wood, Simmons and Leonard",EMEA,Medium,2026-08-12 21:45:32.070184
V03833,Daniels and Sons,AMER,Low,2026-08-12 21:45:32.070184
V03834,Kelly-Smith,LATAM,,2026-08-12 21:45:32.070184
V03835,evans-johnson,EMEA,Medium,2026-08-12 21:45:32.070184
V03836,Howard Inc,AMER,Low,2026-08-12 21:45:32.070184
V03837,"Rodgers, Wright and Miller",LATAM,Low,2026-08-12 21:45:32.070184
V03838,Martinez and Sons,APAC,High,2026-08-12 21:45:32.070184
V03839,"Snyder, Orozco and Reed",EMEA,High,2026-08-12 21:45:32.070184
V03840,Barker-Sanchez,AMER,Low,2026-08-12 21:45:32.070184
V03841,"Hoover, Carroll and Williams",APAC,Low,2026-08-12 21:45:32.070184
V03842,Watson-Thomas,LATAM,Low,2026-08-12 21:45:32.070184
V03843,"Little, Macias and Reyes",LATAM,Low,2026-08-12 21:45:32.070184
V03844,"Miller, Pennington and Curry",APAC,Low,2026-08-12 21:45:32.070184
V03845,Morales-White,LATAM,Low,2026-08-12 21:45:32.070184
V03846,"Scott, Delgado and Andrade",EMEA,Medium,2026-08-12 21:45:32.070184
V03847,Sanford-Leon,APAC,High,2026-08-12 21:45:32.070184
V03848,"Green, Turner and Palmer",AMER,Low,2026-08-12 21:45:32.070184
V03849,Benson Inc,AMER,Low,2026-08-12 21:45:32.070184
V03850,Berry-Lewis,APAC,Low,2026-08-12 21:45:32.070184
V03851,Hill-Barker,AMER,High,2026-08-12 21:45:32.070184
V03852,Hill Ltd,LATAM,High,2026-08-12 21:45:32.070184
V03853,Jacobs and Sons,APAC,Low,2026-08-12 21:45:32.070184
V03854,"Mitchell, Smith and Clark",EMEA,Medium,2026-08-12 21:45:32.070184
V03855,Sandoval-Hill,APAC,,2026-08-12 21:45:32.070184
V03856,George-Daugherty,AMER,Low,2026-08-12 21:45:32.070184
V03857,Davis-Walker,EMEA,Medium,2026-08-12 21:45:32.070184
V03858,"Nguyen, Brown and Roberts",APAC,Low,2026-08-12 21:45:32.070184
V03859,"Lynch, Murray and Fisher",LATAM,Low,2026-08-12 21:45:32.070184
V03860,"Murphy, Price and Spears",LATAM,Low,2026-08-12 21:45:32.070184
V03861,Cooper LLC,LATAM,High,2026-08-12 21:45:32.070184
V03862,Carson-Hernandez,EMEA,High,2026-08-12 21:45:32.070184
V03863,"Porter, Patel and Jackson",LATAM,Medium,2026-08-12 21:45:32.070184
V03864,scott-johnson,AMER,Low,2026-08-12 21:45:32.070184
V03865,"Faulkner, Welch and Hoffman",APAC,Low,2026-08-12 21:45:32.070184
V03866,miller-adkins,APAC,Medium,2026-08-12 21:45:32.070184
V03867,"Wood, Carter and Stewart",APAC,Medium,2026-08-12 21:45:32.070184
V03868,"Mcdonald, Moore and Richards",AMER,High,2026-08-12 21:45:32.070184
V03869,"Bell, Reynolds and Forbes",APAC,Low,2026-08-12 21:45:32.070184
V03870,Potter LLC,APAC,Low,2026-08-12 21:45:32.070184
V03871,"Manning, Fritz and Brooks",APAC,Low,2026-08-12 21:45:32.070184
V03872,"Anderson, Lawson and Atkinson",APAC,High,2026-08-12 21:45:32.070184
V03873,Foster and Sons,APAC,Medium,2026-08-12 21:45:32.070184
V03874,Duncan and Sons,LATAM,Low,2026-08-12 21:45:32.070184
V03875,Wang Ltd,LATAM,Medium,2026-08-12 21:45:32.070184
V03876,Pierce-Bell,AMER,Medium,2026-08-12 21:45:32.070184
V03877,Barnes PLC,EMEA,High,2026-08-12 21:45:32.070184
V03878,Flores-Cox,APAC,Low,2026-08-12 21:45:32.070184
V03879,Beck Ltd,APAC,Medium,2026-08-12 21:45:32.070184
V03880,"Gill, Stewart and Nichols",EMEA,High,2026-08-12 21:45:32.070184
V03881,Perez-Powell,APAC,Medium,2026-08-12 21:45:32.070184
V03882,Mitchell-Middleton,AMER,High,2026-08-12 21:45:32.070184
V03883,Bradshaw and Sons,APAC,High,2026-08-12 21:45:32.070184
V03884,Roberts-Patel,LATAM,Low,2026-08-12 21:45:32.070184
V03885,Hines-Douglas,AMER,High,2026-08-12 21:45:32.070184
V03886,"Solomon, Reyes and Delgado",EMEA,Low,2026-08-12 21:45:32.070184
V03887,Jenkins-Fields,AMER,Low,2026-08-12 21:45:32.070184
V03888,"Walker, Lynch and Gordon",APAC,Medium,2026-08-12 21:45:32.070184
V03889,Greene Ltd,EMEA,Low,2026-08-12 21:45:32.070184
V03890,Dougherty-Nguyen,AMER,High,2026-08-12 21:45:32.070184
V03891,Jackson Ltd,EMEA,Low,2026-08-12 21:45:32.070184
V03892,Cohen-Crane,EMEA,,2026-08-12 21:45:32.070184
V03893,Paul Ltd,APAC,High,2026-08-12 21:45:32.070184
V03894,Arnold-Boyer,EMEA,Medium,2026-08-12 21:45:32.070184
V03895,Ellis Ltd,EMEA,High,2026-08-12 21:45:32.070184
V03896,Thompson Ltd,APAC,Medium,2026-08-12 21:45:32.070184
V03897,Morris LLC,LATAM,High,2026-08-12 21:45:32.070184
V03898,Kline and Sons,AMER,High,2026-08-12 21:45:32.070184
V03899,"Murray, Sanchez and Morrison",LATAM,Low,2026-08-12 21:45:32.070184
V03900,Robles Group,EMEA,High,2026-08-12 21:45:32.070184
V03901,"Davidson, Lara and Massey",EMEA,High,2026-08-12 21:45:32.070184
V03902,Sanchez Ltd,EMEA,Low,2026-08-12 21:45:32.070184
V03903,Smith Inc,EMEA,,2026-08-12 21:45:32.070184
V03904,"Rhodes, Camacho and Cowan",LATAM,Low,2026-08-12 21:45:32.070184
V03905,Jones-Butler,AMER,,2026-08-12 21:45:32.070184
V03906,Ware-Medina,AMER,,2026-08-12 21:45:32.070184
V03907,"Frank, Holland and Ferguson",EMEA,Medium,2026-08-12 21:45:32.070184
V03908,Gonzales Ltd,AMER,Medium,2026-08-12 21:45:32.070184
V03909,Carter Group,APAC,Medium,2026-08-12 21:45:32.070184
V03910,"Mack, Cox and Moran",EMEA,Low,2026-08-12 21:45:32.070184
V03911,"Soto, Alexander and Cobb",EMEA,Medium,2026-08-12 21:45:32.070184
V03912,Thomas LLC,AMER,,2026-08-12 21:45:32.070184
V03913,"Molina, Rodriguez and Jackson",AMER,Low,2026-08-12 21:45:32.070184
V03914,Douglas-Thomas,EMEA,Medium,2026-08-12 21:45:32.070184
V03915,Pope and Sons,APAC,Medium,2026-08-12 21:45:32.070184
V03916,Davis-May,LATAM,High,2026-08-12 21:45:32.070184
V03917,Ellis Ltd,APAC,High,2026-08-12 21:45:32.070184
V03918,Goodwin-Sherman,APAC,Medium,2026-08-12 21:45:32.070184
V03919,Phillips-Wallace,LATAM,Low,2026-08-12 21:45:32.070184
V03920,Lyons-Carroll,EMEA,High,2026-08-12 21:45:32.070184
V03921,"Johnson, Taylor and Boyd",EMEA,Low,2026-08-12 21:45:32.070184
V03922,Walker LLC,APAC,High,2026-08-12 21:45:32.070184
V03923,"Cox, Carter and Duffy",APAC,High,2026-08-12 21:45:32.070184
V03924,Bradley LLC,AMER,Low,2026-08-12 21:45:32.070184
V03925,Marquez-Nunez,EMEA,High,2026-08-12 21:45:32.070184
V03926,Manning Ltd,EMEA,High,2026-08-12 21:45:32.070184
V03927,Thomas LLC,EMEA,Low,2026-08-12 21:45:32.070184
V03928,Scott-Perez,LATAM,High,2026-08-12 21:45:32.070184
V03929,Aguilar and Sons,EMEA,Low,2026-08-12 21:45:32.070184
V03930,"Smith, Diaz and Romero",LATAM,Medium,2026-08-12 21:45:32.070184
V03931,"Sullivan, Montgomery and Jackson",EMEA,High,2026-08-12 21:45:32.070184
V03932,Schneider-Matthews,APAC,Low,2026-08-12 21:45:32.070184
V03933,"Edwards, Brooks and Grimes",EMEA,,2026-08-12 21:45:32.070184
V03934,Wong-Harrell,LATAM,Low,2026-08-12 21:45:32.070184
V03935,Thompson-Prince,LATAM,,2026-08-12 21:45:32.070184
V03936,Barnett Inc,EMEA,Low,2026-08-12 21:45:32.070184
V03937,Walker-Clark,LATAM,Medium,2026-08-12 21:45:32.070184
V03938,Ramirez Ltd,AMER,High,2026-08-12 21:45:32.070184
V03939,Santos LLC,EMEA,Low,2026-08-12 21:45:32.070184
V03940,Stevens-Durham,AMER,Low,2026-08-12 21:45:32.070184
V03941,Larsen PLC,LATAM,Low,2026-08-12 21:45:32.070184
V03942,Figueroa LLC,LATAM,Low,2026-08-12 21:45:32.070184
V03943,"Johnson, Sims and Crane",AMER,Low,2026-08-12 21:45:32.070184
V03944,"Jones, Tran and Nichols",EMEA,Low,2026-08-12 21:45:32.070184
V03945,"Medina, Miller and Yates",EMEA,High,2026-08-12 21:45:32.070184
V03946,Knight-Wright,LATAM,Low,2026-08-12 21:45:32.070184
V03947,Robles-White,AMER,Low,2026-08-12 21:45:32.070184
V03948,"Mathews, Perez and Love",APAC,Low,2026-08-12 21:45:32.070184
V03949,Williams PLC,APAC,Medium,2026-08-12 21:45:32.070184
V03950,Arnold-Davis,AMER,High,2026-08-12 21:45:32.070184
V03951,Quinn Inc,EMEA,Low,2026-08-12 21:45:32.070184
V03952,Mills Inc,AMER,High,2026-08-12 21:45:32.070184
V03953,Perez PLC,EMEA,Low,2026-08-12 21:45:32.070184
V03954,"Woods, Garcia and Keith",LATAM,Low,2026-08-12 21:45:32.070184
V03955,Flores Ltd,EMEA,Medium,2026-08-12 21:45:32.070184
V03956,Gonzalez Inc,APAC,High,2026-08-12 21:45:32.070184
V03957,Miller-Gonzalez,EMEA,Medium,2026-08-12 21:45:32.070184
V03958,"Lawrence, George and Evans",AMER,High,2026-08-12 21:45:32.070184
V03959,Perkins Inc,LATAM,Low,2026-08-12 21:45:32.070184
V03960,"Tanner, Waters and Lee",AMER,Low,2026-08-12 21:45:32.070184
V03961,"Mendez, Bryant and Smith",EMEA,Medium,2026-08-12 21:45:32.070184
V03962,Guzman-Vasquez,APAC,Medium,2026-08-12 21:45:32.070184
V03963,Murphy Group,EMEA,Medium,2026-08-12 21:45:32.070184
V03964,"Campbell, Brewer and Baker",LATAM,Medium,2026-08-12 21:45:32.070184
V03965,"Wright, Hill and Hoffman",AMER,Low,2026-08-12 21:45:32.070184
V03966,Garrett-Rodriguez,LATAM,Low,2026-08-12 21:45:32.070184
V03967,Freeman LLC,EMEA,Low,2026-08-12 21:45:32.070184
V03968,"Ruiz, Martin and Jones",AMER,High,2026-08-12 21:45:32.070184
V03969,Chambers-Davis,EMEA,Low,2026-08-12 21:45:32.070184
V03970,Peterson-Mcdaniel,EMEA,Low,2026-08-12 21:45:32.070184
V03971,Lee Inc,AMER,Low,2026-08-12 21:45:32.070184
V03972,Lewis PLC,AMER,Medium,2026-08-12 21:45:32.070184
V03973,Flores-Moreno,EMEA,Low,2026-08-12 21:45:32.070184
V03974,Cohen PLC,EMEA,Low,2026-08-12 21:45:32.070184
V03975,Duncan and Sons,AMER,High,2026-08-12 21:45:32.070184
V03976,Moore-Miranda,LATAM,High,2026-08-12 21:45:32.070184
V03977,Phelps PLC,APAC,Medium,2026-08-12 21:45:32.070184
V03978,"moore, frye and zavala",APAC,,2026-08-12 21:45:32.070184
V03979,"Larson, Butler and Barber",AMER,High,2026-08-12 21:45:32.070184
V03980,Cantu Group,AMER,Low,2026-08-12 21:45:32.070184
V03981,Wood-Torres,AMER,Low,2026-08-12 21:45:32.070184
V03982,"Gomez, Mcgee and Cole",AMER,Medium,2026-08-12 21:45:32.070184
V03983,Elliott-Farmer,APAC,Low,2026-08-12 21:45:32.070184
V03984,Gill Group,AMER,High,2026-08-12 21:45:32.070184
V03985,Schmitt LLC,LATAM,High,2026-08-12 21:45:32.070184
V03986,"Trujillo, Proctor and Wang",APAC,Medium,2026-08-12 21:45:32.070184
V03987,Cardenas and Sons,EMEA,High,2026-08-12 21:45:32.070184
V03988,Bates LLC,APAC,Medium,2026-08-12 21:45:32.070184
V03989,Wall-Johnson,EMEA,Low,2026-08-12 21:45:32.070184
V03990,Gibbs-Nguyen,AMER,Medium,2026-08-12 21:45:32.070184
V03991,"Stevenson, Salinas and Williamson",LATAM,,2026-08-12 21:45:32.070184
V03992,Gates-Rodriguez,AMER,High,2026-08-12 21:45:32.070184
V03993,Martin Ltd,APAC,High,2026-08-12 21:45:32.070184
V03994,David-Watkins,APAC,High,2026-08-12 21:45:32.070184
V03995,Harrington Group,AMER,Low,2026-08-12 21:45:32.070184
V03996,"Moyer, Mccarthy and Wright",EMEA,Medium,2026-08-12 21:45:32.070184
V03997,"Willis, Brown and Brown",APAC,Low,2026-08-12 21:45:32.070184
V03998,Hill-Wood,AMER,High,2026-08-12 21:45:32.070184
V03999,Rodriguez-Taylor,AMER,Medium,2026-08-12 21:45:32.070184
V04000,"Jones, Rowland and Oconnor",LATAM,High,2026-08-12 21:45:32.070184
V04001,Sawyer PLC,EMEA,Low,2026-08-12 21:45:32.070184
V04002,Andrews-Hoffman,AMER,Low,2026-08-12 21:45:32.070184
V04003,Sanchez-Armstrong,AMER,High,2026-08-12 21:45:32.070184
V04004,"Green, Schmidt and Carter",APAC,High,2026-08-12 21:45:32.070184
V04005,Taylor Inc,EMEA,High,2026-08-12 21:45:32.070184
V04006,"Dawson, Edwards and Castaneda",EMEA,High,2026-08-12 21:45:32.070184
V04007,Burgess-Lewis,EMEA,High,2026-08-12 21:45:32.070184
V04008,Mcdonald-Murray,EMEA,Low,2026-08-12 21:45:32.070184
V04009,Gonzalez-Mata,LATAM,High,2026-08-12 21:45:32.070184
V04010,Scott-Adkins,APAC,Medium,2026-08-12 21:45:32.070184
V04011,Taylor Ltd,LATAM,High,2026-08-12 21:45:32.070184
V04012,Simmons-Shaffer,LATAM,Low,2026-08-12 21:45:32.070184
V04013,Decker Inc,APAC,Low,2026-08-12 21:45:32.070184
V04014,"Brooks, Knight and Forbes",LATAM,Medium,2026-08-12 21:45:32.070184
V04015,"Marks, Murphy and Ryan",EMEA,Medium,2026-08-12 21:45:32.070184
V04016,Andrews-Walters,APAC,Low,2026-08-12 21:45:32.070184
V04017,"Jones, Davis and Grant",APAC,Medium,2026-08-12 21:45:32.070184
V04018,Schmidt PLC,EMEA,,2026-08-12 21:45:32.070184
V04019,Berry Group,LATAM,Medium,2026-08-12 21:45:32.070184
V04020,"Santos, Lee and Jones",APAC,High,2026-08-12 21:45:32.070184
V04021,"Jordan, Hill and Hayes",AMER,Low,2026-08-12 21:45:32.070184
V04022,"Hernandez, Rivera and White",EMEA,Medium,2026-08-12 21:45:32.070184
V04023,"Morgan, Rose and Schwartz",LATAM,High,2026-08-12 21:45:32.070184
V04024,Preston-Morales,APAC,Low,2026-08-12 21:45:32.070184
V04025,Smith-Clayton,APAC,Low,2026-08-12 21:45:32.070184
V04026,Smith LLC,APAC,Low,2026-08-12 21:45:32.070184
V04027,Hernandez-Foley,APAC,High,2026-08-12 21:45:32.070184
V04028,"Craig, Nguyen and Ellis",EMEA,Low,2026-08-12 21:45:32.070184
V04029,"Gonzalez, Underwood and Schaefer",LATAM,High,2026-08-12 21:45:32.070184
V04030,"Camacho, Hernandez and Mejia",AMER,,2026-08-12 21:45:32.070184
V04031,Parker Inc,EMEA,High,2026-08-12 21:45:32.070184
V04032,Ferguson Inc,LATAM,Low,2026-08-12 21:45:32.070184
V04033,Fernandez Inc,EMEA,Low,2026-08-12 21:45:32.070184
V04034,Harrell-Hebert,AMER,Low,2026-08-12 21:45:32.070184
V04035,"Clark, Turner and Coleman",LATAM,Medium,2026-08-12 21:45:32.070184
V04036,Hall-Gillespie,LATAM,High,2026-08-12 21:45:32.070184
V04037,Johnson-Rich,AMER,Low,2026-08-12 21:45:32.070184
V04038,Martinez-Gould,AMER,Low,2026-08-12 21:45:32.070184
V04039,Wallace Ltd,LATAM,Low,2026-08-12 21:45:32.070184
V04040,"Clark, Williams and Gonzales",AMER,Low,2026-08-12 21:45:32.070184
V04041,Harris Group,LATAM,Medium,2026-08-12 21:45:32.070184
V04042,"Olsen, Davis and Thompson",AMER,High,2026-08-12 21:45:32.070184
V04043,"Ramsey, Martinez and Sherman",EMEA,Medium,2026-08-12 21:45:32.070184
V04044,Shepard Ltd,EMEA,Low,2026-08-12 21:45:32.070184
V04045,"Howard, Cowan and Perry",AMER,High,2026-08-12 21:45:32.070184
V04046,Galloway PLC,AMER,High,2026-08-12 21:45:32.070184
V04047,Woods-Hicks,LATAM,Medium,2026-08-12 21:45:32.070184
V04048,Smith-James,LATAM,Low,2026-08-12 21:45:32.070184
V04049,Ross-Mathews,EMEA,High,2026-08-12 21:45:32.070184
V04050,Ward-Collins,EMEA,Medium,2026-08-12 21:45:32.070184
V04051,Hamilton Ltd,AMER,Low,2026-08-12 21:45:32.070184
V04052,Perez-Haynes,APAC,Low,2026-08-12 21:45:32.070184
V04053,"Schneider, Price and Ruiz",AMER,Medium,2026-08-12 21:45:32.070184
V04054,Blair-Merritt,APAC,Low,2026-08-12 21:45:32.070184
V04055,Taylor and Sons,LATAM,,2026-08-12 21:45:32.070184
V04056,Cunningham and Sons,AMER,High,2026-08-12 21:45:32.070184
V04057,"Moore, Neal and Farmer",AMER,Low,2026-08-12 21:45:32.070184
V04058,Carlson and Sons,AMER,High,2026-08-12 21:45:32.070184
V04059,"Guerrero, Watson and Perry",LATAM,High,2026-08-12 21:45:32.070184
V04060,Barnes and Sons,AMER,Medium,2026-08-12 21:45:32.070184
V04061,"Sanford, Harmon and Patrick",APAC,High,2026-08-12 21:45:32.070184
V04062,Diaz Inc,EMEA,Medium,2026-08-12 21:45:32.070184
V04063,Johnson and Sons,LATAM,High,2026-08-12 21:45:32.070184
V04064,Powell-Brooks,AMER,Medium,2026-08-12 21:45:32.070184
V04065,Howell-Johnson,EMEA,High,2026-08-12 21:45:32.070184
V04066,Rivera Group,APAC,Medium,2026-08-12 21:45:32.070184
V04067,moss and sons,EMEA,Medium,2026-08-12 21:45:32.070184
V04068,Williams-Bennett,LATAM,Low,2026-08-12 21:45:32.070184
V04069,"Sharp, Jackson and Garcia",EMEA,,2026-08-12 21:45:32.070184
V04070,Prince-Davis,APAC,High,2026-08-12 21:45:32.070184
V04071,rodriguez group,APAC,Medium,2026-08-12 21:45:32.070184
V04072,Lucero-Chase,AMER,High,2026-08-12 21:45:32.070184
V04073,"Alexander, Vincent and Pacheco",AMER,Medium,2026-08-12 21:45:32.070184
V04074,Collins Group,AMER,High,2026-08-12 21:45:32.070184
V04075,Anderson-Douglas,EMEA,Medium,2026-08-12 21:45:32.070184
V04076,Krueger-Barnett,LATAM,High,2026-08-12 21:45:32.070184
V04077,Woods Ltd,APAC,High,2026-08-12 21:45:32.070184
V04078,"Gonzalez, Robinson and Anderson",LATAM,Low,2026-08-12 21:45:32.070184
V04079,Perez Inc,APAC,High,2026-08-12 21:45:32.070184
V04080,"Davis, Powell and Eaton",EMEA,Low,2026-08-12 21:45:32.070184
V04081,Wright LLC,AMER,High,2026-08-12 21:45:32.070184
V04082,Blair LLC,EMEA,Low,2026-08-12 21:45:32.070184
V04083,Page-Murray,EMEA,Medium,2026-08-12 21:45:32.070184
V04084,"Meyer, Ray and Stephenson",LATAM,Medium,2026-08-12 21:45:32.070184
V04085,Murphy LLC,AMER,Medium,2026-08-12 21:45:32.070184
V04086,"Thomas, Doyle and Rosales",LATAM,Low,2026-08-12 21:45:32.070184
V04087,"Bullock, Cruz and Williams",LATAM,Low,2026-08-12 21:45:32.070184
V04088,Petty Inc,EMEA,Medium,2026-08-12 21:45:32.070184
V04089,Walters and Sons,EMEA,High,2026-08-12 21:45:32.070184
V04090,Sanders Inc,APAC,High,2026-08-12 21:45:32.070184
V04091,"Castillo, Mathews and Lopez",EMEA,High,2026-08-12 21:45:32.070184
V04092,"Sullivan, Haney and Chavez",APAC,Low,2026-08-12 21:45:32.070184
V04093,Gardner-Wilson,AMER,Low,2026-08-12 21:45:32.070184
V04094,Rios-Robertson,LATAM,,2026-08-12 21:45:32.070184
V04095,Rogers-Stafford,EMEA,Medium,2026-08-12 21:45:32.070184
V04096,Peterson-Wiggins,EMEA,Medium,2026-08-12 21:45:32.070184
V04097,"Bryant, Davis and Chase",LATAM,High,2026-08-12 21:45:32.070184
V04098,"Baker, Casey and Simmons",AMER,,2026-08-12 21:45:32.070184
V04099,Oconnell and Sons,LATAM,Low,2026-08-12 21:45:32.070184
V04100,Perez Group,EMEA,Low,2026-08-12 21:45:32.070184
V04101,Martinez Ltd,APAC,Low,2026-08-12 21:45:32.070184
V04102,Martinez-Bailey,APAC,Medium,2026-08-12 21:45:32.070184
V04103,Graham-Joyce,APAC,High,2026-08-12 21:45:32.070184
V04104,Burch PLC,AMER,Low,2026-08-12 21:45:32.070184
V04105,Sanders PLC,AMER,High,2026-08-12 21:45:32.070184
V04106,Thomas Ltd,LATAM,Medium,2026-08-12 21:45:32.070184
V04107,Parsons and Sons,LATAM,High,2026-08-12 21:45:32.070184
V04108,"Garner, Fox and Chan",EMEA,High,2026-08-12 21:45:32.070184
V04109,"Heath, Warren and Mcbride",AMER,Low,2026-08-12 21:45:32.070184
V04110,Ryan-Steele,AMER,High,2026-08-12 21:45:32.070184
V04111,"Jackson, Moore and Becker",AMER,High,2026-08-12 21:45:32.070184
V04112,"Walters, Montgomery and Bridges",EMEA,High,2026-08-12 21:45:32.070184
V04113,"Hernandez, Dunlap and Lynch",LATAM,High,2026-08-12 21:45:32.070184
V04114,Ramirez Group,APAC,Low,2026-08-12 21:45:32.070184
V04115,Price-Boyd,LATAM,Medium,2026-08-12 21:45:32.070184
V04116,English-Mcdonald,EMEA,Low,2026-08-12 21:45:32.070184
V04117,Griffith LLC,EMEA,High,2026-08-12 21:45:32.070184
V04118,jones ltd,EMEA,High,2026-08-12 21:45:32.070184
V04119,"Barnett, Clark and Quinn",AMER,High,2026-08-12 21:45:32.070184
V04120,"Chung, Brown and Jenkins",LATAM,Medium,2026-08-12 21:45:32.070184
V04121,Castillo and Sons,AMER,,2026-08-12 21:45:32.070184
V04122,Myers and Sons,APAC,Low,2026-08-12 21:45:32.070184
V04123,"Barnes, Vargas and Wright",LATAM,Low,2026-08-12 21:45:32.070184
V04124,Jones-Richmond,APAC,Medium,2026-08-12 21:45:32.070184
V04125,Taylor-Morales,APAC,Medium,2026-08-12 21:45:32.070184
V04126,"Singh, Blackburn and Hernandez",AMER,,2026-08-12 21:45:32.070184
V04127,Thomas-Hill,EMEA,High,2026-08-12 21:45:32.070184
V04128,Smith-Wilson,AMER,Medium,2026-08-12 21:45:32.070184
V04129,Warren-Ingram,EMEA,High,2026-08-12 21:45:32.070184
V04130,"Ruiz, Guerrero and Evans",LATAM,Medium,2026-08-12 21:45:32.070184
V04131,Weaver PLC,LATAM,Low,2026-08-12 21:45:32.070184
V04132,Hernandez-Beard,APAC,Medium,2026-08-12 21:45:32.070184
V04133,"Peterson, Nelson and Travis",EMEA,High,2026-08-12 21:45:32.070184
V04134,Massey-Scott,LATAM,Medium,2026-08-12 21:45:32.070184
V04135,"Owens, Richards and Walter",AMER,Medium,2026-08-12 21:45:32.070184
V04136,"Glenn, Freeman and Carter",EMEA,Medium,2026-08-12 21:45:32.070184
V04137,"Garcia, Bright and Morrison",AMER,Medium,2026-08-12 21:45:32.070184
V04138,"Grimes, Allen and Horn",EMEA,Medium,2026-08-12 21:45:32.070184
V04139,Copeland-Richmond,EMEA,Low,2026-08-12 21:45:32.070184
V04140,Brown-Garcia,AMER,Medium,2026-08-12 21:45:32.070184
V04141,Kirby-Oconnor,EMEA,Low,2026-08-12 21:45:32.070184
V04142,Bowman-Murphy,LATAM,Low,2026-08-12 21:45:32.070184
V04143,"Huff, Bird and Miller",LATAM,High,2026-08-12 21:45:32.070184
V04144,Marquez Group,LATAM,Low,2026-08-12 21:45:32.070184
V04145,Willis and Sons,AMER,High,2026-08-12 21:45:32.070184
V04146,"Hamilton, Baker and Osborn",APAC,,2026-08-12 21:45:32.070184
V04147,"Freeman, Obrien and Cunningham",LATAM,,2026-08-12 21:45:32.070184
V04148,"Stone, Schaefer and Reyes",LATAM,Medium,2026-08-12 21:45:32.070184
V04149,"Rodriguez, Massey and Day",LATAM,Medium,2026-08-12 21:45:32.070184
V04150,Johnston Inc,LATAM,Low,2026-08-12 21:45:32.070184
V04151,ward ltd,EMEA,Low,2026-08-12 21:45:32.070184
V04152,"Mckee, Fisher and Long",EMEA,Low,2026-08-12 21:45:32.070184
V04153,"Williams, Holland and Alexander",EMEA,High,2026-08-12 21:45:32.070184
V04154,Berry-Mills,AMER,Medium,2026-08-12 21:45:32.070184
V04155,Li-Fuller,AMER,Medium,2026-08-12 21:45:32.070184
V04156,Caldwell-Johnson,AMER,High,2026-08-12 21:45:32.070184
V04157,"White, Mccoy and Murphy",AMER,High,2026-08-12 21:45:32.070184
V04158,Knapp-Pham,AMER,High,2026-08-12 21:45:32.070184
V04159,"Bryant, Macdonald and Howard",LATAM,High,2026-08-12 21:45:32.070184
V04160,"Cooper, Beltran and Wright",APAC,Low,2026-08-12 21:45:32.070184
V04161,Bowers-Nguyen,APAC,High,2026-08-12 21:45:32.070184
V04162,"Ritter, Baker and Leon",EMEA,Low,2026-08-12 21:45:32.070184
V04163,Hansen PLC,EMEA,High,2026-08-12 21:45:32.070184
V04164,"Morris, Morales and Bailey",APAC,High,2026-08-12 21:45:32.070184
V04165,Kirk Inc,APAC,High,2026-08-12 21:45:32.070184
V04166,Bell-Medina,AMER,High,2026-08-12 21:45:32.070184
V04167,Stewart LLC,LATAM,Low,2026-08-12 21:45:32.070184
V04168,Sloan Inc,APAC,Low,2026-08-12 21:45:32.070184
V04169,"Sullivan, Howell and Fowler",LATAM,Medium,2026-08-12 21:45:32.070184
V04170,Harris-Chase,EMEA,Low,2026-08-12 21:45:32.070184
V04171,Bell-Shaffer,LATAM,Low,2026-08-12 21:45:32.070184
V04172,Fischer-Chung,LATAM,Medium,2026-08-12 21:45:32.070184
V04173,Smith-Lopez,EMEA,High,2026-08-12 21:45:32.070184
V04174,Stout-Graves,LATAM,High,2026-08-12 21:45:32.070184
V04175,"Phillips, Castro and Thompson",EMEA,Medium,2026-08-12 21:45:32.070184
V04176,"Dominguez, Gonzalez and Davis",AMER,High,2026-08-12 21:45:32.070184
V04177,"Melendez, Alvarado and Phelps",AMER,Medium,2026-08-12 21:45:32.070184
V04178,Baldwin PLC,EMEA,Medium,2026-08-12 21:45:32.070184
V04179,Sanders-Morse,AMER,High,2026-08-12 21:45:32.070184
V04180,Kirk Ltd,LATAM,Medium,2026-08-12 21:45:32.070184
V04181,Austin-Arellano,LATAM,,2026-08-12 21:45:32.070184
V04182,Key-Ramos,EMEA,Medium,2026-08-12 21:45:32.070184
V04183,Sanchez and Sons,APAC,Medium,2026-08-12 21:45:32.070184
V04184,"Haney, Johnson and Walker",LATAM,Medium,2026-08-12 21:45:32.070184
V04185,"Lucero, Sanchez and Perez",APAC,High,2026-08-12 21:45:32.070184
V04186,"Cain, Thomas and Phillips",EMEA,High,2026-08-12 21:45:32.070184
V04187,Mathews Group,APAC,Medium,2026-08-12 21:45:32.070184
V04188,Perry-Arnold,EMEA,High,2026-08-12 21:45:32.070184
V04189,"Lee, Lopez and Stone",AMER,Medium,2026-08-12 21:45:32.070184
V04190,Burton-Oneal,APAC,Low,2026-08-12 21:45:32.070184
V04191,Francis-Mann,LATAM,Low,2026-08-12 21:45:32.070184
V04192,Lara-Baker,EMEA,High,2026-08-12 21:45:32.070184
V04193,Diaz-Schaefer,EMEA,High,2026-08-12 21:45:32.070184
V04194,Flores LLC,APAC,Low,2026-08-12 21:45:32.070184
V04195,Rubio and Sons,AMER,High,2026-08-12 21:45:32.070184
V04196,Heath-Andersen,AMER,High,2026-08-12 21:45:32.070184
V04197,Pope PLC,LATAM,High,2026-08-12 21:45:32.070184
V04198,Davis PLC,LATAM,High,2026-08-12 21:45:32.070184
V04199,"Alvarez, Edwards and Aguirre",AMER,Low,2026-08-12 21:45:32.070184
V04200,"Perez, Bailey and Park",AMER,Low,2026-08-12 21:45:32.070184
V04201,"Nicholson, Walker and Adams",EMEA,Low,2026-08-12 21:45:32.070184
V04202,Stevens Group,APAC,High,2026-08-12 21:45:32.070184
V04203,Garza-Brown,AMER,Medium,2026-08-12 21:45:32.070184
V04204,Johnson Group,APAC,Medium,2026-08-12 21:45:32.070184
V04205,"Santos, Huang and Woods",APAC,Low,2026-08-12 21:45:32.070184
V04206,"Hernandez, Fleming and Jones",APAC,High,2026-08-12 21:45:32.070184
V04207,"Hill, King and Mosley",LATAM,High,2026-08-12 21:45:32.070184
V04208,Reeves Group,EMEA,Medium,2026-08-12 21:45:32.070184
V04209,Padilla-Bender,AMER,High,2026-08-12 21:45:32.070184
V04210,Lewis-Hayes,AMER,Medium,2026-08-12 21:45:32.070184
V04211,"Terry, Torres and Hall",AMER,Medium,2026-08-12 21:45:32.070184
V04212,"Shah, Thomas and Ryan",AMER,High,2026-08-12 21:45:32.070184
V04213,"Matthews, Huffman and Arellano",AMER,High,2026-08-12 21:45:32.070184
V04214,Joseph LLC,LATAM,Low,2026-08-12 21:45:32.070184
V04215,"Wilson, Madden and Austin",APAC,Medium,2026-08-12 21:45:32.070184
V04216,"Gutierrez, Martin and Lee",APAC,High,2026-08-12 21:45:32.070184
V04217,"Ayala, Mayo and Houston",LATAM,Medium,2026-08-12 21:45:32.070184
V04218,Banks Group,LATAM,Medium,2026-08-12 21:45:32.070184
V04219,"Wilson, Davis and Shah",EMEA,Low,2026-08-12 21:45:32.070184
V04220,"Haynes, Jennings and Ballard",APAC,High,2026-08-12 21:45:32.070184
V04221,Horton-Taylor,APAC,High,2026-08-12 21:45:32.070184
V04222,White-Collins,APAC,High,2026-08-12 21:45:32.070184
V04223,Mann LLC,EMEA,Medium,2026-08-12 21:45:32.070184
V04224,Davis-Green,AMER,High,2026-08-12 21:45:32.070184
V04225,Perez Ltd,EMEA,Low,2026-08-12 21:45:32.070184
V04226,"Miller, Hayes and Davis",APAC,Medium,2026-08-12 21:45:32.070184
V04227,Smith-Obrien,EMEA,Low,2026-08-12 21:45:32.070184
V04228,"Brown, Brooks and Jackson",AMER,Medium,2026-08-12 21:45:32.070184
V04229,"Smith, Murphy and Torres",AMER,Medium,2026-08-12 21:45:32.070184
V04230,"Elliott, Villarreal and Sosa",EMEA,High,2026-08-12 21:45:32.070184
V04231,Fields Group,EMEA,High,2026-08-12 21:45:32.070184
V04232,Nichols LLC,LATAM,Medium,2026-08-12 21:45:32.070184
V04233,Wiggins and Sons,LATAM,Low,2026-08-12 21:45:32.070184
V04234,"Brooks, Thompson and Alexander",EMEA,Medium,2026-08-12 21:45:32.070184
V04235,Romero Group,LATAM,High,2026-08-12 21:45:32.070184
V04236,Howell PLC,EMEA,,2026-08-12 21:45:32.070184
V04237,Aguirre LLC,EMEA,Medium,2026-08-12 21:45:32.070184
V04238,Rodriguez-Vega,AMER,High,2026-08-12 21:45:32.070184
V04239,"Stone, Mccullough and Jimenez",AMER,High,2026-08-12 21:45:32.070184
V04240,"Moore, Austin and Rogers",EMEA,Low,2026-08-12 21:45:32.070184
V04241,Mcfarland-Kelley,AMER,High,2026-08-12 21:45:32.070184
V04242,Bowers-Raymond,LATAM,,2026-08-12 21:45:32.070184
V04243,"Spencer, Morgan and Diaz",EMEA,Medium,2026-08-12 21:45:32.070184
V04244,Horne Group,LATAM,,2026-08-12 21:45:32.070184
V04245,Bauer Inc,LATAM,Medium,2026-08-12 21:45:32.070184
V04246,Brown-Haas,LATAM,Low,2026-08-12 21:45:32.070184
V04247,Cochran-Browning,LATAM,Medium,2026-08-12 21:45:32.070184
V04248,"Webster, Garza and Abbott",APAC,High,2026-08-12 21:45:32.070184
V04249,Alvarado LLC,LATAM,Low,2026-08-12 21:45:32.070184
V04250,"Hart, Park and Boyd",APAC,Low,2026-08-12 21:45:32.070184
V04251,"Day, Campbell and Taylor",LATAM,Medium,2026-08-12 21:45:32.070184
V04252,Carter Ltd,AMER,Medium,2026-08-12 21:45:32.070184
V04253,Powell-Bennett,LATAM,Low,2026-08-12 21:45:32.070184
V04254,Johnson-Garcia,LATAM,High,2026-08-12 21:45:32.070184
V04255,"Webb, Price and Jimenez",EMEA,High,2026-08-12 21:45:32.070184
V04256,Townsend-Hale,AMER,Medium,2026-08-12 21:45:32.070184
V04257,"Guerra, Lopez and Davis",EMEA,High,2026-08-12 21:45:32.070184
V04258,"Adkins, Duncan and Thompson",AMER,High,2026-08-12 21:45:32.070184
V04259,Stevenson-Ferguson,AMER,High,2026-08-12 21:45:32.070184
V04260,Rasmussen Group,EMEA,Low,2026-08-12 21:45:32.070184
V04261,Bell PLC,APAC,High,2026-08-12 21:45:32.070184
V04262,Colon Ltd,EMEA,Medium,2026-08-12 21:45:32.070184
V04263,Rodgers-Warren,LATAM,Low,2026-08-12 21:45:32.070184
V04264,Hicks Ltd,LATAM,Low,2026-08-12 21:45:32.070184
V04265,"Williams, Lewis and Bryant",EMEA,Low,2026-08-12 21:45:32.070184
V04266,Stafford Ltd,APAC,High,2026-08-12 21:45:32.070184
V04267,Jones-Harris,AMER,Low,2026-08-12 21:45:32.070184
V04268,Duncan PLC,LATAM,Low,2026-08-12 21:45:32.070184
V04269,Williams Group,AMER,Low,2026-08-12 21:45:32.070184
V04270,Mccullough Inc,LATAM,High,2026-08-12 21:45:32.070184
V04271,Smith-Allen,EMEA,Medium,2026-08-12 21:45:32.070184
V04272,Joyce-Benitez,EMEA,High,2026-08-12 21:45:32.070184
V04273,Watson Group,EMEA,Low,2026-08-12 21:45:32.070184
V04274,Moore PLC,AMER,Low,2026-08-12 21:45:32.070184
V04275,Howell LLC,AMER,High,2026-08-12 21:45:32.070184
V04276,Becker-Mckinney,AMER,Medium,2026-08-12 21:45:32.070184
V04277,"Collins, Bentley and Valdez",LATAM,High,2026-08-12 21:45:32.070184
V04278,Ortiz-Smith,LATAM,Medium,2026-08-12 21:45:32.070184
V04279,Bennett-Kirby,APAC,High,2026-08-12 21:45:32.070184
V04280,Montoya Group,LATAM,Low,2026-08-12 21:45:32.070184
V04281,Greene-Sims,AMER,,2026-08-12 21:45:32.070184
V04282,Williams-Wang,EMEA,Medium,2026-08-12 21:45:32.070184
V04283,Alvarado and Sons,APAC,Low,2026-08-12 21:45:32.070184
V04284,Walsh Inc,EMEA,Low,2026-08-12 21:45:32.070184
V04285,Barrera Group,AMER,Low,2026-08-12 21:45:32.070184
V04286,White LLC,EMEA,High,2026-08-12 21:45:32.070184
V04287,Harding LLC,AMER,Low,2026-08-12 21:45:32.070184
V04288,"Espinoza, Neal and Mitchell",EMEA,Low,2026-08-12 21:45:32.070184
V04289,Mitchell-Hudson,AMER,High,2026-08-12 21:45:32.070184
V04290,Juarez Group,EMEA,High,2026-08-12 21:45:32.070184
V04291,Clements PLC,AMER,Low,2026-08-12 21:45:32.070184
V04292,Gonzalez-Holmes,EMEA,Low,2026-08-12 21:45:32.070184
V04293,Harrison Inc,LATAM,Medium,2026-08-12 21:45:32.070184
V04294,Perez Group,AMER,Low,2026-08-12 21:45:32.070184
V04295,Miller Ltd,AMER,Low,2026-08-12 21:45:32.070184
V04296,Allen PLC,EMEA,,2026-08-12 21:45:32.070184
V04297,Kim-Thomas,AMER,Medium,2026-08-12 21:45:32.070184
V04298,"Hammond, Bates and Gordon",LATAM,Low,2026-08-12 21:45:32.070184
V04299,Mack Ltd,EMEA,Low,2026-08-12 21:45:32.070184
V04300,williams-smith,LATAM,Medium,2026-08-12 21:45:32.070184
V04301,Peterson LLC,EMEA,Medium,2026-08-12 21:45:32.070184
V04302,Bell and Sons,APAC,High,2026-08-12 21:45:32.070184
V04303,"Brown, James and Arroyo",APAC,Low,2026-08-12 21:45:32.070184
V04304,"Brown, White and Lee",LATAM,High,2026-08-12 21:45:32.070184
V04305,"Griffith, Johnson and Alexander",AMER,High,2026-08-12 21:45:32.070184
V04306,Guzman LLC,EMEA,High,2026-08-12 21:45:32.070184
V04307,"Martin, Payne and Stewart",EMEA,High,2026-08-12 21:45:32.070184
V04308,Cohen Group,APAC,High,2026-08-12 21:45:32.070184
V04309,"Ferguson, Montgomery and Jackson",AMER,Low,2026-08-12 21:45:32.070184
V04310,Wood-Thomas,APAC,Low,2026-08-12 21:45:32.070184
V04311,Sutton Inc,AMER,Low,2026-08-12 21:45:32.070184
V04312,Smith-Brown,EMEA,Medium,2026-08-12 21:45:32.070184
V04313,Mack-Wilson,APAC,High,2026-08-12 21:45:32.070184
V04314,Gill Inc,EMEA,Low,2026-08-12 21:45:32.070184
V04315,"Gardner, Smith and Holloway",AMER,High,2026-08-12 21:45:32.070184
V04316,Pineda-Newman,LATAM,Low,2026-08-12 21:45:32.070184
V04317,Jennings-Hughes,EMEA,Medium,2026-08-12 21:45:32.070184
V04318,"Young, Henry and Wright",AMER,Low,2026-08-12 21:45:32.070184
V04319,"Gibson, Calhoun and Hernandez",AMER,Medium,2026-08-12 21:45:32.070184
V04320,"Suarez, Walker and Mitchell",LATAM,Low,2026-08-12 21:45:32.070184
V04321,"Thompson, Coffey and Kidd",AMER,Medium,2026-08-12 21:45:32.070184
V04322,richardson inc,EMEA,High,2026-08-12 21:45:32.070184
V04323,Trujillo-Thomas,APAC,Low,2026-08-12 21:45:32.070184
V04324,Jenkins-Hobbs,APAC,Medium,2026-08-12 21:45:32.070184
V04325,Archer and Sons,LATAM,Medium,2026-08-12 21:45:32.070184
V04326,"Gomez, Mcmahon and Fisher",AMER,Medium,2026-08-12 21:45:32.070184
V04327,Murray-Chavez,APAC,Medium,2026-08-12 21:45:32.070184
V04328,Ford-Morgan,EMEA,Medium,2026-08-12 21:45:32.070184
V04329,"Ross, Cummings and Harris",APAC,Medium,2026-08-12 21:45:32.070184
V04330,Marquez PLC,AMER,Low,2026-08-12 21:45:32.070184
V04331,Gould Ltd,AMER,,2026-08-12 21:45:32.070184
V04332,"Mueller, Cox and Ford",LATAM,High,2026-08-12 21:45:32.070184
V04333,Brooks-Parker,APAC,Low,2026-08-12 21:45:32.070184
V04334,Thomas-Rodriguez,AMER,,2026-08-12 21:45:32.070184
V04335,"Chavez, Conway and Sosa",APAC,Medium,2026-08-12 21:45:32.070184
V04336,"Jenkins, Gonzalez and Morgan",AMER,Medium,2026-08-12 21:45:32.070184
V04337,Keller PLC,EMEA,,2026-08-12 21:45:32.070184
V04338,White-Ramos,EMEA,Low,2026-08-12 21:45:32.070184
V04339,"Clark, Bradley and Jackson",AMER,Low,2026-08-12 21:45:32.070184
V04340,"Becker, Hammond and Davidson",APAC,Medium,2026-08-12 21:45:32.070184
V04341,"Casey, Gonzalez and Jenkins",EMEA,Low,2026-08-12 21:45:32.070184
V04342,Sanchez-Rodgers,LATAM,Low,2026-08-12 21:45:32.070184
V04343,Stewart-Fitzpatrick,APAC,Medium,2026-08-12 21:45:32.070184
V04344,"Schmidt, Fuller and Johnson",APAC,,2026-08-12 21:45:32.070184
V04345,Buchanan Inc,AMER,Medium,2026-08-12 21:45:32.070184
V04346,Smith Inc,EMEA,High,2026-08-12 21:45:32.070184
V04347,Phelps-Edwards,LATAM,Medium,2026-08-12 21:45:32.070184
V04348,Harris-Hernandez,LATAM,Low,2026-08-12 21:45:32.070184
V04349,Parker Inc,EMEA,Low,2026-08-12 21:45:32.070184
V04350,Hanson-Stewart,AMER,Low,2026-08-12 21:45:32.070184
V04351,Alvarez-Padilla,LATAM,Low,2026-08-12 21:45:32.070184
V04352,Turner-Lang,AMER,Low,2026-08-12 21:45:32.070184
V04353,Lester and Sons,LATAM,High,2026-08-12 21:45:32.070184
V04354,Perry PLC,AMER,Low,2026-08-12 21:45:32.070184
V04355,"Ortiz, Hoffman and Fuller",EMEA,High,2026-08-12 21:45:32.070184
V04356,"Lucero, Vaughn and Mckee",APAC,,2026-08-12 21:45:32.070184
V04357,Beck and Sons,AMER,Medium,2026-08-12 21:45:32.070184
V04358,Davis-Williams,AMER,High,2026-08-12 21:45:32.070184
V04359,Kennedy-Woods,LATAM,Medium,2026-08-12 21:45:32.070184
V04360,Willis LLC,LATAM,High,2026-08-12 21:45:32.070184
V04361,Richards-White,LATAM,High,2026-08-12 21:45:32.070184
V04362,Waller Ltd,LATAM,Medium,2026-08-12 21:45:32.070184
V04363,"Cooper, Morgan and Miller",AMER,Medium,2026-08-12 21:45:32.070184
V04364,Jones-Taylor,EMEA,Low,2026-08-12 21:45:32.070184
V04365,Byrd-Rangel,LATAM,Medium,2026-08-12 21:45:32.070184
V04366,Haney Ltd,EMEA,Medium,2026-08-12 21:45:32.070184
V04367,Nixon LLC,APAC,High,2026-08-12 21:45:32.070184
V04368,Dawson-Rush,LATAM,Low,2026-08-12 21:45:32.070184
V04369,Gomez Group,APAC,Low,2026-08-12 21:45:32.070184
V04370,Howell PLC,EMEA,Low,2026-08-12 21:45:32.070184
V04371,Frey-Diaz,LATAM,High,2026-08-12 21:45:32.070184
V04372,Lee-Ramirez,LATAM,Low,2026-08-12 21:45:32.070184
V04373,"Strong, Johnson and Flores",AMER,High,2026-08-12 21:45:32.070184
V04374,Williams and Sons,AMER,High,2026-08-12 21:45:32.070184
V04375,"Parker, Cole and Hamilton",EMEA,Medium,2026-08-12 21:45:32.070184
V04376,Nelson Ltd,LATAM,Low,2026-08-12 21:45:32.070184
V04377,Hopkins-Cook,LATAM,Low,2026-08-12 21:45:32.070184
V04378,Anderson PLC,APAC,High,2026-08-12 21:45:32.070184
V04379,Navarro Inc,AMER,High,2026-08-12 21:45:32.070184
V04380,James-Conway,APAC,High,2026-08-12 21:45:32.070184
V04381,Price-Dominguez,LATAM,Medium,2026-08-12 21:45:32.070184
V04382,Terry-Rogers,EMEA,High,2026-08-12 21:45:32.070184
V04383,"Nash, Mueller and Russell",APAC,Medium,2026-08-12 21:45:32.070184
V04384,Anderson-Reed,AMER,Low,2026-08-12 21:45:32.070184
V04385,Tran-Burns,LATAM,Medium,2026-08-12 21:45:32.070184
V04386,Miller-Cole,EMEA,Low,2026-08-12 21:45:32.070184
V04387,"Miller, Wade and Flores",LATAM,Low,2026-08-12 21:45:32.070184
V04388,"Huang, Johnson and Anderson",EMEA,High,2026-08-12 21:45:32.070184
V04389,Sanchez and Sons,APAC,Low,2026-08-12 21:45:32.070184
V04390,Brown-Armstrong,EMEA,Medium,2026-08-12 21:45:32.070184
V04391,Maxwell Inc,LATAM,High,2026-08-12 21:45:32.070184
V04392,Sharp Ltd,APAC,Low,2026-08-12 21:45:32.070184
V04393,Berg-Williamson,AMER,High,2026-08-12 21:45:32.070184
V04394,Aguilar Group,AMER,Medium,2026-08-12 21:45:32.070184
V04395,"Marks, Hartman and Rodriguez",EMEA,Medium,2026-08-12 21:45:32.070184
V04396,Brown and Sons,EMEA,Medium,2026-08-12 21:45:32.070184
V04397,Hardin Inc,LATAM,High,2026-08-12 21:45:32.070184
V04398,Davis Inc,LATAM,Low,2026-08-12 21:45:32.070184
V04399,Hamilton Ltd,LATAM,High,2026-08-12 21:45:32.070184
V04400,Clark Ltd,LATAM,Medium,2026-08-12 21:45:32.070184
V04401,Hughes Ltd,LATAM,Low,2026-08-12 21:45:32.070184
V04402,"Lee, Roth and Erickson",EMEA,Low,2026-08-12 21:45:32.070184
V04403,Jacobs-Lopez,APAC,Low,2026-08-12 21:45:32.070184
V04404,Dennis-Vargas,APAC,High,2026-08-12 21:45:32.070184
V04405,Ramos PLC,LATAM,Medium,2026-08-12 21:45:32.070184
V04406,Miller and Sons,EMEA,Medium,2026-08-12 21:45:32.070184
V04407,Thomas-Weaver,EMEA,,2026-08-12 21:45:32.070184
V04408,Graves Ltd,APAC,Medium,2026-08-12 21:45:32.070184
V04409,Lopez LLC,LATAM,High,2026-08-12 21:45:32.070184
V04410,Martin Ltd,AMER,Low,2026-08-12 21:45:32.070184
V04411,"Phillips, Gutierrez and Davidson",AMER,High,2026-08-12 21:45:32.070184
V04412,Simmons LLC,EMEA,Medium,2026-08-12 21:45:32.070184
V04413,"Allen, Smith and Zamora",EMEA,Low,2026-08-12 21:45:32.070184
V04414,"King, Webster and Brown",EMEA,Medium,2026-08-12 21:45:32.070184
V04415,Snyder Ltd,APAC,Low,2026-08-12 21:45:32.070184
V04416,Harvey Group,APAC,Medium,2026-08-12 21:45:32.070184
V04417,Craig Ltd,APAC,,2026-08-12 21:45:32.070184
V04418,Smith-Garner,APAC,Medium,2026-08-12 21:45:32.070184
V04419,Flores LLC,AMER,Medium,2026-08-12 21:45:32.070184
V04420,"Becker, Gregory and Jones",EMEA,High,2026-08-12 21:45:32.070184
V04421,Acosta-Flores,LATAM,Medium,2026-08-12 21:45:32.070184
V04422,Harmon-Castillo,LATAM,High,2026-08-12 21:45:32.070184
V04423,Evans-Burns,APAC,High,2026-08-12 21:45:32.070184
V04424,"Duarte, Lee and Matthews",AMER,High,2026-08-12 21:45:32.070184
V04425,Vazquez Group,AMER,Medium,2026-08-12 21:45:32.070184
V04426,Hobbs-Nguyen,AMER,Medium,2026-08-12 21:45:32.070184
V04427,Ford-Nolan,AMER,Low,2026-08-12 21:45:32.070184
V04428,Hernandez-Rojas,LATAM,High,2026-08-12 21:45:32.070184
V04429,Barnes-Johnson,LATAM,High,2026-08-12 21:45:32.070184
V04430,Kramer Group,EMEA,High,2026-08-12 21:45:32.070184
V04431,"Hernandez, Diaz and Hamilton",LATAM,Medium,2026-08-12 21:45:32.070184
V04432,"Whitehead, Hernandez and Shah",APAC,High,2026-08-12 21:45:32.070184
V04433,Davis Group,APAC,High,2026-08-12 21:45:32.070184
V04434,Hernandez-Rogers,AMER,Low,2026-08-12 21:45:32.070184
V04435,Crawford and Sons,EMEA,Low,2026-08-12 21:45:32.070184
V04436,Gallegos-Nash,APAC,Low,2026-08-12 21:45:32.070184
V04437,Perez-Tucker,AMER,Medium,2026-08-12 21:45:32.070184
V04438,"Porter, Graham and York",LATAM,High,2026-08-12 21:45:32.070184
V04439,Costa-Brown,LATAM,Low,2026-08-12 21:45:32.070184
V04440,Jones LLC,EMEA,Low,2026-08-12 21:45:32.070184
V04441,"Woods, Roberts and Young",APAC,High,2026-08-12 21:45:32.070184
V04442,Lara-Butler,AMER,Low,2026-08-12 21:45:32.070184
V04443,Frye Ltd,APAC,Low,2026-08-12 21:45:32.070184
V04444,Morgan LLC,APAC,,2026-08-12 21:45:32.070184
V04445,"Montgomery, Carr and George",LATAM,High,2026-08-12 21:45:32.070184
V04446,"Campbell, Hardy and Roman",LATAM,Medium,2026-08-12 21:45:32.070184
V04447,Wood Group,LATAM,Medium,2026-08-12 21:45:32.070184
V04448,Smith LLC,APAC,Medium,2026-08-12 21:45:32.070184
V04449,Sanchez-Blackburn,LATAM,Medium,2026-08-12 21:45:32.070184
V04450,"Hall, Wiggins and Edwards",LATAM,Medium,2026-08-12 21:45:32.070184
V04451,Buchanan-Peters,EMEA,High,2026-08-12 21:45:32.070184
V04452,"Leon, Hale and Winters",EMEA,Low,2026-08-12 21:45:32.070184
V04453,Harrington-Armstrong,LATAM,Medium,2026-08-12 21:45:32.070184
V04454,Erickson PLC,EMEA,Medium,2026-08-12 21:45:32.070184
V04455,Li and Sons,AMER,Medium,2026-08-12 21:45:32.070184
V04456,elliott-zamora,APAC,Low,2026-08-12 21:45:32.070184
V04457,Dixon-Davis,LATAM,Low,2026-08-12 21:45:32.070184
V04458,Hanson Inc,EMEA,Medium,2026-08-12 21:45:32.070184
V04459,"Henry, Morrison and Macdonald",LATAM,Medium,2026-08-12 21:45:32.070184
V04460,"Adams, Cole and Waters",LATAM,Medium,2026-08-12 21:45:32.070184
V04461,Joseph-Cox,AMER,,2026-08-12 21:45:32.070184
V04462,Wells and Sons,APAC,High,2026-08-12 21:45:32.070184
V04463,"Smith, Kelly and Oliver",APAC,High,2026-08-12 21:45:32.070184
V04464,"Thomas, Nelson and Flores",AMER,Low,2026-08-12 21:45:32.070184
V04465,Jacobs-Herrera,AMER,Low,2026-08-12 21:45:32.070184
V04466,"Lopez, Bradshaw and Jacobs",LATAM,Medium,2026-08-12 21:45:32.070184
V04467,Quinn-Moss,EMEA,Low,2026-08-12 21:45:32.070184
V04468,Mills PLC,APAC,Medium,2026-08-12 21:45:32.070184
V04469,Wright-Bennett,APAC,Medium,2026-08-12 21:45:32.070184
V04470,"Cardenas, Smith and Green",APAC,Low,2026-08-12 21:45:32.070184
V04471,Phillips Inc,EMEA,High,2026-08-12 21:45:32.070184
V04472,"Schneider, Fisher and Richardson",EMEA,High,2026-08-12 21:45:32.070184
V04473,Griffin Group,LATAM,Medium,2026-08-12 21:45:32.070184
V04474,"Moore, Wallace and Edwards",LATAM,,2026-08-12 21:45:32.070184
V04475,Bryant-Gonzalez,EMEA,Medium,2026-08-12 21:45:32.070184
V04476,"Chavez, Martin and Anderson",EMEA,Medium,2026-08-12 21:45:32.070184
V04477,Martinez LLC,EMEA,High,2026-08-12 21:45:32.070184
V04478,"Woods, Thomas and Decker",APAC,,2026-08-12 21:45:32.070184
V04479,Pierce-Fuller,APAC,Medium,2026-08-12 21:45:32.070184
V04480,"Nguyen, Thompson and Austin",LATAM,Medium,2026-08-12 21:45:32.070184
V04481,Schneider LLC,AMER,Low,2026-08-12 21:45:32.070184
V04482,"Avila, Williams and Hunt",LATAM,Medium,2026-08-12 21:45:32.070184
V04483,"Love, Anderson and Brown",LATAM,High,2026-08-12 21:45:32.070184
V04484,Taylor Inc,AMER,Medium,2026-08-12 21:45:32.070184
V04485,"Martin, Reeves and Davis",EMEA,Low,2026-08-12 21:45:32.070184
V04486,Compton-Morgan,EMEA,Medium,2026-08-12 21:45:32.070184
V04487,Cooper-Jones,LATAM,High,2026-08-12 21:45:32.070184
V04488,Gardner-Warren,LATAM,Medium,2026-08-12 21:45:32.070184
V04489,"Clarke, Neal and Kelley",AMER,Low,2026-08-12 21:45:32.070184
V04490,Olsen Group,EMEA,Low,2026-08-12 21:45:32.070184
V04491,Wilson LLC,EMEA,Low,2026-08-12 21:45:32.070184
V04492,Allen Ltd,EMEA,Medium,2026-08-12 21:45:32.070184
V04493,"Grant, Williams and Cameron",EMEA,Medium,2026-08-12 21:45:32.070184
V04494,Mendoza Inc,EMEA,,2026-08-12 21:45:32.070184
V04495,Blake and Sons,AMER,High,2026-08-12 21:45:32.070184
V04496,Mason LLC,LATAM,Medium,2026-08-12 21:45:32.070184
V04497,Avila-Santiago,AMER,Medium,2026-08-12 21:45:32.070184
V04498,Dixon LLC,APAC,Medium,2026-08-12 21:45:32.070184
V04499,Johnson-Espinoza,APAC,Medium,2026-08-12 21:45:32.070184
V04500,Pierce-Williams,EMEA,High,2026-08-12 21:45:32.070184
V04501,"Johnson, Perez and Henry",LATAM,High,2026-08-12 21:45:32.070184
V04502,Miles-Perkins,AMER,Low,2026-08-12 21:45:32.070184
V04503,Hicks-Calderon,APAC,Low,2026-08-12 21:45:32.070184
V04504,Lewis-Herrera,LATAM,High,2026-08-12 21:45:32.070184
V04505,"Garner, Campbell and Hawkins",LATAM,High,2026-08-12 21:45:32.070184
V04506,"Price, Davenport and Webster",EMEA,High,2026-08-12 21:45:32.070184
V04507,Cook-Murphy,APAC,Medium,2026-08-12 21:45:32.070184
V04508,Long-Santos,LATAM,Low,2026-08-12 21:45:32.070184
V04509,Johnson-Morrison,EMEA,Medium,2026-08-12 21:45:32.070184
V04510,"Powers, Carrillo and Harris",AMER,High,2026-08-12 21:45:32.070184
V04511,Williams Inc,LATAM,High,2026-08-12 21:45:32.070184
V04512,"Fitzpatrick, Harris and Wolf",EMEA,High,2026-08-12 21:45:32.070184
V04513,"Burgess, Whitaker and Craig",EMEA,High,2026-08-12 21:45:32.070184
V04514,"Meyers, Ward and Brown",AMER,Low,2026-08-12 21:45:32.070184
V04515,"Hall, Zamora and Bridges",LATAM,Low,2026-08-12 21:45:32.070184
V04516,Dixon LLC,EMEA,Low,2026-08-12 21:45:32.070184
V04517,Robinson and Sons,AMER,High,2026-08-12 21:45:32.070184
V04518,Clark-Arroyo,EMEA,Low,2026-08-12 21:45:32.070184
V04519,Cortez-Ellis,AMER,Low,2026-08-12 21:45:32.070184
V04520,Guzman-Martin,AMER,Low,2026-08-12 21:45:32.070184
V04521,Castillo-Carlson,LATAM,Medium,2026-08-12 21:45:32.070184
V04522,"mathews, wright and jensen",LATAM,High,2026-08-12 21:45:32.070184
V04523,Farrell PLC,AMER,Medium,2026-08-12 21:45:32.070184
V04524,Vincent LLC,AMER,Medium,2026-08-12 21:45:32.070184
V04525,Turner Group,APAC,Medium,2026-08-12 21:45:32.070184
V04526,"Carroll, Moore and Brown",AMER,High,2026-08-12 21:45:32.070184
V04527,Brewer Group,LATAM,Medium,2026-08-12 21:45:32.070184
V04528,"Walter, Jones and Butler",EMEA,Low,2026-08-12 21:45:32.070184
V04529,Evans Inc,APAC,High,2026-08-12 21:45:32.070184
V04530,turner llc,EMEA,High,2026-08-12 21:45:32.070184
V04531,Conrad-Clay,LATAM,,2026-08-12 21:45:32.070184
V04532,Martinez Ltd,APAC,Medium,2026-08-12 21:45:32.070184
V04533,"Farley, Mcguire and Beard",LATAM,Low,2026-08-12 21:45:32.070184
V04534,Thompson-Rodriguez,AMER,Medium,2026-08-12 21:45:32.070184
V04535,"Young, Kane and Riley",LATAM,Medium,2026-08-12 21:45:32.070184
V04536,"Nelson, Johnson and Hart",LATAM,Medium,2026-08-12 21:45:32.070184
V04537,Simon and Sons,AMER,High,2026-08-12 21:45:32.070184
V04538,Brown Ltd,EMEA,,2026-08-12 21:45:32.070184
V04539,Johnson-Jimenez,APAC,Low,2026-08-12 21:45:32.070184
V04540,Gutierrez-Dudley,APAC,High,2026-08-12 21:45:32.070184
V04541,"Merritt, Douglas and Chung",AMER,Medium,2026-08-12 21:45:32.070184
V04542,Mckinney-Higgins,LATAM,Medium,2026-08-12 21:45:32.070184
V04543,Pham Inc,EMEA,Medium,2026-08-12 21:45:32.070184
V04544,"Nelson, Wiggins and Young",LATAM,Low,2026-08-12 21:45:32.070184
V04545,Patrick-Forbes,AMER,High,2026-08-12 21:45:32.070184
V04546,Russo Group,AMER,Medium,2026-08-12 21:45:32.070184
V04547,"Crane, Freeman and Hall",LATAM,High,2026-08-12 21:45:32.070184
V04548,"Williams, Cox and George",LATAM,Low,2026-08-12 21:45:32.070184
V04549,Hoover-Stephens,LATAM,,2026-08-12 21:45:32.070184
V04550,Hopkins-Watson,EMEA,Low,2026-08-12 21:45:32.070184
V04551,"Fernandez, Flores and Fowler",APAC,Medium,2026-08-12 21:45:32.070184
V04552,Thompson-Morales,EMEA,,2026-08-12 21:45:32.070184
V04553,Lucero-Saunders,AMER,High,2026-08-12 21:45:32.070184
V04554,Olsen Group,AMER,Medium,2026-08-12 21:45:32.070184
V04555,"Daniels, Ward and Reynolds",AMER,Medium,2026-08-12 21:45:32.070184
V04556,"King, Taylor and Middleton",AMER,High,2026-08-12 21:45:32.070184
V04557,"Owens, Molina and Hensley",LATAM,High,2026-08-12 21:45:32.070184
V04558,Preston LLC,EMEA,Medium,2026-08-12 21:45:32.070184
V04559,"Hull, Mcgrath and Thomas",LATAM,Low,2026-08-12 21:45:32.070184
V04560,Fernandez-Collier,EMEA,High,2026-08-12 21:45:32.070184
V04561,Rosales PLC,AMER,Medium,2026-08-12 21:45:32.070184
V04562,Rowland and Sons,APAC,High,2026-08-12 21:45:32.070184
V04563,"Sanders, Colon and Gilmore",EMEA,Low,2026-08-12 21:45:32.070184
V04564,"Stephens, Stone and Johnston",APAC,Medium,2026-08-12 21:45:32.070184
V04565,Michael-Ortega,APAC,Medium,2026-08-12 21:45:32.070184
V04566,Singh Ltd,EMEA,Low,2026-08-12 21:45:32.070184
V04567,"French, Burns and Nguyen",AMER,High,2026-08-12 21:45:32.070184
V04568,Kelley-Foster,AMER,Low,2026-08-12 21:45:32.070184
V04569,"Weiss, Robinson and Bell",APAC,Medium,2026-08-12 21:45:32.070184
V04570,Watts-Travis,EMEA,Low,2026-08-12 21:45:32.070184
V04571,Bowman Group,LATAM,Low,2026-08-12 21:45:32.070184
V04572,Flowers and Sons,APAC,High,2026-08-12 21:45:32.070184
V04573,"Smith, Leon and Wagner",AMER,Low,2026-08-12 21:45:32.070184
V04574,Simpson Inc,EMEA,Low,2026-08-12 21:45:32.070184
V04575,"Clements, Allen and Sullivan",EMEA,Low,2026-08-12 21:45:32.070184
V04576,Weaver Inc,LATAM,High,2026-08-12 21:45:32.070184
V04577,Johnson Inc,APAC,Low,2026-08-12 21:45:32.070184
V04578,Martinez-Lopez,APAC,High,2026-08-12 21:45:32.070184
V04579,"Jones, King and Tapia",AMER,Low,2026-08-12 21:45:32.070184
V04580,Duffy-Stanley,AMER,High,2026-08-12 21:45:32.070184
V04581,Wolfe LLC,AMER,High,2026-08-12 21:45:32.070184
V04582,Hughes-Clark,AMER,High,2026-08-12 21:45:32.070184
V04583,Harvey-Gillespie,EMEA,Medium,2026-08-12 21:45:32.070184
V04584,"Mendez, Williams and Henry",EMEA,,2026-08-12 21:45:32.070184
V04585,porter llc,LATAM,High,2026-08-12 21:45:32.070184
V04586,Scott Group,LATAM,Medium,2026-08-12 21:45:32.070184
V04587,Mullins-Carrillo,AMER,High,2026-08-12 21:45:32.070184
V04588,Barker-Oliver,APAC,High,2026-08-12 21:45:32.070184
V04589,Avery-Cohen,EMEA,High,2026-08-12 21:45:32.070184
V04590,James Group,EMEA,Medium,2026-08-12 21:45:32.070184
V04591,Wells PLC,APAC,Medium,2026-08-12 21:45:32.070184
V04592,Miller Ltd,AMER,High,2026-08-12 21:45:32.070184
V04593,"Welch, Davis and James",EMEA,Medium,2026-08-12 21:45:32.070184
V04594,Allen-Riggs,AMER,Low,2026-08-12 21:45:32.070184
V04595,Morris PLC,AMER,Low,2026-08-12 21:45:32.070184
V04596,"Bond, Robinson and Jenkins",APAC,High,2026-08-12 21:45:32.070184
V04597,Sutton PLC,EMEA,Low,2026-08-12 21:45:32.070184
V04598,"Norman, Walls and Wallace",APAC,Medium,2026-08-12 21:45:32.070184
V04599,"White, Hill and Cunningham",EMEA,Medium,2026-08-12 21:45:32.070184
V04600,"Valdez, Williams and Richards",AMER,Medium,2026-08-12 21:45:32.070184
V04601,"Black, Thompson and Hayes",LATAM,Low,2026-08-12 21:45:32.070184
V04602,Williams PLC,EMEA,High,2026-08-12 21:45:32.070184
V04603,Simmons-Mcdaniel,EMEA,High,2026-08-12 21:45:32.070184
V04604,Gonzalez Group,EMEA,Medium,2026-08-12 21:45:32.070184
V04605,Smith Ltd,APAC,Medium,2026-08-12 21:45:32.070184
V04606,"Whitehead, Barton and Williams",APAC,Medium,2026-08-12 21:45:32.070184
V04607,Walker Ltd,APAC,High,2026-08-12 21:45:32.070184
V04608,"Bruce, Perez and Wallace",APAC,Medium,2026-08-12 21:45:32.070184
V04609,"Gould, Wilson and Martin",EMEA,Low,2026-08-12 21:45:32.070184
V04610,Yang PLC,AMER,,2026-08-12 21:45:32.070184
V04611,"Johnson, Crawford and Bauer",APAC,,2026-08-12 21:45:32.070184
V04612,Smith-Warren,APAC,,2026-08-12 21:45:32.070184
V04613,"Richardson, Stephens and Barnes",AMER,Low,2026-08-12 21:45:32.070184
V04614,Ramirez PLC,AMER,Medium,2026-08-12 21:45:32.070184
V04615,"henderson, brown and baker",AMER,High,2026-08-12 21:45:32.070184
V04616,"Howard, Morales and Calhoun",APAC,Medium,2026-08-12 21:45:32.070184
V04617,Martinez and Sons,LATAM,Low,2026-08-12 21:45:32.070184
V04618,Hudson Ltd,AMER,Medium,2026-08-12 21:45:32.070184
V04619,Griffin PLC,EMEA,Medium,2026-08-12 21:45:32.070184
V04620,grant-woods,AMER,High,2026-08-12 21:45:32.070184
V04621,"Lopez, Gutierrez and Castro",AMER,High,2026-08-12 21:45:32.070184
V04622,Harris LLC,APAC,High,2026-08-12 21:45:32.070184
V04623,Francis Group,AMER,Low,2026-08-12 21:45:32.070184
V04624,Watson PLC,AMER,Low,2026-08-12 21:45:32.070184
V04625,Rodriguez Ltd,EMEA,Medium,2026-08-12 21:45:32.070184
V04626,Richards-Smith,APAC,Medium,2026-08-12 21:45:32.070184
V04627,Flores and Sons,AMER,Medium,2026-08-12 21:45:32.070184
V04628,Solis-Lopez,LATAM,Low,2026-08-12 21:45:32.070184
V04629,Mendoza-Lewis,EMEA,Medium,2026-08-12 21:45:32.070184
V04630,Hughes Ltd,APAC,High,2026-08-12 21:45:32.070184
V04631,"Weaver, Lara and Thomas",AMER,Low,2026-08-12 21:45:32.070184
V04632,Hodge and Sons,AMER,Low,2026-08-12 21:45:32.070184
V04633,woods inc,EMEA,Medium,2026-08-12 21:45:32.070184
V04634,"Martin, Sims and Gutierrez",AMER,Low,2026-08-12 21:45:32.070184
V04635,"Ward, Perez and Baker",AMER,Low,2026-08-12 21:45:32.070184
V04636,Goodwin Inc,APAC,Low,2026-08-12 21:45:32.070184
V04637,Norman-Johnson,AMER,Low,2026-08-12 21:45:32.070184
V04638,"Barber, Brooks and Cole",EMEA,High,2026-08-12 21:45:32.070184
V04639,Goodman and Sons,EMEA,Medium,2026-08-12 21:45:32.070184
V04640,Mendez-Tyler,AMER,Medium,2026-08-12 21:45:32.070184
V04641,Lucas-Campos,LATAM,Medium,2026-08-12 21:45:32.070184
V04642,Allen PLC,AMER,Medium,2026-08-12 21:45:32.070184
V04643,Crawford-Jones,AMER,Low,2026-08-12 21:45:32.070184
V04644,"Johnson, Jones and Miller",LATAM,,2026-08-12 21:45:32.070184
V04645,Mejia Inc,EMEA,Medium,2026-08-12 21:45:32.070184
V04646,Ramirez-Campbell,EMEA,High,2026-08-12 21:45:32.070184
V04647,"Roman, Stark and Turner",EMEA,High,2026-08-12 21:45:32.070184
V04648,"Jacobs, Calhoun and Wyatt",APAC,,2026-08-12 21:45:32.070184
V04649,Dixon-Hughes,LATAM,Medium,2026-08-12 21:45:32.070184
V04650,"Lawrence, Castro and Fleming",APAC,,2026-08-12 21:45:32.070184
V04651,"Guerrero, Berry and Harrison",APAC,Low,2026-08-12 21:45:32.070184
V04652,Holt LLC,LATAM,Medium,2026-08-12 21:45:32.070184
V04653,"Black, Welch and King",EMEA,Medium,2026-08-12 21:45:32.070184
V04654,Villa-Baxter,EMEA,High,2026-08-12 21:45:32.070184
V04655,"Palmer, Edwards and Bullock",EMEA,Low,2026-08-12 21:45:32.070184
V04656,Knight LLC,AMER,,2026-08-12 21:45:32.070184
V04657,Lee-Rogers,AMER,High,2026-08-12 21:45:32.070184
V04658,"Jenkins, Baker and Coleman",AMER,Medium,2026-08-12 21:45:32.070184
V04659,"lopez, austin and buchanan",LATAM,High,2026-08-12 21:45:32.070184
V04660,"Phillips, Mcdaniel and Ward",AMER,Low,2026-08-12 21:45:32.070184
V04661,"Tran, Harris and Ford",EMEA,High,2026-08-12 21:45:32.070184
V04662,"Thompson, Hardy and Walter",APAC,Medium,2026-08-12 21:45:32.070184
V04663,"Wright, George and Schultz",LATAM,Medium,2026-08-12 21:45:32.070184
V04664,White-Holland,AMER,Low,2026-08-12 21:45:32.070184
V04665,Brooks-Myers,LATAM,Medium,2026-08-12 21:45:32.070184
V04666,"Nelson, Carroll and Medina",EMEA,Medium,2026-08-12 21:45:32.070184
V04667,Scott Inc,AMER,High,2026-08-12 21:45:32.070184
V04668,Martinez-Bennett,EMEA,Low,2026-08-12 21:45:32.070184
V04669,"riggs, smith and lopez",AMER,High,2026-08-12 21:45:32.070184
V04670,Reilly-Gibson,LATAM,Low,2026-08-12 21:45:32.070184
V04671,"Silva, Hill and Bradley",EMEA,Low,2026-08-12 21:45:32.070184
V04672,Baker Group,EMEA,Low,2026-08-12 21:45:32.070184
V04673,"Holden, Larson and Alvarez",AMER,High,2026-08-12 21:45:32.070184
V04674,Edwards-Taylor,EMEA,Low,2026-08-12 21:45:32.070184
V04675,Ward Inc,AMER,High,2026-08-12 21:45:32.070184
V04676,Boone LLC,AMER,High,2026-08-12 21:45:32.070184
V04677,Dunn LLC,AMER,Low,2026-08-12 21:45:32.070184
V04678,Bowers Ltd,APAC,Medium,2026-08-12 21:45:32.070184
V04679,"Henderson, Williams and Keller",APAC,High,2026-08-12 21:45:32.070184
V04680,Smith LLC,LATAM,Low,2026-08-12 21:45:32.070184
V04681,"Ball, Mitchell and Allen",AMER,High,2026-08-12 21:45:32.070184
V04682,Montgomery PLC,APAC,Low,2026-08-12 21:45:32.070184
V04683,Reilly-Gomez,EMEA,Low,2026-08-12 21:45:32.070184
V04684,Hernandez PLC,EMEA,High,2026-08-12 21:45:32.070184
V04685,"Stewart, Robinson and Shaffer",EMEA,High,2026-08-12 21:45:32.070184
V04686,Harris-Jensen,APAC,Low,2026-08-12 21:45:32.070184
V04687,Davis Ltd,EMEA,Low,2026-08-12 21:45:32.070184
V04688,"Irwin, Nelson and Tucker",AMER,Low,2026-08-12 21:45:32.070184
V04689,Sanchez Group,APAC,High,2026-08-12 21:45:32.070184
V04690,Allen PLC,EMEA,Low,2026-08-12 21:45:32.070184
V04691,Mcclain and Sons,APAC,Low,2026-08-12 21:45:32.070184
V04692,Rodriguez-Allen,APAC,High,2026-08-12 21:45:32.070184
V04693,Graham-Valencia,AMER,Low,2026-08-12 21:45:32.070184
V04694,Griffin-Hall,APAC,High,2026-08-12 21:45:32.070184
V04695,Ortiz Group,AMER,High,2026-08-12 21:45:32.070184
V04696,Hernandez-Beasley,AMER,,2026-08-12 21:45:32.070184
V04697,"Christensen, Johnson and Hubbard",AMER,Medium,2026-08-12 21:45:32.070184
V04698,Macias Group,EMEA,Low,2026-08-12 21:45:32.070184
V04699,Clarke-Warren,APAC,Low,2026-08-12 21:45:32.070184
V04700,Smith-Romero,APAC,High,2026-08-12 21:45:32.070184
V04701,Massey-Obrien,EMEA,High,2026-08-12 21:45:32.070184
V04702,Thomas-Jones,AMER,Medium,2026-08-12 21:45:32.070184
V04703,"Vega, Jackson and Powell",AMER,Medium,2026-08-12 21:45:32.070184
V04704,Edwards Group,LATAM,Medium,2026-08-12 21:45:32.070184
V04705,Wright-Roberts,AMER,High,2026-08-12 21:45:32.070184
V04706,Gray Group,AMER,,2026-08-12 21:45:32.070184
V04707,Parks PLC,AMER,Medium,2026-08-12 21:45:32.070184
V04708,Brewer Inc,AMER,Medium,2026-08-12 21:45:32.070184
V04709,Marquez-Johnson,AMER,Low,2026-08-12 21:45:32.070184
V04710,"Reed, James and Henry",EMEA,Low,2026-08-12 21:45:32.070184
V04711,"Griffin, Coleman and Kim",EMEA,High,2026-08-12 21:45:32.070184
V04712,Perez-Richardson,LATAM,Medium,2026-08-12 21:45:32.070184
V04713,mendoza-jackson,EMEA,Low,2026-08-12 21:45:32.070184
V04714,"Newman, George and Patrick",AMER,Medium,2026-08-12 21:45:32.070184
V04715,Werner LLC,LATAM,Medium,2026-08-12 21:45:32.070184
V04716,Hodges Inc,AMER,Medium,2026-08-12 21:45:32.070184
V04717,"Moon, Davis and Dominguez",EMEA,Low,2026-08-12 21:45:32.070184
V04718,Wright PLC,APAC,Medium,2026-08-12 21:45:32.070184
V04719,Chavez-Carter,APAC,Medium,2026-08-12 21:45:32.070184
V04720,Ramirez-Moon,LATAM,Medium,2026-08-12 21:45:32.070184
V04721,Ortiz and Sons,EMEA,High,2026-08-12 21:45:32.070184
V04722,"Jones, Wiggins and Oliver",AMER,Medium,2026-08-12 21:45:32.070184
V04723,"Pena, Mueller and Mckay",LATAM,Low,2026-08-12 21:45:32.070184
V04724,"Thompson, Kelley and Mcmahon",EMEA,Medium,2026-08-12 21:45:32.070184
V04725,Young and Sons,APAC,Low,2026-08-12 21:45:32.070184
V04726,"Marquez, Jones and Garcia",EMEA,High,2026-08-12 21:45:32.070184
V04727,Ferguson Group,APAC,Medium,2026-08-12 21:45:32.070184
V04728,"Hodges, Cummings and Hernandez",AMER,High,2026-08-12 21:45:32.070184
V04729,Sanchez Inc,AMER,High,2026-08-12 21:45:32.070184
V04730,Foley-Miranda,EMEA,High,2026-08-12 21:45:32.070184
V04731,"Li, Mason and Jacobson",AMER,High,2026-08-12 21:45:32.070184
V04732,Taylor-Williams,APAC,Low,2026-08-12 21:45:32.070184
V04733,Bradford and Sons,EMEA,Low,2026-08-12 21:45:32.070184
V04734,"Flowers, Berry and Ramirez",APAC,Medium,2026-08-12 21:45:32.070184
V04735,Gibson Ltd,APAC,High,2026-08-12 21:45:32.070184
V04736,Reeves and Sons,EMEA,Low,2026-08-12 21:45:32.070184
V04737,"Obrien, Williams and Mcgrath",AMER,High,2026-08-12 21:45:32.070184
V04738,Smith Group,APAC,High,2026-08-12 21:45:32.070184
V04739,"Lindsey, Byrd and Foster",APAC,High,2026-08-12 21:45:32.070184
V04740,"Barber, Oneal and Owens",LATAM,High,2026-08-12 21:45:32.070184
V04741,"Harding, Gomez and Jacobs",APAC,Medium,2026-08-12 21:45:32.070184
V04742,"Monroe, Sullivan and King",APAC,High,2026-08-12 21:45:32.070184
V04743,Jackson-Hodge,APAC,Low,2026-08-12 21:45:32.070184
V04744,Ballard and Sons,APAC,High,2026-08-12 21:45:32.070184
V04745,Greene LLC,LATAM,Medium,2026-08-12 21:45:32.070184
V04746,Wilson-Strong,LATAM,Low,2026-08-12 21:45:32.070184
V04747,Bennett-Brooks,EMEA,Low,2026-08-12 21:45:32.070184
V04748,freeman-christensen,AMER,High,2026-08-12 21:45:32.070184
V04749,Graham Ltd,APAC,High,2026-08-12 21:45:32.070184
V04750,Cole PLC,AMER,Medium,2026-08-12 21:45:32.070184
V04751,"Taylor, Leon and Sanders",EMEA,Medium,2026-08-12 21:45:32.070184
V04752,Smith and Sons,LATAM,Medium,2026-08-12 21:45:32.070184
V04753,King-Ross,AMER,,2026-08-12 21:45:32.070184
V04754,"Marshall, Khan and Ford",APAC,Low,2026-08-12 21:45:32.070184
V04755,Moyer-Sanchez,AMER,Medium,2026-08-12 21:45:32.070184
V04756,Prince Inc,APAC,Low,2026-08-12 21:45:32.070184
V04757,Brooks-Bell,EMEA,Low,2026-08-12 21:45:32.070184
V04758,Eaton-Wiggins,LATAM,Low,2026-08-12 21:45:32.070184
V04759,George LLC,APAC,Low,2026-08-12 21:45:32.070184
V04760,"Arnold, Williams and Jarvis",LATAM,Low,2026-08-12 21:45:32.070184
V04761,Jones-Rivera,AMER,High,2026-08-12 21:45:32.070184
V04762,Weeks-Martin,AMER,Medium,2026-08-12 21:45:32.070184
V04763,Thomas Ltd,EMEA,Low,2026-08-12 21:45:32.070184
V04764,"Nelson, Johnson and Robinson",LATAM,Low,2026-08-12 21:45:32.070184
V04765,"Watson, West and Cook",APAC,Low,2026-08-12 21:45:32.070184
V04766,"Stevens, Howell and Mitchell",APAC,High,2026-08-12 21:45:32.070184
V04767,Solis PLC,LATAM,Medium,2026-08-12 21:45:32.070184
V04768,Stephenson Group,LATAM,Low,2026-08-12 21:45:32.070184
V04769,Gallagher-Johnson,EMEA,High,2026-08-12 21:45:32.070184
V04770,"Chandler, Knight and Jones",LATAM,Medium,2026-08-12 21:45:32.070184
V04771,Fitzpatrick Group,EMEA,Medium,2026-08-12 21:45:32.070184
V04772,Guerrero-Gonzales,LATAM,Medium,2026-08-12 21:45:32.070184
V04773,"Reid, Thomas and Gill",EMEA,,2026-08-12 21:45:32.070184
V04774,Davis Group,AMER,High,2026-08-12 21:45:32.070184
V04775,Foster-Williams,APAC,Low,2026-08-12 21:45:32.070184
V04776,Smith-Anderson,AMER,Low,2026-08-12 21:45:32.070184
V04777,Hudson-Butler,AMER,,2026-08-12 21:45:32.070184
V04778,Simmons PLC,EMEA,High,2026-08-12 21:45:32.070184
V04779,Mooney-Clark,APAC,Medium,2026-08-12 21:45:32.070184
V04780,Martin Inc,AMER,,2026-08-12 21:45:32.070184
V04781,Acosta-Buchanan,AMER,Low,2026-08-12 21:45:32.070184
V04782,Mcdonald and Sons,AMER,Medium,2026-08-12 21:45:32.070184
V04783,"Snyder, Miller and Stevens",EMEA,Low,2026-08-12 21:45:32.070184
V04784,Jensen-Krause,APAC,High,2026-08-12 21:45:32.070184
V04785,Sosa-Scott,EMEA,,2026-08-12 21:45:32.070184
V04786,"Kelley, Valenzuela and Harmon",LATAM,Low,2026-08-12 21:45:32.070184
V04787,"Ortega, Rose and Contreras",APAC,High,2026-08-12 21:45:32.070184
V04788,"Lawrence, Fleming and Drake",EMEA,Low,2026-08-12 21:45:32.070184
V04789,Perez Inc,LATAM,Low,2026-08-12 21:45:32.070184
V04790,Webb-Murphy,EMEA,Low,2026-08-12 21:45:32.070184
V04791,"Turner, Kaufman and Esparza",EMEA,Medium,2026-08-12 21:45:32.070184
V04792,Crane LLC,LATAM,Low,2026-08-12 21:45:32.070184
V04793,Rodriguez-Hernandez,LATAM,Medium,2026-08-12 21:45:32.070184
V04794,Richard and Sons,LATAM,Low,2026-08-12 21:45:32.070184
V04795,Marshall and Sons,LATAM,Low,2026-08-12 21:45:32.070184
V04796,terry plc,EMEA,,2026-08-12 21:45:32.070184
V04797,Gutierrez-Ross,AMER,Low,2026-08-12 21:45:32.070184
V04798,"Rivera, Miller and Martin",EMEA,High,2026-08-12 21:45:32.070184
V04799,Fry-Bates,EMEA,High,2026-08-12 21:45:32.070184
V04800,Howe-Brown,LATAM,High,2026-08-12 21:45:32.070184
V04801,Briggs-Moore,APAC,Medium,2026-08-12 21:45:32.070184
V04802,Good-Cook,APAC,Low,2026-08-12 21:45:32.070184
V04803,Wilson-Young,EMEA,High,2026-08-12 21:45:32.070184
V04804,Reilly-Sanders,EMEA,High,2026-08-12 21:45:32.070184
V04805,Sullivan and Sons,APAC,Medium,2026-08-12 21:45:32.070184
V04806,Sanchez-Ballard,EMEA,High,2026-08-12 21:45:32.070184
V04807,Moore-Murphy,EMEA,Low,2026-08-12 21:45:32.070184
V04808,Castaneda-Garcia,AMER,Medium,2026-08-12 21:45:32.070184
V04809,Hogan Inc,APAC,Low,2026-08-12 21:45:32.070184
V04810,Fernandez Group,LATAM,Low,2026-08-12 21:45:32.070184
V04811,Michael Ltd,LATAM,Low,2026-08-12 21:45:32.070184
V04812,"Hernandez, Williams and Ruiz",AMER,Medium,2026-08-12 21:45:32.070184
V04813,anderson llc,APAC,Low,2026-08-12 21:45:32.070184
V04814,"Jennings, Serrano and Howard",APAC,Low,2026-08-12 21:45:32.070184
V04815,"Miller, Martin and Collins",AMER,High,2026-08-12 21:45:32.070184
V04816,Williams PLC,AMER,Low,2026-08-12 21:45:32.070184
V04817,Mcneil PLC,AMER,High,2026-08-12 21:45:32.070184
V04818,Underwood and Sons,EMEA,High,2026-08-12 21:45:32.070184
V04819,Prince Group,APAC,Medium,2026-08-12 21:45:32.070184
V04820,Adams LLC,LATAM,Low,2026-08-12 21:45:32.070184
V04821,"Copeland, Jones and Salazar",AMER,Low,2026-08-12 21:45:32.070184
V04822,Brown PLC,APAC,Low,2026-08-12 21:45:32.070184
V04823,Moore-Parsons,AMER,Low,2026-08-12 21:45:32.070184
V04824,"davis, obrien and barker",APAC,Medium,2026-08-12 21:45:32.070184
V04825,Long LLC,AMER,High,2026-08-12 21:45:32.070184
V04826,"Martin, Kennedy and Chavez",EMEA,High,2026-08-12 21:45:32.070184
V04827,"Torres, Valdez and Briggs",APAC,Low,2026-08-12 21:45:32.070184
V04828,Roman-Young,EMEA,Low,2026-08-12 21:45:32.070184
V04829,Wade-Clark,EMEA,,2026-08-12 21:45:32.070184
V04830,Hernandez-Moore,LATAM,Low,2026-08-12 21:45:32.070184
V04831,Brown Inc,EMEA,Medium,2026-08-12 21:45:32.070184
V04832,Rodriguez Group,EMEA,High,2026-08-12 21:45:32.070184
V04833,Hernandez Inc,LATAM,Medium,2026-08-12 21:45:32.070184
V04834,Townsend-Watts,LATAM,Low,2026-08-12 21:45:32.070184
V04835,"Allen, Olson and Ortiz",EMEA,Low,2026-08-12 21:45:32.070184
V04836,"Barnett, Powers and Daniel",LATAM,Low,2026-08-12 21:45:32.070184
V04837,Pineda-Clark,EMEA,Low,2026-08-12 21:45:32.070184
V04838,Douglas-Diaz,AMER,Medium,2026-08-12 21:45:32.070184
V04839,Lee-Jones,LATAM,High,2026-08-12 21:45:32.070184
V04840,Randall LLC,EMEA,High,2026-08-12 21:45:32.070184
V04841,Lopez-Jimenez,APAC,Low,2026-08-12 21:45:32.070184
V04842,"Levy, Bowers and Huffman",LATAM,Medium,2026-08-12 21:45:32.070184
V04843,Anderson-Murphy,APAC,Low,2026-08-12 21:45:32.070184
V04844,"Henderson, Edwards and Sexton",EMEA,Low,2026-08-12 21:45:32.070184
V04845,"Parrish, White and Booth",AMER,Medium,2026-08-12 21:45:32.070184
V04846,Best Group,APAC,High,2026-08-12 21:45:32.070184
V04847,Tucker LLC,APAC,,2026-08-12 21:45:32.070184
V04848,Williams and Sons,EMEA,Medium,2026-08-12 21:45:32.070184
V04849,Hunt Group,APAC,Medium,2026-08-12 21:45:32.070184
V04850,Solomon-Le,LATAM,Medium,2026-08-12 21:45:32.070184
V04851,Johnson-Smith,LATAM,Medium,2026-08-12 21:45:32.070184
V04852,Dawson-Mcbride,EMEA,Medium,2026-08-12 21:45:32.070184
V04853,Rogers-Garcia,AMER,Medium,2026-08-12 21:45:32.070184
V04854,"Harris, Hernandez and Becker",LATAM,Low,2026-08-12 21:45:32.070184
V04855,"Manning, Hill and Myers",LATAM,,2026-08-12 21:45:32.070184
V04856,"Chaney, Salazar and Salazar",APAC,High,2026-08-12 21:45:32.070184
V04857,Carrillo-Simon,LATAM,Medium,2026-08-12 21:45:32.070184
V04858,Gibson Ltd,APAC,Low,2026-08-12 21:45:32.070184
V04859,"Payne, Ryan and Campos",APAC,,2026-08-12 21:45:32.070184
V04860,Mitchell Inc,LATAM,,2026-08-12 21:45:32.070184
V04861,Lawrence-Hanna,AMER,Low,2026-08-12 21:45:32.070184
V04862,Wells Group,EMEA,Medium,2026-08-12 21:45:32.070184
V04863,Sloan-Lynch,APAC,High,2026-08-12 21:45:32.070184
V04864,Leblanc PLC,APAC,High,2026-08-12 21:45:32.070184
V04865,Cole LLC,LATAM,High,2026-08-12 21:45:32.070184
V04866,"Phelps, Montoya and Barnett",APAC,Medium,2026-08-12 21:45:32.070184
V04867,"King, Baker and Schmidt",APAC,High,2026-08-12 21:45:32.070184
V04868,Walker Group,AMER,Medium,2026-08-12 21:45:32.070184
V04869,Sanders Group,EMEA,High,2026-08-12 21:45:32.070184
V04870,Benjamin LLC,APAC,Medium,2026-08-12 21:45:32.070184
V04871,"Olsen, Payne and Butler",APAC,Medium,2026-08-12 21:45:32.070184
V04872,"Oneill, Oconnor and Wang",EMEA,Low,2026-08-12 21:45:32.070184
V04873,Mack-Alvarado,LATAM,Low,2026-08-12 21:45:32.070184
V04874,Zhang-Lewis,EMEA,High,2026-08-12 21:45:32.070184
V04875,"Tran, Chan and Wyatt",APAC,Low,2026-08-12 21:45:32.070184
V04876,Castro-Murphy,AMER,High,2026-08-12 21:45:32.070184
V04877,"Douglas, Smith and Jordan",EMEA,Low,2026-08-12 21:45:32.070184
V04878,Lucas-Potts,LATAM,Medium,2026-08-12 21:45:32.070184
V04879,Garcia Ltd,APAC,Low,2026-08-12 21:45:32.070184
V04880,"Scott, Sandoval and Powers",LATAM,Medium,2026-08-12 21:45:32.070184
V04881,martin-simmons,EMEA,,2026-08-12 21:45:32.070184
V04882,"Martin, Davis and Huynh",APAC,Medium,2026-08-12 21:45:32.070184
V04883,Cuevas-Holt,LATAM,Low,2026-08-12 21:45:32.070184
V04884,"Jones, Mcgrath and Marks",AMER,Low,2026-08-12 21:45:32.070184
V04885,Mckay Inc,APAC,Low,2026-08-12 21:45:32.070184
V04886,Sanford-Wilson,LATAM,Medium,2026-08-12 21:45:32.070184
V04887,Morgan-Mason,LATAM,Low,2026-08-12 21:45:32.070184
V04888,"Marshall, Martinez and Contreras",LATAM,Low,2026-08-12 21:45:32.070184
V04889,Floyd-Kelly,AMER,High,2026-08-12 21:45:32.070184
V04890,Gomez Group,APAC,High,2026-08-12 21:45:32.070184
V04891,Gardner LLC,APAC,High,2026-08-12 21:45:32.070184
V04892,"Smith, Sloan and Brock",AMER,Low,2026-08-12 21:45:32.070184
V04893,Gay and Sons,APAC,Low,2026-08-12 21:45:32.070184
V04894,Peterson PLC,EMEA,Low,2026-08-12 21:45:32.070184
V04895,"Nichols, Mendoza and Middleton",EMEA,Low,2026-08-12 21:45:32.070184
V04896,"Bell, Peterson and Price",LATAM,Medium,2026-08-12 21:45:32.070184
V04897,Garcia-Hunt,AMER,Low,2026-08-12 21:45:32.070184
V04898,Lewis-Lee,LATAM,High,2026-08-12 21:45:32.070184
V04899,"Webb, Willis and Terry",LATAM,High,2026-08-12 21:45:32.070184
V04900,"Perez, Sandoval and Durham",APAC,High,2026-08-12 21:45:32.070184
V04901,Grant-Ellis,APAC,Medium,2026-08-12 21:45:32.070184
V04902,Day-Gonzalez,EMEA,High,2026-08-12 21:45:32.070184
V04903,Johnson and Sons,LATAM,Medium,2026-08-12 21:45:32.070184
V04904,Duncan Inc,APAC,Low,2026-08-12 21:45:32.070184
V04905,"Peck, Wong and Perry",APAC,Low,2026-08-12 21:45:32.070184
V04906,Montes Group,APAC,Low,2026-08-12 21:45:32.070184
V04907,Anderson Inc,APAC,Medium,2026-08-12 21:45:32.070184
V04908,"Meyer, Miranda and Watkins",APAC,High,2026-08-12 21:45:32.070184
V04909,Snyder-Ferrell,EMEA,Low,2026-08-12 21:45:32.070184
V04910,"juarez, wilson and cochran",EMEA,High,2026-08-12 21:45:32.070184
V04911,"Stewart, Collins and Short",AMER,Low,2026-08-12 21:45:32.070184
V04912,williams-rodriguez,AMER,Low,2026-08-12 21:45:32.070184
V04913,Ortega-Murillo,AMER,Low,2026-08-12 21:45:32.070184
V04914,"Green, Gray and Hernandez",LATAM,Low,2026-08-12 21:45:32.070184
V04915,Atkinson-Zavala,LATAM,Medium,2026-08-12 21:45:32.070184
V04916,"Cox, Jimenez and Rodgers",LATAM,Medium,2026-08-12 21:45:32.070184
V04917,Johnson-Zavala,APAC,Medium,2026-08-12 21:45:32.070184
V04918,Lopez-Davis,EMEA,Medium,2026-08-12 21:45:32.070184
V04919,Velazquez PLC,AMER,Low,2026-08-12 21:45:32.070184
V04920,"York, Cox and Davis",APAC,Medium,2026-08-12 21:45:32.070184
V04921,Tate-Flores,APAC,High,2026-08-12 21:45:32.070184
V04922,White and Sons,AMER,Low,2026-08-12 21:45:32.070184
V04923,"Mcbride, Hall and Hill",AMER,Low,2026-08-12 21:45:32.070184
V04924,"Fischer, Durham and Miller",EMEA,High,2026-08-12 21:45:32.070184
V04925,"Dunn, Ray and Vaughn",APAC,Low,2026-08-12 21:45:32.070184
V04926,Escobar-Barrett,LATAM,Medium,2026-08-12 21:45:32.070184
V04927,Woodard Inc,AMER,Medium,2026-08-12 21:45:32.070184
V04928,Ellison-Fisher,APAC,Medium,2026-08-12 21:45:32.070184
V04929,"Cook, Figueroa and Taylor",EMEA,Medium,2026-08-12 21:45:32.070184
V04930,Rush PLC,EMEA,High,2026-08-12 21:45:32.070184
V04931,Rodriguez Group,LATAM,High,2026-08-12 21:45:32.070184
V04932,Harrison LLC,AMER,Low,2026-08-12 21:45:32.070184
V04933,Weaver-Baker,APAC,Medium,2026-08-12 21:45:32.070184
V04934,"Ayers, Jacobson and Wright",APAC,High,2026-08-12 21:45:32.070184
V04935,Jackson-Wong,EMEA,Medium,2026-08-12 21:45:32.070184
V04936,"Haynes, Garcia and Burnett",AMER,Low,2026-08-12 21:45:32.070184
V04937,Robinson-Erickson,AMER,Low,2026-08-12 21:45:32.070184
V04938,Rojas Ltd,AMER,Low,2026-08-12 21:45:32.070184
V04939,"Allen, Russell and Maldonado",LATAM,High,2026-08-12 21:45:32.070184
V04940,Ray-Blair,AMER,Medium,2026-08-12 21:45:32.070184
V04941,Vasquez and Sons,LATAM,Medium,2026-08-12 21:45:32.070184
V04942,Jordan PLC,EMEA,High,2026-08-12 21:45:32.070184
V04943,"Price, Bryan and Carter",APAC,High,2026-08-12 21:45:32.070184
V04944,Sullivan PLC,AMER,Medium,2026-08-12 21:45:32.070184
V04945,Bartlett-Roberts,LATAM,Medium,2026-08-12 21:45:32.070184
V04946,Jensen Inc,LATAM,Low,2026-08-12 21:45:32.070184
V04947,"Fisher, Wong and Jimenez",APAC,Low,2026-08-12 21:45:32.070184
V04948,Sullivan and Sons,LATAM,High,2026-08-12 21:45:32.070184
V04949,"King, Anderson and Lopez",LATAM,Low,2026-08-12 21:45:32.070184
V04950,"Carpenter, Coffey and Wright",AMER,High,2026-08-12 21:45:32.070184
V04951,"Williams, Bolton and Mcgee",APAC,Medium,2026-08-12 21:45:32.070184
V04952,"Jones, Foster and Sanford",AMER,Medium,2026-08-12 21:45:32.070184
V04953,Chung-Andrews,APAC,Low,2026-08-12 21:45:32.070184
V04954,"Clark, Rodriguez and Horton",EMEA,Low,2026-08-12 21:45:32.070184
V04955,Rodriguez-Clark,LATAM,High,2026-08-12 21:45:32.070184
V04956,Thomas Ltd,APAC,Low,2026-08-12 21:45:32.070184
V04957,Melton LLC,APAC,High,2026-08-12 21:45:32.070184
V04958,Gray-Stone,LATAM,High,2026-08-12 21:45:32.070184
V04959,Ramos-Harris,APAC,Medium,2026-08-12 21:45:32.070184
V04960,"Thomas, Price and Lopez",LATAM,Medium,2026-08-12 21:45:32.070184
V04961,"Hodge, Bates and Burns",APAC,High,2026-08-12 21:45:32.070184
V04962,Kim-King,LATAM,Medium,2026-08-12 21:45:32.070184
V04963,Ford-Brown,EMEA,Low,2026-08-12 21:45:32.070184
V04964,Goodman PLC,EMEA,Low,2026-08-12 21:45:32.070184
V04965,Harris-Rodriguez,APAC,Medium,2026-08-12 21:45:32.070184
V04966,Taylor-Ramirez,APAC,Medium,2026-08-12 21:45:32.070184
V04967,Hammond-Kennedy,LATAM,Low,2026-08-12 21:45:32.070184
V04968,"Brown, Gibson and Turner",EMEA,High,2026-08-12 21:45:32.070184
V04969,Cole Ltd,APAC,High,2026-08-12 21:45:32.070184
V04970,Franco-Stuart,LATAM,Medium,2026-08-12 21:45:32.070184
V04971,Martin-Walker,AMER,High,2026-08-12 21:45:32.070184
V04972,Smith and Sons,EMEA,Low,2026-08-12 21:45:32.070184
V04973,"Tucker, Robinson and Fry",AMER,Low,2026-08-12 21:45:32.070184
V04974,"May, Thomas and Adams",EMEA,High,2026-08-12 21:45:32.070184
V04975,Boyd-Vaughn,AMER,Low,2026-08-12 21:45:32.070184
V04976,Atkins-Black,EMEA,Low,2026-08-12 21:45:32.070184
V04977,Francis-Smith,AMER,High,2026-08-12 21:45:32.070184
V04978,"Krueger, Rodriguez and Roach",LATAM,High,2026-08-12 21:45:32.070184
V04979,Pacheco-Todd,LATAM,Medium,2026-08-12 21:45:32.070184
V04980,"Velazquez, Foley and Andrews",AMER,High,2026-08-12 21:45:32.070184
V04981,"Weeks, Burton and Madden",AMER,Medium,2026-08-12 21:45:32.070184
V04982,Hernandez Inc,EMEA,,2026-08-12 21:45:32.070184
V04983,Mack-Carrillo,EMEA,High,2026-08-12 21:45:32.070184
V04984,Bradley-Smith,LATAM,Medium,2026-08-12 21:45:32.070184
V04985,Lopez Ltd,APAC,High,2026-08-12 21:45:32.070184
V04986,Le-Coleman,LATAM,High,2026-08-12 21:45:32.070184
V04987,"Ballard, Willis and Fuller",LATAM,High,2026-08-12 21:45:32.070184
V04988,"Wilkinson, Guzman and Elliott",LATAM,High,2026-08-12 21:45:32.070184
V04989,James PLC,EMEA,Low,2026-08-12 21:45:32.070184
V04990,Zamora LLC,LATAM,Low,2026-08-12 21:45:32.070184
V04991,Hodge LLC,AMER,Medium,2026-08-12 21:45:32.070184
V04992,Blake-Patel,EMEA,High,2026-08-12 21:45:32.070184
V04993,Perez-Bernard,AMER,Medium,2026-08-12 21:45:32.070184
V04994,Norris Inc,AMER,Low,2026-08-12 21:45:32.070184
V04995,"Huang, Hall and Delacruz",EMEA,Medium,2026-08-12 21:45:32.070184
V04996,Mcdonald PLC,APAC,High,2026-08-12 21:45:32.070184
V04997,"Jones, Becker and Daugherty",EMEA,High,2026-08-12 21:45:32.070184
V04998,Higgins-Walker,AMER,Low,2026-08-12 21:45:32.070184
V04999,Robinson Inc,LATAM,Low,2026-08-12 21:45:32.070184
V05000,Scott PLC,AMER,,2026-08-12 21:45:32.070184
