user_id,transaction_date,product_id,category,price,base_price,amount,quantity,status,priority,region,city,email,username,subscription,store_id,raw_timestamp
1163,2025-01-29,P328,Electronics,4405.65,3733.6,8811.3,2,Completed,Low,North,Mumbai,user1@mail.com,user_1,Standard,S07,2025-01-09 00:05:00
1055,2025-03-01,P303,Books,3598.87,3049.89,17994.35,5,Cancelled,Low,West,Kolkata,user2@mail.com,user_2,Basic,S10,2025-03-13 00:48:00
1040,2025-06-28,P320,Groceries,2085.33,1767.23,4170.66,2,Pending,High,North,Patna,user3@mail.com,user_3,Premium,S06,2025-03-30 19:16:00
1011,2025-04-28,P180,Books,839.75,711.65,3359.0,4,Cancelled,Medium,East,Kolkata,user4@mail.com,user_4,Standard,S02,2025-01-12 21:14:00
1197,2025-03-16,P489,Electronics,5063.45,4291.06,5063.45,1,Pending,Medium,East,Bengaluru,user5@mail.com,user_5,Basic,S06,2025-02-23 21:17:00
1179,2025-06-24,P646,Electronics,3639.99,3084.74,7279.98,2,Cancelled,High,South,Chennai,user6@mail.com,user_6,Basic,S05,2025-06-13 22:35:00
1056,2025-06-25,P334,Furniture,4991.36,4229.97,4991.36,1,Completed,Medium,West,Jaipur,user7@mail.com,user_7,Premium,S04,2025-05-26 22:20:00
1054,2025-06-17,P246,Groceries,2405.55,2038.6,9622.2,4,Pending,High,South,Jaipur,user8@mail.com,user_8,Standard,S10,2025-04-20 18:25:00
1092,2025-02-26,P873,Clothing,3064.08,2596.68,3064.08,1,Completed,High,South,Bengaluru,user9@mail.com,user_9,Standard,S07,2025-06-02 02:24:00
1097,2025-06-02,P981,Groceries,3177.34,2692.66,15886.7,5,Completed,Low,North,Jaipur,user10@mail.com,user_10,Standard,S06,2025-01-29 09:27:00
1040,2025-04-27,P612,Electronics,5632.97,4773.7,16898.91,3,Completed,Low,North,Jaipur,user11@mail.com,user_11,Standard,S09,2025-06-05 06:09:00
1095,2025-02-11,P100,Books,5631.14,4772.15,28155.7,5,Cancelled,Medium,West,Delhi,user12@mail.com,user_12,Premium,S15,2025-04-03 09:15:00
1014,2025-03-03,P849,Books,5593.26,4740.05,5593.26,1,Pending,High,South,Bengaluru,user13@mail.com,user_13,Standard,S08,2025-05-21 05:16:00
1135,2025-06-05,P873,Groceries,5693.95,4825.38,28469.75,5,Cancelled,Low,South,Jaipur,user14@mail.com,user_14,Basic,S11,2025-06-16 11:28:00
1132,2025-04-26,P446,Electronics,1551.39,1314.74,1551.39,1,Completed,Low,South,Kolkata,user15@mail.com,user_15,Premium,S02,2025-06-11 01:14:00
1017,2025-01-09,P385,Furniture,527.7,447.2,1055.4,2,Cancelled,Medium,South,Bengaluru,user16@mail.com,user_16,Standard,S15,2025-05-27 18:30:00
1062,2025-05-02,P774,Groceries,1218.95,1033.01,1218.95,1,Pending,Medium,West,Patna,user17@mail.com,user_17,Basic,S14,2025-01-14 21:41:00
1165,2025-01-26,P919,Electronics,2445.95,2072.84,7337.85,3,Completed,High,South,Kolkata,user18@mail.com,user_18,Standard,S08,2025-02-05 13:11:00
1071,2025-04-29,P553,Clothing,5174.28,4384.98,5174.28,1,Cancelled,High,North,Delhi,user19@mail.com,user_19,Premium,S15,2025-03-02 05:26:00
1124,2025-05-04,P268,Clothing,5117.41,4336.79,5117.41,1,Pending,High,West,Jaipur,user20@mail.com,user_20,Basic,S05,2025-04-19 22:46:00
1200,2025-05-23,P322,Groceries,1013.03,858.5,3039.09,3,Completed,Low,North,Lucknow,user21@mail.com,user_21,Premium,S01,2025-05-30 15:32:00
1135,2025-02-10,P971,Electronics,5673.23,4807.82,5673.23,1,Completed,High,North,Kolkata,user22@mail.com,user_22,Basic,S02,2025-05-26 07:37:00
1152,2025-01-11,P678,Books,592.03,501.72,2960.15,5,Cancelled,Medium,East,Kolkata,user23@mail.com,user_23,Standard,S12,2025-03-22 07:16:00
1101,2025-02-03,P109,Furniture,2761.67,2340.4,2761.67,1,Pending,Low,North,Mumbai,user24@mail.com,user_24,Standard,S04,2025-05-10 08:08:00
1089,2025-01-18,P548,Clothing,2254.6,1910.68,4509.2,2,Cancelled,Low,East,Delhi,user25@mail.com,user_25,Standard,S14,2025-05-22 09:59:00
1169,2025-01-27,P860,Clothing,1647.14,1395.88,1647.14,1,Cancelled,High,East,Jaipur,user26@mail.com,user_26,Standard,S04,2025-03-29 06:43:00
1162,2025-03-09,P194,Books,2942.7,2493.81,2942.7,1,Cancelled,Medium,East,Delhi,user27@mail.com,user_27,Premium,S06,2025-02-03 20:16:00
1041,2025-04-24,P109,Books,4198.17,3557.77,20990.85,5,Completed,High,South,Delhi,user28@mail.com,user_28,Basic,S10,2025-05-22 04:27:00
1032,2025-01-11,P466,Furniture,2226.41,1886.79,2226.41,1,Completed,Low,South,Mumbai,user29@mail.com,user_29,Basic,S13,2025-05-24 13:39:00
1191,2025-02-09,P522,Clothing,5117.15,4336.57,10234.3,2,Completed,High,East,Patna,user30@mail.com,user_30,Standard,S14,2025-03-05 08:10:00
1179,2025-01-28,P327,Groceries,5160.87,4373.62,20643.48,4,Completed,Medium,East,Jaipur,user31@mail.com,user_31,Premium,S04,2025-01-07 21:12:00
1102,2025-03-26,P459,Furniture,5115.69,4335.33,15347.07,3,Cancelled,Low,West,Lucknow,user32@mail.com,user_32,Premium,S02,2025-03-08 05:37:00
1067,2025-01-10,P846,Electronics,3567.38,3023.2,10702.14,3,Pending,Medium,North,Patna,user33@mail.com,user_33,Standard,S04,2025-03-07 01:45:00
1111,2025-01-01,P803,Books,5469.68,4635.32,27348.4,5,Cancelled,Low,South,Lucknow,user34@mail.com,user_34,Basic,S02,2025-06-20 10:39:00
1080,2025-06-19,P619,Electronics,4279.62,3626.8,12838.86,3,Pending,Low,West,Lucknow,user35@mail.com,user_35,Basic,S12,2025-03-17 17:08:00
1049,2025-04-18,P730,Groceries,4034.25,3418.86,8068.5,2,Cancelled,Medium,West,Delhi,user36@mail.com,user_36,Basic,S05,2025-02-23 13:50:00
1148,2025-06-05,P791,Furniture,2806.56,2378.44,11226.24,4,Completed,Low,West,Bengaluru,user37@mail.com,user_37,Standard,S02,2025-03-14 16:42:00
1162,2025-06-08,P788,Furniture,657.97,557.6,1315.94,2,Pending,High,South,Bengaluru,user38@mail.com,user_38,Premium,S01,2025-03-04 15:39:00
1196,2025-01-19,P299,Groceries,2514.3,2130.76,12571.5,5,Cancelled,Low,West,Chennai,user39@mail.com,user_39,Basic,S04,2025-02-07 20:44:00
1001,2025-01-28,P575,Groceries,1383.34,1172.32,6916.7,5,Completed,Low,South,Mumbai,user40@mail.com,user_40,Basic,S03,2025-04-29 21:33:00
1143,2025-06-02,P727,Furniture,5611.12,4755.19,22444.48,4,Cancelled,Low,West,Chennai,user41@mail.com,user_41,Premium,S12,2025-05-02 14:16:00
1192,2025-03-05,P596,Furniture,4545.94,3852.49,22729.7,5,Cancelled,High,East,Chennai,user42@mail.com,user_42,Premium,S12,2025-03-15 07:17:00
1085,2025-03-23,P336,Books,583.9,494.83,1167.8,2,Pending,Low,South,Kolkata,user43@mail.com,user_43,Premium,S07,2025-04-15 10:34:00
1119,2025-04-17,P498,Electronics,1313.92,1113.49,5255.68,4,Cancelled,Low,North,Patna,user44@mail.com,user_44,Basic,S01,2025-04-01 09:48:00
1099,2025-04-18,P919,Books,4440.14,3762.83,22200.7,5,Cancelled,High,West,Kolkata,user45@mail.com,user_45,Basic,S07,2025-05-05 00:24:00
1086,2025-06-21,P230,Groceries,4305.22,3648.49,17220.88,4,Cancelled,Low,North,Patna,user46@mail.com,user_46,Standard,S10,2025-06-19 00:05:00
1164,2025-04-20,P151,Clothing,5130.13,4347.57,10260.26,2,Pending,Medium,East,Kolkata,user47@mail.com,user_47,Basic,S06,2025-03-28 12:17:00
1192,2025-04-18,P119,Furniture,4945.45,4191.06,19781.8,4,Cancelled,Low,North,Lucknow,user48@mail.com,user_48,Premium,S11,2025-01-18 20:02:00
1193,2025-01-08,P736,Clothing,1270.71,1076.87,1270.71,1,Completed,High,South,Chennai,user49@mail.com,user_49,Standard,S02,2025-05-25 06:29:00
1179,2025-03-07,P865,Furniture,1088.16,922.17,5440.8,5,Cancelled,High,South,Jaipur,user50@mail.com,user_50,Premium,S10,2025-01-07 09:36:00
1173,2025-04-07,P177,Groceries,5561.59,4713.21,11123.18,2,Cancelled,Low,South,Mumbai,user51@mail.com,user_51,Standard,S13,2025-03-19 21:38:00
1030,2025-05-25,P777,Electronics,2125.53,1801.3,8502.12,4,Pending,High,East,Delhi,user52@mail.com,user_52,Basic,S14,2025-05-06 03:27:00
1092,2025-06-12,P280,Groceries,4207.66,3565.81,16830.64,4,Cancelled,Low,East,Chennai,user53@mail.com,user_53,Basic,S07,2025-06-01 08:20:00
1062,2025-01-23,P868,Furniture,5215.59,4419.99,10431.18,2,Pending,Low,West,Lucknow,user54@mail.com,user_54,Premium,S08,2025-03-25 05:31:00
1054,2025-04-01,P818,Furniture,2085.84,1767.66,10429.2,5,Pending,Low,North,Kolkata,user55@mail.com,user_55,Premium,S04,2025-04-15 15:35:00
1194,2025-03-03,P558,Groceries,3852.61,3264.92,15410.44,4,Completed,High,East,Kolkata,user56@mail.com,user_56,Basic,S12,2025-03-04 09:42:00
1148,2025-04-05,P535,Groceries,3318.18,2812.02,9954.54,3,Cancelled,Low,East,Lucknow,user57@mail.com,user_57,Standard,S08,2025-03-11 09:16:00
1059,2025-01-31,P880,Clothing,1942.49,1646.18,9712.45,5,Cancelled,High,South,Kolkata,user58@mail.com,user_58,Standard,S08,2025-03-12 23:37:00
1194,2025-05-15,P952,Books,1754.29,1486.69,1754.29,1,Completed,Medium,South,Lucknow,user59@mail.com,user_59,Premium,S05,2025-01-04 22:34:00
1032,2025-03-12,P399,Electronics,5751.38,4874.05,28756.9,5,Cancelled,High,West,Mumbai,user60@mail.com,user_60,Premium,S10,2025-03-14 15:30:00
1112,2025-03-29,P982,Clothing,5700.51,4830.94,17101.53,3,Pending,High,North,Patna,user61@mail.com,user_61,Basic,S02,2025-05-28 20:43:00
1013,2025-02-08,P187,Clothing,4808.03,4074.6,14424.09,3,Completed,High,West,Kolkata,user62@mail.com,user_62,Standard,S07,2025-04-26 14:19:00
1150,2025-04-20,P724,Furniture,3405.81,2886.28,3405.81,1,Cancelled,High,South,Kolkata,user63@mail.com,user_63,Basic,S11,2025-01-21 05:15:00
1044,2025-05-22,P561,Electronics,1023.07,867.01,4092.28,4,Cancelled,Low,West,Jaipur,user64@mail.com,user_64,Premium,S04,2025-03-15 22:18:00
1179,2025-04-27,P906,Electronics,4092.46,3468.19,12277.38,3,Cancelled,Low,South,Patna,user65@mail.com,user_65,Premium,S09,2025-02-27 20:09:00
1068,2025-02-06,P709,Electronics,462.83,392.23,1388.49,3,Cancelled,Low,East,Chennai,user66@mail.com,user_66,Premium,S08,2025-06-26 09:44:00
1103,2025-03-11,P182,Books,3240.17,2745.91,12960.68,4,Cancelled,High,West,Lucknow,user67@mail.com,user_67,Standard,S05,2025-01-07 02:14:00
1172,2025-05-28,P690,Books,5615.44,4758.85,16846.32,3,Completed,High,West,Chennai,user68@mail.com,user_68,Basic,S03,2025-05-30 13:40:00
1125,2025-01-24,P428,Groceries,2129.91,1805.01,6389.73,3,Cancelled,High,South,Lucknow,user69@mail.com,user_69,Basic,S12,2025-05-07 09:42:00
1102,2025-05-21,P358,Electronics,2747.81,2328.65,8243.43,3,Pending,High,West,Delhi,user70@mail.com,user_70,Standard,S14,2025-05-19 14:26:00
1013,2025-02-18,P740,Books,2209.81,1872.72,8839.24,4,Pending,High,South,Jaipur,user71@mail.com,,Standard,S03,2025-03-15 14:56:00
1178,2025-05-05,P918,Electronics,284.92,241.46,1424.6,5,Completed,Low,South,Jaipur,user72@mail.com,user_72,Standard,S01,2025-05-22 13:05:00
1057,2025-01-30,P610,Groceries,5593.91,4740.6,11187.82,2,Cancelled,Medium,East,Patna,user73@mail.com,user_73,Basic,S08,2025-03-04 14:35:00
1037,2025-04-09,P864,Clothing,5448.24,4617.15,27241.2,5,Completed,High,East,Patna,user74@mail.com,user_74,Basic,S15,2025-05-10 08:52:00
1000,2025-03-14,P775,Furniture,4960.28,4203.63,24801.4,5,Pending,High,West,Chennai,user75@mail.com,user_75,Basic,S06,2025-05-22 17:24:00
1116,2025-03-24,P685,Clothing,5788.84,4905.8,11577.68,2,Pending,High,West,Delhi,user76@mail.com,user_76,Basic,S12,2025-05-02 22:58:00
1097,2025-04-09,P229,Clothing,2981.99,2527.11,2981.99,1,Cancelled,Low,East,Mumbai,user77@mail.com,user_77,Basic,S02,2025-05-15 14:00:00
1184,2025-02-06,P176,Groceries,5153.73,4367.57,10307.46,2,Pending,Medium,East,Patna,user78@mail.com,user_78,Standard,S02,2025-03-26 21:54:00
1136,2025-04-08,P993,Furniture,3742.16,3171.32,14968.64,4,Cancelled,High,North,Kolkata,user79@mail.com,user_79,Standard,S11,2025-03-15 07:47:00
1023,2025-04-22,P554,Electronics,4514.46,3825.81,4514.46,1,Completed,Low,East,Delhi,user80@mail.com,user_80,Premium,S06,2025-01-15 09:22:00
1095,2025-04-21,P679,Clothing,1529.95,1296.57,6119.8,4,Cancelled,High,South,Bengaluru,user81@mail.com,user_81,Premium,S10,2025-04-08 19:43:00
1061,2025-05-08,P753,Books,945.51,801.28,3782.04,4,Pending,Medium,East,Delhi,user82@mail.com,user_82,Basic,S15,2025-03-15 21:34:00
1040,2025-01-19,P406,Groceries,5583.35,4731.65,27916.75,5,Cancelled,Medium,East,Chennai,,user_83,Basic,S04,2025-04-09 15:06:00
1060,2025-04-08,P816,Books,2193.5,1858.9,6580.5,3,Pending,High,West,Jaipur,user84@mail.com,user_84,Premium,S10,2025-06-25 23:03:00
1155,2025-05-08,P721,Furniture,4603.33,3901.13,9206.66,2,Pending,High,South,Jaipur,user85@mail.com,user_85,Standard,S13,2025-06-18 21:53:00
1035,2025-06-10,P416,Electronics,5341.48,4526.68,5341.48,1,Pending,High,East,Bengaluru,user86@mail.com,user_86,Premium,S15,2025-03-17 10:47:00
1106,2025-02-14,P997,Clothing,882.14,747.58,4410.7,5,Pending,Low,East,Bengaluru,user87@mail.com,user_87,Basic,S15,2025-05-04 09:47:00
1086,2025-01-30,P872,Groceries,5685.45,4818.18,11370.9,2,Completed,Low,West,Lucknow,user88@mail.com,user_88,Premium,S13,2025-04-12 00:16:00
1137,2025-02-01,P698,Groceries,,1906.07,0,3,Pending,Low,East,Mumbai,user89@mail.com,user_89,Standard,S04,2025-05-01 00:39:00
1143,2025-03-25,P750,Books,1397.95,1184.7,1397.95,1,Pending,Low,East,Patna,user90@mail.com,user_90,Premium,S03,2025-01-12 01:19:00
1126,2025-01-30,P238,Electronics,1475.61,1250.52,7378.05,5,Pending,Medium,East,Patna,user91@mail.com,user_91,Standard,S12,2025-02-09 13:41:00
1025,2025-05-06,P133,Books,2477.73,2099.77,7433.19,3,Cancelled,Medium,South,Chennai,user92@mail.com,user_92,Basic,S04,2025-04-03 03:43:00
1094,2025-05-20,P294,Furniture,468.11,396.7,1404.33,3,Completed,Medium,North,Kolkata,user93@mail.com,user_93,Standard,S11,2025-06-02 00:03:00
1085,2025-03-04,P170,Clothing,4668.3,3956.19,9336.6,2,Cancelled,High,South,Kolkata,user94@mail.com,user_94,Basic,S13,2025-02-07 19:00:00
1070,2025-02-07,P212,Clothing,3241.53,2747.06,6483.06,2,Cancelled,High,South,Delhi,user95@mail.com,user_95,Basic,S13,2025-03-02 18:20:00
1004,2025-02-14,P638,Furniture,420.98,356.76,1683.92,4,Completed,Low,North,Chennai,user96@mail.com,user_96,Basic,S13,2025-04-03 16:37:00
,2025-01-28,P144,Groceries,3031.2,2568.81,15156.0,5,Cancelled,Low,East,Chennai,user97@mail.com,user_97,Standard,S01,2025-01-16 15:54:00
1102,2025-04-20,P175,Electronics,2952.74,2502.32,11810.96,4,Completed,Medium,South,Mumbai,user98@mail.com,user_98,Premium,S05,2025-06-09 20:37:00
1140,2025-03-25,P401,Groceries,5868.94,4973.68,29344.7,5,Pending,Low,West,Mumbai,user99@mail.com,user_99,Standard,S02,2025-06-17 20:56:00
1196,2025-05-22,P523,Clothing,2604.66,2207.34,5209.32,2,Pending,Medium,West,Patna,user100@mail.com,user_100,Standard,S02,2025-03-22 13:20:00
1170,2025-03-07,P168,Furniture,5631.67,4772.6,22526.68,4,Completed,High,North,Patna,user101@mail.com,user_101,Premium,S12,2025-04-06 04:35:00
1015,2025-05-31,P520,Books,3365.65,2852.25,3365.65,1,Pending,Low,West,Delhi,user102@mail.com,user_102,Basic,S10,2025-03-21 11:06:00
1147,2025-05-10,P329,Clothing,1012.65,858.18,4050.6,4,Completed,Medium,East,Mumbai,user103@mail.com,user_103,Basic,S10,2025-02-27 13:54:00
1143,2025-06-09,P126,Books,4020.72,3407.39,20103.6,5,Cancelled,Low,East,Delhi,user104@mail.com,user_104,Premium,S05,2025-06-29 09:58:00
1086,2025-03-31,P679,Electronics,1166.89,988.89,2333.78,2,Cancelled,Medium,North,Bengaluru,user105@mail.com,user_105,Standard,S11,2025-01-08 02:47:00
1135,2025-02-25,P261,Groceries,2545.47,2157.18,7636.41,3,Pending,Medium,East,Mumbai,user106@mail.com,user_106,Premium,S03,2025-02-10 19:03:00
1172,2025-01-21,P597,Furniture,2680.07,2271.25,10720.28,4,Cancelled,Medium,West,Jaipur,user107@mail.com,user_107,Premium,S13,2025-05-12 03:22:00
1110,2025-01-29,P598,Furniture,4039.46,3423.27,20197.3,5,Cancelled,Low,East,Delhi,user108@mail.com,user_108,Premium,S07,2025-06-03 01:00:00
1052,2025-03-19,P396,Clothing,4554.81,3860.01,13664.43,3,Pending,High,North,Chennai,user109@mail.com,user_109,Standard,S07,2025-02-14 04:24:00
1136,2025-06-30,P173,Clothing,3010.52,2551.29,9031.56,3,Pending,Low,North,Patna,user110@mail.com,user_110,Premium,S08,2025-01-20 10:36:00
1109,2025-05-27,P396,Groceries,4220.32,3576.54,16881.28,4,Completed,Medium,North,Lucknow,user111@mail.com,user_111,Premium,S13,2025-06-08 14:53:00
1176,2025-04-03,P349,Electronics,2643.07,2239.89,2643.07,1,Pending,Low,West,Mumbai,user112@mail.com,user_112,Basic,S14,2025-03-21 23:21:00
1056,2025-03-27,P643,Clothing,559.63,474.26,559.63,1,Cancelled,High,East,Lucknow,user113@mail.com,user_113,Standard,S14,2025-06-15 04:15:00
1026,2025-02-07,P256,Furniture,1258.62,1066.63,6293.1,5,Cancelled,High,South,Chennai,user114@mail.com,user_114,Basic,S13,2025-05-25 18:28:00
1174,2025-05-25,P254,Books,1986.79,1683.72,5960.37,3,Pending,High,West,Chennai,user115@mail.com,user_115,Standard,S05,2025-03-12 18:03:00
1090,2025-05-10,P138,Electronics,1912.78,1621.0,7651.12,4,Completed,Medium,East,Mumbai,user116@mail.com,user_116,Standard,S14,2025-01-24 19:38:00
1129,2025-04-09,P560,Groceries,3473.46,2943.61,3473.46,1,Cancelled,Low,South,Lucknow,user117@mail.com,user_117,Standard,S08,2025-05-09 04:03:00
1115,2025-01-27,P616,Furniture,5798.15,4913.69,5798.15,1,Cancelled,High,North,Kolkata,user118@mail.com,user_118,Standard,S08,2025-04-23 16:33:00
1156,2025-02-10,P496,Furniture,2273.82,1926.97,6821.46,3,Pending,Medium,North,Lucknow,user119@mail.com,user_119,Premium,S06,2025-01-25 17:43:00
1098,2025-03-14,P994,Furniture,4302.62,3646.29,21513.1,5,Completed,Medium,North,Bengaluru,user120@mail.com,user_120,Basic,S05,2025-06-17 22:42:00
1100,2025-02-03,P417,Books,4216.48,3573.29,4216.48,1,Cancelled,Medium,East,Bengaluru,user121@mail.com,user_121,Standard,S12,2025-06-25 16:05:00
1165,2025-06-21,P471,Groceries,3058.08,2591.59,3058.08,1,Pending,High,South,Lucknow,user122@mail.com,user_122,Basic,S04,2025-02-27 04:09:00
1019,2025-03-17,P955,Electronics,3053.46,2587.68,15267.3,5,Cancelled,Low,North,Lucknow,user123@mail.com,user_123,Standard,S03,2025-06-02 12:09:00
1041,2025-02-16,P838,Books,4795.89,4064.31,9591.78,2,Pending,High,West,Lucknow,user124@mail.com,user_124,Standard,S12,2025-03-02 14:39:00
1072,2025-04-25,P928,Clothing,3205.65,2716.65,9616.95,3,Pending,High,East,Chennai,user125@mail.com,user_125,Basic,S13,2025-03-14 12:32:00
1135,2025-04-18,P241,Clothing,4841.27,4102.77,24206.35,5,Pending,High,West,Lucknow,user126@mail.com,user_126,Standard,S15,2025-01-27 22:54:00
1132,2025-02-01,P379,Furniture,602.97,510.99,1205.94,2,Pending,Low,South,Patna,user127@mail.com,user_127,Premium,S15,2025-02-26 14:56:00
1089,2025-01-07,P482,Groceries,425.93,360.96,2129.65,5,Completed,Medium,North,Lucknow,user128@mail.com,user_128,Premium,S01,2025-03-23 03:53:00
1182,2025-06-16,P139,Furniture,4693.77,3977.77,9387.54,2,Pending,Medium,South,Chennai,user129@mail.com,user_129,Basic,S10,2025-01-02 02:01:00
1065,2025-02-25,P640,Clothing,3291.19,2789.14,16455.95,5,Pending,High,East,Kolkata,user130@mail.com,user_130,Basic,S02,2025-01-13 07:26:00
1163,2025-06-09,P711,Groceries,481.16,407.76,1924.64,4,Cancelled,High,South,Bengaluru,user131@mail.com,user_131,Basic,S07,2025-01-01 19:22:00
1061,2025-05-27,P636,Groceries,1201.05,1017.84,1201.05,1,Pending,High,North,Patna,user132@mail.com,user_132,Basic,S01,2025-06-12 12:23:00
1064,2025-01-05,P346,Furniture,4677.22,3963.75,14031.66,3,Cancelled,Low,North,Lucknow,user133@mail.com,user_133,Premium,S01,2025-04-01 17:21:00
1164,2025-02-14,P746,Groceries,5789.09,4906.01,23156.36,4,Completed,High,North,Chennai,user134@mail.com,user_134,Premium,S05,2025-02-21 01:50:00
1051,2025-01-11,P507,Furniture,5514.75,4673.52,27573.75,5,Cancelled,Medium,East,Delhi,user135@mail.com,user_135,Standard,S04,2025-03-15 11:55:00
1199,2025-01-13,P547,Furniture,1697.74,1438.76,5093.22,3,Pending,Low,West,Patna,user136@mail.com,user_136,Basic,S03,2025-05-08 22:31:00
1094,2025-05-13,P180,Furniture,4750.24,4025.63,19000.96,4,Pending,Low,South,Jaipur,user137@mail.com,user_137,Basic,S02,2025-01-21 10:42:00
1075,2025-03-20,P270,Groceries,3602.36,3052.85,14409.44,4,Cancelled,Medium,East,Chennai,user138@mail.com,user_138,Premium,S12,2025-04-01 19:27:00
1070,2025-06-13,P472,Electronics,551.89,467.7,2207.56,4,Cancelled,Low,South,Delhi,user139@mail.com,user_139,Premium,S14,2025-06-05 21:50:00
1112,2025-01-09,P470,Clothing,506.74,429.44,1520.22,3,Pending,Low,North,Bengaluru,user140@mail.com,user_140,Standard,S08,2025-04-05 11:28:00
1195,2025-01-20,P507,Books,914.16,774.71,2742.48,3,Pending,Low,East,Kolkata,user141@mail.com,user_141,Premium,S01,2025-02-17 15:33:00
1099,2025-05-24,P820,Electronics,1631.6,1382.71,4894.8,3,Pending,High,East,Chennai,user142@mail.com,,Premium,S02,2025-02-04 02:28:00
1044,2025-04-24,P783,Electronics,4804.38,4071.51,14413.14,3,Pending,Low,North,Jaipur,user143@mail.com,user_143,Basic,S14,2025-02-10 22:45:00
1179,2025-06-13,P329,Clothing,4707.15,3989.11,23535.75,5,Completed,High,South,Kolkata,user144@mail.com,user_144,Basic,S01,2025-04-03 17:36:00
1094,2025-04-30,P167,Books,868.34,735.88,868.34,1,Pending,Medium,West,Patna,user145@mail.com,user_145,Basic,S14,2025-05-28 02:08:00
1081,2025-06-14,P452,Electronics,2719.76,2304.88,13598.8,5,Completed,Low,South,Bengaluru,user146@mail.com,user_146,Basic,S09,2025-01-15 03:33:00
1039,2025-03-19,P454,Clothing,1054.5,893.64,2109.0,2,Cancelled,Medium,North,Jaipur,user147@mail.com,user_147,Premium,S11,2025-05-22 08:08:00
1160,2025-03-19,P756,Books,3202.57,2714.04,16012.85,5,Completed,Low,South,Bengaluru,user148@mail.com,user_148,Standard,S10,2025-06-04 10:53:00
1144,2025-01-11,P371,Electronics,587.63,497.99,2938.15,5,Cancelled,High,West,Delhi,user149@mail.com,user_149,Basic,S15,2025-06-10 17:18:00
1164,2025-03-19,P404,Groceries,1533.88,1299.9,6135.52,4,Pending,High,North,Bengaluru,user150@mail.com,user_150,Basic,S07,2025-05-04 14:13:00
1087,2025-06-05,P851,Clothing,1925.35,1631.65,5776.05,3,Pending,Medium,South,Lucknow,user151@mail.com,user_151,Standard,S09,2025-01-28 10:15:00
1119,2025-02-01,P199,Furniture,2717.56,2303.02,5435.12,2,Completed,Medium,West,Patna,user152@mail.com,user_152,Premium,S14,2025-02-10 10:59:00
1147,2025-03-22,P627,Clothing,4530.36,3839.29,18121.44,4,Pending,Medium,East,Chennai,user153@mail.com,user_153,Premium,S02,2025-04-11 16:29:00
1061,2025-02-25,P388,Books,2158.44,1829.19,2158.44,1,Pending,Low,West,Jaipur,user154@mail.com,user_154,Standard,S01,2025-01-28 13:08:00
1067,2025-04-04,P152,Groceries,2233.85,1893.09,8935.4,4,Cancelled,Low,South,Lucknow,user155@mail.com,user_155,Standard,S05,2025-01-19 12:32:00
1115,2025-05-21,P796,Furniture,4889.96,4144.03,24449.8,5,Cancelled,High,South,Mumbai,user156@mail.com,user_156,Basic,S06,2025-03-28 17:23:00
1193,2025-02-06,P612,Clothing,3601.44,3052.07,14405.76,4,Completed,High,North,Bengaluru,user157@mail.com,user_157,Standard,S06,2025-05-02 16:29:00
1038,2025-06-05,P426,Books,926.22,784.93,4631.1,5,Completed,Medium,East,Lucknow,user158@mail.com,user_158,Standard,S14,2025-05-11 17:31:00
1181,2025-05-25,P477,Furniture,2863.82,2426.97,2863.82,1,Pending,Low,North,Patna,user159@mail.com,user_159,Standard,S05,2025-06-26 20:01:00
1152,2025-05-02,P691,Furniture,5709.61,4838.65,28548.05,5,Completed,Low,North,Chennai,user160@mail.com,user_160,Premium,S09,2025-06-11 23:39:00
1198,2025-04-08,P132,Clothing,4868.85,4126.14,9737.7,2,Cancelled,Low,North,Kolkata,user161@mail.com,user_161,Premium,S08,2025-03-22 13:09:00
1105,2025-06-26,P582,Clothing,2490.8,2110.85,12454.0,5,Cancelled,Low,North,Bengaluru,user162@mail.com,user_162,Standard,S04,2025-05-24 10:42:00
1122,2025-05-15,P570,Groceries,1932.12,1637.39,3864.24,2,Cancelled,Medium,East,Jaipur,user163@mail.com,user_163,Standard,S08,2025-02-19 07:17:00
1142,2025-03-18,P889,Clothing,5561.67,4713.28,16685.01,3,Pending,Low,South,Chennai,user164@mail.com,user_164,Basic,S08,2025-03-31 17:59:00
1184,2025-03-12,P488,Furniture,822.67,697.18,4113.35,5,Pending,Medium,South,Jaipur,user165@mail.com,user_165,Premium,S05,2025-01-21 11:59:00
1113,2025-06-17,P306,Furniture,4439.11,3761.96,8878.22,2,Cancelled,Medium,East,Bengaluru,,user_166,Premium,S10,2025-05-31 07:15:00
1012,2025-06-21,P153,Books,1422.83,1205.79,2845.66,2,Completed,Medium,East,Chennai,user167@mail.com,user_167,Premium,S11,2025-02-05 00:35:00
1040,2025-04-15,P874,Groceries,2878.61,2439.5,5757.22,2,Pending,Medium,East,Delhi,user168@mail.com,user_168,Premium,S11,2025-05-27 07:34:00
1189,2025-01-10,P137,Clothing,2534.22,2147.64,5068.44,2,Pending,Medium,South,Jaipur,user169@mail.com,user_169,Premium,S01,2025-03-18 18:38:00
1027,2025-03-27,P636,Furniture,2745.05,2326.31,13725.25,5,Pending,High,West,Jaipur,user170@mail.com,user_170,Premium,S13,2025-01-29 10:10:00
1187,2025-04-28,P854,Furniture,4272.93,3621.13,4272.93,1,Pending,Medium,South,Bengaluru,user171@mail.com,user_171,Standard,S14,2025-06-13 12:52:00
1109,2025-05-12,P289,Furniture,619.52,525.02,619.52,1,Completed,Medium,East,Kolkata,user172@mail.com,user_172,Premium,S05,2025-04-09 07:28:00
1192,2025-03-10,P111,Furniture,1863.85,1579.53,9319.25,5,Pending,Low,East,Kolkata,user173@mail.com,user_173,Premium,S11,2025-01-31 14:19:00
1040,2025-04-14,P806,Books,5455.4,4623.22,16366.2,3,Completed,Low,East,Lucknow,user174@mail.com,user_174,Standard,S04,2025-02-26 04:30:00
1039,2025-04-27,P582,Books,2278.3,1930.76,11391.5,5,Cancelled,Low,South,Kolkata,user175@mail.com,user_175,Standard,S13,2025-06-02 02:33:00
1114,2025-05-16,P214,Furniture,569.59,482.7,2847.95,5,Completed,Low,South,Bengaluru,user176@mail.com,user_176,Premium,S06,2025-05-14 14:07:00
1174,2025-02-22,P556,Books,2944.41,2495.26,14722.05,5,Completed,Medium,South,Patna,user177@mail.com,user_177,Basic,S10,2025-01-15 17:29:00
1172,2025-03-20,P863,Electronics,,2040.15,0,1,Completed,Low,North,Delhi,user178@mail.com,user_178,Basic,S06,2025-06-29 02:34:00
1015,2025-01-18,P284,Groceries,301.49,255.5,1205.96,4,Completed,Low,West,Lucknow,user179@mail.com,user_179,Basic,S08,2025-04-07 12:05:00
1174,2025-06-19,P221,Books,886.95,751.65,2660.85,3,Completed,Low,West,Bengaluru,user180@mail.com,user_180,Standard,S04,2025-01-01 00:19:00
1118,2025-06-22,P943,Books,2570.31,2178.23,10281.24,4,Completed,High,West,Lucknow,user181@mail.com,user_181,Premium,S05,2025-02-18 23:48:00
1028,2025-01-09,P346,Groceries,3673.48,3113.12,3673.48,1,Completed,High,North,Delhi,user182@mail.com,user_182,Basic,S10,2025-06-22 22:55:00
1012,2025-03-04,P652,Electronics,2443.9,2071.1,4887.8,2,Completed,High,South,Jaipur,user183@mail.com,user_183,Premium,S14,2025-05-28 10:36:00
1153,2025-06-22,P776,Furniture,1487.78,1260.83,2975.56,2,Cancelled,High,West,Jaipur,user184@mail.com,user_184,Basic,S01,2025-05-23 18:56:00
1188,2025-02-14,P452,Groceries,3331.93,2823.67,3331.93,1,Cancelled,Low,West,Lucknow,user185@mail.com,user_185,Standard,S07,2025-04-15 04:19:00
1096,2025-02-17,P407,Books,2855.88,2420.24,5711.76,2,Cancelled,High,West,Delhi,user186@mail.com,user_186,Standard,S07,2025-04-17 17:33:00
1034,2025-04-10,P762,Clothing,1592.39,1349.48,4777.17,3,Completed,Medium,East,Mumbai,user187@mail.com,user_187,Standard,S12,2025-02-18 01:17:00
1096,2025-06-22,P292,Books,3604.1,3054.32,3604.1,1,Cancelled,Low,South,Chennai,user188@mail.com,user_188,Premium,S14,2025-03-27 09:58:00
1003,2025-02-24,P864,Clothing,5680.73,4814.18,5680.73,1,Pending,High,South,Patna,user189@mail.com,user_189,Premium,S09,2025-03-24 09:24:00
1119,2025-05-17,P625,Furniture,1901.3,1611.27,5703.9,3,Pending,Medium,North,Chennai,user190@mail.com,user_190,Basic,S15,2025-02-22 11:20:00
1105,2025-01-12,P116,Books,5114.14,4334.02,10228.28,2,Pending,Low,West,Jaipur,user191@mail.com,user_191,Premium,S04,2025-03-26 07:24:00
1145,2025-03-04,P363,Groceries,3301.82,2798.15,9905.46,3,Pending,Low,West,Chennai,user192@mail.com,user_192,Premium,S12,2025-04-01 05:08:00
1184,2025-05-20,P757,Groceries,1182.16,1001.83,5910.8,5,Completed,Low,North,Mumbai,user193@mail.com,user_193,Standard,S01,2025-01-02 13:08:00
,2025-06-11,P109,Clothing,510.99,433.04,1021.98,2,Completed,Low,West,Lucknow,user194@mail.com,user_194,Premium,S10,2025-06-13 21:59:00
1157,2025-05-04,P664,Groceries,208.97,177.09,1044.85,5,Pending,High,North,Jaipur,user195@mail.com,user_195,Standard,S05,2025-01-05 16:52:00
1178,2025-06-22,P209,Groceries,4779.26,4050.22,9558.52,2,Completed,Low,South,Kolkata,user196@mail.com,user_196,Premium,S10,2025-05-15 08:52:00
1090,2025-03-10,P570,Groceries,574.88,487.19,2299.52,4,Cancelled,High,South,Jaipur,user197@mail.com,user_197,Standard,S14,2025-01-21 20:54:00
1166,2025-01-09,P665,Electronics,2461.31,2085.86,9845.24,4,Pending,High,North,Bengaluru,user198@mail.com,user_198,Premium,S08,2025-04-22 20:50:00
1084,2025-05-25,P335,Electronics,5291.69,4484.48,5291.69,1,Completed,Low,West,Jaipur,user199@mail.com,user_199,Premium,S15,2025-01-20 21:59:00
1071,2025-05-20,P970,Books,3923.19,3324.74,7846.38,2,Pending,High,South,Bengaluru,user200@mail.com,user_200,Standard,S14,2025-04-12 02:19:00
1041,2025-05-25,P793,Clothing,3394.64,2876.81,13578.56,4,Cancelled,Medium,West,Bengaluru,user201@mail.com,user_201,Standard,S12,2025-01-21 16:47:00
1088,2025-01-14,P448,Electronics,2645.24,2241.73,2645.24,1,Cancelled,Low,West,Lucknow,user202@mail.com,user_202,Premium,S11,2025-03-11 14:31:00
1058,2025-04-02,P290,Books,5559.69,4711.6,22238.76,4,Cancelled,Low,West,Mumbai,user203@mail.com,user_203,Standard,S05,2025-03-05 22:04:00
1021,2025-03-10,P857,Clothing,2315.16,1962.0,4630.32,2,Pending,Medium,East,Mumbai,user204@mail.com,user_204,Premium,S01,2025-03-20 14:23:00
1194,2025-03-11,P541,Electronics,884.15,749.28,1768.3,2,Pending,Low,West,Mumbai,user205@mail.com,user_205,Premium,S02,2025-04-01 17:05:00
1152,2025-06-03,P398,Furniture,5112.02,4332.22,5112.02,1,Pending,Medium,North,Kolkata,user206@mail.com,user_206,Standard,S09,2025-02-13 21:24:00
1043,2025-02-05,P249,Furniture,1859.14,1575.54,7436.56,4,Completed,High,West,Jaipur,user207@mail.com,user_207,Basic,S05,2025-05-04 02:23:00
1064,2025-03-05,P568,Groceries,3551.39,3009.65,7102.78,2,Completed,High,East,Delhi,user208@mail.com,user_208,Basic,S06,2025-06-08 12:51:00
1084,2025-04-23,P239,Furniture,2607.82,2210.02,13039.1,5,Pending,Medium,South,Chennai,user209@mail.com,user_209,Basic,S03,2025-04-12 10:18:00
1188,2025-06-27,P433,Groceries,5713.61,4842.04,11427.22,2,Pending,Medium,West,Lucknow,user210@mail.com,user_210,Premium,S15,2025-05-25 06:37:00
1139,2025-02-16,P825,Books,273.63,231.89,1094.52,4,Completed,Medium,East,Mumbai,user211@mail.com,user_211,Basic,S11,2025-05-08 04:40:00
1077,2025-03-03,P908,Furniture,3926.39,3327.45,15705.56,4,Pending,High,West,Chennai,user212@mail.com,user_212,Standard,S07,2025-05-17 16:59:00
1177,2025-04-18,P818,Books,330.58,280.15,991.74,3,Cancelled,Low,North,Mumbai,user213@mail.com,,Premium,S11,2025-06-20 11:10:00
1165,2025-06-06,P870,Electronics,3374.54,2859.78,13498.16,4,Pending,Medium,North,Delhi,user214@mail.com,user_214,Premium,S05,2025-02-26 16:47:00
1132,2025-05-23,P556,Books,4094.08,3469.56,8188.16,2,Pending,Medium,West,Bengaluru,user215@mail.com,user_215,Basic,S01,2025-05-04 03:18:00
1106,2025-01-22,P456,Electronics,4924.68,4173.46,9849.36,2,Pending,Medium,West,Kolkata,user216@mail.com,user_216,Standard,S08,2025-03-31 15:06:00
1112,2025-06-28,P145,Groceries,1961.94,1662.66,5885.82,3,Cancelled,High,North,Lucknow,user217@mail.com,user_217,Standard,S02,2025-06-23 05:59:00
1189,2025-03-04,P438,Books,1126.69,954.82,2253.38,2,Cancelled,Medium,West,Kolkata,user218@mail.com,user_218,Basic,S11,2025-02-17 05:40:00
1168,2025-04-21,P302,Groceries,286.79,243.04,1433.95,5,Pending,Low,West,Patna,user219@mail.com,user_219,Premium,S12,2025-02-24 06:17:00
1192,2025-06-30,P291,Electronics,3456.22,2929.0,17281.1,5,Pending,Medium,South,Chennai,user220@mail.com,user_220,Premium,S05,2025-06-21 15:33:00
1163,2025-03-22,P701,Books,2365.11,2004.33,9460.44,4,Completed,Medium,East,Chennai,user221@mail.com,user_221,Standard,S03,2025-06-22 22:51:00
1076,2025-06-07,P420,Books,608.03,515.28,1216.06,2,Completed,High,East,Mumbai,user222@mail.com,user_222,Premium,S06,2025-06-27 04:32:00
1099,2025-04-18,P533,Books,915.15,775.55,3660.6,4,Completed,Medium,South,Bengaluru,user223@mail.com,user_223,Basic,S05,2025-02-05 05:20:00
1115,2025-06-08,P596,Electronics,5122.45,4341.06,5122.45,1,Completed,High,West,Chennai,user224@mail.com,user_224,Basic,S11,2025-05-06 13:45:00
1113,2025-05-06,P914,Clothing,596.01,505.09,596.01,1,Completed,Medium,North,Jaipur,user225@mail.com,user_225,Premium,S09,2025-03-15 05:49:00
1117,2025-05-25,P686,Groceries,3296.52,2793.66,3296.52,1,Completed,Medium,East,Delhi,user226@mail.com,user_226,Standard,S08,2025-05-20 06:27:00
1026,2025-06-17,P560,Clothing,1839.35,1558.77,1839.35,1,Pending,Medium,North,Chennai,user227@mail.com,user_227,Premium,S13,2025-03-02 06:51:00
1188,2025-05-31,P747,Furniture,5096.59,4319.14,25482.95,5,Pending,High,South,Kolkata,user228@mail.com,user_228,Premium,S13,2025-01-16 18:22:00
1136,2025-03-13,P820,Books,3233.16,2739.97,9699.48,3,Pending,Medium,East,Mumbai,user229@mail.com,user_229,Premium,S13,2025-04-16 01:17:00
1167,2025-02-02,P948,Clothing,1561.64,1323.42,4684.92,3,Completed,Low,West,Chennai,user230@mail.com,user_230,Premium,S10,2025-06-11 08:40:00
1106,2025-04-07,P512,Groceries,554.64,470.03,554.64,1,Cancelled,Low,East,Lucknow,user231@mail.com,user_231,Basic,S08,2025-03-25 18:00:00
1198,2025-01-24,P970,Groceries,3788.65,3210.72,11365.95,3,Completed,Low,West,Kolkata,user232@mail.com,user_232,Basic,S14,2025-02-24 15:17:00
1082,2025-03-14,P679,Furniture,3282.55,2781.82,6565.1,2,Pending,Medium,North,Delhi,user233@mail.com,user_233,Premium,S11,2025-04-28 00:07:00
1040,2025-04-23,P307,Groceries,121.91,103.31,487.64,4,Cancelled,High,East,Bengaluru,user234@mail.com,user_234,Basic,S02,2025-06-17 11:16:00
1021,2025-04-06,P843,Clothing,417.44,353.76,1252.32,3,Cancelled,High,West,Mumbai,user235@mail.com,user_235,Standard,S02,2025-01-01 06:30:00
1019,2025-02-03,P109,Books,1425.84,1208.34,5703.36,4,Completed,Low,East,Mumbai,user236@mail.com,user_236,Basic,S12,2025-02-03 15:04:00
1058,2025-04-09,P205,Electronics,4343.27,3680.74,4343.27,1,Pending,Medium,East,Bengaluru,user237@mail.com,user_237,Basic,S13,2025-02-04 20:43:00
1036,2025-01-18,P765,Books,3374.95,2860.13,16874.75,5,Completed,Medium,East,Kolkata,user238@mail.com,user_238,Standard,S12,2025-02-08 13:39:00
1175,2025-04-24,P243,Clothing,619.23,524.77,619.23,1,Completed,Low,West,Lucknow,user239@mail.com,user_239,Basic,S06,2025-02-05 07:17:00
1165,2025-01-22,P838,Clothing,3317.74,2811.64,16588.7,5,Cancelled,Medium,North,Jaipur,user240@mail.com,user_240,Premium,S09,2025-06-05 16:12:00
1191,2025-04-11,P606,Furniture,3854.15,3266.23,7708.3,2,Pending,High,South,Chennai,user241@mail.com,user_241,Standard,S10,2025-01-19 16:56:00
1003,2025-04-03,P530,Furniture,881.13,746.72,4405.65,5,Pending,Low,South,Chennai,user242@mail.com,user_242,Premium,S01,2025-05-31 02:00:00
1067,2025-02-25,P618,Electronics,5452.36,4620.64,21809.44,4,Pending,Low,West,Patna,user243@mail.com,user_243,Standard,S07,2025-01-22 20:34:00
1137,2025-06-07,P180,Clothing,1722.32,1459.59,5166.96,3,Cancelled,High,South,Lucknow,user244@mail.com,user_244,Basic,S10,2025-06-12 20:43:00
1164,2025-01-17,P159,Furniture,4157.74,3523.51,8315.48,2,Completed,High,West,Mumbai,user245@mail.com,user_245,Basic,S10,2025-06-05 01:19:00
1170,2025-06-18,P818,Clothing,808.62,685.27,1617.24,2,Completed,High,West,Lucknow,user246@mail.com,user_246,Standard,S09,2025-03-08 05:23:00
1032,2025-03-10,P443,Electronics,4578.41,3880.01,4578.41,1,Pending,Medium,North,Jaipur,user247@mail.com,user_247,Standard,S10,2025-06-10 02:31:00
1116,2025-05-11,P270,Furniture,438.55,371.65,2192.75,5,Pending,High,East,Mumbai,user248@mail.com,user_248,Standard,S11,2025-01-30 07:47:00
1130,2025-01-01,P350,Electronics,5082.94,4307.58,5082.94,1,Completed,Medium,East,Patna,,user_249,Premium,S03,2025-01-10 17:51:00
1182,2025-06-17,P526,Groceries,1416.15,1200.13,2832.3,2,Cancelled,Medium,East,Mumbai,user250@mail.com,user_250,Standard,S06,2025-01-31 16:43:00
1013,2025-02-15,P510,Clothing,4768.69,4041.26,4768.69,1,Completed,Medium,East,Jaipur,user251@mail.com,user_251,Basic,S02,2025-05-22 14:00:00
1094,2025-02-21,P857,Furniture,3377.93,2862.65,10133.79,3,Cancelled,High,West,Lucknow,user252@mail.com,user_252,Standard,S08,2025-02-20 23:57:00
1139,2025-03-04,P124,Clothing,154.88,131.25,619.52,4,Completed,Low,East,Delhi,user253@mail.com,user_253,Basic,S01,2025-06-18 12:54:00
1188,2025-03-20,P529,Electronics,1304.43,1105.45,2608.86,2,Pending,High,South,Jaipur,user254@mail.com,user_254,Premium,S01,2025-03-01 16:26:00
1179,2025-04-06,P694,Groceries,5752.88,4875.32,5752.88,1,Completed,Low,South,Patna,user255@mail.com,user_255,Premium,S10,2025-05-26 01:27:00
1169,2025-02-03,P920,Clothing,1804.47,1529.21,5413.41,3,Pending,Low,East,Lucknow,user256@mail.com,user_256,Basic,S05,2025-03-01 02:12:00
1034,2025-05-30,P560,Electronics,1016.58,861.51,2033.16,2,Pending,Medium,West,Mumbai,user257@mail.com,user_257,Standard,S06,2025-02-23 14:19:00
1118,2025-03-09,P946,Electronics,640.81,543.06,1922.43,3,Cancelled,Low,North,Kolkata,user258@mail.com,user_258,Basic,S03,2025-01-24 22:15:00
1091,2025-04-12,P366,Books,401.03,339.86,1203.09,3,Completed,High,West,Chennai,user259@mail.com,user_259,Standard,S12,2025-05-21 07:06:00
1118,2025-01-27,P950,Clothing,820.24,695.12,820.24,1,Completed,High,South,Patna,user260@mail.com,user_260,Basic,S11,2025-06-11 20:05:00
1149,2025-05-31,P122,Furniture,5422.57,4595.4,5422.57,1,Completed,High,West,Bengaluru,user261@mail.com,user_261,Premium,S15,2025-03-26 03:02:00
1118,2025-01-13,P941,Clothing,5461.34,4628.25,21845.36,4,Cancelled,Medium,West,Delhi,user262@mail.com,user_262,Basic,S11,2025-04-20 05:22:00
1054,2025-02-17,P135,Furniture,1736.12,1471.29,3472.24,2,Cancelled,Low,South,Jaipur,user263@mail.com,user_263,Basic,S07,2025-05-21 15:03:00
1022,2025-03-13,P758,Groceries,911.5,772.46,1823.0,2,Cancelled,High,North,Patna,user264@mail.com,user_264,Standard,S06,2025-05-03 17:50:00
1124,2025-03-30,P376,Books,3022.84,2561.73,12091.36,4,Completed,High,East,Kolkata,user265@mail.com,user_265,Premium,S15,2025-03-13 01:51:00
1120,2025-05-16,P263,Furniture,4551.89,3857.53,9103.78,2,Completed,High,South,Jaipur,user266@mail.com,user_266,Standard,S14,2025-01-15 07:36:00
1099,2025-04-01,P425,Clothing,,962.89,0,5,Cancelled,Low,East,Delhi,user267@mail.com,user_267,Standard,S12,2025-04-01 18:36:00
1036,2025-05-25,P655,Clothing,4955.78,4199.81,19823.12,4,Pending,High,West,Delhi,user268@mail.com,user_268,Premium,S01,2025-03-01 19:14:00
1005,2025-05-15,P306,Groceries,121.95,103.35,609.75,5,Completed,Medium,South,Lucknow,user269@mail.com,user_269,Premium,S01,2025-02-07 18:45:00
1036,2025-01-29,P482,Books,5094.39,4317.28,5094.39,1,Cancelled,Low,West,Mumbai,user270@mail.com,user_270,Basic,S05,2025-03-24 04:10:00
1187,2025-04-22,P824,Groceries,3871.56,3280.98,7743.12,2,Cancelled,Low,East,Kolkata,user271@mail.com,user_271,Standard,S10,2025-02-14 12:19:00
1187,2025-06-26,P818,Furniture,854.33,724.01,854.33,1,Cancelled,Medium,North,Bengaluru,user272@mail.com,user_272,Standard,S06,2025-06-06 07:40:00
1144,2025-01-27,P343,Groceries,931.2,789.15,931.2,1,Pending,Medium,South,Mumbai,user273@mail.com,user_273,Standard,S11,2025-06-13 23:56:00
1085,2025-04-25,P809,Electronics,1651.46,1399.54,3302.92,2,Completed,Medium,East,Mumbai,user274@mail.com,user_274,Standard,S01,2025-01-13 12:28:00
1187,2025-04-18,P487,Clothing,5232.47,4434.3,20929.88,4,Pending,Low,West,Mumbai,user275@mail.com,user_275,Basic,S13,2025-05-28 20:48:00
1175,2025-02-27,P401,Clothing,2727.35,2311.31,2727.35,1,Completed,Medium,East,Mumbai,user276@mail.com,user_276,Premium,S06,2025-02-13 12:10:00
1187,2025-01-20,P446,Books,5563.69,4714.99,5563.69,1,Cancelled,Low,West,Delhi,user277@mail.com,user_277,Basic,S11,2025-02-12 19:56:00
1111,2025-02-10,P294,Electronics,703.47,596.16,1406.94,2,Pending,Low,East,Jaipur,user278@mail.com,user_278,Basic,S04,2025-01-25 01:25:00
1146,2025-05-21,P103,Groceries,1006.06,852.59,3018.18,3,Pending,High,East,Chennai,user279@mail.com,user_279,Premium,S02,2025-01-07 06:10:00
1163,2025-03-16,P415,Electronics,2856.19,2420.5,2856.19,1,Pending,Medium,West,Jaipur,user280@mail.com,user_280,Premium,S11,2025-05-20 12:11:00
1094,2025-04-08,P369,Furniture,1196.83,1014.26,1196.83,1,Pending,Medium,East,Kolkata,user281@mail.com,user_281,Basic,S10,2025-01-16 04:48:00
1178,2025-06-20,P927,Electronics,613.56,519.97,1840.68,3,Cancelled,Medium,South,Delhi,user282@mail.com,user_282,Basic,S14,2025-05-14 13:34:00
1175,2025-05-02,P406,Books,5215.72,4420.1,20862.88,4,Completed,Medium,North,Bengaluru,user283@mail.com,user_283,Premium,S13,2025-04-25 05:10:00
1054,2025-02-19,P799,Clothing,364.75,309.11,364.75,1,Pending,High,South,Jaipur,user284@mail.com,,Basic,S15,2025-01-18 02:24:00
1142,2025-04-12,P632,Books,2003.66,1698.02,6010.98,3,Pending,High,West,Mumbai,user285@mail.com,user_285,Basic,S03,2025-02-07 18:37:00
1149,2025-01-26,P904,Electronics,3371.44,2857.15,3371.44,1,Pending,Low,East,Patna,user286@mail.com,user_286,Basic,S07,2025-06-17 15:36:00
1155,2025-05-02,P247,Electronics,1113.66,943.78,4454.64,4,Cancelled,Low,West,Delhi,user287@mail.com,user_287,Basic,S15,2025-03-26 22:15:00
1012,2025-05-02,P445,Furniture,5304.63,4495.45,5304.63,1,Pending,Medium,East,Chennai,user288@mail.com,user_288,Standard,S11,2025-01-26 07:08:00
1076,2025-04-24,P719,Furniture,1675.79,1420.16,6703.16,4,Cancelled,High,South,Chennai,user289@mail.com,user_289,Premium,S15,2025-04-15 23:31:00
1194,2025-05-13,P910,Furniture,4865.13,4122.99,24325.65,5,Completed,High,East,Patna,user290@mail.com,user_290,Premium,S13,2025-05-15 18:01:00
,2025-02-14,P957,Clothing,5178.29,4388.38,10356.58,2,Completed,High,North,Chennai,user291@mail.com,user_291,Premium,S15,2025-04-03 22:12:00
1070,2025-04-05,P797,Groceries,3038.64,2575.12,3038.64,1,Completed,High,East,Chennai,user292@mail.com,user_292,Standard,S08,2025-02-15 15:37:00
1141,2025-03-31,P866,Furniture,1063.44,901.22,3190.32,3,Cancelled,High,East,Delhi,user293@mail.com,user_293,Basic,S01,2025-02-11 18:49:00
1054,2025-02-26,P767,Clothing,4036.44,3420.71,12109.32,3,Pending,Low,North,Delhi,user294@mail.com,user_294,Basic,S15,2025-02-03 20:11:00
1153,2025-01-03,P829,Clothing,1577.32,1336.71,4731.96,3,Cancelled,Low,East,Patna,user295@mail.com,user_295,Basic,S14,2025-03-31 14:16:00
1055,2025-04-30,P506,Furniture,4033.55,3418.26,20167.75,5,Cancelled,High,North,Lucknow,user296@mail.com,user_296,Standard,S11,2025-06-02 19:18:00
1076,2025-06-25,P383,Electronics,2903.41,2460.52,8710.23,3,Cancelled,Medium,East,Jaipur,user297@mail.com,user_297,Standard,S12,2025-06-16 09:12:00
1038,2025-05-13,P513,Clothing,5319.99,4508.47,26599.95,5,Cancelled,Medium,South,Delhi,user298@mail.com,user_298,Standard,S08,2025-03-17 08:58:00
1107,2025-04-14,P825,Groceries,4377.79,3709.99,21888.95,5,Cancelled,High,East,Kolkata,user299@mail.com,user_299,Standard,S09,2025-06-13 15:58:00
1171,2025-04-02,P960,Books,1853.72,1570.95,3707.44,2,Cancelled,Low,South,Jaipur,user300@mail.com,user_300,Premium,S08,2025-02-02 23:16:00
1185,2025-05-24,P770,Clothing,5593.11,4739.92,16779.33,3,Completed,High,East,Kolkata,user301@mail.com,user_301,Standard,S14,2025-03-20 13:50:00
1084,2025-04-06,P971,Furniture,3503.77,2969.3,14015.08,4,Completed,Medium,North,Mumbai,user302@mail.com,user_302,Basic,S15,2025-02-19 16:07:00
1174,2025-04-08,P991,Books,1843.09,1561.94,1843.09,1,Completed,High,South,Lucknow,user303@mail.com,user_303,Basic,S10,2025-04-28 04:20:00
1183,2025-02-16,P420,Electronics,2937.2,2489.15,5874.4,2,Cancelled,High,North,Chennai,user304@mail.com,user_304,Basic,S04,2025-02-13 18:48:00
1040,2025-05-06,P748,Electronics,866.23,734.09,3464.92,4,Pending,Medium,West,Chennai,user305@mail.com,user_305,Basic,S01,2025-01-10 17:12:00
1187,2025-04-06,P295,Electronics,5275.58,4470.83,26377.9,5,Completed,Low,North,Kolkata,user306@mail.com,user_306,Premium,S12,2025-03-30 09:08:00
1026,2025-04-09,P166,Books,3521.7,2984.49,7043.4,2,Completed,Medium,East,Chennai,user307@mail.com,user_307,Standard,S09,2025-06-02 16:21:00
1111,2025-06-25,P467,Clothing,2099.68,1779.39,8398.72,4,Completed,High,West,Delhi,user308@mail.com,user_308,Premium,S04,2025-02-03 06:46:00
1005,2025-05-31,P828,Books,1095.08,928.03,3285.24,3,Cancelled,High,West,Jaipur,user309@mail.com,user_309,Standard,S10,2025-01-13 19:03:00
1169,2025-01-28,P526,Electronics,396.89,336.35,396.89,1,Pending,Medium,North,Jaipur,user310@mail.com,user_310,Basic,S12,2025-02-09 06:44:00
1175,2025-06-11,P778,Electronics,1859.05,1575.47,1859.05,1,Cancelled,Medium,South,Patna,user311@mail.com,user_311,Premium,S09,2025-06-08 03:18:00
1029,2025-01-28,P896,Groceries,1266.58,1073.37,2533.16,2,Pending,Low,South,Lucknow,user312@mail.com,user_312,Standard,S07,2025-03-17 05:02:00
1140,2025-05-08,P438,Clothing,4097.2,3472.2,16388.8,4,Completed,High,North,Mumbai,user313@mail.com,user_313,Premium,S14,2025-05-27 21:31:00
1038,2025-01-24,P362,Books,551.93,467.74,551.93,1,Cancelled,High,West,Jaipur,user314@mail.com,user_314,Basic,S08,2025-01-13 03:52:00
1044,2025-01-11,P536,Furniture,2200.76,1865.05,6602.28,3,Cancelled,High,North,Delhi,user315@mail.com,user_315,Premium,S14,2025-02-05 21:41:00
1043,2025-03-26,P374,Furniture,5290.16,4483.19,26450.8,5,Cancelled,High,East,Lucknow,user316@mail.com,user_316,Premium,S02,2025-04-13 12:29:00
1069,2025-04-09,P215,Groceries,4743.02,4019.51,9486.04,2,Completed,Low,North,Bengaluru,user317@mail.com,user_317,Premium,S07,2025-06-01 15:51:00
1145,2025-06-23,P897,Groceries,1166.05,988.18,4664.2,4,Pending,Low,North,Bengaluru,user318@mail.com,user_318,Basic,S15,2025-05-05 03:56:00
1105,2025-04-23,P112,Electronics,484.21,410.35,1452.63,3,Cancelled,Low,South,Lucknow,user319@mail.com,user_319,Standard,S09,2025-06-26 22:39:00
1024,2025-04-21,P252,Clothing,2904.52,2461.46,11618.08,4,Cancelled,Low,North,Delhi,user320@mail.com,user_320,Standard,S15,2025-02-10 16:54:00
1120,2025-05-07,P428,Clothing,550.87,466.84,2203.48,4,Completed,Medium,East,Delhi,user321@mail.com,user_321,Standard,S04,2025-05-21 20:24:00
1103,2025-03-02,P558,Electronics,2772.48,2349.56,13862.4,5,Completed,Medium,West,Lucknow,user322@mail.com,user_322,Premium,S08,2025-06-17 00:06:00
1103,2025-04-16,P945,Electronics,3339.33,2829.94,3339.33,1,Completed,Low,East,Kolkata,user323@mail.com,user_323,Standard,S11,2025-04-27 10:23:00
1013,2025-02-27,P714,Groceries,2037.47,1726.67,10187.35,5,Pending,Low,East,Chennai,user324@mail.com,user_324,Premium,S02,2025-06-18 07:00:00
1087,2025-04-01,P818,Furniture,3284.74,2783.68,9854.22,3,Completed,High,South,Chennai,user325@mail.com,user_325,Premium,S14,2025-04-15 03:16:00
1156,2025-02-20,P320,Clothing,816.15,691.65,3264.6,4,Pending,High,East,Mumbai,user326@mail.com,user_326,Basic,S01,2025-06-12 21:37:00
1031,2025-04-26,P237,Groceries,3925.2,3326.44,19626.0,5,Pending,High,North,Patna,user327@mail.com,user_327,Standard,S08,2025-05-11 05:44:00
1148,2025-02-14,P720,Clothing,716.74,607.41,3583.7,5,Pending,Low,West,Patna,user328@mail.com,user_328,Standard,S15,2025-06-27 07:17:00
1101,2025-03-29,P241,Furniture,2736.35,2318.94,5472.7,2,Pending,Low,East,Lucknow,user329@mail.com,user_329,Standard,S12,2025-05-22 20:13:00
1051,2025-02-23,P788,Books,4248.57,3600.48,12745.71,3,Completed,Low,South,Lucknow,user330@mail.com,user_330,Standard,S02,2025-04-01 17:30:00
1149,2025-05-27,P392,Groceries,4016.47,3403.79,20082.35,5,Pending,High,North,Delhi,user331@mail.com,user_331,Basic,S03,2025-01-14 21:03:00
1051,2025-03-10,P249,Clothing,5804.79,4919.31,17414.37,3,Completed,Low,East,Kolkata,,user_332,Standard,S01,2025-04-02 14:06:00
1157,2025-06-22,P498,Books,5118.51,4337.72,25592.55,5,Completed,Low,East,Delhi,user333@mail.com,user_333,Basic,S07,2025-04-17 21:20:00
1141,2025-01-14,P735,Electronics,4417.9,3743.98,8835.8,2,Pending,High,East,Kolkata,user334@mail.com,user_334,Standard,S04,2025-03-17 14:11:00
1174,2025-01-20,P222,Clothing,5683.03,4816.13,28415.15,5,Pending,High,West,Jaipur,user335@mail.com,user_335,Standard,S05,2025-02-03 05:37:00
1065,2025-01-02,P140,Furniture,2814.32,2385.02,5628.64,2,Completed,Medium,North,Jaipur,user336@mail.com,user_336,Basic,S13,2025-05-27 17:22:00
1018,2025-03-23,P633,Books,1389.82,1177.81,2779.64,2,Completed,Low,South,Patna,user337@mail.com,user_337,Standard,S09,2025-04-14 02:22:00
1056,2025-02-24,P323,Furniture,2032.23,1722.23,6096.69,3,Cancelled,Low,West,Delhi,user338@mail.com,user_338,Premium,S11,2025-03-30 14:15:00
1164,2025-06-07,P798,Books,1527.8,1294.75,1527.8,1,Pending,Medium,North,Patna,user339@mail.com,user_339,Basic,S09,2025-03-14 00:58:00
1132,2025-04-06,P598,Books,4759.88,4033.8,19039.52,4,Completed,Medium,South,Lucknow,user340@mail.com,user_340,Standard,S02,2025-01-25 05:49:00
1137,2025-05-17,P786,Electronics,3742.92,3171.97,7485.84,2,Cancelled,High,West,Mumbai,user341@mail.com,user_341,Premium,S09,2025-06-29 23:49:00
1111,2025-06-15,P124,Electronics,4436.53,3759.77,8873.06,2,Pending,Low,East,Delhi,user342@mail.com,user_342,Premium,S02,2025-01-14 05:50:00
1064,2025-05-23,P364,Electronics,3442.44,2917.32,6884.88,2,Pending,Medium,West,Patna,user343@mail.com,user_343,Basic,S06,2025-01-05 12:43:00
1030,2025-05-17,P164,Electronics,3826.7,3242.97,19133.5,5,Cancelled,Low,North,Mumbai,user344@mail.com,user_344,Basic,S15,2025-05-09 03:18:00
1175,2025-03-19,P490,Books,618.18,523.88,2472.72,4,Pending,Low,North,Chennai,user345@mail.com,user_345,Premium,S09,2025-02-26 04:47:00
1100,2025-05-20,P405,Furniture,5669.5,4804.66,11339.0,2,Cancelled,Low,East,Delhi,user346@mail.com,user_346,Standard,S14,2025-05-23 04:07:00
1010,2025-01-02,P660,Books,3567.86,3023.61,17839.3,5,Completed,Medium,South,Lucknow,user347@mail.com,user_347,Premium,S07,2025-06-15 16:09:00
1041,2025-02-17,P298,Clothing,3684.83,3122.74,11054.49,3,Completed,High,North,Chennai,user348@mail.com,user_348,Standard,S09,2025-01-19 09:42:00
1017,2025-03-06,P598,Electronics,1259.47,1067.35,6297.35,5,Pending,Medium,South,Kolkata,user349@mail.com,user_349,Premium,S05,2025-06-08 02:57:00
1049,2025-03-23,P775,Groceries,2723.64,2308.17,13618.2,5,Pending,Low,South,Lucknow,user350@mail.com,user_350,Basic,S07,2025-02-13 00:20:00
1063,2025-02-26,P237,Groceries,1717.76,1455.73,5153.28,3,Cancelled,Low,East,Chennai,user351@mail.com,user_351,Basic,S08,2025-04-02 09:31:00
1141,2025-01-28,P961,Clothing,3850.58,3263.2,3850.58,1,Pending,High,South,Jaipur,user352@mail.com,user_352,Standard,S15,2025-06-10 02:46:00
1019,2025-01-05,P692,Books,3770.06,3194.97,18850.3,5,Pending,Low,South,Delhi,user353@mail.com,user_353,Standard,S05,2025-05-20 17:30:00
1167,2025-02-08,P850,Furniture,2387.42,2023.24,11937.1,5,Pending,High,West,Mumbai,user354@mail.com,user_354,Basic,S06,2025-05-09 00:42:00
1061,2025-06-07,P556,Clothing,4496.17,3810.31,8992.34,2,Completed,High,South,Chennai,user355@mail.com,,Basic,S01,2025-02-26 15:14:00
1016,2025-03-09,P630,Furniture,,1246.69,0,2,Pending,Medium,West,Chennai,user356@mail.com,user_356,Premium,S01,2025-06-16 10:06:00
1180,2025-05-14,P692,Furniture,4945.23,4190.87,14835.69,3,Cancelled,Low,South,Patna,user357@mail.com,user_357,Standard,S07,2025-04-04 18:41:00
1019,2025-05-13,P628,Furniture,2293.93,1944.01,4587.86,2,Pending,Medium,East,Chennai,user358@mail.com,user_358,Basic,S15,2025-06-04 00:32:00
1035,2025-04-23,P758,Clothing,1447.8,1226.95,7239.0,5,Pending,High,South,Bengaluru,user359@mail.com,user_359,Premium,S06,2025-06-04 22:52:00
1030,2025-06-19,P837,Clothing,2515.3,2131.61,7545.9,3,Completed,Medium,West,Chennai,user360@mail.com,user_360,Premium,S10,2025-02-11 20:53:00
1105,2025-01-06,P706,Clothing,367.46,311.41,1837.3,5,Completed,High,North,Bengaluru,user361@mail.com,user_361,Premium,S03,2025-03-08 05:33:00
1103,2025-06-03,P187,Books,3804.73,3224.35,11414.19,3,Completed,Medium,West,Chennai,user362@mail.com,user_362,Premium,S04,2025-04-16 19:09:00
1149,2025-02-16,P271,Books,3932.09,3332.28,11796.27,3,Cancelled,Low,East,Chennai,user363@mail.com,user_363,Standard,S10,2025-01-18 07:24:00
1098,2025-02-03,P980,Electronics,213.77,181.16,1068.85,5,Cancelled,Low,West,Bengaluru,user364@mail.com,user_364,Standard,S02,2025-02-15 15:57:00
1157,2025-06-03,P615,Electronics,5193.17,4400.99,25965.85,5,Completed,High,West,Bengaluru,user365@mail.com,user_365,Standard,S09,2025-01-01 21:41:00
1110,2025-05-14,P814,Groceries,2259.52,1914.85,2259.52,1,Cancelled,Medium,South,Chennai,user366@mail.com,user_366,Basic,S06,2025-05-31 23:58:00
1194,2025-06-28,P360,Books,683.0,578.81,1366.0,2,Pending,High,North,Jaipur,user367@mail.com,user_367,Standard,S15,2025-05-20 13:16:00
1048,2025-01-02,P632,Electronics,3459.93,2932.14,3459.93,1,Completed,Medium,South,Lucknow,user368@mail.com,user_368,Basic,S06,2025-01-28 04:27:00
1166,2025-05-30,P533,Furniture,1628.85,1380.38,8144.25,5,Cancelled,Medium,East,Patna,user369@mail.com,user_369,Premium,S07,2025-05-22 17:30:00
1045,2025-04-05,P414,Books,3326.5,2819.07,9979.5,3,Cancelled,Medium,West,Bengaluru,user370@mail.com,user_370,Standard,S02,2025-02-28 14:50:00
1179,2025-02-11,P904,Electronics,1357.99,1150.84,5431.96,4,Pending,Low,North,Bengaluru,user371@mail.com,user_371,Basic,S11,2025-01-02 02:52:00
1037,2025-05-01,P369,Books,2635.35,2233.35,2635.35,1,Completed,Medium,North,Delhi,user372@mail.com,user_372,Standard,S07,2025-04-13 19:41:00
1133,2025-03-15,P755,Books,450.25,381.57,900.5,2,Pending,Medium,North,Kolkata,user373@mail.com,user_373,Standard,S15,2025-05-13 09:12:00
1008,2025-06-03,P729,Books,3100.44,2627.49,6200.88,2,Completed,Low,North,Lucknow,user374@mail.com,user_374,Premium,S11,2025-01-01 05:05:00
1070,2025-04-13,P700,Furniture,3989.98,3381.34,15959.92,4,Completed,Low,North,Mumbai,user375@mail.com,user_375,Premium,S09,2025-03-14 23:53:00
1143,2025-05-30,P331,Furniture,2127.1,1802.63,6381.3,3,Cancelled,High,West,Patna,user376@mail.com,user_376,Standard,S01,2025-03-08 05:26:00
1129,2025-01-28,P448,Books,536.53,454.69,1609.59,3,Completed,Low,East,Jaipur,user377@mail.com,user_377,Standard,S08,2025-04-07 18:30:00
1197,2025-03-04,P797,Furniture,5675.88,4810.07,22703.52,4,Pending,Low,North,Chennai,user378@mail.com,user_378,Premium,S05,2025-01-18 12:40:00
1056,2025-06-23,P461,Clothing,4744.53,4020.79,18978.12,4,Cancelled,Low,North,Jaipur,user379@mail.com,user_379,Premium,S05,2025-01-24 12:43:00
1191,2025-03-29,P587,Electronics,3324.41,2817.3,6648.82,2,Pending,Medium,South,Jaipur,user380@mail.com,user_380,Premium,S12,2025-06-24 06:31:00
1188,2025-02-21,P311,Clothing,4370.25,3703.6,13110.75,3,Completed,High,South,Lucknow,user381@mail.com,user_381,Premium,S13,2025-01-28 03:58:00
1020,2025-06-23,P143,Groceries,3667.14,3107.75,18335.7,5,Pending,Medium,East,Chennai,user382@mail.com,user_382,Standard,S14,2025-03-12 15:11:00
1195,2025-05-11,P231,Furniture,2418.54,2049.61,12092.7,5,Completed,Low,West,Chennai,user383@mail.com,user_383,Standard,S01,2025-05-09 11:25:00
1175,2025-02-14,P571,Groceries,5764.17,4884.89,28820.85,5,Pending,Low,North,Delhi,user384@mail.com,user_384,Standard,S04,2025-04-08 18:06:00
1083,2025-04-03,P661,Books,5101.18,4323.03,10202.36,2,Pending,High,East,Chennai,user385@mail.com,user_385,Standard,S06,2025-04-04 05:31:00
1108,2025-02-23,P473,Groceries,4169.52,3533.49,12508.56,3,Pending,Medium,West,Bengaluru,user386@mail.com,user_386,Standard,S03,2025-05-28 21:14:00
1025,2025-03-11,P300,Clothing,3328.98,2821.17,13315.92,4,Completed,Low,South,Chennai,user387@mail.com,user_387,Premium,S03,2025-04-18 15:08:00
,2025-06-11,P904,Books,3205.48,2716.51,9616.44,3,Pending,Medium,East,Delhi,user388@mail.com,user_388,Basic,S02,2025-06-26 05:03:00
1055,2025-03-07,P560,Groceries,4968.93,4210.96,4968.93,1,Cancelled,Medium,East,Lucknow,user389@mail.com,user_389,Basic,S09,2025-05-23 08:22:00
1005,2025-04-16,P303,Electronics,2148.0,1820.34,10740.0,5,Cancelled,Low,South,Jaipur,user390@mail.com,user_390,Basic,S06,2025-06-22 16:31:00
1198,2025-04-25,P574,Electronics,2321.36,1967.25,6964.08,3,Cancelled,High,South,Lucknow,user391@mail.com,user_391,Basic,S11,2025-06-06 18:25:00
1018,2025-01-21,P424,Clothing,2104.84,1783.76,6314.52,3,Cancelled,Medium,East,Patna,user392@mail.com,user_392,Basic,S15,2025-04-24 11:47:00
1150,2025-05-14,P974,Groceries,2511.69,2128.55,5023.38,2,Completed,High,South,Jaipur,user393@mail.com,user_393,Standard,S12,2025-01-21 06:10:00
1101,2025-01-27,P661,Electronics,486.84,412.58,1947.36,4,Completed,High,West,Mumbai,user394@mail.com,user_394,Premium,S05,2025-06-08 04:05:00
1167,2025-04-10,P553,Furniture,1444.13,1223.84,4332.39,3,Cancelled,High,South,Bengaluru,user395@mail.com,user_395,Premium,S01,2025-06-19 11:55:00
1083,2025-05-02,P378,Groceries,5755.34,4877.41,28776.7,5,Cancelled,Medium,South,Bengaluru,user396@mail.com,user_396,Standard,S10,2025-04-27 20:47:00
1162,2025-05-25,P417,Groceries,3144.64,2664.95,15723.2,5,Pending,Medium,South,Mumbai,user397@mail.com,user_397,Basic,S05,2025-04-04 13:16:00
1039,2025-03-19,P452,Electronics,118.53,100.45,237.06,2,Pending,Medium,North,Chennai,user398@mail.com,user_398,Basic,S05,2025-01-03 13:51:00
1074,2025-06-02,P482,Clothing,4724.91,4004.16,23624.55,5,Completed,Medium,West,Patna,user399@mail.com,user_399,Premium,S03,2025-06-15 12:53:00
1096,2025-02-26,P629,Furniture,575.99,488.13,1151.98,2,Cancelled,Low,East,Jaipur,user400@mail.com,user_400,Standard,S12,2025-05-17 08:26:00
1048,2025-01-18,P752,Clothing,907.96,769.46,907.96,1,Pending,Low,West,Jaipur,user401@mail.com,user_401,Standard,S10,2025-05-06 06:20:00
1004,2025-02-08,P290,Electronics,5724.9,4851.61,5724.9,1,Completed,Medium,East,Bengaluru,user402@mail.com,user_402,Standard,S08,2025-01-03 07:05:00
1038,2025-01-04,P419,Groceries,1373.78,1164.22,5495.12,4,Pending,Medium,West,Delhi,user403@mail.com,user_403,Basic,S02,2025-02-07 01:17:00
1198,2025-04-11,P296,Electronics,3258.74,2761.64,6517.48,2,Pending,Medium,North,Mumbai,user404@mail.com,user_404,Standard,S04,2025-04-09 14:15:00
1188,2025-01-09,P633,Clothing,2782.55,2358.09,2782.55,1,Cancelled,High,West,Patna,user405@mail.com,user_405,Standard,S05,2025-03-24 05:40:00
1186,2025-01-11,P592,Books,3130.0,2652.54,9390.0,3,Cancelled,Medium,South,Lucknow,user406@mail.com,user_406,Premium,S14,2025-06-20 06:07:00
1060,2025-06-12,P913,Groceries,1994.34,1690.12,3988.68,2,Pending,Low,North,Patna,user407@mail.com,user_407,Premium,S01,2025-01-11 18:50:00
1176,2025-05-02,P354,Books,1014.16,859.46,1014.16,1,Completed,Medium,North,Lucknow,user408@mail.com,user_408,Standard,S01,2025-01-16 11:41:00
1039,2025-06-29,P599,Books,4694.25,3978.18,9388.5,2,Completed,Medium,East,Chennai,user409@mail.com,user_409,Standard,S04,2025-01-06 22:24:00
1091,2025-02-04,P823,Furniture,5314.07,4503.45,21256.28,4,Pending,Low,East,Chennai,user410@mail.com,user_410,Premium,S10,2025-02-17 17:22:00
1082,2025-04-30,P981,Furniture,5134.82,4351.54,25674.1,5,Cancelled,High,North,Bengaluru,user411@mail.com,user_411,Basic,S05,2025-03-09 17:23:00
1116,2025-01-01,P119,Books,2309.63,1957.31,4619.26,2,Cancelled,Medium,South,Lucknow,user412@mail.com,user_412,Standard,S02,2025-06-18 17:52:00
1099,2025-02-18,P257,Books,4068.4,3447.8,20342.0,5,Cancelled,Medium,East,Patna,user413@mail.com,user_413,Standard,S06,2025-01-29 03:33:00
1168,2025-01-18,P282,Electronics,4947.09,4192.45,9894.18,2,Completed,High,North,Chennai,user414@mail.com,user_414,Premium,S02,2025-01-09 18:41:00
1099,2025-06-18,P362,Groceries,3158.29,2676.52,15791.45,5,Completed,Medium,South,Mumbai,,user_415,Premium,S15,2025-02-23 20:31:00
1020,2025-04-30,P941,Electronics,2204.88,1868.54,8819.52,4,Pending,Low,North,Jaipur,user416@mail.com,user_416,Standard,S01,2025-01-19 09:04:00
1055,2025-05-13,P644,Electronics,703.28,596.0,1406.56,2,Pending,High,South,Kolkata,user417@mail.com,user_417,Standard,S11,2025-02-15 17:47:00
1142,2025-04-17,P466,Electronics,4548.65,3854.79,22743.25,5,Cancelled,Medium,West,Mumbai,user418@mail.com,user_418,Premium,S13,2025-02-16 17:25:00
1129,2025-03-28,P553,Clothing,3205.01,2716.11,16025.05,5,Pending,Medium,East,Lucknow,user419@mail.com,user_419,Basic,S13,2025-06-12 13:52:00
1185,2025-03-24,P319,Books,1509.86,1279.54,7549.3,5,Pending,Low,East,Lucknow,user420@mail.com,user_420,Basic,S08,2025-04-12 00:46:00
1008,2025-03-14,P409,Books,212.26,179.88,424.52,2,Completed,Medium,South,Kolkata,user421@mail.com,user_421,Basic,S01,2025-06-26 08:58:00
1141,2025-05-11,P258,Books,3417.6,2896.27,17088.0,5,Completed,High,West,Lucknow,user422@mail.com,user_422,Premium,S03,2025-03-09 11:56:00
1149,2025-03-05,P194,Clothing,1599.6,1355.59,4798.8,3,Cancelled,Medium,South,Mumbai,user423@mail.com,user_423,Standard,S06,2025-05-04 05:31:00
1176,2025-06-29,P709,Books,4856.43,4115.62,4856.43,1,Cancelled,Medium,North,Patna,user424@mail.com,user_424,Premium,S13,2025-01-15 10:22:00
1111,2025-04-17,P865,Electronics,5147.1,4361.95,10294.2,2,Cancelled,Low,North,Patna,user425@mail.com,user_425,Premium,S05,2025-05-15 01:20:00
1138,2025-05-25,P256,Clothing,2007.73,1701.47,4015.46,2,Completed,Low,West,Chennai,user426@mail.com,,Standard,S10,2025-05-10 02:14:00
1110,2025-03-16,P184,Groceries,973.81,825.26,2921.43,3,Pending,Low,North,Patna,user427@mail.com,user_427,Basic,S02,2025-04-13 16:27:00
1198,2025-06-28,P672,Clothing,4524.07,3833.96,18096.28,4,Completed,Medium,West,Kolkata,user428@mail.com,user_428,Standard,S10,2025-05-15 07:15:00
1018,2025-03-10,P191,Groceries,1987.97,1684.72,9939.85,5,Completed,Low,West,Patna,user429@mail.com,user_429,Basic,S06,2025-02-18 10:22:00
1152,2025-06-17,P458,Electronics,4568.3,3871.44,9136.6,2,Cancelled,Medium,South,Chennai,user430@mail.com,user_430,Premium,S15,2025-03-01 06:43:00
1095,2025-02-09,P348,Electronics,767.73,650.62,767.73,1,Cancelled,High,East,Delhi,user431@mail.com,user_431,Basic,S12,2025-01-29 09:28:00
1120,2025-01-06,P316,Furniture,1326.5,1124.15,6632.5,5,Completed,Low,East,Chennai,user432@mail.com,user_432,Standard,S12,2025-02-06 22:44:00
1171,2025-01-05,P144,Groceries,3488.93,2956.72,17444.65,5,Pending,High,North,Jaipur,user433@mail.com,user_433,Premium,S13,2025-06-28 19:17:00
1013,2025-04-30,P778,Electronics,503.07,426.33,1509.21,3,Cancelled,Medium,North,Delhi,user434@mail.com,user_434,Basic,S14,2025-06-16 12:14:00
1097,2025-05-11,P987,Electronics,5344.18,4528.97,21376.72,4,Cancelled,Low,North,Bengaluru,user435@mail.com,user_435,Premium,S09,2025-04-28 17:59:00
1182,2025-01-06,P412,Electronics,1548.42,1312.22,7742.1,5,Pending,Medium,West,Bengaluru,user436@mail.com,user_436,Premium,S06,2025-06-25 11:22:00
1160,2025-03-19,P382,Clothing,5876.84,4980.37,29384.2,5,Completed,Low,East,Patna,user437@mail.com,user_437,Premium,S09,2025-03-13 07:09:00
1087,2025-04-11,P633,Clothing,625.64,530.2,2502.56,4,Cancelled,Low,South,Patna,user438@mail.com,user_438,Premium,S10,2025-02-09 13:19:00
1154,2025-03-26,P768,Groceries,3253.2,2756.95,6506.4,2,Completed,Low,South,Bengaluru,user439@mail.com,user_439,Basic,S12,2025-06-30 16:58:00
1034,2025-04-21,P261,Clothing,3912.34,3315.54,19561.7,5,Pending,High,North,Bengaluru,user440@mail.com,user_440,Basic,S14,2025-02-07 23:01:00
1195,2025-03-23,P553,Groceries,5675.63,4809.86,17026.89,3,Cancelled,Low,East,Bengaluru,user441@mail.com,user_441,Premium,S02,2025-02-03 05:01:00
1195,2025-06-06,P727,Books,1661.0,1407.63,8305.0,5,Completed,Low,South,Kolkata,user442@mail.com,user_442,Standard,S01,2025-04-02 02:44:00
1199,2025-05-03,P580,Clothing,3022.44,2561.39,15112.2,5,Cancelled,Low,East,Bengaluru,user443@mail.com,user_443,Basic,S08,2025-05-02 04:10:00
1049,2025-02-27,P376,Electronics,2480.47,2102.09,2480.47,1,Pending,High,South,Kolkata,user444@mail.com,user_444,Premium,S03,2025-04-23 19:31:00
1176,2025-03-25,P514,Groceries,,4449.18,0,4,Completed,Low,West,Lucknow,user445@mail.com,user_445,Basic,S10,2025-05-27 19:34:00
1134,2025-06-14,P567,Electronics,3128.39,2651.18,12513.56,4,Completed,High,West,Delhi,user446@mail.com,user_446,Standard,S07,2025-05-13 20:03:00
1048,2025-03-16,P892,Groceries,2419.47,2050.4,7258.41,3,Pending,Medium,South,Patna,user447@mail.com,user_447,Basic,S10,2025-01-14 22:33:00
1036,2025-04-29,P215,Groceries,640.93,543.16,3204.65,5,Completed,Low,South,Patna,user448@mail.com,user_448,Basic,S06,2025-04-26 00:11:00
1116,2025-06-01,P356,Clothing,5220.9,4424.49,5220.9,1,Pending,Low,South,Mumbai,user449@mail.com,user_449,Premium,S02,2025-06-30 14:40:00
1092,2025-01-22,P726,Books,4207.49,3565.67,21037.45,5,Completed,Medium,West,Delhi,user450@mail.com,user_450,Premium,S15,2025-03-27 18:55:00
1168,2025-02-08,P887,Clothing,5141.51,4357.21,10283.02,2,Cancelled,High,West,Jaipur,user451@mail.com,user_451,Basic,S12,2025-04-25 09:40:00
1046,2025-01-31,P737,Clothing,5671.23,4806.13,5671.23,1,Pending,High,West,Chennai,user452@mail.com,user_452,Basic,S09,2025-01-02 19:56:00
1126,2025-03-02,P564,Clothing,3522.81,2985.43,14091.24,4,Pending,Medium,North,Delhi,user453@mail.com,user_453,Premium,S15,2025-05-21 08:39:00
1160,2025-05-23,P156,Clothing,400.85,339.7,801.7,2,Cancelled,Medium,North,Bengaluru,user454@mail.com,user_454,Premium,S11,2025-05-28 19:19:00
1084,2025-01-23,P265,Electronics,747.59,633.55,1495.18,2,Cancelled,Medium,South,Chennai,user455@mail.com,user_455,Standard,S10,2025-04-03 01:05:00
1196,2025-03-18,P939,Furniture,2249.07,1905.99,8996.28,4,Completed,Medium,North,Jaipur,user456@mail.com,user_456,Basic,S03,2025-02-01 22:55:00
1070,2025-03-26,P812,Books,2510.34,2127.41,5020.68,2,Completed,Low,North,Mumbai,user457@mail.com,user_457,Standard,S12,2025-06-11 16:05:00
1123,2025-06-26,P537,Books,5517.76,4676.07,16553.28,3,Cancelled,Medium,East,Lucknow,user458@mail.com,user_458,Premium,S10,2025-05-25 15:33:00
1186,2025-06-11,P724,Groceries,2965.66,2513.27,5931.32,2,Completed,Low,East,Kolkata,user459@mail.com,user_459,Premium,S02,2025-01-07 14:40:00
1030,2025-02-23,P146,Books,5894.15,4995.04,23576.6,4,Pending,Medium,South,Delhi,user460@mail.com,user_460,Standard,S04,2025-06-26 09:16:00
1017,2025-03-20,P885,Furniture,3047.68,2582.78,9143.04,3,Completed,High,East,Lucknow,user461@mail.com,user_461,Basic,S12,2025-05-26 19:01:00
1044,2025-02-19,P585,Furniture,4939.17,4185.74,19756.68,4,Completed,Low,South,Chennai,user462@mail.com,user_462,Premium,S11,2025-04-28 17:57:00
1085,2025-04-29,P955,Groceries,5482.48,4646.17,5482.48,1,Cancelled,Medium,East,Delhi,user463@mail.com,user_463,Premium,S10,2025-06-25 10:51:00
1090,2025-01-17,P447,Clothing,1739.62,1474.25,1739.62,1,Pending,Low,South,Patna,user464@mail.com,user_464,Premium,S10,2025-01-30 09:45:00
1080,2025-01-09,P998,Furniture,2510.99,2127.96,10043.96,4,Completed,Medium,West,Jaipur,user465@mail.com,user_465,Premium,S09,2025-03-19 05:07:00
1095,2025-01-10,P618,Clothing,5399.01,4575.43,21596.04,4,Completed,Medium,South,Kolkata,user466@mail.com,user_466,Basic,S15,2025-05-04 23:55:00
1134,2025-03-21,P941,Furniture,946.54,802.15,946.54,1,Cancelled,Low,South,Kolkata,user467@mail.com,user_467,Standard,S01,2025-04-28 12:45:00
1133,2025-01-30,P803,Electronics,1916.1,1623.81,1916.1,1,Cancelled,High,East,Chennai,user468@mail.com,user_468,Premium,S02,2025-05-14 21:47:00
1079,2025-01-06,P428,Books,4503.61,3816.62,9007.22,2,Completed,High,East,Jaipur,user469@mail.com,user_469,Standard,S06,2025-04-23 21:07:00
1069,2025-02-08,P737,Clothing,1700.17,1440.82,1700.17,1,Cancelled,Low,North,Kolkata,user470@mail.com,user_470,Standard,S06,2025-05-21 10:17:00
1036,2025-06-30,P172,Furniture,3437.35,2913.01,6874.7,2,Pending,Low,East,Chennai,user471@mail.com,user_471,Premium,S03,2025-01-08 15:57:00
1172,2025-01-13,P536,Electronics,2335.98,1979.64,2335.98,1,Pending,High,West,Lucknow,user472@mail.com,user_472,Basic,S06,2025-02-20 22:48:00
1171,2025-05-17,P681,Electronics,5747.83,4871.04,22991.32,4,Completed,High,West,Mumbai,user473@mail.com,user_473,Basic,S05,2025-06-25 20:45:00
1196,2025-04-30,P247,Groceries,1457.65,1235.3,2915.3,2,Cancelled,Medium,East,Patna,user474@mail.com,user_474,Premium,S12,2025-06-20 10:50:00
1083,2025-04-27,P215,Groceries,292.98,248.29,1171.92,4,Pending,Medium,West,Bengaluru,user475@mail.com,user_475,Basic,S13,2025-03-31 19:36:00
1032,2025-05-11,P433,Electronics,2463.67,2087.86,2463.67,1,Cancelled,Low,North,Jaipur,user476@mail.com,user_476,Standard,S08,2025-04-13 18:26:00
1061,2025-06-08,P493,Clothing,3286.24,2784.95,13144.96,4,Completed,Medium,South,Patna,user477@mail.com,user_477,Basic,S10,2025-03-29 17:44:00
1060,2025-02-14,P956,Electronics,4393.02,3722.9,21965.1,5,Pending,High,West,Lucknow,user478@mail.com,user_478,Standard,S02,2025-04-24 05:19:00
1103,2025-01-18,P889,Books,746.76,632.85,3733.8,5,Pending,Medium,West,Delhi,user479@mail.com,user_479,Premium,S04,2025-02-05 18:57:00
1193,2025-06-12,P563,Electronics,4495.42,3809.68,8990.84,2,Cancelled,Medium,West,Chennai,user480@mail.com,user_480,Premium,S04,2025-06-24 10:19:00
1145,2025-06-23,P835,Furniture,5428.78,4600.66,21715.12,4,Pending,High,North,Patna,user481@mail.com,user_481,Premium,S14,2025-03-17 01:23:00
1140,2025-01-14,P212,Electronics,4184.8,3546.44,12554.4,3,Pending,High,South,Patna,user482@mail.com,user_482,Standard,S10,2025-04-11 20:20:00
1182,2025-04-08,P316,Groceries,2324.21,1969.67,11621.05,5,Cancelled,High,West,Bengaluru,user483@mail.com,user_483,Premium,S09,2025-04-09 11:53:00
1106,2025-02-09,P237,Furniture,5885.29,4987.53,11770.58,2,Completed,High,North,Bengaluru,user484@mail.com,user_484,Standard,S15,2025-05-05 21:27:00
,2025-02-04,P980,Electronics,911.41,772.38,3645.64,4,Pending,Low,West,Bengaluru,user485@mail.com,user_485,Basic,S09,2025-04-19 17:52:00
1115,2025-04-09,P719,Furniture,1423.23,1206.13,5692.92,4,Completed,Low,West,Kolkata,user486@mail.com,user_486,Standard,S09,2025-03-10 13:59:00
1139,2025-05-28,P681,Furniture,311.47,263.96,311.47,1,Pending,Low,East,Mumbai,user487@mail.com,user_487,Standard,S08,2025-06-26 02:09:00
1186,2025-05-15,P635,Furniture,2806.26,2378.19,2806.26,1,Cancelled,High,South,Chennai,user488@mail.com,user_488,Standard,S12,2025-06-19 21:04:00
1175,2025-06-12,P727,Books,4732.6,4010.68,14197.8,3,Completed,Medium,North,Chennai,user489@mail.com,user_489,Basic,S09,2025-05-01 18:46:00
1084,2025-04-18,P396,Furniture,5672.08,4806.85,17016.24,3,Completed,High,East,Jaipur,user490@mail.com,user_490,Premium,S11,2025-05-02 18:10:00
1146,2025-01-14,P127,Furniture,4795.04,4063.59,23975.2,5,Pending,Medium,North,Bengaluru,user491@mail.com,user_491,Standard,S02,2025-03-13 08:08:00
1157,2025-03-13,P859,Furniture,5078.14,4303.51,5078.14,1,Completed,Low,South,Bengaluru,user492@mail.com,user_492,Standard,S08,2025-04-05 05:16:00
1200,2025-06-29,P982,Clothing,2921.8,2476.1,14609.0,5,Completed,Medium,North,Bengaluru,user493@mail.com,user_493,Standard,S15,2025-02-09 15:48:00
1105,2025-04-09,P315,Clothing,3937.98,3337.27,7875.96,2,Cancelled,Low,East,Delhi,user494@mail.com,user_494,Standard,S05,2025-01-30 01:10:00
1118,2025-04-13,P339,Groceries,1860.51,1576.7,9302.55,5,Pending,Low,West,Chennai,user495@mail.com,user_495,Basic,S03,2025-05-16 13:00:00
1073,2025-04-25,P799,Groceries,4041.05,3424.62,20205.25,5,Completed,High,East,Patna,user496@mail.com,user_496,Standard,S15,2025-06-16 08:21:00
1069,2025-03-10,P500,Electronics,1594.4,1351.19,7972.0,5,Pending,Low,South,Kolkata,user497@mail.com,,Standard,S06,2025-06-23 22:11:00
1080,2025-05-21,P112,Electronics,4008.14,3396.73,4008.14,1,Pending,High,North,Chennai,,user_498,Basic,S04,2025-03-14 08:12:00
1008,2025-01-07,P772,Books,649.6,550.51,3248.0,5,Completed,Low,North,Mumbai,user499@mail.com,user_499,Premium,S14,2025-06-04 04:24:00
1168,2025-06-15,P213,Books,4762.1,4035.68,9524.2,2,Cancelled,High,East,Jaipur,user500@mail.com,user_500,Basic,S11,2025-01-20 20:29:00
1070,2025-04-20,P383,Furniture,1605.92,1360.95,1605.92,1,Completed,Medium,West,Lucknow,user501@mail.com,user_501,Premium,S05,2025-03-09 05:28:00
1017,2025-05-06,P760,Clothing,3646.77,3090.48,7293.54,2,Pending,High,South,Patna,user502@mail.com,user_502,Premium,S10,2025-06-14 03:58:00
1113,2025-03-08,P685,Electronics,319.57,270.82,319.57,1,Cancelled,Medium,West,Delhi,user503@mail.com,user_503,Basic,S03,2025-06-17 20:00:00
1009,2025-06-20,P500,Groceries,1658.54,1405.54,4975.62,3,Cancelled,High,West,Chennai,user504@mail.com,user_504,Basic,S07,2025-01-18 17:14:00
1000,2025-04-09,P467,Groceries,818.8,693.9,4094.0,5,Pending,Low,East,Patna,user505@mail.com,user_505,Premium,S11,2025-06-15 02:23:00
1136,2025-03-29,P763,Electronics,4981.71,4221.79,14945.13,3,Completed,High,North,Patna,user506@mail.com,user_506,Standard,S04,2025-03-18 22:24:00
1027,2025-06-11,P852,Furniture,2930.97,2483.87,11723.88,4,Completed,High,North,Kolkata,user507@mail.com,user_507,Premium,S12,2025-06-01 07:31:00
1099,2025-01-17,P646,Books,3838.19,3252.7,15352.76,4,Pending,High,North,Lucknow,user508@mail.com,user_508,Premium,S06,2025-01-11 12:07:00
1054,2025-06-17,P252,Books,2768.29,2346.01,13841.45,5,Cancelled,Low,South,Mumbai,user509@mail.com,user_509,Premium,S12,2025-02-06 15:41:00
1004,2025-05-01,P114,Books,382.83,324.43,765.66,2,Completed,Low,North,Jaipur,user510@mail.com,user_510,Premium,S08,2025-06-06 05:53:00
1151,2025-01-17,P918,Electronics,778.19,659.48,3890.95,5,Cancelled,High,North,Kolkata,user511@mail.com,user_511,Basic,S06,2025-06-23 12:20:00
1030,2025-06-25,P956,Books,3274.31,2774.84,9822.93,3,Completed,High,South,Lucknow,user512@mail.com,user_512,Premium,S02,2025-03-12 04:48:00
1106,2025-02-13,P349,Furniture,3317.81,2811.7,13271.24,4,Cancelled,High,South,Mumbai,user513@mail.com,user_513,Standard,S10,2025-04-07 05:01:00
1124,2025-01-21,P823,Electronics,159.77,135.4,159.77,1,Cancelled,Low,East,Patna,user514@mail.com,user_514,Standard,S13,2025-05-02 22:08:00
1052,2025-02-06,P344,Furniture,3142.49,2663.13,12569.96,4,Completed,Low,North,Bengaluru,user515@mail.com,user_515,Standard,S08,2025-06-06 02:40:00
1200,2025-03-19,P341,Furniture,2539.42,2152.05,12697.1,5,Completed,High,North,Lucknow,user516@mail.com,user_516,Standard,S09,2025-02-26 14:49:00
1160,2025-06-18,P215,Clothing,1716.3,1454.49,3432.6,2,Completed,Low,West,Chennai,user517@mail.com,user_517,Premium,S03,2025-06-21 01:03:00
1165,2025-04-04,P442,Furniture,1329.85,1126.99,3989.55,3,Cancelled,Medium,North,Mumbai,user518@mail.com,user_518,Standard,S01,2025-05-18 05:10:00
1007,2025-05-05,P838,Books,789.09,668.72,1578.18,2,Pending,Low,East,Patna,user519@mail.com,user_519,Premium,S12,2025-06-23 10:14:00
1199,2025-01-29,P855,Furniture,1435.03,1216.13,2870.06,2,Pending,High,West,Kolkata,user520@mail.com,user_520,Premium,S08,2025-05-30 15:03:00
1111,2025-02-07,P282,Clothing,5483.05,4646.65,21932.2,4,Pending,Medium,South,Chennai,user521@mail.com,user_521,Standard,S04,2025-06-11 11:17:00
1051,2025-03-27,P161,Clothing,303.57,257.26,1517.85,5,Pending,High,North,Chennai,user522@mail.com,user_522,Basic,S07,2025-02-13 10:14:00
1075,2025-06-04,P274,Clothing,4683.16,3968.78,23415.8,5,Cancelled,Low,South,Mumbai,user523@mail.com,user_523,Basic,S14,2025-05-14 15:55:00
1055,2025-06-01,P114,Groceries,4957.47,4201.25,14872.41,3,Cancelled,Medium,South,Kolkata,user524@mail.com,user_524,Basic,S07,2025-05-29 07:57:00
1151,2025-02-08,P145,Books,5311.69,4501.43,21246.76,4,Completed,Medium,North,Patna,user525@mail.com,user_525,Standard,S07,2025-05-03 22:52:00
1025,2025-04-26,P871,Groceries,1508.64,1278.51,7543.2,5,Completed,Low,West,Kolkata,user526@mail.com,user_526,Premium,S06,2025-03-17 07:41:00
1023,2025-01-05,P820,Groceries,3986.36,3378.27,7972.72,2,Pending,Low,North,Chennai,user527@mail.com,user_527,Basic,S13,2025-02-05 22:25:00
1047,2025-04-05,P981,Groceries,4187.96,3549.12,4187.96,1,Cancelled,High,West,Lucknow,user528@mail.com,user_528,Standard,S01,2025-03-17 13:48:00
1069,2025-06-28,P906,Books,3254.36,2757.93,6508.72,2,Cancelled,High,East,Delhi,user529@mail.com,user_529,Standard,S15,2025-06-22 11:56:00
1013,2025-01-29,P141,Groceries,2231.85,1891.4,11159.25,5,Pending,Medium,South,Mumbai,user530@mail.com,user_530,Standard,S12,2025-02-22 04:21:00
1061,2025-05-19,P992,Electronics,3870.74,3280.29,19353.7,5,Cancelled,High,South,Lucknow,user531@mail.com,user_531,Basic,S15,2025-03-10 16:43:00
1108,2025-03-12,P563,Electronics,484.4,410.51,1453.2,3,Pending,Low,North,Chennai,user532@mail.com,user_532,Standard,S09,2025-06-23 17:57:00
1074,2025-04-26,P292,Books,2246.61,1903.91,2246.61,1,Pending,High,North,Patna,user533@mail.com,user_533,Premium,S05,2025-01-20 03:10:00
1070,2025-01-29,P633,Clothing,,2532.01,0,2,Cancelled,High,East,Patna,user534@mail.com,user_534,Standard,S09,2025-02-03 15:22:00
1107,2025-04-24,P122,Electronics,1803.55,1528.43,1803.55,1,Completed,Low,East,Patna,user535@mail.com,user_535,Standard,S06,2025-06-17 20:50:00
1083,2025-05-05,P962,Books,3967.97,3362.69,19839.85,5,Cancelled,Medium,West,Jaipur,user536@mail.com,user_536,Standard,S03,2025-03-20 05:50:00
1066,2025-02-28,P888,Groceries,2268.34,1922.32,6805.02,3,Completed,High,East,Jaipur,user537@mail.com,user_537,Basic,S03,2025-06-08 05:45:00
1137,2025-03-15,P265,Clothing,5745.08,4868.71,11490.16,2,Completed,High,North,Lucknow,user538@mail.com,user_538,Standard,S03,2025-04-23 08:23:00
1047,2025-02-22,P452,Books,4206.65,3564.96,12619.95,3,Completed,Medium,West,Bengaluru,user539@mail.com,user_539,Standard,S05,2025-02-01 00:25:00
1127,2025-02-07,P104,Groceries,5482.61,4646.28,10965.22,2,Cancelled,Low,East,Jaipur,user540@mail.com,user_540,Basic,S15,2025-03-16 18:42:00
1037,2025-05-25,P849,Groceries,2076.27,1759.55,2076.27,1,Pending,High,South,Mumbai,user541@mail.com,user_541,Basic,S01,2025-04-13 19:53:00
1056,2025-04-25,P722,Furniture,652.73,553.16,652.73,1,Cancelled,High,South,Jaipur,user542@mail.com,user_542,Premium,S01,2025-01-22 17:54:00
1114,2025-06-23,P299,Electronics,5760.3,4881.61,23041.2,4,Pending,Medium,North,Lucknow,user543@mail.com,user_543,Basic,S03,2025-04-20 11:24:00
1095,2025-01-04,P556,Furniture,2112.33,1790.11,6336.99,3,Cancelled,High,South,Chennai,user544@mail.com,user_544,Standard,S07,2025-04-24 09:10:00
1186,2025-04-19,P712,Groceries,924.98,783.88,4624.9,5,Completed,High,South,Jaipur,user545@mail.com,user_545,Basic,S14,2025-05-15 10:04:00
1151,2025-04-07,P524,Electronics,156.27,132.43,468.81,3,Completed,Low,West,Bengaluru,user546@mail.com,user_546,Premium,S03,2025-04-08 09:35:00
1125,2025-01-11,P605,Furniture,4943.57,4189.47,14830.71,3,Cancelled,Low,West,Kolkata,user547@mail.com,user_547,Premium,S13,2025-01-01 04:16:00
1076,2025-06-13,P527,Groceries,835.99,708.47,2507.97,3,Completed,Medium,South,Delhi,user548@mail.com,user_548,Premium,S13,2025-03-12 15:04:00
1153,2025-04-03,P989,Books,2896.17,2454.38,11584.68,4,Pending,Low,West,Mumbai,user549@mail.com,user_549,Basic,S09,2025-05-28 00:54:00
1066,2025-02-11,P572,Books,456.31,386.7,1368.93,3,Cancelled,High,East,Bengaluru,user550@mail.com,user_550,Premium,S05,2025-04-03 13:40:00
1091,2025-01-13,P626,Furniture,1804.4,1529.15,1804.4,1,Completed,Low,South,Mumbai,user551@mail.com,user_551,Standard,S13,2025-02-12 17:20:00
1080,2025-06-25,P198,Furniture,1687.58,1430.15,5062.74,3,Cancelled,Low,East,Bengaluru,user552@mail.com,user_552,Premium,S03,2025-05-13 09:23:00
1199,2025-05-05,P204,Groceries,2085.69,1767.53,4171.38,2,Completed,High,South,Kolkata,user553@mail.com,user_553,Standard,S10,2025-06-26 16:54:00
1136,2025-05-22,P219,Electronics,2531.1,2145.0,2531.1,1,Completed,High,West,Lucknow,user554@mail.com,user_554,Basic,S12,2025-04-03 04:52:00
1113,2025-06-02,P276,Books,4533.08,3841.59,13599.24,3,Cancelled,Medium,North,Mumbai,user555@mail.com,user_555,Premium,S03,2025-06-27 04:44:00
1058,2025-03-20,P535,Clothing,1331.3,1128.22,1331.3,1,Cancelled,High,North,Delhi,user556@mail.com,user_556,Basic,S13,2025-04-21 01:12:00
1027,2025-01-09,P221,Books,3547.74,3006.56,14190.96,4,Pending,High,North,Jaipur,user557@mail.com,user_557,Standard,S01,2025-01-25 03:58:00
1154,2025-02-22,P786,Books,5328.6,4515.76,10657.2,2,Pending,High,North,Bengaluru,user558@mail.com,user_558,Standard,S05,2025-05-29 11:22:00
1041,2025-05-09,P169,Books,1516.22,1284.93,7581.1,5,Completed,Low,North,Kolkata,user559@mail.com,user_559,Standard,S04,2025-03-14 05:57:00
1193,2025-05-18,P319,Electronics,5747.24,4870.54,5747.24,1,Cancelled,Low,West,Lucknow,user560@mail.com,user_560,Standard,S10,2025-02-17 14:43:00
1027,2025-02-16,P319,Furniture,5791.89,4908.38,23167.56,4,Cancelled,High,West,Mumbai,user561@mail.com,user_561,Basic,S02,2025-04-30 03:33:00
1034,2025-05-07,P839,Furniture,4192.75,3553.18,20963.75,5,Completed,High,East,Chennai,user562@mail.com,user_562,Premium,S07,2025-03-14 14:38:00
1188,2025-03-21,P397,Groceries,1424.0,1206.78,5696.0,4,Pending,High,North,Chennai,user563@mail.com,user_563,Standard,S06,2025-02-15 00:43:00
1125,2025-06-22,P774,Electronics,2409.81,2042.21,12049.05,5,Cancelled,High,North,Bengaluru,user564@mail.com,user_564,Basic,S07,2025-06-27 18:06:00
1189,2025-02-13,P446,Electronics,2220.97,1882.18,4441.94,2,Completed,Low,West,Mumbai,user565@mail.com,user_565,Premium,S14,2025-04-19 23:31:00
1071,2025-05-29,P464,Books,1696.33,1437.57,6785.32,4,Pending,Low,West,Chennai,user566@mail.com,user_566,Standard,S05,2025-02-07 14:06:00
1031,2025-03-06,P130,Groceries,2993.24,2536.64,5986.48,2,Completed,Low,North,Mumbai,user567@mail.com,user_567,Basic,S11,2025-01-07 05:24:00
1154,2025-06-23,P738,Furniture,1001.12,848.41,5005.6,5,Completed,High,West,Chennai,user568@mail.com,,Premium,S05,2025-06-19 15:31:00
1129,2025-03-08,P659,Books,2104.79,1783.72,10523.95,5,Completed,High,West,Mumbai,user569@mail.com,user_569,Basic,S08,2025-03-22 12:28:00
1117,2025-01-10,P823,Electronics,1140.66,966.66,3421.98,3,Completed,Medium,West,Bengaluru,user570@mail.com,user_570,Basic,S12,2025-04-10 15:48:00
1028,2025-05-26,P685,Groceries,3934.58,3334.39,19672.9,5,Pending,Medium,South,Delhi,user571@mail.com,user_571,Basic,S05,2025-05-07 18:24:00
1157,2025-06-23,P428,Furniture,4549.74,3855.71,13649.22,3,Completed,High,North,Bengaluru,user572@mail.com,user_572,Basic,S06,2025-05-30 00:48:00
1160,2025-03-29,P465,Groceries,680.88,577.02,2042.64,3,Pending,Medium,North,Kolkata,user573@mail.com,user_573,Premium,S04,2025-06-15 09:37:00
1021,2025-06-26,P445,Electronics,5142.22,4357.81,5142.22,1,Completed,High,East,Delhi,user574@mail.com,user_574,Basic,S11,2025-04-19 18:32:00
1107,2025-03-10,P122,Electronics,4142.04,3510.2,20710.2,5,Pending,Medium,West,Lucknow,user575@mail.com,user_575,Standard,S02,2025-05-06 03:44:00
1172,2025-02-22,P270,Furniture,2990.1,2533.98,8970.3,3,Cancelled,Medium,East,Patna,user576@mail.com,user_576,Premium,S08,2025-06-12 02:53:00
1137,2025-02-24,P687,Furniture,1651.13,1399.26,4953.39,3,Pending,High,North,Mumbai,user577@mail.com,user_577,Standard,S06,2025-03-11 02:36:00
1135,2025-05-02,P767,Groceries,1330.71,1127.72,1330.71,1,Pending,Low,East,Patna,user578@mail.com,user_578,Standard,S09,2025-03-22 06:26:00
1102,2025-03-06,P284,Books,3097.87,2625.31,15489.35,5,Completed,Low,South,Chennai,user579@mail.com,user_579,Premium,S11,2025-04-30 08:59:00
1163,2025-05-17,P679,Books,5048.75,4278.6,20195.0,4,Cancelled,Low,North,Kolkata,user580@mail.com,user_580,Basic,S08,2025-02-07 07:09:00
1191,2025-06-25,P426,Furniture,4998.72,4236.2,19994.88,4,Completed,Low,South,Patna,,user_581,Basic,S14,2025-03-15 20:10:00
,2025-03-07,P216,Books,1483.31,1257.04,2966.62,2,Completed,High,North,Kolkata,user582@mail.com,user_582,Basic,S08,2025-05-05 17:27:00
1108,2025-06-15,P239,Electronics,1285.9,1089.75,3857.7,3,Completed,Medium,East,Bengaluru,user583@mail.com,user_583,Standard,S14,2025-01-11 23:31:00
1200,2025-01-06,P421,Electronics,5088.11,4311.96,5088.11,1,Cancelled,Medium,North,Patna,user584@mail.com,user_584,Basic,S11,2025-06-18 02:25:00
1185,2025-02-05,P223,Clothing,765.19,648.47,3825.95,5,Cancelled,Low,East,Chennai,user585@mail.com,user_585,Premium,S04,2025-06-03 03:49:00
1080,2025-03-26,P533,Books,4380.7,3712.46,8761.4,2,Completed,High,North,Bengaluru,user586@mail.com,user_586,Premium,S05,2025-04-23 13:16:00
1150,2025-01-15,P424,Groceries,3202.52,2714.0,3202.52,1,Cancelled,Medium,West,Kolkata,user587@mail.com,user_587,Basic,S15,2025-02-07 11:30:00
1183,2025-04-05,P135,Furniture,239.85,203.26,1199.25,5,Cancelled,Low,North,Kolkata,user588@mail.com,user_588,Basic,S09,2025-04-09 09:40:00
1179,2025-04-03,P978,Electronics,3210.85,2721.06,6421.7,2,Pending,Medium,North,Patna,user589@mail.com,user_589,Basic,S05,2025-01-24 07:19:00
1053,2025-02-11,P908,Groceries,3768.48,3193.63,15073.92,4,Completed,Medium,North,Chennai,user590@mail.com,user_590,Basic,S12,2025-04-16 10:45:00
1108,2025-01-26,P167,Clothing,4156.62,3522.56,20783.1,5,Pending,Medium,East,Chennai,user591@mail.com,user_591,Standard,S01,2025-01-14 20:41:00
1047,2025-06-11,P103,Groceries,4691.67,3975.99,9383.34,2,Pending,High,East,Lucknow,user592@mail.com,user_592,Standard,S02,2025-01-29 05:15:00
1132,2025-06-16,P911,Clothing,5015.13,4250.11,20060.52,4,Pending,Medium,West,Bengaluru,user593@mail.com,user_593,Basic,S03,2025-06-25 18:52:00
1083,2025-03-14,P286,Clothing,605.99,513.55,1817.97,3,Pending,Medium,South,Delhi,user594@mail.com,user_594,Premium,S15,2025-05-23 20:39:00
1160,2025-02-28,P368,Electronics,5750.41,4873.23,11500.82,2,Cancelled,High,North,Patna,user595@mail.com,user_595,Standard,S07,2025-06-03 08:09:00
1022,2025-04-05,P114,Clothing,5594.96,4741.49,5594.96,1,Cancelled,Low,West,Chennai,user596@mail.com,user_596,Standard,S08,2025-01-31 07:45:00
1052,2025-02-18,P491,Furniture,1782.99,1511.01,7131.96,4,Completed,Medium,South,Kolkata,user597@mail.com,user_597,Basic,S12,2025-06-23 06:26:00
1046,2025-04-15,P341,Clothing,284.37,240.99,853.11,3,Cancelled,Medium,South,Lucknow,user598@mail.com,user_598,Standard,S11,2025-06-15 14:05:00
1002,2025-05-01,P803,Clothing,5156.68,4370.07,20626.72,4,Completed,Low,West,Patna,user599@mail.com,user_599,Standard,S10,2025-03-07 02:06:00
1142,2025-01-16,P582,Electronics,2042.62,1731.03,4085.24,2,Pending,Low,North,Delhi,user600@mail.com,user_600,Basic,S09,2025-06-08 12:19:00
1101,2025-06-21,P142,Furniture,882.6,747.97,4413.0,5,Cancelled,High,East,Bengaluru,user601@mail.com,user_601,Standard,S08,2025-03-28 14:08:00
1022,2025-03-23,P219,Books,2621.2,2221.36,7863.6,3,Pending,High,South,Chennai,user602@mail.com,user_602,Basic,S12,2025-04-03 13:18:00
1067,2025-06-06,P268,Furniture,3107.14,2633.17,12428.56,4,Pending,Low,West,Bengaluru,user603@mail.com,user_603,Standard,S14,2025-06-18 20:51:00
1112,2025-01-14,P287,Clothing,977.32,828.24,1954.64,2,Completed,Medium,East,Bengaluru,user604@mail.com,user_604,Standard,S08,2025-04-22 03:57:00
1126,2025-01-11,P596,Groceries,2179.4,1846.95,10897.0,5,Pending,Medium,North,Bengaluru,user605@mail.com,user_605,Premium,S06,2025-01-24 06:55:00
1072,2025-02-16,P676,Clothing,4454.13,3774.69,13362.39,3,Cancelled,Low,South,Delhi,user606@mail.com,user_606,Standard,S13,2025-05-27 05:26:00
1019,2025-03-05,P126,Groceries,4031.88,3416.85,12095.64,3,Pending,Low,North,Patna,user607@mail.com,user_607,Basic,S10,2025-01-28 10:09:00
1007,2025-01-21,P564,Groceries,4921.11,4170.43,19684.44,4,Cancelled,Medium,North,Lucknow,user608@mail.com,user_608,Premium,S11,2025-06-09 14:20:00
1187,2025-05-26,P920,Clothing,1340.13,1135.7,1340.13,1,Cancelled,Medium,East,Delhi,user609@mail.com,user_609,Standard,S02,2025-05-21 19:24:00
1023,2025-04-13,P191,Furniture,1147.25,972.25,4589.0,4,Completed,High,South,Patna,user610@mail.com,user_610,Basic,S05,2025-06-15 20:09:00
1030,2025-03-18,P801,Groceries,4749.96,4025.39,14249.88,3,Cancelled,High,East,Mumbai,user611@mail.com,user_611,Basic,S09,2025-02-21 15:28:00
1099,2025-05-02,P192,Furniture,3373.6,2858.98,13494.4,4,Pending,Medium,South,Patna,user612@mail.com,user_612,Standard,S07,2025-01-24 01:32:00
1087,2025-04-29,P607,Clothing,3862.48,3273.29,7724.96,2,Cancelled,Low,North,Jaipur,user613@mail.com,user_613,Basic,S07,2025-01-21 15:19:00
1038,2025-02-02,P537,Furniture,4983.78,4223.54,24918.9,5,Pending,Low,North,Mumbai,user614@mail.com,user_614,Premium,S09,2025-01-28 16:27:00
1105,2025-01-25,P932,Groceries,3939.06,3338.19,19695.3,5,Pending,Medium,East,Mumbai,user615@mail.com,user_615,Standard,S01,2025-01-30 23:42:00
1118,2025-02-15,P185,Clothing,4991.71,4230.26,4991.71,1,Pending,Low,East,Lucknow,user616@mail.com,user_616,Standard,S12,2025-04-27 21:28:00
1159,2025-03-09,P316,Furniture,5707.58,4836.93,11415.16,2,Completed,High,East,Mumbai,user617@mail.com,user_617,Basic,S09,2025-01-05 00:25:00
1029,2025-01-04,P808,Clothing,3909.84,3313.42,15639.36,4,Pending,Low,West,Jaipur,user618@mail.com,user_618,Standard,S14,2025-06-07 11:44:00
1172,2025-06-26,P228,Groceries,4770.43,4042.74,4770.43,1,Completed,High,South,Mumbai,user619@mail.com,user_619,Premium,S12,2025-02-18 00:13:00
1123,2025-06-16,P962,Clothing,3874.8,3283.73,15499.2,4,Cancelled,Low,South,Mumbai,user620@mail.com,user_620,Basic,S13,2025-04-29 04:30:00
1108,2025-01-06,P856,Electronics,1078.43,913.92,2156.86,2,Cancelled,Medium,West,Chennai,user621@mail.com,user_621,Premium,S14,2025-04-26 18:15:00
1051,2025-03-17,P152,Books,4913.89,4164.31,19655.56,4,Pending,High,North,Patna,user622@mail.com,user_622,Basic,S14,2025-05-07 23:37:00
1152,2025-05-22,P597,Furniture,,281.38,0,4,Cancelled,Low,West,Kolkata,user623@mail.com,user_623,Standard,S01,2025-05-16 00:27:00
1147,2025-03-22,P584,Books,485.22,411.2,1940.88,4,Completed,Medium,East,Chennai,user624@mail.com,user_624,Standard,S07,2025-01-06 05:18:00
1185,2025-02-19,P619,Groceries,2106.12,1784.85,4212.24,2,Completed,Low,East,Chennai,user625@mail.com,user_625,Premium,S15,2025-03-17 23:45:00
1099,2025-04-17,P736,Furniture,4720.32,4000.27,9440.64,2,Completed,Medium,North,Chennai,user626@mail.com,user_626,Premium,S03,2025-02-21 05:38:00
1125,2025-01-26,P410,Groceries,5570.74,4720.97,22282.96,4,Completed,High,North,Delhi,user627@mail.com,user_627,Basic,S15,2025-03-08 11:43:00
1040,2025-02-14,P445,Books,302.85,256.65,302.85,1,Pending,High,South,Mumbai,user628@mail.com,user_628,Standard,S04,2025-05-05 08:21:00
1200,2025-04-01,P373,Electronics,4570.68,3873.46,22853.4,5,Completed,Low,North,Delhi,user629@mail.com,user_629,Basic,S13,2025-04-28 03:06:00
1200,2025-06-06,P943,Books,4640.43,3932.57,4640.43,1,Cancelled,High,North,Bengaluru,user630@mail.com,user_630,Standard,S02,2025-02-22 11:10:00
1186,2025-03-16,P850,Groceries,4523.68,3833.63,18094.72,4,Completed,High,East,Lucknow,user631@mail.com,user_631,Premium,S02,2025-02-21 14:26:00
1196,2025-01-02,P449,Clothing,4944.9,4190.59,19779.6,4,Pending,Low,South,Mumbai,user632@mail.com,user_632,Basic,S06,2025-04-17 11:40:00
1170,2025-03-04,P531,Clothing,4473.04,3790.71,22365.2,5,Completed,High,West,Patna,user633@mail.com,user_633,Basic,S15,2025-04-28 16:50:00
1174,2025-04-03,P834,Electronics,2677.0,2268.64,2677.0,1,Cancelled,High,North,Lucknow,user634@mail.com,user_634,Basic,S07,2025-02-12 13:03:00
1100,2025-01-10,P746,Clothing,5336.31,4522.3,5336.31,1,Cancelled,Low,East,Patna,user635@mail.com,user_635,Basic,S15,2025-06-24 22:35:00
1077,2025-03-22,P640,Furniture,163.69,138.72,491.07,3,Cancelled,High,West,Chennai,user636@mail.com,user_636,Standard,S04,2025-05-20 19:50:00
1158,2025-06-16,P894,Groceries,4150.78,3517.61,16603.12,4,Completed,Medium,North,Delhi,user637@mail.com,user_637,Standard,S06,2025-04-10 23:46:00
1189,2025-02-02,P318,Books,5853.31,4960.43,17559.93,3,Completed,Low,East,Lucknow,user638@mail.com,user_638,Standard,S03,2025-01-06 00:56:00
1138,2025-06-01,P843,Furniture,1513.42,1282.56,4540.26,3,Pending,Low,North,Delhi,user639@mail.com,,Basic,S05,2025-06-10 16:22:00
1031,2025-01-13,P854,Electronics,2712.6,2298.81,13563.0,5,Completed,Medium,East,Kolkata,user640@mail.com,user_640,Standard,S10,2025-05-25 22:57:00
1160,2025-06-20,P458,Books,5000.88,4238.03,10001.76,2,Pending,Medium,South,Patna,user641@mail.com,user_641,Standard,S12,2025-03-05 03:20:00
1132,2025-05-30,P565,Clothing,4875.68,4131.93,14627.04,3,Completed,High,West,Patna,user642@mail.com,user_642,Premium,S02,2025-01-16 13:56:00
1033,2025-05-02,P793,Clothing,2697.72,2286.2,8093.16,3,Cancelled,Medium,West,Jaipur,user643@mail.com,user_643,Standard,S08,2025-06-12 13:28:00
1176,2025-05-06,P617,Groceries,4881.28,4136.68,9762.56,2,Completed,Medium,West,Bengaluru,user644@mail.com,user_644,Standard,S09,2025-05-16 03:44:00
1054,2025-04-27,P672,Groceries,306.54,259.78,613.08,2,Pending,High,West,Mumbai,user645@mail.com,user_645,Premium,S06,2025-05-27 09:02:00
1133,2025-02-09,P410,Electronics,2265.82,1920.19,6797.46,3,Pending,Medium,North,Bengaluru,user646@mail.com,user_646,Premium,S13,2025-05-31 13:03:00
1078,2025-03-14,P102,Clothing,1176.55,997.08,4706.2,4,Completed,Low,East,Mumbai,user647@mail.com,user_647,Premium,S07,2025-05-04 18:19:00
1144,2025-04-26,P954,Furniture,4635.76,3928.61,18543.04,4,Cancelled,Low,South,Bengaluru,user648@mail.com,user_648,Standard,S11,2025-04-28 14:42:00
1114,2025-02-08,P780,Furniture,634.42,537.64,3172.1,5,Cancelled,Medium,West,Kolkata,user649@mail.com,user_649,Basic,S06,2025-05-19 01:42:00
1113,2025-03-13,P685,Electronics,5124.94,4343.17,5124.94,1,Cancelled,Low,East,Mumbai,user650@mail.com,user_650,Standard,S09,2025-01-22 06:39:00
1138,2025-05-28,P293,Electronics,5653.06,4790.73,28265.3,5,Pending,Low,North,Mumbai,user651@mail.com,user_651,Standard,S15,2025-05-17 05:01:00
1070,2025-02-22,P554,Clothing,4915.27,4165.48,24576.35,5,Completed,Low,East,Patna,user652@mail.com,user_652,Standard,S01,2025-05-06 00:21:00
1111,2025-02-16,P424,Groceries,257.1,217.88,1285.5,5,Pending,Medium,North,Mumbai,user653@mail.com,user_653,Premium,S09,2025-02-13 09:09:00
1046,2025-03-07,P794,Electronics,1009.74,855.71,4038.96,4,Completed,High,East,Bengaluru,user654@mail.com,user_654,Premium,S12,2025-01-15 09:24:00
1025,2025-03-23,P364,Clothing,2504.94,2122.83,7514.82,3,Pending,High,North,Kolkata,user655@mail.com,user_655,Premium,S13,2025-06-02 18:15:00
1126,2025-05-11,P375,Books,2344.35,1986.74,2344.35,1,Completed,Medium,West,Patna,user656@mail.com,user_656,Premium,S08,2025-01-08 13:40:00
1059,2025-01-05,P791,Furniture,3321.66,2814.97,16608.3,5,Completed,High,South,Jaipur,user657@mail.com,user_657,Standard,S07,2025-04-25 02:54:00
1162,2025-05-09,P482,Clothing,4644.62,3936.12,9289.24,2,Cancelled,High,South,Patna,user658@mail.com,user_658,Standard,S08,2025-01-11 00:52:00
1118,2025-06-08,P100,Furniture,3893.99,3299.99,7787.98,2,Completed,Medium,East,Jaipur,user659@mail.com,user_659,Standard,S07,2025-03-31 20:13:00
1149,2025-05-11,P676,Furniture,381.0,322.88,1905.0,5,Completed,Medium,North,Patna,user660@mail.com,user_660,Standard,S02,2025-02-05 23:35:00
1071,2025-04-21,P798,Clothing,3647.59,3091.18,10942.77,3,Pending,Low,East,Chennai,user661@mail.com,user_661,Basic,S04,2025-06-19 10:21:00
1053,2025-04-28,P761,Books,2017.14,1709.44,4034.28,2,Completed,Low,West,Delhi,user662@mail.com,user_662,Premium,S11,2025-02-14 13:35:00
1178,2025-06-30,P183,Groceries,4526.57,3836.08,22632.85,5,Cancelled,Low,North,Delhi,user663@mail.com,user_663,Standard,S08,2025-06-22 03:22:00
1096,2025-06-03,P227,Furniture,2354.19,1995.08,2354.19,1,Pending,Medium,South,Chennai,,user_664,Premium,S04,2025-01-06 08:43:00
1181,2025-04-02,P740,Clothing,638.19,540.84,3190.95,5,Pending,Low,South,Kolkata,user665@mail.com,user_665,Basic,S06,2025-01-10 08:31:00
1180,2025-06-30,P940,Books,1326.93,1124.52,2653.86,2,Cancelled,Medium,North,Jaipur,user666@mail.com,user_666,Standard,S09,2025-05-07 05:35:00
1049,2025-06-18,P678,Books,4004.52,3393.66,20022.6,5,Completed,High,South,Mumbai,user667@mail.com,user_667,Premium,S05,2025-05-26 07:56:00
1133,2025-03-12,P809,Clothing,5019.21,4253.57,5019.21,1,Cancelled,Low,East,Chennai,user668@mail.com,user_668,Premium,S07,2025-06-14 21:41:00
1013,2025-03-24,P380,Groceries,4999.98,4237.27,19999.92,4,Completed,Low,West,Chennai,user669@mail.com,user_669,Basic,S09,2025-01-12 23:14:00
1012,2025-03-13,P105,Groceries,3196.4,2708.81,9589.2,3,Pending,High,East,Mumbai,user670@mail.com,user_670,Standard,S13,2025-01-07 23:14:00
1176,2025-04-19,P268,Electronics,5420.07,4593.28,10840.14,2,Pending,Medium,North,Mumbai,user671@mail.com,user_671,Premium,S08,2025-04-21 00:37:00
1160,2025-03-27,P344,Furniture,1547.04,1311.05,6188.16,4,Pending,High,East,Kolkata,user672@mail.com,user_672,Premium,S13,2025-06-03 19:28:00
1195,2025-01-25,P162,Groceries,3465.4,2936.78,3465.4,1,Completed,Medium,East,Mumbai,user673@mail.com,user_673,Premium,S01,2025-04-24 01:19:00
1156,2025-06-10,P672,Groceries,498.4,422.37,498.4,1,Completed,Medium,West,Patna,user674@mail.com,user_674,Premium,S10,2025-04-16 07:55:00
1153,2025-06-18,P575,Books,179.32,151.97,717.28,4,Pending,Low,North,Lucknow,user675@mail.com,user_675,Standard,S11,2025-01-07 14:33:00
1084,2025-05-31,P709,Clothing,742.49,629.23,742.49,1,Cancelled,High,South,Bengaluru,user676@mail.com,user_676,Standard,S09,2025-03-07 11:26:00
1123,2025-06-08,P916,Groceries,1193.0,1011.02,2386.0,2,Completed,High,South,Jaipur,user677@mail.com,user_677,Standard,S07,2025-05-12 20:48:00
1091,2025-03-21,P250,Books,5236.36,4437.59,10472.72,2,Pending,Medium,East,Jaipur,user678@mail.com,user_678,Basic,S01,2025-05-13 18:42:00
,2025-06-23,P938,Clothing,449.41,380.86,2247.05,5,Cancelled,High,West,Lucknow,user679@mail.com,user_679,Premium,S04,2025-06-13 06:50:00
1017,2025-03-29,P714,Clothing,3979.56,3372.51,15918.24,4,Cancelled,Medium,East,Jaipur,user680@mail.com,user_680,Basic,S06,2025-02-11 03:29:00
1010,2025-05-07,P809,Clothing,5437.17,4607.77,10874.34,2,Completed,Medium,South,Kolkata,user681@mail.com,user_681,Basic,S12,2025-03-26 23:24:00
1052,2025-04-13,P471,Clothing,4894.42,4147.81,4894.42,1,Completed,High,East,Delhi,user682@mail.com,user_682,Standard,S02,2025-02-06 09:28:00
1049,2025-06-11,P144,Books,5395.28,4572.27,16185.84,3,Completed,High,South,Jaipur,user683@mail.com,user_683,Premium,S04,2025-03-09 23:11:00
1086,2025-05-22,P280,Clothing,1150.32,974.85,1150.32,1,Pending,High,North,Bengaluru,user684@mail.com,user_684,Basic,S11,2025-01-29 10:59:00
1053,2025-03-20,P776,Groceries,1506.54,1276.73,4519.62,3,Completed,Low,West,Mumbai,user685@mail.com,user_685,Premium,S03,2025-02-03 06:12:00
1136,2025-04-07,P751,Furniture,1956.39,1657.96,7825.56,4,Completed,High,South,Jaipur,user686@mail.com,user_686,Premium,S06,2025-03-05 01:40:00
1071,2025-02-02,P314,Books,5717.19,4845.08,22868.76,4,Cancelled,High,West,Mumbai,user687@mail.com,user_687,Premium,S09,2025-04-10 20:48:00
1130,2025-04-06,P429,Groceries,3118.23,2642.57,6236.46,2,Cancelled,Medium,West,Chennai,user688@mail.com,user_688,Basic,S05,2025-05-29 12:40:00
1149,2025-06-16,P562,Electronics,1316.03,1115.28,2632.06,2,Completed,Medium,South,Jaipur,user689@mail.com,user_689,Basic,S15,2025-04-07 18:10:00
1095,2025-03-07,P402,Books,608.08,515.32,608.08,1,Pending,Low,East,Kolkata,user690@mail.com,user_690,Standard,S01,2025-04-30 16:39:00
1086,2025-04-20,P476,Groceries,2821.38,2391.0,11285.52,4,Pending,Medium,East,Patna,user691@mail.com,user_691,Premium,S03,2025-04-24 07:16:00
1165,2025-01-20,P962,Furniture,5330.33,4517.23,15990.99,3,Cancelled,Low,North,Jaipur,user692@mail.com,user_692,Premium,S02,2025-01-31 02:23:00
1009,2025-05-20,P356,Clothing,2047.78,1735.41,6143.34,3,Pending,Low,East,Kolkata,user693@mail.com,user_693,Standard,S10,2025-02-05 22:47:00
1139,2025-03-08,P942,Electronics,4570.58,3873.37,13711.74,3,Pending,Medium,West,Delhi,user694@mail.com,user_694,Basic,S11,2025-05-12 04:55:00
1101,2025-02-28,P585,Clothing,4300.33,3644.35,8600.66,2,Completed,Low,West,Chennai,user695@mail.com,user_695,Basic,S13,2025-01-22 10:54:00
1048,2025-04-20,P973,Groceries,1329.82,1126.97,5319.28,4,Cancelled,High,East,Bengaluru,user696@mail.com,user_696,Standard,S14,2025-02-02 09:47:00
1002,2025-05-08,P535,Furniture,2082.85,1765.13,8331.4,4,Cancelled,Medium,East,Lucknow,user697@mail.com,user_697,Standard,S01,2025-05-26 01:59:00
1035,2025-02-09,P722,Furniture,3403.29,2884.14,17016.45,5,Cancelled,Medium,West,Kolkata,user698@mail.com,user_698,Basic,S02,2025-05-17 12:12:00
1121,2025-01-28,P754,Furniture,3410.93,2890.62,13643.72,4,Pending,High,South,Mumbai,user699@mail.com,user_699,Standard,S09,2025-02-15 01:52:00
1176,2025-06-04,P171,Groceries,273.18,231.51,546.36,2,Pending,Medium,South,Kolkata,user700@mail.com,user_700,Basic,S11,2025-05-15 02:29:00
1014,2025-04-05,P980,Books,181.87,154.13,545.61,3,Pending,Medium,South,Mumbai,user701@mail.com,user_701,Premium,S09,2025-04-18 15:47:00
1017,2025-04-10,P417,Clothing,869.27,736.67,1738.54,2,Pending,Low,West,Bengaluru,user702@mail.com,user_702,Standard,S10,2025-03-21 18:12:00
1128,2025-06-25,P246,Groceries,1710.6,1449.66,1710.6,1,Pending,High,West,Kolkata,user703@mail.com,user_703,Standard,S06,2025-05-26 15:29:00
1118,2025-05-28,P761,Electronics,4381.01,3712.72,13143.03,3,Pending,Medium,East,Patna,user704@mail.com,user_704,Standard,S14,2025-02-14 13:15:00
1045,2025-06-08,P815,Groceries,2765.16,2343.36,5530.32,2,Cancelled,High,West,Delhi,user705@mail.com,user_705,Premium,S15,2025-02-10 08:56:00
1160,2025-05-18,P814,Furniture,3972.61,3366.62,3972.61,1,Cancelled,Low,South,Chennai,user706@mail.com,user_706,Basic,S13,2025-05-22 03:23:00
1019,2025-01-27,P519,Books,4550.13,3856.04,13650.39,3,Pending,High,East,Kolkata,user707@mail.com,user_707,Standard,S01,2025-04-29 00:04:00
1163,2025-06-27,P976,Groceries,2321.84,1967.66,9287.36,4,Completed,Medium,North,Delhi,user708@mail.com,user_708,Basic,S02,2025-02-04 10:42:00
1191,2025-04-29,P661,Groceries,2785.57,2360.65,2785.57,1,Cancelled,High,West,Bengaluru,user709@mail.com,user_709,Basic,S14,2025-03-13 05:10:00
1004,2025-06-05,P647,Electronics,1142.78,968.46,1142.78,1,Cancelled,Medium,South,Mumbai,user710@mail.com,,Standard,S13,2025-01-03 21:17:00
1039,2025-04-23,P791,Furniture,1146.85,971.91,1146.85,1,Cancelled,High,West,Delhi,user711@mail.com,user_711,Standard,S13,2025-05-14 20:42:00
1183,2025-06-18,P554,Electronics,,2014.03,0,3,Completed,Low,North,Delhi,user712@mail.com,user_712,Basic,S13,2025-02-21 07:23:00
1061,2025-02-21,P114,Electronics,210.74,178.59,210.74,1,Pending,High,North,Kolkata,user713@mail.com,user_713,Premium,S13,2025-06-20 05:46:00
1042,2025-01-12,P430,Groceries,3081.27,2611.25,9243.81,3,Cancelled,Low,South,Kolkata,user714@mail.com,user_714,Standard,S07,2025-04-20 03:14:00
1054,2025-01-28,P511,Furniture,1987.71,1684.5,1987.71,1,Cancelled,Medium,North,Patna,user715@mail.com,user_715,Premium,S08,2025-02-26 02:42:00
1071,2025-06-16,P323,Books,2251.44,1908.0,2251.44,1,Pending,Medium,West,Mumbai,user716@mail.com,user_716,Standard,S09,2025-05-26 05:16:00
1024,2025-06-03,P794,Furniture,5792.55,4908.94,23170.2,4,Cancelled,High,East,Bengaluru,user717@mail.com,user_717,Standard,S13,2025-06-26 10:54:00
1170,2025-05-04,P699,Electronics,2055.58,1742.02,10277.9,5,Pending,Medium,South,Delhi,user718@mail.com,user_718,Premium,S01,2025-06-07 03:19:00
1060,2025-04-20,P240,Clothing,3701.48,3136.85,3701.48,1,Pending,Medium,East,Kolkata,user719@mail.com,user_719,Premium,S07,2025-02-22 20:02:00
1060,2025-06-03,P237,Groceries,4392.37,3722.35,13177.11,3,Pending,Medium,North,Patna,user720@mail.com,user_720,Standard,S14,2025-03-15 00:14:00
1187,2025-03-26,P155,Furniture,1518.68,1287.02,7593.4,5,Cancelled,High,South,Patna,user721@mail.com,user_721,Standard,S06,2025-02-16 14:40:00
1001,2025-01-17,P153,Groceries,522.66,442.93,1045.32,2,Cancelled,High,South,Bengaluru,user722@mail.com,user_722,Premium,S03,2025-06-01 17:53:00
1052,2025-03-02,P418,Books,569.95,483.01,2279.8,4,Completed,Low,South,Kolkata,user723@mail.com,user_723,Basic,S03,2025-06-05 07:19:00
1073,2025-05-28,P378,Groceries,5713.39,4841.86,11426.78,2,Pending,High,East,Patna,user724@mail.com,user_724,Basic,S03,2025-05-01 14:27:00
1129,2025-06-06,P120,Groceries,4514.2,3825.59,18056.8,4,Pending,Medium,North,Jaipur,user725@mail.com,user_725,Standard,S09,2025-02-09 17:46:00
1044,2025-03-07,P390,Groceries,2798.83,2371.89,11195.32,4,Pending,Low,West,Mumbai,user726@mail.com,user_726,Basic,S03,2025-05-01 06:09:00
1048,2025-01-02,P603,Electronics,5100.09,4322.11,15300.27,3,Pending,Medium,West,Lucknow,user727@mail.com,user_727,Basic,S08,2025-03-20 20:37:00
1018,2025-04-15,P494,Electronics,5856.48,4963.12,5856.48,1,Cancelled,High,South,Patna,user728@mail.com,user_728,Basic,S13,2025-03-31 16:45:00
1125,2025-06-12,P534,Furniture,4144.9,3512.63,16579.6,4,Cancelled,High,South,Chennai,user729@mail.com,user_729,Premium,S15,2025-04-03 20:45:00
1173,2025-01-08,P797,Clothing,1629.01,1380.52,6516.04,4,Completed,Medium,South,Bengaluru,user730@mail.com,user_730,Premium,S02,2025-01-24 20:45:00
1098,2025-04-12,P630,Books,5750.51,4873.31,5750.51,1,Completed,Medium,South,Patna,user731@mail.com,user_731,Basic,S12,2025-03-19 16:34:00
1168,2025-04-08,P870,Books,1898.74,1609.1,7594.96,4,Cancelled,High,North,Lucknow,user732@mail.com,user_732,Premium,S05,2025-02-23 23:25:00
1178,2025-03-20,P101,Electronics,5824.98,4936.42,23299.92,4,Completed,High,West,Patna,user733@mail.com,user_733,Standard,S05,2025-04-21 05:11:00
1095,2025-02-17,P614,Clothing,1262.95,1070.3,2525.9,2,Completed,Medium,South,Bengaluru,user734@mail.com,user_734,Premium,S01,2025-02-16 06:16:00
1104,2025-04-23,P181,Books,749.37,635.06,1498.74,2,Pending,High,West,Mumbai,user735@mail.com,user_735,Basic,S02,2025-03-29 00:37:00
1060,2025-05-03,P109,Groceries,4008.15,3396.74,4008.15,1,Completed,Medium,North,Delhi,user736@mail.com,user_736,Premium,S04,2025-05-14 00:24:00
1154,2025-05-14,P875,Furniture,5507.57,4667.43,22030.28,4,Pending,Low,West,Lucknow,user737@mail.com,user_737,Basic,S11,2025-03-29 10:52:00
1061,2025-04-03,P464,Groceries,2306.11,1954.33,2306.11,1,Pending,High,North,Chennai,user738@mail.com,user_738,Standard,S07,2025-02-05 00:38:00
1031,2025-05-16,P477,Furniture,5617.04,4760.2,11234.08,2,Pending,Low,West,Patna,user739@mail.com,user_739,Standard,S04,2025-01-01 20:52:00
1082,2025-01-05,P794,Furniture,5168.2,4379.83,15504.6,3,Pending,High,West,Patna,user740@mail.com,user_740,Standard,S10,2025-01-21 11:27:00
1121,2025-06-18,P721,Electronics,4363.59,3697.96,13090.77,3,Completed,Low,South,Delhi,user741@mail.com,user_741,Premium,S08,2025-01-23 09:53:00
1172,2025-05-21,P218,Groceries,1089.68,923.46,4358.72,4,Pending,Low,South,Kolkata,user742@mail.com,user_742,Premium,S03,2025-06-18 22:05:00
1027,2025-04-22,P492,Electronics,1044.48,885.15,3133.44,3,Pending,High,East,Chennai,user743@mail.com,user_743,Standard,S02,2025-06-20 04:59:00
1136,2025-06-12,P992,Groceries,640.93,543.16,1922.79,3,Completed,Low,North,Lucknow,user744@mail.com,user_744,Basic,S15,2025-04-08 20:41:00
1200,2025-05-24,P365,Groceries,4792.44,4061.39,9584.88,2,Completed,Medium,North,Mumbai,user745@mail.com,user_745,Premium,S06,2025-06-01 06:47:00
1029,2025-05-27,P489,Furniture,854.73,724.35,2564.19,3,Cancelled,Low,North,Jaipur,user746@mail.com,user_746,Premium,S10,2025-05-18 06:54:00
1099,2025-04-19,P632,Furniture,4577.55,3879.28,9155.1,2,Cancelled,Low,South,Mumbai,,user_747,Basic,S01,2025-05-18 14:20:00
1037,2025-03-17,P250,Clothing,3008.03,2549.18,12032.12,4,Cancelled,Medium,South,Delhi,user748@mail.com,user_748,Standard,S06,2025-03-21 16:44:00
1031,2025-03-12,P606,Books,2883.44,2443.59,5766.88,2,Pending,Low,West,Delhi,user749@mail.com,user_749,Basic,S03,2025-02-23 23:59:00
1057,2025-06-29,P977,Electronics,5455.69,4623.47,10911.38,2,Pending,Low,West,Jaipur,user750@mail.com,user_750,Standard,S15,2025-02-10 00:35:00
1100,2025-03-28,P875,Groceries,4037.61,3421.7,12112.83,3,Pending,Medium,North,Jaipur,user751@mail.com,user_751,Basic,S12,2025-02-19 22:54:00
1140,2025-04-11,P986,Electronics,874.86,741.41,4374.3,5,Completed,Low,East,Chennai,user752@mail.com,user_752,Standard,S03,2025-05-28 04:28:00
1178,2025-05-04,P323,Furniture,5305.72,4496.37,10611.44,2,Cancelled,High,North,Lucknow,user753@mail.com,user_753,Standard,S14,2025-05-28 03:43:00
1037,2025-04-07,P157,Groceries,4046.55,3429.28,8093.1,2,Completed,Medium,West,Bengaluru,user754@mail.com,user_754,Premium,S02,2025-05-12 20:21:00
1151,2025-04-22,P350,Clothing,3743.16,3172.17,14972.64,4,Completed,High,South,Patna,user755@mail.com,user_755,Basic,S05,2025-06-26 19:11:00
1167,2025-04-07,P381,Electronics,4614.84,3910.88,18459.36,4,Cancelled,Low,West,Lucknow,user756@mail.com,user_756,Premium,S02,2025-01-30 02:07:00
1125,2025-06-14,P686,Books,1418.57,1202.18,7092.85,5,Cancelled,Medium,East,Mumbai,user757@mail.com,user_757,Standard,S03,2025-04-09 15:41:00
1179,2025-04-22,P433,Furniture,3421.96,2899.97,3421.96,1,Completed,Low,South,Patna,user758@mail.com,user_758,Standard,S01,2025-04-11 17:52:00
1137,2025-05-16,P651,Groceries,487.66,413.27,2438.3,5,Cancelled,Low,North,Kolkata,user759@mail.com,user_759,Standard,S15,2025-01-31 05:55:00
1153,2025-06-27,P919,Clothing,148.79,126.09,595.16,4,Pending,High,North,Bengaluru,user760@mail.com,user_760,Standard,S04,2025-06-17 05:05:00
1143,2025-03-07,P618,Electronics,607.22,514.59,607.22,1,Pending,Medium,South,Patna,user761@mail.com,user_761,Standard,S01,2025-03-05 09:02:00
1132,2025-03-17,P602,Books,2690.53,2280.11,13452.65,5,Cancelled,Medium,East,Kolkata,user762@mail.com,user_762,Standard,S02,2025-06-19 01:15:00
1009,2025-02-18,P237,Clothing,1850.92,1568.58,3701.84,2,Cancelled,Low,South,Lucknow,user763@mail.com,user_763,Basic,S03,2025-06-09 13:04:00
1140,2025-03-07,P509,Furniture,2325.46,1970.73,4650.92,2,Pending,High,East,Patna,user764@mail.com,user_764,Standard,S03,2025-05-18 06:04:00
1161,2025-03-10,P773,Clothing,4248.92,3600.78,21244.6,5,Cancelled,Low,South,Patna,user765@mail.com,user_765,Premium,S06,2025-04-22 12:01:00
1154,2025-03-05,P212,Electronics,1679.86,1423.61,8399.3,5,Cancelled,Low,West,Mumbai,user766@mail.com,user_766,Basic,S11,2025-01-23 11:58:00
1085,2025-03-11,P380,Clothing,5141.72,4357.39,10283.44,2,Completed,High,West,Kolkata,user767@mail.com,user_767,Basic,S02,2025-02-01 05:33:00
1186,2025-03-20,P197,Books,4867.0,4124.58,19468.0,4,Cancelled,Medium,East,Jaipur,user768@mail.com,user_768,Standard,S02,2025-01-13 05:20:00
1192,2025-04-10,P664,Clothing,2113.79,1791.35,10568.95,5,Cancelled,Medium,West,Bengaluru,user769@mail.com,user_769,Basic,S01,2025-06-25 16:45:00
1039,2025-06-18,P853,Clothing,942.91,799.08,4714.55,5,Pending,High,East,Kolkata,user770@mail.com,user_770,Standard,S10,2025-04-18 22:29:00
1046,2025-04-23,P393,Furniture,4734.75,4012.5,23673.75,5,Pending,Medium,South,Jaipur,user771@mail.com,user_771,Standard,S14,2025-01-23 09:26:00
1197,2025-03-22,P847,Electronics,3787.71,3209.92,3787.71,1,Completed,High,South,Delhi,user772@mail.com,user_772,Premium,S12,2025-03-15 17:59:00
1126,2025-01-03,P591,Groceries,4032.6,3417.46,8065.2,2,Pending,Low,North,Patna,user773@mail.com,user_773,Premium,S10,2025-02-18 23:00:00
1182,2025-04-19,P856,Books,4452.58,3773.37,8905.16,2,Cancelled,Low,North,Chennai,user774@mail.com,user_774,Premium,S11,2025-05-15 07:11:00
1019,2025-04-04,P532,Clothing,3088.12,2617.05,3088.12,1,Pending,Medium,South,Lucknow,user775@mail.com,user_775,Premium,S06,2025-06-23 07:53:00
,2025-05-19,P400,Electronics,1795.16,1521.32,7180.64,4,Pending,High,North,Patna,user776@mail.com,user_776,Premium,S15,2025-03-20 20:32:00
1009,2025-04-29,P464,Books,5023.17,4256.92,5023.17,1,Completed,Low,West,Lucknow,user777@mail.com,user_777,Basic,S06,2025-01-28 00:22:00
1184,2025-02-17,P541,Groceries,2167.91,1837.21,2167.91,1,Pending,High,North,Bengaluru,user778@mail.com,user_778,Basic,S02,2025-05-05 00:09:00
1196,2025-06-18,P483,Furniture,1425.29,1207.87,5701.16,4,Pending,Medium,West,Bengaluru,user779@mail.com,user_779,Standard,S13,2025-03-10 03:28:00
1168,2025-04-23,P105,Clothing,926.75,785.38,3707.0,4,Pending,Low,South,Mumbai,user780@mail.com,user_780,Premium,S05,2025-01-11 04:25:00
1107,2025-03-26,P590,Electronics,1044.93,885.53,2089.86,2,Cancelled,Medium,North,Patna,user781@mail.com,,Basic,S09,2025-05-07 21:45:00
1032,2025-03-25,P234,Groceries,3019.75,2559.11,12079.0,4,Completed,High,North,Bengaluru,user782@mail.com,user_782,Premium,S06,2025-05-09 00:49:00
1175,2025-03-02,P539,Electronics,4039.99,3423.72,12119.97,3,Cancelled,Low,North,Patna,user783@mail.com,user_783,Basic,S05,2025-03-14 15:05:00
1194,2025-04-20,P291,Clothing,3689.03,3126.3,18445.15,5,Completed,Medium,North,Jaipur,user784@mail.com,user_784,Standard,S04,2025-06-20 13:12:00
1121,2025-06-30,P725,Electronics,4172.02,3535.61,20860.1,5,Completed,High,South,Kolkata,user785@mail.com,user_785,Premium,S03,2025-04-13 01:17:00
1049,2025-02-07,P193,Groceries,220.12,186.54,440.24,2,Completed,Medium,West,Jaipur,user786@mail.com,user_786,Standard,S11,2025-03-01 07:21:00
1109,2025-05-03,P411,Electronics,3066.03,2598.33,3066.03,1,Completed,Medium,East,Jaipur,user787@mail.com,user_787,Basic,S12,2025-04-18 07:20:00
1012,2025-02-16,P317,Electronics,121.1,102.63,363.3,3,Pending,Medium,East,Mumbai,user788@mail.com,user_788,Basic,S03,2025-03-06 15:23:00
1085,2025-03-19,P799,Electronics,678.2,574.75,678.2,1,Cancelled,High,East,Lucknow,user789@mail.com,user_789,Standard,S13,2025-04-03 23:49:00
1150,2025-05-16,P315,Books,2266.54,1920.8,6799.62,3,Cancelled,Medium,North,Mumbai,user790@mail.com,user_790,Premium,S11,2025-06-04 03:02:00
1150,2025-06-17,P201,Clothing,1233.5,1045.34,4934.0,4,Completed,Low,East,Jaipur,user791@mail.com,user_791,Standard,S08,2025-02-21 17:46:00
1039,2025-01-12,P828,Clothing,1226.44,1039.36,6132.2,5,Pending,Low,East,Lucknow,user792@mail.com,user_792,Basic,S11,2025-01-31 13:04:00
1123,2025-04-18,P909,Books,5502.97,4663.53,27514.85,5,Completed,High,East,Bengaluru,user793@mail.com,user_793,Basic,S01,2025-05-25 01:50:00
1177,2025-02-18,P991,Groceries,2980.24,2525.63,14901.2,5,Cancelled,High,South,Chennai,user794@mail.com,user_794,Standard,S07,2025-05-24 12:25:00
1155,2025-03-11,P685,Clothing,1182.28,1001.93,2364.56,2,Completed,Low,North,Chennai,user795@mail.com,user_795,Standard,S12,2025-05-15 08:19:00
1056,2025-03-17,P329,Furniture,3310.54,2805.54,6621.08,2,Completed,Low,South,Jaipur,user796@mail.com,user_796,Premium,S11,2025-02-07 08:59:00
1034,2025-03-11,P943,Electronics,3832.43,3247.82,7664.86,2,Completed,Low,North,Delhi,user797@mail.com,user_797,Standard,S06,2025-06-11 19:23:00
1083,2025-01-22,P518,Books,1644.67,1393.79,3289.34,2,Cancelled,Medium,East,Delhi,user798@mail.com,user_798,Standard,S14,2025-01-03 11:14:00
1187,2025-03-13,P650,Clothing,1598.12,1354.34,1598.12,1,Cancelled,Low,North,Patna,user799@mail.com,user_799,Standard,S05,2025-06-10 20:38:00
1141,2025-02-22,P308,Groceries,1393.73,1181.13,4181.19,3,Cancelled,Low,West,Bengaluru,user800@mail.com,user_800,Basic,S04,2025-04-22 11:09:00
1122,2025-01-24,P935,Groceries,,989.42,0,2,Completed,High,West,Bengaluru,user801@mail.com,user_801,Standard,S05,2025-01-06 09:10:00
1045,2025-04-11,P173,Books,1204.14,1020.46,2408.28,2,Pending,High,West,Patna,user802@mail.com,user_802,Premium,S12,2025-05-15 04:46:00
1192,2025-01-04,P121,Books,694.64,588.68,2778.56,4,Completed,High,North,Bengaluru,user803@mail.com,user_803,Premium,S13,2025-01-22 08:09:00
1160,2025-06-03,P910,Electronics,4699.66,3982.76,4699.66,1,Completed,Low,East,Mumbai,user804@mail.com,user_804,Premium,S03,2025-05-03 18:57:00
1113,2025-02-11,P349,Furniture,2036.22,1725.61,4072.44,2,Completed,Low,East,Mumbai,user805@mail.com,user_805,Premium,S14,2025-01-12 03:34:00
1075,2025-01-27,P245,Books,5243.5,4443.64,20974.0,4,Completed,High,North,Kolkata,user806@mail.com,user_806,Basic,S07,2025-02-07 11:41:00
1073,2025-02-27,P603,Groceries,4088.88,3465.15,4088.88,1,Completed,High,South,Mumbai,user807@mail.com,user_807,Basic,S06,2025-01-20 19:21:00
1030,2025-04-03,P254,Electronics,5296.28,4488.37,26481.4,5,Completed,Medium,East,Bengaluru,user808@mail.com,user_808,Standard,S07,2025-02-08 21:43:00
1077,2025-06-09,P377,Furniture,2132.37,1807.09,2132.37,1,Pending,Low,East,Jaipur,user809@mail.com,user_809,Standard,S13,2025-01-20 00:55:00
1038,2025-06-17,P557,Clothing,1969.71,1669.25,7878.84,4,Cancelled,Medium,North,Mumbai,user810@mail.com,user_810,Standard,S07,2025-03-13 04:05:00
1082,2025-02-02,P426,Clothing,4555.89,3860.92,13667.67,3,Pending,Medium,West,Patna,user811@mail.com,user_811,Standard,S13,2025-06-12 10:08:00
1167,2025-03-04,P651,Groceries,2538.69,2151.43,10154.76,4,Cancelled,Medium,South,Patna,user812@mail.com,user_812,Premium,S10,2025-04-18 16:36:00
1198,2025-06-27,P470,Clothing,4183.29,3545.16,8366.58,2,Completed,High,North,Lucknow,user813@mail.com,user_813,Standard,S08,2025-02-04 03:03:00
1089,2025-04-03,P955,Clothing,1821.94,1544.02,3643.88,2,Cancelled,Medium,South,Kolkata,user814@mail.com,user_814,Premium,S01,2025-02-05 03:44:00
1180,2025-02-06,P480,Groceries,4356.68,3692.1,17426.72,4,Completed,Low,North,Mumbai,user815@mail.com,user_815,Basic,S14,2025-06-02 05:01:00
1037,2025-04-04,P112,Clothing,574.74,487.07,574.74,1,Cancelled,Medium,South,Bengaluru,user816@mail.com,user_816,Basic,S12,2025-02-05 23:33:00
1178,2025-03-18,P554,Groceries,2497.42,2116.46,7492.26,3,Cancelled,Low,North,Jaipur,user817@mail.com,user_817,Premium,S03,2025-01-16 20:02:00
1154,2025-02-14,P952,Books,1045.14,885.71,4180.56,4,Pending,Low,West,Jaipur,user818@mail.com,user_818,Standard,S09,2025-03-20 22:14:00
1108,2025-02-10,P486,Furniture,5744.59,4868.3,28722.95,5,Completed,Low,South,Patna,user819@mail.com,user_819,Standard,S01,2025-02-26 12:11:00
1190,2025-05-24,P588,Books,4984.78,4224.39,19939.12,4,Pending,Low,West,Patna,user820@mail.com,user_820,Premium,S01,2025-04-06 20:27:00
1049,2025-03-11,P717,Electronics,721.64,611.56,2164.92,3,Pending,High,South,Jaipur,user821@mail.com,user_821,Premium,S09,2025-01-28 02:13:00
1152,2025-01-03,P753,Furniture,1203.53,1019.94,2407.06,2,Completed,High,East,Mumbai,user822@mail.com,user_822,Standard,S10,2025-01-12 18:50:00
1123,2025-01-12,P108,Electronics,1936.9,1641.44,5810.7,3,Pending,Medium,West,Kolkata,user823@mail.com,user_823,Basic,S13,2025-04-11 23:22:00
1033,2025-06-29,P203,Electronics,2033.68,1723.46,10168.4,5,Cancelled,High,North,Patna,user824@mail.com,user_824,Basic,S10,2025-01-10 09:10:00
1038,2025-06-24,P835,Groceries,573.35,485.89,573.35,1,Completed,High,South,Bengaluru,user825@mail.com,user_825,Standard,S09,2025-06-05 20:33:00
1196,2025-03-29,P397,Groceries,4658.9,3948.22,13976.7,3,Pending,Low,West,Delhi,user826@mail.com,user_826,Standard,S13,2025-06-24 12:15:00
1053,2025-06-06,P680,Books,551.64,467.49,1103.28,2,Cancelled,Medium,North,Delhi,user827@mail.com,user_827,Premium,S13,2025-03-21 17:55:00
1200,2025-01-23,P273,Groceries,662.17,561.16,1986.51,3,Pending,High,North,Jaipur,user828@mail.com,user_828,Standard,S06,2025-04-01 02:04:00
1045,2025-04-28,P881,Furniture,5819.88,4932.1,17459.64,3,Pending,Low,South,Mumbai,user829@mail.com,user_829,Standard,S08,2025-01-11 11:54:00
1073,2025-04-13,P551,Groceries,5073.17,4299.3,10146.34,2,Pending,Low,East,Lucknow,,user_830,Premium,S11,2025-04-16 16:28:00
1067,2025-06-24,P858,Electronics,3706.39,3141.01,3706.39,1,Completed,Low,North,Bengaluru,user831@mail.com,user_831,Premium,S05,2025-04-07 05:36:00
1102,2025-01-19,P785,Clothing,2362.7,2002.29,9450.8,4,Completed,Medium,West,Chennai,user832@mail.com,user_832,Standard,S09,2025-04-30 03:05:00
1046,2025-01-28,P511,Groceries,4559.83,3864.26,9119.66,2,Pending,High,East,Lucknow,user833@mail.com,user_833,Standard,S08,2025-02-24 22:47:00
1121,2025-01-30,P259,Furniture,2746.38,2327.44,13731.9,5,Pending,High,South,Lucknow,user834@mail.com,user_834,Standard,S01,2025-06-03 12:03:00
1092,2025-04-21,P988,Groceries,1352.0,1145.76,2704.0,2,Completed,Low,West,Jaipur,user835@mail.com,user_835,Basic,S11,2025-02-15 02:09:00
1017,2025-03-12,P992,Groceries,590.44,500.37,2361.76,4,Pending,Low,South,Jaipur,user836@mail.com,user_836,Premium,S14,2025-01-14 02:57:00
1109,2025-03-29,P529,Furniture,1069.33,906.21,3207.99,3,Pending,Medium,South,Patna,user837@mail.com,user_837,Basic,S15,2025-06-27 18:24:00
1002,2025-05-24,P731,Books,1266.07,1072.94,6330.35,5,Completed,Medium,East,Delhi,user838@mail.com,user_838,Premium,S15,2025-04-28 04:31:00
1081,2025-01-30,P561,Groceries,1637.52,1387.73,1637.52,1,Completed,Low,West,Mumbai,user839@mail.com,user_839,Premium,S04,2025-02-18 13:44:00
1139,2025-02-12,P314,Books,2301.04,1950.03,6903.12,3,Completed,Low,North,Lucknow,user840@mail.com,user_840,Basic,S01,2025-03-19 09:32:00
1031,2025-06-29,P523,Groceries,3870.01,3279.67,15480.04,4,Pending,Medium,East,Patna,user841@mail.com,user_841,Standard,S13,2025-03-27 03:59:00
1045,2025-04-28,P709,Groceries,2275.39,1928.3,11376.95,5,Completed,Low,West,Patna,user842@mail.com,user_842,Basic,S14,2025-06-18 22:43:00
1111,2025-06-12,P189,Furniture,4177.49,3540.25,4177.49,1,Completed,High,North,Patna,user843@mail.com,user_843,Premium,S08,2025-06-09 17:06:00
1162,2025-04-24,P783,Books,3478.69,2948.04,3478.69,1,Pending,Medium,South,Kolkata,user844@mail.com,user_844,Basic,S09,2025-04-08 03:12:00
1120,2025-02-01,P522,Furniture,5712.76,4841.32,22851.04,4,Cancelled,Low,West,Delhi,user845@mail.com,user_845,Basic,S13,2025-02-27 16:18:00
1068,2025-06-18,P789,Furniture,1895.36,1606.24,7581.44,4,Completed,High,West,Delhi,user846@mail.com,user_846,Premium,S01,2025-02-09 11:53:00
1132,2025-06-03,P540,Furniture,2055.49,1741.94,10277.45,5,Completed,Low,West,Kolkata,user847@mail.com,user_847,Standard,S11,2025-04-11 01:51:00
1147,2025-04-20,P845,Clothing,5549.56,4703.02,22198.24,4,Completed,Medium,East,Bengaluru,user848@mail.com,user_848,Basic,S04,2025-01-26 22:51:00
1032,2025-05-10,P963,Electronics,3768.99,3194.06,15075.96,4,Cancelled,Medium,South,Lucknow,user849@mail.com,user_849,Premium,S02,2025-01-24 00:27:00
1002,2025-06-10,P824,Books,1002.93,849.94,5014.65,5,Cancelled,High,West,Delhi,user850@mail.com,user_850,Standard,S12,2025-02-03 14:40:00
1161,2025-04-02,P404,Clothing,1504.08,1274.64,3008.16,2,Completed,Low,South,Patna,user851@mail.com,user_851,Basic,S11,2025-01-14 08:05:00
1036,2025-06-10,P987,Electronics,3809.15,3228.09,19045.75,5,Completed,High,West,Mumbai,user852@mail.com,,Premium,S03,2025-03-14 08:57:00
1046,2025-01-24,P958,Electronics,2975.72,2521.8,8927.16,3,Completed,Medium,North,Chennai,user853@mail.com,user_853,Premium,S07,2025-01-19 15:40:00
1019,2025-02-23,P748,Groceries,2287.72,1938.75,6863.16,3,Pending,High,South,Jaipur,user854@mail.com,user_854,Premium,S15,2025-02-15 21:36:00
1161,2025-06-05,P455,Electronics,795.69,674.31,2387.07,3,Pending,Low,North,Bengaluru,user855@mail.com,user_855,Standard,S12,2025-03-07 03:12:00
1155,2025-01-08,P879,Books,251.21,212.89,1256.05,5,Completed,High,East,Mumbai,user856@mail.com,user_856,Premium,S01,2025-03-25 04:14:00
1021,2025-06-27,P304,Clothing,1665.2,1411.19,6660.8,4,Completed,Medium,East,Chennai,user857@mail.com,user_857,Standard,S13,2025-05-07 13:32:00
1102,2025-02-19,P502,Furniture,1118.05,947.5,3354.15,3,Completed,Low,East,Bengaluru,user858@mail.com,user_858,Premium,S12,2025-05-05 13:56:00
1114,2025-04-19,P737,Books,4437.61,3760.69,13312.83,3,Completed,Low,West,Patna,user859@mail.com,user_859,Premium,S10,2025-04-01 11:57:00
1161,2025-01-17,P623,Groceries,1085.03,919.52,1085.03,1,Pending,Low,West,Jaipur,user860@mail.com,user_860,Standard,S14,2025-06-15 16:22:00
1101,2025-01-08,P539,Electronics,1158.21,981.53,3474.63,3,Completed,Medium,South,Mumbai,user861@mail.com,user_861,Premium,S11,2025-04-06 11:09:00
1199,2025-03-22,P834,Electronics,173.7,147.2,173.7,1,Pending,High,West,Lucknow,user862@mail.com,user_862,Premium,S09,2025-01-17 12:18:00
1154,2025-02-24,P384,Books,1375.37,1165.57,6876.85,5,Cancelled,Low,North,Patna,user863@mail.com,user_863,Standard,S13,2025-04-22 10:52:00
1081,2025-02-20,P610,Clothing,405.13,343.33,1620.52,4,Completed,Medium,West,Mumbai,user864@mail.com,user_864,Premium,S08,2025-02-13 19:20:00
1151,2025-04-09,P118,Clothing,3450.83,2924.43,10352.49,3,Cancelled,Low,North,Chennai,user865@mail.com,user_865,Basic,S03,2025-04-14 01:57:00
1136,2025-05-16,P171,Electronics,2068.79,1753.21,2068.79,1,Pending,High,West,Jaipur,user866@mail.com,user_866,Basic,S06,2025-03-30 12:05:00
1142,2025-03-22,P405,Groceries,3658.44,3100.37,14633.76,4,Cancelled,Medium,West,Mumbai,user867@mail.com,user_867,Basic,S10,2025-01-27 00:14:00
1012,2025-01-03,P982,Clothing,725.89,615.16,2177.67,3,Cancelled,Low,West,Kolkata,user868@mail.com,user_868,Premium,S02,2025-02-18 23:57:00
1094,2025-05-18,P365,Electronics,5519.03,4677.14,5519.03,1,Completed,High,North,Jaipur,user869@mail.com,user_869,Premium,S05,2025-03-26 22:39:00
1097,2025-03-11,P571,Clothing,5465.54,4631.81,27327.7,5,Completed,High,East,Bengaluru,user870@mail.com,user_870,Standard,S15,2025-04-16 20:28:00
1171,2025-02-01,P589,Books,3168.52,2685.19,15842.6,5,Cancelled,Medium,East,Lucknow,user871@mail.com,user_871,Standard,S08,2025-02-27 02:16:00
1196,2025-03-17,P775,Electronics,2159.11,1829.75,4318.22,2,Cancelled,Low,South,Mumbai,user872@mail.com,user_872,Premium,S08,2025-01-16 06:00:00
,2025-06-21,P292,Clothing,2824.85,2393.94,11299.4,4,Pending,High,East,Kolkata,user873@mail.com,user_873,Standard,S13,2025-05-16 16:54:00
1080,2025-03-21,P208,Groceries,3906.89,3310.92,19534.45,5,Completed,High,East,Patna,user874@mail.com,user_874,Basic,S14,2025-06-08 16:12:00
1199,2025-04-13,P268,Clothing,514.87,436.33,2059.48,4,Cancelled,Medium,North,Bengaluru,user875@mail.com,user_875,Basic,S15,2025-01-28 23:07:00
1061,2025-01-05,P587,Groceries,1199.41,1016.45,1199.41,1,Cancelled,Low,West,Lucknow,user876@mail.com,user_876,Basic,S02,2025-05-21 02:22:00
1110,2025-02-24,P620,Clothing,2413.04,2044.95,9652.16,4,Pending,High,West,Jaipur,user877@mail.com,user_877,Basic,S02,2025-01-13 20:24:00
1187,2025-04-19,P280,Clothing,1817.94,1540.63,7271.76,4,Cancelled,Medium,West,Patna,user878@mail.com,user_878,Premium,S11,2025-01-13 20:15:00
1028,2025-02-26,P689,Electronics,425.25,360.38,425.25,1,Pending,High,North,Mumbai,user879@mail.com,user_879,Basic,S04,2025-06-08 22:45:00
1103,2025-04-11,P607,Groceries,703.74,596.39,2111.22,3,Completed,High,South,Lucknow,user880@mail.com,user_880,Standard,S05,2025-06-30 19:18:00
1187,2025-01-01,P588,Electronics,1188.13,1006.89,5940.65,5,Cancelled,Medium,South,Bengaluru,user881@mail.com,user_881,Basic,S11,2025-01-18 05:11:00
1085,2025-04-27,P538,Clothing,5681.69,4814.99,22726.76,4,Pending,High,South,Jaipur,user882@mail.com,user_882,Premium,S03,2025-06-23 00:38:00
1090,2025-05-02,P583,Books,123.82,104.93,247.64,2,Completed,High,North,Jaipur,user883@mail.com,user_883,Premium,S09,2025-05-09 05:48:00
1037,2025-01-25,P563,Electronics,1879.21,1592.55,5637.63,3,Pending,Low,East,Jaipur,user884@mail.com,user_884,Standard,S08,2025-03-06 11:29:00
1003,2025-04-01,P893,Furniture,4224.13,3579.77,21120.65,5,Cancelled,Low,West,Mumbai,user885@mail.com,user_885,Basic,S11,2025-05-13 23:40:00
1005,2025-02-07,P465,Groceries,5068.93,4295.7,10137.86,2,Pending,High,South,Patna,user886@mail.com,user_886,Basic,S04,2025-01-23 06:58:00
1096,2025-06-13,P560,Electronics,5700.25,4830.72,28501.25,5,Cancelled,High,East,Lucknow,user887@mail.com,user_887,Basic,S07,2025-05-31 13:17:00
1079,2025-02-18,P954,Electronics,3468.76,2939.63,10406.28,3,Cancelled,High,West,Chennai,user888@mail.com,user_888,Standard,S13,2025-03-30 09:07:00
1002,2025-05-08,P635,Clothing,2814.25,2384.96,5628.5,2,Pending,Low,South,Jaipur,user889@mail.com,user_889,Basic,S05,2025-01-17 09:00:00
1116,2025-01-11,P226,Clothing,,1486.78,0,5,Completed,Medium,East,Delhi,user890@mail.com,user_890,Basic,S06,2025-06-19 00:03:00
1064,2025-02-05,P781,Furniture,5198.77,4405.74,25993.85,5,Cancelled,High,North,Jaipur,user891@mail.com,user_891,Premium,S12,2025-02-20 13:37:00
1020,2025-03-16,P354,Clothing,303.81,257.47,911.43,3,Cancelled,Low,West,Patna,user892@mail.com,user_892,Basic,S15,2025-01-26 08:58:00
1077,2025-06-02,P795,Furniture,1120.03,949.18,4480.12,4,Pending,Low,South,Kolkata,user893@mail.com,user_893,Basic,S03,2025-04-17 17:12:00
1077,2025-03-20,P658,Electronics,1837.19,1556.94,7348.76,4,Completed,Medium,West,Mumbai,user894@mail.com,user_894,Premium,S09,2025-04-24 22:20:00
1128,2025-06-25,P577,Furniture,2826.17,2395.06,11304.68,4,Pending,Medium,West,Delhi,user895@mail.com,user_895,Standard,S01,2025-04-18 02:48:00
1035,2025-06-07,P624,Furniture,4666.31,3954.5,23331.55,5,Pending,High,East,Delhi,user896@mail.com,user_896,Basic,S03,2025-04-14 21:00:00
1118,2025-05-13,P156,Groceries,4970.24,4212.07,4970.24,1,Pending,Low,North,Lucknow,user897@mail.com,user_897,Standard,S02,2025-03-16 18:30:00
1176,2025-03-26,P790,Electronics,820.18,695.07,4100.9,5,Cancelled,Low,North,Kolkata,user898@mail.com,user_898,Standard,S03,2025-05-24 23:31:00
1034,2025-02-27,P836,Clothing,1857.76,1574.37,5573.28,3,Completed,Medium,South,Mumbai,user899@mail.com,user_899,Premium,S01,2025-02-09 19:56:00
1030,2025-05-14,P585,Electronics,1547.35,1311.31,1547.35,1,Completed,Low,West,Patna,user900@mail.com,user_900,Premium,S15,2025-02-01 09:25:00
1123,2025-02-17,P366,Clothing,4984.83,4224.43,24924.15,5,Cancelled,Low,West,Mumbai,user901@mail.com,user_901,Basic,S03,2025-06-12 00:11:00
1036,2025-06-18,P305,Clothing,1105.42,936.8,5527.1,5,Pending,Medium,East,Jaipur,user902@mail.com,user_902,Standard,S02,2025-05-31 15:23:00
1170,2025-03-12,P575,Groceries,2348.81,1990.52,2348.81,1,Pending,Medium,South,Delhi,user903@mail.com,user_903,Basic,S08,2025-01-31 18:24:00
1002,2025-05-29,P555,Furniture,315.07,267.01,1575.35,5,Completed,Medium,South,Chennai,user904@mail.com,user_904,Standard,S08,2025-03-12 00:10:00
1091,2025-05-09,P499,Books,1336.73,1132.82,6683.65,5,Cancelled,High,South,Bengaluru,user905@mail.com,user_905,Basic,S11,2025-05-25 10:29:00
1183,2025-02-05,P503,Furniture,4656.65,3946.31,13969.95,3,Completed,Low,West,Patna,user906@mail.com,user_906,Basic,S10,2025-06-18 05:36:00
1181,2025-05-10,P702,Books,1616.85,1370.21,4850.55,3,Cancelled,Medium,West,Mumbai,user907@mail.com,user_907,Premium,S01,2025-02-10 07:06:00
1170,2025-01-28,P431,Groceries,5519.74,4677.75,22078.96,4,Completed,Low,South,Mumbai,user908@mail.com,user_908,Premium,S12,2025-04-09 13:59:00
1016,2025-01-16,P967,Books,1566.3,1327.37,1566.3,1,Cancelled,High,West,Lucknow,user909@mail.com,user_909,Standard,S11,2025-01-08 05:20:00
1027,2025-06-28,P669,Groceries,2301.45,1950.38,11507.25,5,Completed,High,East,Chennai,user910@mail.com,user_910,Basic,S11,2025-03-15 07:12:00
1189,2025-02-11,P188,Groceries,4823.6,4087.8,9647.2,2,Cancelled,High,North,Kolkata,user911@mail.com,user_911,Premium,S13,2025-02-05 00:23:00
1198,2025-04-15,P448,Books,3278.34,2778.25,3278.34,1,Completed,Low,West,Kolkata,user912@mail.com,user_912,Premium,S10,2025-05-02 16:22:00
1091,2025-06-08,P549,Books,5052.49,4281.77,5052.49,1,Pending,Low,West,Mumbai,,user_913,Standard,S02,2025-02-02 16:19:00
1025,2025-01-31,P653,Groceries,1451.18,1229.81,7255.9,5,Pending,High,South,Jaipur,user914@mail.com,user_914,Basic,S07,2025-06-30 11:04:00
1040,2025-03-15,P973,Electronics,3208.04,2718.68,6416.08,2,Cancelled,Low,East,Patna,user915@mail.com,user_915,Standard,S01,2025-05-20 22:57:00
1028,2025-05-30,P768,Groceries,5535.31,4690.94,16605.93,3,Completed,High,East,Patna,user916@mail.com,user_916,Basic,S04,2025-03-27 01:08:00
1052,2025-05-21,P341,Furniture,5461.57,4628.45,5461.57,1,Pending,High,North,Lucknow,user917@mail.com,user_917,Premium,S07,2025-06-03 23:39:00
1020,2025-05-22,P840,Groceries,5591.24,4738.34,16773.72,3,Completed,High,North,Chennai,user918@mail.com,user_918,Standard,S04,2025-06-16 11:27:00
1122,2025-03-19,P126,Clothing,241.98,205.07,241.98,1,Completed,Low,West,Delhi,user919@mail.com,user_919,Standard,S08,2025-01-14 12:49:00
1096,2025-06-28,P662,Clothing,2602.63,2205.62,10410.52,4,Completed,High,West,Mumbai,user920@mail.com,user_920,Standard,S15,2025-04-05 11:12:00
1087,2025-04-22,P702,Electronics,1495.1,1267.03,1495.1,1,Completed,High,West,Delhi,user921@mail.com,user_921,Premium,S14,2025-03-05 01:04:00
1014,2025-02-02,P421,Groceries,1162.19,984.91,1162.19,1,Pending,Low,South,Jaipur,user922@mail.com,user_922,Premium,S10,2025-04-12 15:42:00
1031,2025-06-18,P310,Electronics,559.62,474.25,2798.1,5,Pending,Low,East,Kolkata,user923@mail.com,,Basic,S12,2025-03-19 11:49:00
1141,2025-03-16,P426,Clothing,3164.22,2681.54,9492.66,3,Cancelled,Low,North,Delhi,user924@mail.com,user_924,Basic,S15,2025-04-16 22:39:00
1124,2025-03-13,P961,Electronics,1294.96,1097.42,2589.92,2,Cancelled,High,East,Kolkata,user925@mail.com,user_925,Premium,S06,2025-02-06 01:15:00
1178,2025-04-23,P610,Groceries,5628.51,4769.92,5628.51,1,Completed,Medium,East,Patna,user926@mail.com,user_926,Basic,S14,2025-01-22 01:17:00
1156,2025-04-09,P493,Groceries,226.98,192.36,907.92,4,Pending,High,South,Kolkata,user927@mail.com,user_927,Basic,S03,2025-06-18 13:34:00
1013,2025-06-19,P126,Furniture,299.01,253.4,897.03,3,Cancelled,Medium,East,Kolkata,user928@mail.com,user_928,Premium,S06,2025-06-09 13:55:00
1109,2025-01-15,P979,Electronics,3317.15,2811.14,9951.45,3,Cancelled,Medium,West,Jaipur,user929@mail.com,user_929,Premium,S07,2025-04-30 23:59:00
1060,2025-02-03,P187,Electronics,1741.01,1475.43,5223.03,3,Completed,Low,East,Lucknow,user930@mail.com,user_930,Standard,S07,2025-01-10 19:17:00
1092,2025-03-10,P112,Furniture,4641.99,3933.89,23209.95,5,Completed,Medium,East,Jaipur,user931@mail.com,user_931,Premium,S08,2025-04-29 00:28:00
1002,2025-04-30,P753,Electronics,5702.75,4832.84,22811.0,4,Cancelled,High,West,Delhi,user932@mail.com,user_932,Standard,S02,2025-03-12 19:35:00
1080,2025-01-17,P365,Groceries,1157.63,981.04,3472.89,3,Pending,High,South,Bengaluru,user933@mail.com,user_933,Premium,S14,2025-06-08 20:03:00
1059,2025-01-30,P981,Electronics,1183.36,1002.85,5916.8,5,Pending,Low,East,Delhi,user934@mail.com,user_934,Standard,S12,2025-02-28 01:45:00
1066,2025-03-07,P653,Electronics,4040.44,3424.1,12121.32,3,Cancelled,High,South,Lucknow,user935@mail.com,user_935,Premium,S02,2025-05-10 14:07:00
1130,2025-01-20,P480,Clothing,1297.78,1099.81,6488.9,5,Cancelled,Medium,North,Patna,user936@mail.com,user_936,Basic,S03,2025-01-07 10:38:00
1092,2025-03-27,P581,Groceries,5306.72,4497.22,15920.16,3,Pending,Low,North,Bengaluru,user937@mail.com,user_937,Basic,S01,2025-03-16 04:58:00
1151,2025-01-07,P623,Electronics,3639.46,3084.29,10918.38,3,Cancelled,Low,East,Kolkata,user938@mail.com,user_938,Basic,S14,2025-05-30 01:42:00
1185,2025-02-08,P179,Groceries,4527.42,3836.8,4527.42,1,Completed,Low,West,Mumbai,user939@mail.com,user_939,Standard,S13,2025-01-14 19:30:00
1168,2025-05-15,P299,Books,2667.97,2260.99,8003.91,3,Cancelled,Medium,South,Lucknow,user940@mail.com,user_940,Premium,S13,2025-04-03 07:29:00
1080,2025-01-30,P470,Clothing,2691.04,2280.54,10764.16,4,Completed,Medium,North,Lucknow,user941@mail.com,user_941,Standard,S08,2025-06-04 07:28:00
1107,2025-02-28,P650,Books,4904.46,4156.32,9808.92,2,Completed,Medium,South,Jaipur,user942@mail.com,user_942,Basic,S06,2025-03-22 03:05:00
1104,2025-04-18,P606,Books,5803.13,4917.91,29015.65,5,Cancelled,High,South,Chennai,user943@mail.com,user_943,Premium,S03,2025-01-31 13:16:00
1195,2025-05-22,P990,Groceries,4413.18,3739.98,8826.36,2,Completed,Medium,North,Bengaluru,user944@mail.com,user_944,Premium,S03,2025-05-12 16:58:00
1099,2025-04-19,P347,Furniture,854.93,724.52,4274.65,5,Cancelled,Medium,North,Lucknow,user945@mail.com,user_945,Basic,S10,2025-06-05 19:06:00
1184,2025-01-12,P559,Electronics,4389.45,3719.87,13168.35,3,Pending,Low,West,Patna,user946@mail.com,user_946,Basic,S13,2025-05-03 22:08:00
1187,2025-02-16,P185,Books,5416.29,4590.08,27081.45,5,Completed,High,East,Chennai,user947@mail.com,user_947,Basic,S06,2025-04-23 05:32:00
1184,2025-05-31,P337,Furniture,5580.64,4729.36,5580.64,1,Pending,Medium,East,Delhi,user948@mail.com,user_948,Standard,S09,2025-05-15 18:32:00
1109,2025-03-15,P246,Furniture,2338.68,1981.93,4677.36,2,Completed,Low,South,Patna,user949@mail.com,user_949,Standard,S05,2025-05-28 19:20:00
1025,2025-03-30,P380,Furniture,1075.45,911.4,3226.35,3,Pending,Medium,South,Bengaluru,user950@mail.com,user_950,Basic,S15,2025-03-08 19:48:00
1027,2025-03-01,P665,Furniture,933.29,790.92,1866.58,2,Cancelled,High,North,Delhi,user951@mail.com,user_951,Standard,S09,2025-02-19 00:31:00
1006,2025-04-05,P536,Clothing,1747.58,1481.0,8737.9,5,Cancelled,Medium,South,Chennai,user952@mail.com,user_952,Basic,S15,2025-01-29 22:45:00
1030,2025-04-24,P985,Groceries,2970.0,2516.95,2970.0,1,Completed,Medium,North,Lucknow,user953@mail.com,user_953,Premium,S12,2025-02-26 23:04:00
1083,2025-02-10,P745,Books,2056.92,1743.15,8227.68,4,Cancelled,Low,North,Lucknow,user954@mail.com,user_954,Premium,S07,2025-01-26 22:50:00
1133,2025-03-23,P749,Clothing,4983.15,4223.01,4983.15,1,Cancelled,High,South,Bengaluru,user955@mail.com,user_955,Standard,S07,2025-02-26 21:12:00
1067,2025-05-01,P851,Clothing,2919.43,2474.09,5838.86,2,Pending,Medium,South,Kolkata,user956@mail.com,user_956,Standard,S15,2025-01-23 16:54:00
1185,2025-02-24,P671,Electronics,2629.23,2228.16,10516.92,4,Cancelled,High,South,Delhi,user957@mail.com,user_957,Basic,S12,2025-03-09 19:24:00
1161,2025-05-30,P643,Clothing,3805.26,3224.8,15221.04,4,Cancelled,High,East,Kolkata,user958@mail.com,user_958,Basic,S11,2025-05-05 15:50:00
1161,2025-04-11,P402,Books,2182.92,1849.93,8731.68,4,Completed,High,North,Jaipur,user959@mail.com,user_959,Basic,S08,2025-03-25 07:42:00
1108,2025-01-30,P776,Clothing,2805.11,2377.21,8415.33,3,Completed,Medium,West,Bengaluru,user960@mail.com,user_960,Basic,S14,2025-05-06 19:26:00
1175,2025-03-02,P320,Electronics,1800.16,1525.56,9000.8,5,Pending,High,East,Jaipur,user961@mail.com,user_961,Standard,S06,2025-04-16 12:51:00
1113,2025-04-19,P374,Groceries,1625.37,1377.43,1625.37,1,Pending,Low,South,Lucknow,user962@mail.com,user_962,Standard,S14,2025-01-12 09:28:00
1104,2025-02-26,P311,Books,5180.85,4390.55,25904.25,5,Cancelled,High,East,Bengaluru,user963@mail.com,user_963,Standard,S09,2025-01-06 23:01:00
1097,2025-01-24,P164,Furniture,5392.51,4569.92,26962.55,5,Cancelled,High,South,Lucknow,user964@mail.com,user_964,Standard,S04,2025-02-10 17:25:00
1183,2025-02-28,P439,Furniture,4751.03,4026.3,14253.09,3,Pending,High,South,Delhi,user965@mail.com,user_965,Premium,S14,2025-01-06 16:06:00
1128,2025-04-12,P408,Groceries,362.5,307.2,1087.5,3,Completed,High,South,Delhi,user966@mail.com,user_966,Basic,S12,2025-02-01 12:41:00
1102,2025-02-03,P175,Furniture,5101.99,4323.72,5101.99,1,Cancelled,Low,West,Delhi,user967@mail.com,user_967,Premium,S12,2025-05-19 19:58:00
1038,2025-01-25,P951,Books,4700.93,3983.84,9401.86,2,Cancelled,Medium,East,Patna,user968@mail.com,user_968,Standard,S12,2025-01-06 09:17:00
1117,2025-02-21,P582,Electronics,1646.01,1394.92,8230.05,5,Pending,Medium,West,Mumbai,user969@mail.com,user_969,Premium,S07,2025-05-24 08:30:00
,2025-03-14,P117,Books,3047.13,2582.31,12188.52,4,Pending,Low,West,Lucknow,user970@mail.com,user_970,Standard,S12,2025-01-28 14:14:00
1147,2025-01-07,P478,Groceries,4577.11,3878.91,18308.44,4,Pending,Low,North,Jaipur,user971@mail.com,user_971,Basic,S03,2025-06-11 02:06:00
1143,2025-02-13,P707,Clothing,5118.44,4337.66,20473.76,4,Completed,High,South,Patna,user972@mail.com,user_972,Standard,S14,2025-05-02 16:46:00
1145,2025-03-01,P521,Electronics,4555.15,3860.3,13665.45,3,Pending,Low,East,Bengaluru,user973@mail.com,user_973,Premium,S06,2025-06-26 18:38:00
1104,2025-01-02,P913,Furniture,4109.88,3482.95,20549.4,5,Pending,Low,West,Lucknow,user974@mail.com,user_974,Standard,S04,2025-03-24 14:45:00
1123,2025-05-12,P207,Books,5082.73,4307.4,5082.73,1,Pending,Low,North,Patna,user975@mail.com,user_975,Premium,S13,2025-01-04 05:33:00
1191,2025-02-01,P139,Clothing,1259.18,1067.1,1259.18,1,Pending,Medium,South,Chennai,user976@mail.com,user_976,Premium,S12,2025-05-21 13:25:00
1002,2025-03-17,P837,Electronics,2635.94,2233.85,7907.82,3,Cancelled,Medium,East,Lucknow,user977@mail.com,user_977,Standard,S11,2025-02-12 04:18:00
1133,2025-06-25,P631,Clothing,4759.87,4033.79,14279.61,3,Cancelled,Medium,West,Chennai,user978@mail.com,user_978,Premium,S15,2025-03-26 23:46:00
1034,2025-02-12,P110,Books,,3603.9,0,4,Pending,Medium,South,Bengaluru,user979@mail.com,user_979,Basic,S02,2025-01-02 09:44:00
1048,2025-02-21,P196,Electronics,3227.16,2734.88,9681.48,3,Completed,Low,West,Bengaluru,user980@mail.com,user_980,Premium,S06,2025-06-12 17:56:00
1057,2025-03-30,P391,Electronics,5483.0,4646.61,16449.0,3,Pending,Low,East,Lucknow,user981@mail.com,user_981,Standard,S13,2025-04-14 08:35:00
1138,2025-06-14,P205,Clothing,565.96,479.63,1131.92,2,Cancelled,High,East,Bengaluru,user982@mail.com,user_982,Basic,S10,2025-01-27 04:51:00
1133,2025-05-31,P719,Groceries,2026.98,1717.78,10134.9,5,Pending,Low,West,Kolkata,user983@mail.com,user_983,Premium,S01,2025-03-01 06:05:00
1157,2025-02-07,P431,Clothing,1070.98,907.61,1070.98,1,Completed,High,South,Chennai,user984@mail.com,user_984,Basic,S11,2025-05-01 10:19:00
1128,2025-01-31,P892,Clothing,3356.76,2844.71,13427.04,4,Pending,Low,West,Lucknow,user985@mail.com,user_985,Basic,S14,2025-05-14 10:33:00
1020,2025-06-04,P828,Clothing,5641.89,4781.26,16925.67,3,Completed,Medium,West,Chennai,user986@mail.com,user_986,Standard,S13,2025-03-06 21:07:00
1142,2025-04-22,P975,Furniture,1147.27,972.26,3441.81,3,Pending,Low,East,Patna,user987@mail.com,user_987,Premium,S10,2025-05-24 06:24:00
1095,2025-02-15,P638,Electronics,1250.33,1059.6,3750.99,3,Completed,High,East,Lucknow,user988@mail.com,user_988,Premium,S15,2025-04-05 08:32:00
1003,2025-06-05,P757,Furniture,311.86,264.29,935.58,3,Pending,Medium,North,Jaipur,user989@mail.com,user_989,Basic,S11,2025-01-15 18:52:00
1007,2025-05-01,P277,Books,3773.62,3197.98,15094.48,4,Pending,Low,North,Delhi,user990@mail.com,user_990,Basic,S01,2025-06-06 22:09:00
1180,2025-02-15,P157,Clothing,596.89,505.84,596.89,1,Pending,Low,North,Lucknow,user991@mail.com,user_991,Premium,S14,2025-05-20 08:54:00
1049,2025-06-17,P957,Books,4381.95,3713.52,13145.85,3,Cancelled,Medium,South,Lucknow,user992@mail.com,user_992,Standard,S01,2025-06-20 12:26:00
1170,2025-06-21,P251,Electronics,493.57,418.28,2467.85,5,Cancelled,Medium,North,Bengaluru,user993@mail.com,user_993,Basic,S01,2025-03-12 19:12:00
1176,2025-05-10,P418,Groceries,1118.1,947.54,1118.1,1,Pending,Low,East,Mumbai,user994@mail.com,,Basic,S08,2025-05-26 22:05:00
1144,2025-04-29,P286,Electronics,790.22,669.68,790.22,1,Cancelled,High,South,Lucknow,user995@mail.com,user_995,Standard,S11,2025-01-06 05:50:00
1002,2025-02-25,P415,Furniture,2779.74,2355.71,5559.48,2,Cancelled,Low,South,Bengaluru,,user_996,Basic,S01,2025-04-08 22:18:00
1045,2025-03-13,P331,Clothing,3385.07,2868.7,13540.28,4,Completed,Medium,South,Bengaluru,user997@mail.com,user_997,Basic,S05,2025-06-28 14:16:00
1023,2025-05-06,P890,Furniture,3464.02,2935.61,10392.06,3,Cancelled,Low,West,Bengaluru,user998@mail.com,user_998,Premium,S14,2025-05-30 12:09:00
1137,2025-05-26,P455,Clothing,5863.89,4969.4,23455.56,4,Cancelled,Low,East,Kolkata,user999@mail.com,user_999,Basic,S12,2025-05-09 17:53:00
1190,2025-03-10,P364,Electronics,3085.75,2615.04,6171.5,2,Completed,Medium,East,Delhi,user1000@mail.com,user_1000,Premium,S09,2025-06-18 20:11:00
1163,2025-01-29,P328,Electronics,4405.65,3733.6,8811.3,2,Completed,Low,North,Mumbai,user1@mail.com,user_1,Standard,S07,2025-01-09 00:05:00
1055,2025-03-01,P303,Books,3598.87,3049.89,17994.35,5,Cancelled,Low,West,Kolkata,user2@mail.com,user_2,Basic,S10,2025-03-13 00:48:00
1040,2025-06-28,P320,Groceries,2085.33,1767.23,4170.66,2,Pending,High,North,Patna,user3@mail.com,user_3,Premium,S06,2025-03-30 19:16:00
1011,2025-04-28,P180,Books,839.75,711.65,3359.0,4,Cancelled,Medium,East,Kolkata,user4@mail.com,user_4,Standard,S02,2025-01-12 21:14:00
1197,2025-03-16,P489,Electronics,5063.45,4291.06,5063.45,1,Pending,Medium,East,Bengaluru,user5@mail.com,user_5,Basic,S06,2025-02-23 21:17:00
1179,2025-06-24,P646,Electronics,3639.99,3084.74,7279.98,2,Cancelled,High,South,Chennai,user6@mail.com,user_6,Basic,S05,2025-06-13 22:35:00
1056,2025-06-25,P334,Furniture,4991.36,4229.97,4991.36,1,Completed,Medium,West,Jaipur,user7@mail.com,user_7,Premium,S04,2025-05-26 22:20:00
1054,2025-06-17,P246,Groceries,2405.55,2038.6,9622.2,4,Pending,High,South,Jaipur,user8@mail.com,user_8,Standard,S10,2025-04-20 18:25:00
1092,2025-02-26,P873,Clothing,3064.08,2596.68,3064.08,1,Completed,High,South,Bengaluru,user9@mail.com,user_9,Standard,S07,2025-06-02 02:24:00
1097,2025-06-02,P981,Groceries,3177.34,2692.66,15886.7,5,Completed,Low,North,Jaipur,user10@mail.com,user_10,Standard,S06,2025-01-29 09:27:00
1040,2025-04-27,P612,Electronics,5632.97,4773.7,16898.91,3,Completed,Low,North,Jaipur,user11@mail.com,user_11,Standard,S09,2025-06-05 06:09:00
1095,2025-02-11,P100,Books,5631.14,4772.15,28155.7,5,Cancelled,Medium,West,Delhi,user12@mail.com,user_12,Premium,S15,2025-04-03 09:15:00
1014,2025-03-03,P849,Books,5593.26,4740.05,5593.26,1,Pending,High,South,Bengaluru,user13@mail.com,user_13,Standard,S08,2025-05-21 05:16:00
1135,2025-06-05,P873,Groceries,5693.95,4825.38,28469.75,5,Cancelled,Low,South,Jaipur,user14@mail.com,user_14,Basic,S11,2025-06-16 11:28:00
1132,2025-04-26,P446,Electronics,1551.39,1314.74,1551.39,1,Completed,Low,South,Kolkata,user15@mail.com,user_15,Premium,S02,2025-06-11 01:14:00
1017,2025-01-09,P385,Furniture,527.7,447.2,1055.4,2,Cancelled,Medium,South,Bengaluru,user16@mail.com,user_16,Standard,S15,2025-05-27 18:30:00
1062,2025-05-02,P774,Groceries,1218.95,1033.01,1218.95,1,Pending,Medium,West,Patna,user17@mail.com,user_17,Basic,S14,2025-01-14 21:41:00
1165,2025-01-26,P919,Electronics,2445.95,2072.84,7337.85,3,Completed,High,South,Kolkata,user18@mail.com,user_18,Standard,S08,2025-02-05 13:11:00
1071,2025-04-29,P553,Clothing,5174.28,4384.98,5174.28,1,Cancelled,High,North,Delhi,user19@mail.com,user_19,Premium,S15,2025-03-02 05:26:00
1124,2025-05-04,P268,Clothing,5117.41,4336.79,5117.41,1,Pending,High,West,Jaipur,user20@mail.com,user_20,Basic,S05,2025-04-19 22:46:00
1200,2025-05-23,P322,Groceries,1013.03,858.5,3039.09,3,Completed,Low,North,Lucknow,user21@mail.com,user_21,Premium,S01,2025-05-30 15:32:00
1135,2025-02-10,P971,Electronics,5673.23,4807.82,5673.23,1,Completed,High,North,Kolkata,user22@mail.com,user_22,Basic,S02,2025-05-26 07:37:00
1152,2025-01-11,P678,Books,592.03,501.72,2960.15,5,Cancelled,Medium,East,Kolkata,user23@mail.com,user_23,Standard,S12,2025-03-22 07:16:00
1101,2025-02-03,P109,Furniture,2761.67,2340.4,2761.67,1,Pending,Low,North,Mumbai,user24@mail.com,user_24,Standard,S04,2025-05-10 08:08:00
1089,2025-01-18,P548,Clothing,2254.6,1910.68,4509.2,2,Cancelled,Low,East,Delhi,user25@mail.com,user_25,Standard,S14,2025-05-22 09:59:00
1169,2025-01-27,P860,Clothing,1647.14,1395.88,1647.14,1,Cancelled,High,East,Jaipur,user26@mail.com,user_26,Standard,S04,2025-03-29 06:43:00
1162,2025-03-09,P194,Books,2942.7,2493.81,2942.7,1,Cancelled,Medium,East,Delhi,user27@mail.com,user_27,Premium,S06,2025-02-03 20:16:00
1041,2025-04-24,P109,Books,4198.17,3557.77,20990.85,5,Completed,High,South,Delhi,user28@mail.com,user_28,Basic,S10,2025-05-22 04:27:00
1032,2025-01-11,P466,Furniture,2226.41,1886.79,2226.41,1,Completed,Low,South,Mumbai,user29@mail.com,user_29,Basic,S13,2025-05-24 13:39:00
1191,2025-02-09,P522,Clothing,5117.15,4336.57,10234.3,2,Completed,High,East,Patna,user30@mail.com,user_30,Standard,S14,2025-03-05 08:10:00
