vendor_id,vendor_name,risk_category
V00001,"Rodriguez, Figueroa and Sanchez",Low
V00002,Doyle Ltd,High
V00003,"Mcclain, Miller and Henderson",High
V00004,Davis and Sons,Low
V00005,"Guzman, Hoffman and Baldwin",High
V00006,"Gardner, Robinson and Lawrence",Medium
V00007,Blake and Sons,Low
V00008,"Henderson, Ramirez and Lewis",Low
V00009,Garcia-James,Medium
V00010,Abbott-Munoz,Low
V00011,Blair PLC,Low
V00012,Dudley Group,High
V00013,Arnold Ltd,Medium
V00014,"Mcclure, Ward and Lee",Medium
V00015,Williams and Sons,Low
V00016,Galloway-Wyatt,High
V00017,James Group,High
V00018,"Flowers, Martin and Kelly",Medium
V00019,"Adams, Zuniga and Wong",High
V00020,"Reid, Ferguson and Sanchez",Low
V00021,Gray-Mayo,Medium
V00022,"Watts, Robinson and Nguyen",Low
V00023,Perez Inc,Low
V00024,Morales-Jones,High
V00025,"Walter, Edwards and Rios",Medium
V00026,Wilkerson-Day,Low
V00027,Baker and Sons,High
V00028,"Hoffman, Baker and Richards",Medium
V00029,"ross, robinson and bright",High
V00030,"Snyder, Campos and Callahan",High
V00031,Burton Ltd,Low
V00032,Carlson-Cruz,High
V00033,"Ferrell, Rice and Maddox",High
V00034,Frazier Inc,High
V00035,"Dyer, Potter and Mack",Low
V00036,rodriguez-graham,High
V00037,Smith-Bowen,Medium
V00038,"Baker, Mason and White",Low
V00039,Harrell LLC,Low
V00040,"Romero, Gonzalez and Brooks",Medium
V00041,Ryan PLC,High
V00042,George Group,Medium
V00043,Rodriguez LLC,High
V00044,Allen-Allen,
V00045,"Arroyo, Miller and Tucker",Low
V00046,Spence PLC,Low
V00047,Anderson Group,High
V00048,"Martin, Rose and Obrien",High
V00049,Hickman Ltd,Low
V00050,"Harris, Collins and Carney",Low
V00051,"Brooks, Lam and Hayes",Medium
V00052,Walker LLC,Low
V00053,Chapman and Sons,Low
V00054,"Robinson, Jones and Welch",Medium
V00055,Jones Inc,Medium
V00056,Jones-Young,Low
V00057,"Washington, Ryan and Cummings",Low
V00058,"Johnston, Sanchez and Kennedy",Medium
V00059,lee-davis,Low
V00060,Gomez-Jenkins,Medium
V00061,"Brown, Valdez and Lucas",Medium
V00062,Powell LLC,Low
V00063,Wright and Sons,High
V00064,"West, Henderson and Ramirez",Low
V00065,Baxter Inc,Low
V00066,Morton-Chase,Low
V00067,Williams PLC,Medium
V00068,Novak and Sons,High
V00069,Russell Group,High
V00070,Hancock Inc,Low
V00071,Gray Group,Medium
V00072,House-Glover,Medium
V00073,Henderson-Bernard,Medium
V00074,"Stanley, Tucker and Lee",Low
V00075,Novak PLC,Medium
V00076,"Daniels, Adkins and Brown",Medium
V00077,"Woods, Calhoun and Schmidt",High
V00078,Yu Inc,High
V00079,Jones Inc,Low
V00080,"Hensley, Powell and David",Medium
V00081,"Sanchez, Wheeler and Harvey",Low
V00082,Sandoval-Cunningham,Medium
V00083,Donovan-Harris,High
V00084,"Edwards, Baker and Anderson",Medium
V00085,"Evans, Stewart and Walton",Low
V00086,Smith PLC,
V00087,"Ferrell, Jones and Lewis",
V00088,Anderson-Bailey,Medium
V00089,Suarez LLC,Medium
V00090,Moore-Bass,Medium
V00091,"Turner, Riggs and Roman",High
V00092,"Smith, Montoya and Evans",Low
V00093,"Garcia, Humphrey and Baker",Low
V00094,Newton and Sons,High
V00095,Campbell-Clark,Low
V00096,Harris-Walters,Medium
V00097,Wagner-King,Medium
V00098,Davis Group,
V00099,Williams-Cook,Medium
V00100,Walsh LLC,Medium
V00101,Figueroa PLC,Low
V00102,"Patterson, Smith and Jones",High
V00103,"Mckee, Gardner and Davenport",High
V00104,"Tran, Jordan and Williams",Medium
V00105,Nolan-Flynn,High
V00106,Nolan and Sons,Low
V00107,"Wright, Garcia and Deleon",Medium
V00108,Dickson-Brady,High
V00109,Hancock and Sons,High
V00110,Johnson-Doyle,High
V00111,Patton-Jenkins,High
V00112,"Shields, Cochran and Adams",High
V00113,"Rodriguez, Brennan and Garrison",Medium
V00114,Gonzalez Group,Medium
V00115,Torres-Pope,High
V00116,Walker Ltd,Low
V00117,Ross LLC,Low
V00118,Rasmussen LLC,Low
V00119,May-Ross,Medium
V00120,"Rivera, Johnson and Wiley",High
V00121,white-estes,Low
V00122,Johnson-Carlson,Medium
V00123,Chandler-Edwards,Low
V00124,"Joyce, Wilson and Lam",Medium
V00125,Scott Ltd,Medium
V00126,Smith-Frost,High
V00127,"Mcdaniel, Bentley and Mclaughlin",Medium
V00128,Diaz Inc,High
V00129,"Mccall, Hanson and Alvarado",Low
V00130,Cortez LLC,Medium
V00131,"Parker, Ortiz and Powell",Low
V00132,Spencer-Lee,Low
V00133,"Bentley, Byrd and Orr",Medium
V00134,"carroll, sullivan and bass",High
V00135,Mitchell-Jordan,
V00136,"Lawson, Morris and Ramos",Medium
V00137,"Lewis, Kennedy and Santana",Medium
V00138,"Jackson, Miller and Robertson",Medium
V00139,"Harvey, Davis and Crane",High
V00140,Chambers and Sons,High
V00141,Hernandez Inc,Low
V00142,Riggs PLC,Low
V00143,Gibson Ltd,Medium
V00144,"Lee, Horton and Snyder",Medium
V00145,Hernandez Ltd,Low
V00146,Stafford Inc,Medium
V00147,Robinson-Brock,Low
V00148,"Holmes, Williams and Wright",High
V00149,Bryant Group,High
V00150,"Schmidt, Hansen and Stewart",Medium
V00151,Salazar-Ball,Low
V00152,"Simmons, Meadows and Griffin",Medium
V00153,Manning Group,Medium
V00154,Green-Wright,Low
V00155,"Ramirez, Strickland and Washington",High
V00156,Hill Inc,High
V00157,"Mitchell, Nelson and Flores",Low
V00158,"Miller, Hernandez and Reyes",Medium
V00159,Mccarthy Inc,High
V00160,Russell-Daniels,High
V00161,Brown-Wall,Medium
V00162,Stein-Silva,Medium
V00163,"Smith, Gilmore and Johnston",Medium
V00164,Smith-Bell,High
V00165,Castaneda-Ashley,Medium
V00166,Medina-Navarro,Medium
V00167,"Hurst, Freeman and Nelson",
V00168,Johnson-Rogers,Low
V00169,"Yates, Ramsey and Pittman",High
V00170,Hooper PLC,Low
V00171,Meadows PLC,Medium
V00172,"Alvarado, Miller and Patterson",Medium
V00173,White-Green,High
V00174,Lewis-Murphy,Low
V00175,Ramirez-Bean,Low
V00176,King-Miller,Low
V00177,Curry Inc,Low
V00178,Walker-Jones,
V00179,"Williams, Johnson and Wright",High
V00180,Howell and Sons,Low
V00181,Wells Inc,Medium
V00182,"Gould, Marshall and Scott",Medium
V00183,Jackson-Lawson,Medium
V00184,"Higgins, Strickland and Martin",Low
V00185,Rodriguez-Johnson,Low
V00186,Johnston-Odonnell,High
V00187,Sanders-Espinoza,Medium
V00188,Vargas Ltd,Medium
V00189,Garcia LLC,Low
V00190,"Burke, Martinez and Riggs",Low
V00191,Reed Group,Low
V00192,"Wood, Hunter and Peterson",
V00193,Short-Garcia,High
V00194,Reid-Poole,Medium
V00195,"Hernandez, Thompson and Boyd",Medium
V00196,"Nelson, Morton and Medina",Medium
V00197,Marshall-Petersen,Medium
V00198,"Adams, Christian and Rivas",Medium
V00199,Ramirez Group,Medium
V00200,Christensen PLC,
V00201,"Barnett, Rogers and Snyder",High
V00202,White-Lewis,High
V00203,Peterson-Beard,Medium
V00204,"Beard, Peters and Black",Low
V00205,Miller Ltd,Low
V00206,Freeman-Chang,High
V00207,"Alvarez, Joseph and West",High
V00208,Davis and Sons,
V00209,Holt-Torres,Medium
V00210,"Wood, Tran and Cooper",High
V00211,"Pierce, Bell and Chavez",Low
V00212,King-Martinez,High
V00213,Stewart Ltd,High
V00214,"Tapia, Vaughn and Lee",
V00215,"Washington, Hardy and Bray",High
V00216,"Carlson, Hooper and Wall",Low
V00217,Perez-White,Medium
V00218,Erickson and Sons,Medium
V00219,Williams-Brown,Medium
V00220,Terry-Martinez,Medium
V00221,Garcia-Smith,Low
V00222,Harrison-Alexander,Medium
V00223,Sheppard LLC,Medium
V00224,Wilson-Jones,Low
V00225,Jones-Soto,High
V00226,Hernandez PLC,Low
V00227,Miller-Wright,Low
V00228,"Duran, Obrien and Gibbs",High
V00229,Rowe Group,Medium
V00230,Kerr-Evans,Medium
V00231,"Branch, Torres and Oliver",Low
V00232,"Choi, Garcia and Farmer",Low
V00233,"Clark, Guerrero and Moore",Low
V00234,Arnold and Sons,High
V00235,Ortiz Ltd,High
V00236,"Harrison, Johnson and Roberts",High
V00237,Warner-Gibson,High
V00238,"Hall, Baker and Moody",Low
V00239,"Guerrero, Peck and Coleman",High
V00240,"Walker, Hernandez and Baker",High
V00241,Jones and Sons,Low
V00242,Larson-Holloway,Low
V00243,Gonzales-Harrison,Low
V00244,Lyons-Bender,High
V00245,"Fernandez, Kim and George",Low
V00246,Navarro-Munoz,
V00247,Davis Ltd,High
V00248,"Matthews, Smith and Hubbard",High
V00249,Johnston-Hines,Medium
V00250,Ruiz Ltd,Medium
V00251,Moon-White,High
V00252,"graham, olsen and costa",High
V00253,Bailey-Cook,High
V00254,"Garcia, Martin and Jenkins",Low
V00255,Roberts-Landry,High
V00256,"Johnson, Miller and King",High
V00257,Cordova Group,Medium
V00258,"Bryan, Smith and Booth",High
V00259,Gutierrez-Lopez,High
V00260,Dean-Jimenez,High
V00261,Wolf-Harris,Medium
V00262,"Anderson, Roberts and Gilmore",High
V00263,Martinez-Dudley,Low
V00264,"Lloyd, Mckinney and Collins",High
V00265,Tran Inc,Medium
V00266,Gay Inc,High
V00267,Valentine-Holland,Low
V00268,Jimenez Ltd,High
V00269,Hicks-Hill,High
V00270,Baird-Sanchez,Low
V00271,"Thomas, Lee and Greene",Low
V00272,"Suarez, Shields and Hill",Medium
V00273,Morgan-French,High
V00274,Hoover-Campbell,High
V00275,Monroe-Carpenter,
V00276,"Burns, Hernandez and Ryan",Medium
V00277,Cook-Hines,High
V00278,Gibson-Morris,Low
V00279,Pollard and Sons,Medium
V00280,"Reyes, Chase and Jenkins",Low
V00281,Garner-Thornton,High
V00282,Hughes-Alvarado,High
V00283,"Pollard, Simpson and Johnson",Low
V00284,"Sanford, Rivera and Garcia",Low
V00285,Garcia-Lozano,Low
V00286,Bowen Group,Medium
V00287,"Booker, Jones and Harrington",Low
V00288,Morgan-Schwartz,High
V00289,"Miller, Murphy and Craig",Medium
V00290,"James, Stewart and Higgins",
V00291,Brennan-Johnson,Medium
V00292,Young Ltd,Medium
V00293,Bright-Francis,Low
V00294,Good-Hodges,Low
V00295,"Brennan, Wallace and Benson",Medium
V00296,Williams Inc,High
V00297,Howard-Jordan,High
V00298,Schmidt PLC,Medium
V00299,"Sparks, Jackson and Miller",Medium
V00300,Harvey-Allen,Medium
V00301,"Thomas, Murray and King",High
V00302,Estrada-Nolan,Low
V00303,Santana-Byrd,Low
V00304,Jones LLC,High
V00305,"Evans, Hayden and Vaughn",High
V00306,Bruce-Gonzalez,Medium
V00307,Castaneda-Rodriguez,High
V00308,Armstrong-Andrews,High
V00309,"Phillips, Spence and Barrett",Medium
V00310,Smith-Grimes,High
V00311,"Beltran, Lozano and Mcgee",Low
V00312,Parsons-Hall,Medium
V00313,Robinson-Lee,High
V00314,Byrd-Le,Low
V00315,"Becker, Taylor and Davis",Medium
V00316,"Lucas, Parker and Alexander",High
V00317,"Diaz, Anderson and Browning",Low
V00318,Burgess-Thompson,Medium
V00319,Buchanan LLC,Medium
V00320,"Shaw, Nelson and Martin",Medium
V00321,Coffey-Phillips,High
V00322,Brock-Mcdonald,High
V00323,Taylor and Sons,Low
V00324,"Ramsey, Whitney and Coffey",Low
V00325,"Diaz, Gibbs and Smith",Medium
V00326,"Martinez, Richardson and Curry",Low
V00327,Richards-Carson,Low
V00328,Rodriguez-Hall,High
V00329,Harvey PLC,Medium
V00330,Herman-Walker,Low
V00331,Reid Group,Low
V00332,"Turner, Ortiz and Taylor",High
V00333,Torres Group,High
V00334,Davis PLC,Low
V00335,Price LLC,Medium
V00336,"Avery, Horton and Fernandez",Low
V00337,"Newton, Moore and Perry",High
V00338,Bass PLC,Low
V00339,Crosby-Ramirez,High
V00340,"Wood, Ramos and Sampson",High
V00341,Garcia-Jennings,Medium
V00342,"Winters, Newman and Brown",Medium
V00343,Lopez-Martinez,Low
V00344,Davis-Lewis,High
V00345,"Harper, Smith and Buchanan",Medium
V00346,Zhang PLC,Medium
V00347,Jones PLC,Medium
V00348,Willis and Sons,Medium
V00349,Schroeder-Kramer,High
V00350,"Smith, Garrison and Thomas",Low
V00351,Fernandez and Sons,Medium
V00352,Guerrero Inc,Medium
V00353,Smith and Sons,Low
V00354,"Morris, Thompson and Williams",Medium
V00355,"Fisher, Wilson and Brown",Medium
V00356,Strickland-Palmer,Medium
V00357,Hayes and Sons,Low
V00358,"Williams, Logan and Camacho",High
V00359,"Turner, Schneider and Johnson",High
V00360,Boone-Simmons,High
V00361,Henry Group,Medium
V00362,Lam LLC,Medium
V00363,"Hernandez, Martinez and Weber",Low
V00364,"Kelley, Nguyen and Vang",High
V00365,"Phillips, Wagner and Jordan",High
V00366,"Wilson, Pena and Rich",High
V00367,"Le, Lewis and Hayes",Medium
V00368,Gutierrez Group,Low
V00369,Perry-Davis,Low
V00370,Edwards-Scott,Medium
V00371,Mcdaniel Group,Low
V00372,Davis Inc,Medium
V00373,Reynolds Ltd,High
V00374,"Watson, Anderson and Brown",Medium
V00375,"Hoffman, Santiago and Jenkins",High
V00376,"Pugh, Henderson and Moon",Medium
V00377,Schmitt PLC,Low
V00378,Bell-Lane,Low
V00379,Moore Group,High
V00380,Boone LLC,Low
V00381,"Richardson, Farmer and Andrews",High
V00382,Bruce-Villegas,Low
V00383,"Austin, Day and Johnson",Low
V00384,"Gallegos, Adams and White",Low
V00385,"Farmer, Dorsey and Bell",Low
V00386,Kane PLC,High
V00387,"Morales, Thomas and Schultz",Medium
V00388,Davis PLC,High
V00389,Bennett Group,High
V00390,Moore-Collins,Medium
V00391,frank-bradley,Medium
V00392,Ware and Sons,Medium
V00393,Webster Inc,High
V00394,"Miller, Ramos and Coleman",Medium
V00395,"Ramos, Nelson and Fischer",High
V00396,Reed Inc,Low
V00397,Gregory-Watkins,Low
V00398,"Estrada, Williams and Foster",Low
V00399,"Brown, Harris and Dougherty",High
V00400,Duran LLC,Medium
V00401,Wilson-Jimenez,Medium
V00402,Thompson-James,High
V00403,"Hall, Hansen and Barnett",Low
V00404,Jones-Hensley,Low
V00405,Graham Group,High
V00406,Atkins PLC,High
V00407,Berry-Mckinney,Low
V00408,Roberts-Sullivan,High
V00409,Jackson-Meza,Medium
V00410,Collier-Gillespie,Low
V00411,Kim Inc,Low
V00412,Graham Group,Low
V00413,"Miller, Harrell and Reese",Medium
V00414,Cook and Sons,High
V00415,Dixon Inc,Low
V00416,"Hicks, Bullock and Bailey",Medium
V00417,"Mullen, Brewer and Hernandez",Low
V00418,Thomas and Sons,High
V00419,Morrison Ltd,Low
V00420,Thompson Ltd,Low
V00421,Marshall-Elliott,Low
V00422,"Cole, Glass and Cunningham",High
V00423,"Downs, Morris and Maddox",High
V00424,Hernandez-Jones,Low
V00425,Welch-Hogan,Medium
V00426,"Brown, Romero and Collins",Low
V00427,Johnson-Wood,High
V00428,Jones-Lin,High
V00429,Gilbert PLC,High
V00430,Ford-Spencer,High
V00431,"Huang, Cole and Pacheco",Medium
V00432,"Lopez, Jacobs and Mason",High
V00433,Hayes LLC,Medium
V00434,"Miller, Lucas and Williams",High
V00435,"Kim, Gonzales and Mills",High
V00436,Cox LLC,Low
V00437,Ortiz-Morgan,Low
V00438,"Williams, Mccoy and Cook",High
V00439,Davis-Gregory,Low
V00440,King-York,
V00441,"Marks, Cook and Aguilar",Low
V00442,Rangel LLC,High
V00443,"Hale, Myers and Larson",Medium
V00444,Collins Group,Medium
V00445,"Conner, Li and Santiago",Medium
V00446,"Osborn, Gaines and Davis",Medium
V00447,"Henderson, Cox and Cox",High
V00448,Bean LLC,High
V00449,Lee-Cooke,Low
V00450,Jones Inc,Medium
V00451,"Wise, Conley and Stephenson",Low
V00452,Stanley PLC,High
V00453,Harper and Sons,Medium
V00454,White Ltd,Low
V00455,"Lamb, Martin and Kim",Medium
V00456,Diaz-Ball,High
V00457,Bishop-Goodwin,Low
V00458,Young-Allen,Medium
V00459,Mckee-Lee,Low
V00460,"Valentine, Joyce and Murray",
V00461,Strickland-Shaw,Medium
V00462,Burch-Montoya,High
V00463,"Taylor, Wright and Davidson",Low
V00464,Spencer-Garcia,High
V00465,"Rosales, Mitchell and Hines",High
V00466,Cole-Palmer,Low
V00467,Davis-Lozano,High
V00468,Wilkerson-Arias,Medium
V00469,Brown-Shaw,High
V00470,Hughes Inc,High
V00471,Walker-Flores,Medium
V00472,Combs Ltd,Medium
V00473,Moody-Taylor,High
V00474,Lowery-Kennedy,High
V00475,Blake Group,Low
V00476,Gilbert-Bullock,
V00477,Scott and Sons,Medium
V00478,"Bentley, Lynch and Henderson",High
V00479,Young-Martinez,High
V00480,Barnes PLC,Medium
V00481,Brown-Copeland,High
V00482,Carlson-Smith,High
V00483,"Andrews, Higgins and Carter",High
V00484,Mendez and Sons,Medium
V00485,"Butler, Beck and Miller",Medium
V00486,Jones-Fox,Medium
V00487,"Hartman, Romero and Smith",Medium
V00488,Williams-Hughes,
V00489,King-Smith,Medium
V00490,Cooper Ltd,Low
V00491,"Fuller, Ingram and Moss",Low
V00492,Anderson-Bell,Low
V00493,Li-Thompson,High
V00494,"Marshall, Dominguez and Welch",High
V00495,Brown Group,Low
V00496,Carter Inc,Medium
V00497,Blackwell LLC,Medium
V00498,Robertson-Hays,Medium
V00499,"Kennedy, Johnson and Lucas",High
V00500,Kelly-Norman,Low
V00501,"Rivera, Martinez and Richardson",Medium
V00502,Paul-Kline,
V00503,Morgan-Lopez,Medium
V00504,"Jimenez, Glass and Stone",Low
V00505,Acosta Inc,Low
V00506,Morrison-Short,High
V00507,"Carter, Garcia and Murphy",High
V00508,Parker-Morrison,Medium
V00509,Jackson-Wallace,Low
V00510,Williams-Berg,Low
V00511,Mendez-Graham,Medium
V00512,"Whitney, Gould and Jones",Medium
V00513,"Sullivan, Palmer and Brady",High
V00514,Cisneros and Sons,High
V00515,"Gregory, Kim and Martinez",High
V00516,Osborne LLC,Medium
V00517,Reyes-Bradley,Medium
V00518,"Hernandez, Cole and Watson",Medium
V00519,Hines-Berry,Low
V00520,"Richardson, Edwards and Ramirez",High
V00521,Johnson and Sons,High
V00522,Holmes-Mcintyre,High
V00523,Green LLC,Low
V00524,"Griffin, Davies and Mitchell",Low
V00525,Gonzalez-Taylor,Medium
V00526,Hayes Ltd,High
V00527,osborn-cochran,Medium
V00528,Contreras-Mckinney,High
V00529,"Daniels, Vance and York",High
V00530,"Mckinney, Graves and Thompson",
V00531,Hicks-Martinez,High
V00532,Conner and Sons,Medium
V00533,Johnson-Spencer,Medium
V00534,Mcdonald-Bird,High
V00535,Salazar Inc,High
V00536,Parker Ltd,Low
V00537,"Mendoza, Jenkins and Ortiz",High
V00538,"Jones, Compton and Day",Medium
V00539,Owens-Holmes,Low
V00540,Humphrey PLC,Low
V00541,"Matthews, Saunders and Anderson",Medium
V00542,"Bartlett, Brown and Martinez",Low
V00543,Torres and Sons,High
V00544,Donovan-Perez,Low
V00545,"Jacobson, Singleton and King",High
V00546,"Huber, Hill and Weber",Low
V00547,"Ferguson, Shaw and Jackson",Medium
V00548,"Moore, Hopkins and Le",High
V00549,"Morgan, Bradshaw and Williams",Medium
V00550,Miller Ltd,High
V00551,"Baker, Clark and Armstrong",Low
V00552,"Fowler, Jimenez and Burton",Medium
V00553,May-Turner,Low
V00554,Ballard Ltd,Medium
V00555,Evans-Jones,Medium
V00556,Moore Group,Low
V00557,Marshall-Peterson,Low
V00558,Edwards Ltd,Medium
V00559,Gross-Valencia,Low
V00560,Anderson-Wood,High
V00561,"Rodriguez, Allen and Martinez",High
V00562,Wright-Davis,High
V00563,Dougherty-Lin,High
V00564,Wright-Grimes,High
V00565,Li PLC,Medium
V00566,"Edwards, Hines and Jimenez",Low
V00567,"Owens, Koch and Jimenez",Low
V00568,Landry PLC,Medium
V00569,Levy-Lewis,High
V00570,Williams-Campbell,Medium
V00571,"Khan, Pena and Ruiz",Medium
V00572,"Smith, Rodriguez and Anderson",Low
V00573,Luna-Gallagher,
V00574,Williams-Williams,Low
V00575,"lee, tran and jones",Low
V00576,"Cole, Pierce and Bryan",Medium
V00577,"becker, wilson and hester",High
V00578,Brooks-Hatfield,
V00579,"Mcmillan, Fischer and Gonzalez",Low
V00580,"Morales, Williams and Williams",Low
V00581,"Cook, Wells and Bryant",Low
V00582,"Barry, Taylor and Velazquez",Medium
V00583,Martin-Ewing,Medium
V00584,"Kirby, Wheeler and Romero",Medium
V00585,"Patel, Erickson and Evans",Low
V00586,Richardson Ltd,Low
V00587,Whitney PLC,Medium
V00588,Robles-Swanson,High
V00589,"Soto, Carlson and Baker",Low
V00590,"Patton, Parsons and Lane",
V00591,"Williams, Castillo and Warren",High
V00592,"Harvey, Randall and Hernandez",Low
V00593,"Allen, Armstrong and Graves",Low
V00594,Smith LLC,High
V00595,Hernandez-Vaughn,High
V00596,Shaw-Carr,Low
V00597,Salas-Fitzgerald,Medium
V00598,Thornton PLC,
V00599,Hoffman Ltd,Medium
V00600,Fox-Edwards,Medium
V00601,Stevens PLC,Low
V00602,Payne-Lowe,High
V00603,"Becker, Lara and Baker",High
V00604,Lee-Wright,Medium
V00605,"Evans, David and Hendrix",Medium
V00606,Bush-Vaughn,Low
V00607,Stewart-Bailey,
V00608,"Hill, Martinez and Rhodes",High
V00609,Huang-Foster,Low
V00610,Blevins-Ballard,High
V00611,Williams-Moses,High
V00612,Reed Group,Low
V00613,"Scott, Mendoza and Harris",Low
V00614,"Nelson, Hoffman and Nelson",Medium
V00615,Gilbert PLC,High
V00616,Sanchez Ltd,Medium
V00617,"Perez, Hall and Garcia",Medium
V00618,Love-Garcia,Medium
V00619,Smith PLC,Medium
V00620,Russell Group,Medium
V00621,Santos-Avila,Medium
V00622,Morris-Brewer,Medium
V00623,Pearson and Sons,Medium
V00624,"Rodgers, Jefferson and Johnson",High
V00625,Butler and Sons,High
V00626,Osborn Group,Medium
V00627,Lopez-Curry,Low
V00628,Mcdowell-Smith,Medium
V00629,"Morrison, Hebert and Rogers",High
V00630,Hays-Daniels,
V00631,Small-Anderson,Low
V00632,"Mcdonald, Lee and Rodriguez",Low
V00633,Simon Ltd,Medium
V00634,Higgins-Smith,Low
V00635,Gibbs-Bradley,Medium
V00636,Thompson Ltd,Medium
V00637,Wilcox-Robertson,Medium
V00638,Morales Inc,Medium
V00639,Holden Group,High
V00640,Boyle-Smith,High
V00641,Young-Molina,Low
V00642,Turner-Sharp,High
V00643,Green LLC,High
V00644,"Young, Contreras and Marshall",Medium
V00645,Sullivan PLC,Low
V00646,"Carrillo, Vaughn and Fowler",High
V00647,Richardson-Walker,
V00648,Mendoza Group,High
V00649,"Zhang, Brooks and Miles",High
V00650,Todd-Pham,Low
V00651,Gill Ltd,High
V00652,"Marks, Miller and Griffin",Medium
V00653,"Cox, Stark and Rodriguez",High
V00654,"Leach, Harris and Herrera",High
V00655,Murphy PLC,Low
V00656,Wilson-Harris,Medium
V00657,"Burns, Nolan and Griffin",Low
V00658,Chavez PLC,High
V00659,Bryant-Brown,Medium
V00660,Chambers-Parker,Low
V00661,Foster Inc,High
V00662,"Robinson, Jones and Henderson",Medium
V00663,"Brown, Mcknight and Michael",Low
V00664,Andersen Group,
V00665,Mitchell and Sons,Low
V00666,Cannon Ltd,High
V00667,"Stuart, Brooks and Vance",High
V00668,Kane-Knox,High
V00669,Miller-Brandt,Low
V00670,"Anderson, Dalton and Wilson",Medium
V00671,"Long, Anderson and Irwin",Medium
V00672,Avila LLC,Low
V00673,Nunez-Stephens,High
V00674,"Gray, Hall and Murray",Low
V00675,Hill Ltd,High
V00676,Johnson Ltd,High
V00677,Mendez-Mayer,Low
V00678,Allen Inc,Medium
V00679,Wheeler Group,Low
V00680,"Powers, Brennan and Sanchez",High
V00681,Morales and Sons,High
V00682,"Robinson, Shields and Brown",Medium
V00683,"Holder, Young and Hendricks",Medium
V00684,"Flores, Harper and Chambers",High
V00685,Young-Walter,Low
V00686,"Boyd, Gutierrez and Hill",Low
V00687,"Fry, Hobbs and Buck",Medium
V00688,"Shelton, Peters and Williams",Medium
V00689,David-Powers,Low
V00690,"Flores, Butler and Hernandez",Low
V00691,White-Medina,Low
V00692,Atkinson LLC,High
V00693,"Thomas, Ford and Brown",Low
V00694,Faulkner-Grant,High
V00695,Price LLC,High
V00696,Rivera Inc,Medium
V00697,Boone-Davis,Low
V00698,"calderon, williams and bennett",High
V00699,"Morrison, Russo and Lopez",Low
V00700,"Ramsey, Hansen and Mendoza",Medium
V00701,Turner-Stout,Low
V00702,Giles Ltd,Medium
V00703,Burgess Group,High
V00704,Dominguez Ltd,High
V00705,Sanders and Sons,High
V00706,"Morris, Campbell and Owens",Low
V00707,"Howard, Green and Hunt",High
V00708,Owens-Lang,Medium
V00709,"Harrison, Franco and Rocha",Low
V00710,Edwards-Williams,
V00711,Figueroa Inc,Low
V00712,Tran-Silva,Medium
V00713,"Butler, Hernandez and Rivera",Medium
V00714,hudson-sanchez,High
V00715,"Pena, Cohen and Scott",Medium
V00716,Levy-May,Medium
V00717,Murray-Oconnor,
V00718,Jackson-Cortez,
V00719,White-Preston,High
V00720,"Bernard, Warren and Combs",Medium
V00721,Landry Ltd,Medium
V00722,Duran Group,Low
V00723,Kirby and Sons,Medium
V00724,Mann Inc,Low
V00725,Wagner LLC,Medium
V00726,Williamson Ltd,
V00727,"Durham, Hopkins and Smith",Low
V00728,"Arnold, Smith and Moreno",Low
V00729,Nichols-Mitchell,High
V00730,"Li, Craig and Drake",Medium
V00731,Rodriguez Inc,Medium
V00732,"Hernandez, Lee and Fox",Medium
V00733,Adams-Sanders,High
V00734,Chung-Stevens,High
V00735,branch and sons,Low
V00736,Sutton-Abbott,Medium
V00737,"Frey, Santos and Johnson",Low
V00738,Gray-Tran,Low
V00739,Walsh Ltd,Medium
V00740,Miller Group,High
V00741,"Mueller, Knight and Hodge",High
V00742,Jacobson Inc,Medium
V00743,Lewis Ltd,Medium
V00744,"Alvarez, Williams and Jones",Low
V00745,Lam-Elliott,Medium
V00746,White LLC,High
V00747,Ali PLC,
V00748,Goodwin Ltd,High
V00749,Hickman-Evans,
V00750,"Allen, Davenport and Price",Low
V00751,"Rivera, Campos and Taylor",Medium
V00752,"Ramsey, Mason and Mccann",High
V00753,Davis and Sons,High
V00754,Peterson PLC,High
V00755,"Sanders, Ayala and Johnson",High
V00756,Bowers-Hayes,Medium
V00757,Kelly Group,Medium
V00758,Lopez-Willis,High
V00759,Miller-Montgomery,Medium
V00760,Marquez Inc,High
V00761,Moore-Dawson,Medium
V00762,"Moore, Price and Ward",Low
V00763,Smith LLC,Low
V00764,Ward-Nelson,Low
V00765,Miller Group,High
V00766,Hawkins-Hunt,High
V00767,Johnson LLC,Low
V00768,"Davis, George and Nguyen",Low
V00769,Smith-Gutierrez,
V00770,Hardy PLC,Low
V00771,Armstrong and Sons,High
V00772,"James, Taylor and Turner",Low
V00773,Thomas-Jackson,Low
V00774,Fisher-Washington,
V00775,Ward and Sons,High
V00776,"Weber, Wheeler and Gonzalez",Low
V00777,Taylor Inc,Low
V00778,Cook-Oliver,
V00779,Alexander-Jordan,High
V00780,"Mccann, Taylor and Flores",Low
V00781,"Harris, Edwards and Oconnell",Low
V00782,Carter-Neal,High
V00783,Faulkner-Casey,Medium
V00784,Bennett-Velasquez,Medium
V00785,Diaz-Frederick,Medium
V00786,Vargas PLC,Low
V00787,Maldonado PLC,Medium
V00788,Benton Group,Low
V00789,"Clark, Salinas and Guerra",High
V00790,Fuentes Group,Low
V00791,"Porter, Schultz and Allen",Medium
V00792,"Moore, Henderson and Bennett",Low
V00793,Ewing-Mendoza,
V00794,Ferguson-Mclean,High
V00795,"Barnes, Johnson and Schmitt",High
V00796,"Woodard, Herrera and Little",Low
V00797,Rodriguez and Sons,Low
V00798,"Ortega, Jackson and Salazar",Medium
V00799,"Terrell, Byrd and Ross",
V00800,Sheppard-Jordan,Low
V00801,Garcia and Sons,Medium
V00802,"Burgess, Grant and Watts",Medium
V00803,Griffin Group,High
V00804,Barton-Chapman,High
V00805,"Hernandez, Cuevas and Webb",Low
V00806,Perry-Nixon,Medium
V00807,Guerra Ltd,
V00808,Bailey LLC,
V00809,Mueller-Boyd,High
V00810,Alvarez-Kim,Medium
V00811,"Chavez, Jones and Williams",Low
V00812,"Wilson, Sweeney and Wong",
V00813,"Marsh, Spears and Yang",Medium
V00814,"Thompson, Moore and Castro",Low
V00815,Hall-Sullivan,Medium
V00816,Lopez Ltd,Low
V00817,Foster-Mclaughlin,Low
V00818,Cole Group,
V00819,Smith-Lewis,Low
V00820,Goodwin-Stokes,High
V00821,Ray PLC,Medium
V00822,Diaz and Sons,
V00823,Wilson-Lambert,High
V00824,Rose-Fowler,Medium
V00825,"Price, Long and Wilson",High
V00826,Bruce-Williamson,Medium
V00827,"Mccarthy, Evans and Mendez",Low
V00828,Powers LLC,High
V00829,Allen Inc,Low
V00830,Brooks and Sons,Medium
V00831,"Price, Carlson and Andrews",Medium
V00832,Lopez-Reid,High
V00833,"Ellison, Arias and Thompson",Medium
V00834,Burns and Sons,Medium
V00835,Edwards Group,Low
V00836,"Brown, Howard and Smith",High
V00837,Lee Group,High
V00838,"Wagner, Simpson and Cohen",High
V00839,Mckinney-Wallace,Medium
V00840,Miller Inc,High
V00841,Carter LLC,Low
V00842,Medina and Sons,Low
V00843,Cunningham-Barton,Low
V00844,Dunn-Wilson,High
V00845,Adams PLC,Low
V00846,Weaver-Sherman,Medium
V00847,"Alexander, Robinson and Coleman",High
V00848,"Greer, Potter and Evans",Low
V00849,Cole LLC,Low
V00850,Gonzales Inc,High
V00851,Clark Ltd,Medium
V00852,"Norris, Callahan and Bishop",Low
V00853,Martin-Taylor,Low
V00854,Li Inc,Low
V00855,"Bell, Campbell and Ryan",Low
V00856,Werner-Carter,Medium
V00857,"Adams, Hodge and Duke",Low
V00858,"Ochoa, Taylor and Brady",Medium
V00859,Sellers-Riddle,Low
V00860,"Martinez, Cline and Wright",High
V00861,"Morris, Wright and Bridges",Low
V00862,Burns-Ray,High
V00863,Burton-Brooks,Low
V00864,Schultz Inc,
V00865,Robertson-Ramirez,High
V00866,Gibson-Freeman,High
V00867,"Smith, Schroeder and Oconnor",Low
V00868,"Stanton, Reid and Terry",Medium
V00869,Flynn Group,Medium
V00870,Donaldson and Sons,Low
V00871,Adams-Clayton,Low
V00872,Kelley-Anderson,High
V00873,Kramer-Shannon,Medium
V00874,Williams Ltd,Low
V00875,Smith-Noble,High
V00876,Alexander Inc,Medium
V00877,Harris-Barker,Medium
V00878,Khan LLC,High
V00879,Baxter LLC,High
V00880,Pena LLC,High
V00881,Watson Ltd,High
V00882,Williams Ltd,Low
V00883,Barber-Fischer,High
V00884,Rios-Padilla,
V00885,Lewis Inc,Medium
V00886,Wheeler PLC,High
V00887,"Wallace, Smith and Cooper",Medium
V00888,Mcneil Group,High
V00889,"Anderson, Jones and Reyes",High
V00890,"Shaffer, Garcia and Richardson",Medium
V00891,Taylor-Ayala,High
V00892,May Ltd,Medium
V00893,Jones PLC,Medium
V00894,Bishop and Sons,Low
V00895,Bell-Lewis,Medium
V00896,"Hernandez, Jenkins and Parks",High
V00897,Miller Inc,Low
V00898,Goodwin PLC,Low
V00899,"Cruz, Richmond and Edwards",Medium
V00900,Wright Ltd,High
V00901,Wright PLC,Low
V00902,"Griffith, Mitchell and Pugh",Low
V00903,Abbott Ltd,Medium
V00904,Harris-Lawson,High
V00905,Adkins LLC,Medium
V00906,"Brown, Hurst and Blevins",
V00907,Cruz-Allen,High
V00908,"Wheeler, Rice and Levine",Medium
V00909,Peck-Anderson,Low
V00910,"Fisher, Payne and Thompson",Medium
V00911,Best-Townsend,Medium
V00912,Matthews Inc,Low
V00913,Lewis-Livingston,Low
V00914,Hunter-Fuller,Low
V00915,"Wang, Henderson and Morales",Medium
V00916,"Herrera, Jensen and Ramirez",High
V00917,Miller-Mccall,Low
V00918,Herrera Group,Low
V00919,"Walters, Davenport and Becker",Low
V00920,Collins Group,Medium
V00921,"Ashley, Allen and Sanchez",High
V00922,Wilson-Salazar,High
V00923,Parker Ltd,Low
V00924,"Yang, Wilson and Zimmerman",High
V00925,"Smith, Crawford and Reed",Medium
V00926,"Logan, Le and Jackson",High
V00927,Brady LLC,Low
V00928,"Tanner, Wise and Johnson",Low
V00929,Nelson-Brown,High
V00930,"Proctor, Burton and Crawford",Medium
V00931,"Ward, Porter and Bradley",Low
V00932,Moore-Ayala,Medium
V00933,"Craig, Wilson and Yang",High
V00934,Williams Inc,Low
V00935,Williams LLC,Medium
V00936,Mora-White,High
V00937,Tran Ltd,Low
V00938,"Rios, Walker and Wright",Medium
V00939,"Flores, Mckenzie and Duncan",High
V00940,Shaw Inc,High
V00941,Walker PLC,Low
V00942,Finley Inc,Low
V00943,Cline-Ayala,High
V00944,Murphy-Tran,Medium
V00945,Wood LLC,
V00946,"Mueller, Stevenson and Sanchez",Low
V00947,Vargas-Snyder,High
V00948,Oconnor PLC,Medium
V00949,Hernandez Group,High
V00950,Hall LLC,Low
V00951,"Franco, Wiley and Tapia",Medium
V00952,Blake Group,Medium
V00953,"Acosta, Garcia and Moreno",High
V00954,Barnes Inc,Low
V00955,Dawson Inc,Low
V00956,morse plc,Medium
V00957,Haynes-Watson,
V00958,"Miller, Davis and Anderson",High
V00959,Jones-Bradley,High
V00960,Bates-Anderson,Low
V00961,Green-Edwards,High
V00962,Haynes-Moss,High
V00963,Chavez-Hall,Low
V00964,Taylor PLC,High
V00965,Moore and Sons,Low
V00966,Owens-Russell,Low
V00967,"Howard, Townsend and Hayes",Medium
V00968,Baker-Wilson,High
V00969,Aguirre LLC,High
V00970,"Terry, Williams and Huff",Medium
V00971,Hernandez-Dawson,
V00972,Foster-Williams,High
V00973,Green-Ewing,High
V00974,Crane Group,Low
V00975,"Adkins, Wright and Murray",High
V00976,Martinez Inc,Medium
V00977,Anderson Group,Medium
V00978,Parks-Pace,High
V00979,Aguilar LLC,Low
V00980,Johnson Inc,High
V00981,Orr Group,High
V00982,Davis LLC,Medium
V00983,Williams Group,High
V00984,Jackson PLC,Medium
V00985,Underwood-Foster,Medium
V00986,Reyes Group,Medium
V00987,Gomez and Sons,High
V00988,Ramirez-Stephenson,Low
V00989,Mendez PLC,Low
V00990,Holland Group,High
V00991,Andrade-Mendoza,High
V00992,Ramirez and Sons,Medium
V00993,Gonzalez-Wilkerson,High
V00994,"Wright, Mcknight and Stephens",High
V00995,Mayo Ltd,Low
V00996,Castillo-Harrington,High
V00997,Durham-Shaw,Medium
V00998,Nelson-Johnson,Low
V00999,"Robinson, Huang and Osborne",
V01000,Stokes Group,Low
V01001,"Howard, Silva and Hall",Medium
V01002,Garcia Ltd,Low
V01003,Adams Ltd,Medium
V01004,Gallagher and Sons,High
V01005,"Bradford, Salinas and Kelly",High
V01006,Thompson PLC,High
V01007,Drake-Wolfe,Low
V01008,"Johnson, Haynes and Meza",Low
V01009,"Thomas, Vaughan and Copeland",High
V01010,Weaver-Thompson,Low
V01011,Davis and Sons,Low
V01012,"Robinson, Fox and Smith",Medium
V01013,"Harris, Anderson and Love",High
V01014,Brown-Hernandez,
V01015,"Stark, Schroeder and Mathis",Medium
V01016,Yu-Brooks,High
V01017,"Foster, Garcia and Turner",High
V01018,Daugherty Ltd,Low
V01019,Conner-Yu,High
V01020,"Stewart, Mann and Hoffman",Low
V01021,"Buchanan, Walker and Chapman",Low
V01022,Gray Ltd,High
V01023,"Phillips, Thompson and Smith",Medium
V01024,"Fry, Myers and Gamble",Low
V01025,"Johnson, Guzman and Mccall",High
V01026,"Walker, Cunningham and Zuniga",High
V01027,Rivera Inc,Medium
V01028,Reed LLC,Medium
V01029,Fields Inc,
V01030,"Santiago, Daniel and Rogers",Low
V01031,Baker and Sons,High
V01032,"Jones, Scott and Rodriguez",Low
V01033,Williams Group,
V01034,"Barnes, Jackson and Gutierrez",Medium
V01035,Bell-Bennett,Low
V01036,Kramer-Lane,Low
V01037,"Perez, Hayes and Lloyd",Low
V01038,Phillips LLC,High
V01039,Lynn-Jones,High
V01040,Barron and Sons,Medium
V01041,"Jones, Mcmahon and Spence",Low
V01042,Wheeler-Austin,Medium
V01043,Bush-Reynolds,High
V01044,"Martin, Preston and Moore",Medium
V01045,Rivera and Sons,Low
V01046,Terry-Bowen,Medium
V01047,"Fernandez, Guerrero and Evans",Medium
V01048,Williams PLC,Medium
V01049,"Larsen, Hernandez and Ward",Medium
V01050,Miller-Colon,Medium
V01051,"Greene, Gonzalez and Johnson",Low
V01052,Little Inc,High
V01053,Anthony-Parker,High
V01054,Ruiz-Jacobson,Medium
V01055,Davis-Stephens,Low
V01056,Watson Group,Medium
V01057,Lopez-Williams,High
V01058,Marshall-Perez,High
V01059,Elliott-Hernandez,Low
V01060,"Contreras, Miller and Cooper",Medium
V01061,"Gutierrez, Avila and Perez",Medium
V01062,Randall PLC,Low
V01063,Sheppard-Mcdaniel,High
V01064,Armstrong-Young,Medium
V01065,Miller-Orr,High
V01066,"Johnson, Duncan and Black",High
V01067,"Byrd, Oliver and Martinez",Medium
V01068,Thompson-Joyce,High
V01069,Stokes and Sons,Low
V01070,Henderson Ltd,Low
V01071,Harris-Carson,High
V01072,Flowers LLC,Medium
V01073,Bartlett-Sloan,High
V01074,Miller PLC,Low
V01075,Arnold-Gates,High
V01076,"Ellis, Marks and Buchanan",High
V01077,"Matthews, Harrington and Rodriguez",High
V01078,Hernandez PLC,Low
V01079,"Chang, Ayers and Buckley",Low
V01080,"Chan, Floyd and Dillon",High
V01081,Humphrey-Baker,Low
V01082,"Washington, Lynch and Johnson",High
V01083,Powell-Montgomery,Low
V01084,"Steele, Williams and Preston",Low
V01085,Vaughn-Williams,High
V01086,Mccall-Prince,High
V01087,Morgan LLC,High
V01088,Ramirez-Vasquez,Low
V01089,"Cohen, Compton and Perez",Medium
V01090,Mccann-Ramos,Medium
V01091,Adams-Butler,Low
V01092,"Davis, Alexander and Mcintyre",Medium
V01093,Figueroa-Malone,High
V01094,Nicholson-Robertson,High
V01095,Jones Ltd,Medium
V01096,"Powell, Deleon and Warren",Medium
V01097,"Johnson, Lee and Whitaker",High
V01098,Wright Group,Medium
V01099,Hull Ltd,Medium
V01100,Hill Group,High
V01101,"Sanders, Leblanc and Maldonado",High
V01102,Watson PLC,Low
V01103,Thompson-Harrell,High
V01104,"Arnold, Cooper and Monroe",Low
V01105,Curry-Barker,Low
V01106,Johnson-Williams,Low
V01107,"Chan, Lewis and Walker",High
V01108,Byrd LLC,High
V01109,"ortiz, smith and deleon",High
V01110,"Smith, Buck and Holland",
V01111,"Owen, Walker and Franklin",High
V01112,Marquez-Fletcher,
V01113,Coleman-Bennett,Medium
V01114,Stevens-Robinson,
V01115,Byrd-Holloway,High
V01116,Silva-Smith,Medium
V01117,"Levy, Franco and Hoffman",Medium
V01118,"Lynch, Evans and Rodriguez",Low
V01119,Rogers LLC,High
V01120,"Nguyen, Hill and Douglas",High
V01121,"Evans, Hernandez and Cannon",Medium
V01122,Trujillo PLC,Medium
V01123,Guerrero-Becker,Medium
V01124,"Johnson, Jimenez and Phillips",High
V01125,sullivan-doyle,Medium
V01126,"Erickson, Armstrong and Lee",Low
V01127,"Reeves, Parks and Little",Low
V01128,Knox-Powers,Medium
V01129,"Evans, Jackson and Sandoval",High
V01130,"White, Davis and Anderson",High
V01131,Hardy-Hansen,Low
V01132,Arroyo LLC,Low
V01133,"Davis, Kelly and Garner",High
V01134,Fisher-Eaton,High
V01135,Green-Carter,High
V01136,Ruiz Ltd,Medium
V01137,"Carpenter, Oliver and Kennedy",Medium
V01138,Mason Ltd,High
V01139,Moreno-Gutierrez,High
V01140,Taylor and Sons,Medium
V01141,ortiz-hudson,Medium
V01142,Thomas-Huffman,Medium
V01143,Maxwell Group,Low
V01144,Welch-Thompson,High
V01145,"Brown, Hayes and Clark",Low
V01146,Johnston and Sons,Medium
V01147,Glover-Chan,High
V01148,Mendez Ltd,Low
V01149,Powell-Sanford,Low
V01150,Smith-Ferguson,Low
V01151,"Watson, Smith and Morris",Medium
V01152,"Lee, Rhodes and Sims",Medium
V01153,Perez LLC,Medium
V01154,Anderson-Reyes,High
V01155,"Torres, Brown and Williams",
V01156,Bryant-Meyer,High
V01157,"Morgan, Barron and Cowan",Medium
V01158,Ferrell-Henry,High
V01159,Martin Group,Medium
V01160,Perez Ltd,High
V01161,Clark Inc,Low
V01162,"Wagner, Martinez and Dawson",Medium
V01163,Brooks Ltd,Medium
V01164,Wise-Dean,High
V01165,"Vang, Stanley and Valdez",Low
V01166,Williams Inc,High
V01167,Wallace-Martinez,Low
V01168,Wells-Hernandez,Medium
V01169,"Jennings, Smith and Fisher",High
V01170,Bates LLC,High
V01171,"Obrien, Taylor and Rivas",Medium
V01172,Hunt PLC,High
V01173,Campbell Inc,
V01174,Gonzalez-Gonzalez,Medium
V01175,Decker-Dudley,High
V01176,Warner-Phillips,High
V01177,Kelley and Sons,High
V01178,"Fitzpatrick, Rivera and Smith",Medium
V01179,"Davis, Rodriguez and Andrews",Medium
V01180,Hernandez-Davis,
V01181,"Jones, Cummings and Conway",Medium
V01182,"Hall, Hinton and Phillips",Medium
V01183,williams-li,High
V01184,Phelps LLC,Low
V01185,"Edwards, Rodgers and Davis",Low
V01186,Smith and Sons,Medium
V01187,"Holland, Murphy and Kline",High
V01188,"Adams, Quinn and Watson",Medium
V01189,White-Morales,Medium
V01190,Nelson-Cruz,Medium
V01191,Marsh-Banks,Medium
V01192,Wilson Ltd,Low
V01193,"Brown, Dunlap and Moore",Low
V01194,pruitt-webb,High
V01195,"Gregory, White and James",
V01196,Carr-Huffman,Medium
V01197,"Mcpherson, Anderson and Knapp",Medium
V01198,Clay Group,Low
V01199,Brown Ltd,High
V01200,Smith-Oneill,Medium
V01201,"Saunders, Ray and Cunningham",Medium
V01202,"Marks, Stone and Watts",Low
V01203,"Davis, Stanley and Wright",Medium
V01204,Alvarado-Davidson,Low
V01205,Combs PLC,Medium
V01206,"Brown, Schneider and Moore",Low
V01207,Christian-Booth,Low
V01208,Walton LLC,Medium
V01209,Rivera LLC,Low
V01210,Hunter PLC,High
V01211,"Gray, Montoya and Miller",Low
V01212,Solis-West,High
V01213,West-Wilson,High
V01214,Mcgee-Smith,Low
V01215,Gutierrez-Hawkins,Medium
V01216,Petersen PLC,Medium
V01217,"Walsh, Wu and Hart",Medium
V01218,"Powers, Clements and Cox",Low
V01219,Velasquez Group,High
V01220,Castro-Harvey,Low
V01221,moran-cox,High
V01222,wilson-malone,High
V01223,Smith LLC,High
V01224,"Brandt, Carter and Boyd",Low
V01225,"Rodriguez, Prince and Vasquez",High
V01226,"Newton, Ortiz and King",Low
V01227,Lopez Group,Low
V01228,Bryant and Sons,Medium
V01229,"Morgan, Sherman and Williams",High
V01230,"Monroe, Chapman and Barton",Low
V01231,Ellis-Lawrence,Low
V01232,"Taylor, Porter and Moreno",Low
V01233,Tran Group,High
V01234,"Webb, Romero and Morse",High
V01235,Holt and Sons,High
V01236,"Ochoa, Garcia and Sandoval",High
V01237,"Andrade, Gordon and Cruz",Low
V01238,"Moon, Farmer and Hill",High
V01239,Waller-Chavez,High
V01240,Taylor PLC,Low
V01241,"Tanner, Hunt and Cameron",High
V01242,"Valencia, Joseph and Walls",Medium
V01243,"Robinson, Clark and Klein",Medium
V01244,"Reed, Chambers and Zavala",High
V01245,"Hester, Thompson and Daniels",High
V01246,"morris, wilson and bell",Medium
V01247,Aguilar-Bender,Medium
V01248,"Butler, Adkins and Skinner",Low
V01249,Rich-Henderson,Low
V01250,Mills Inc,High
V01251,Thomas-Santiago,
V01252,Adams and Sons,Medium
V01253,Vega-Thomas,Medium
V01254,Vaughn LLC,High
V01255,Molina Inc,Medium
V01256,Cervantes-Garcia,High
V01257,"Stevenson, Hancock and Newton",Low
V01258,"Price, Dixon and Robles",Medium
V01259,"Roberts, Beck and House",Low
V01260,Butler-French,High
V01261,"Edwards, Arnold and Smith",
V01262,Harris-Melton,Medium
V01263,Greer-Pruitt,High
V01264,"Mckinney, Richardson and Chapman",High
V01265,"Morrison, Parsons and Brandt",Medium
V01266,Cole-Lucero,Low
V01267,Lopez and Sons,Medium
V01268,"Palmer, Bennett and Patterson",Low
V01269,"Baker, Martin and Singleton",High
V01270,Rivera Ltd,Low
V01271,Williams LLC,High
V01272,"Williams, Randolph and Gilbert",Medium
V01273,"Turner, Tyler and Pierce",High
V01274,Bowers LLC,Medium
V01275,"Robinson, White and Jones",High
V01276,"Moore, Daniels and Powell",Low
V01277,Walker-Lewis,Low
V01278,Rivera-Carter,
V01279,"Moreno, Barajas and Colon",Medium
V01280,"Smith, Caldwell and Griffin",High
V01281,"Austin, Oliver and Haley",High
V01282,"blackwell, james and hogan",High
V01283,Cruz PLC,Medium
V01284,"Campbell, Pruitt and Short",Low
V01285,Robertson-Hicks,Medium
V01286,Williams-Villanueva,
V01287,Flores Inc,Low
V01288,Jackson PLC,Medium
V01289,"Smith, Jones and Santiago",Low
V01290,Hancock Group,Low
V01291,Harris Ltd,Medium
V01292,"Rowe, Lucas and Case",High
V01293,"Parks, Johnson and Love",High
V01294,Miller Inc,Medium
V01295,Bauer PLC,High
V01296,Andrews and Sons,Medium
V01297,Russell-Hayes,High
V01298,Hamilton-Smith,Medium
V01299,"Wilson, Smith and Cortez",High
V01300,Avila PLC,High
V01301,Haynes Inc,Low
V01302,Reilly-Rodriguez,Medium
V01303,"Turner, Miller and Hubbard",High
V01304,James-Short,Low
V01305,Wells PLC,Low
V01306,Taylor Group,Medium
V01307,"Phillips, Walters and Evans",Medium
V01308,"Wong, Bernard and Smith",Low
V01309,"Thomas, Williams and Armstrong",Low
V01310,Medina-Arroyo,High
V01311,Clark-Figueroa,Low
V01312,"Cooper, Gutierrez and Brewer",Low
V01313,"Thomas, White and Jensen",Low
V01314,Lee-White,Low
V01315,"Phelps, York and Randolph",Medium
V01316,"Murray, Dunn and Roberts",Low
V01317,King and Sons,High
V01318,"Carpenter, Lynn and Howard",Low
V01319,"Rios, Garcia and Harvey",High
V01320,Stewart Group,High
V01321,Jensen-Torres,Low
V01322,"Hernandez, Knight and Aguirre",High
V01323,Jackson-Edwards,Low
V01324,Joseph Ltd,Medium
V01325,Hill-Ward,High
V01326,"Quinn, Humphrey and Ford",Low
V01327,Hampton-Tucker,Medium
V01328,Thompson PLC,Medium
V01329,Wilkinson and Sons,Medium
V01330,"Gonzalez, Gross and Sims",High
V01331,"Jones, Smith and Hunter",High
V01332,Hess PLC,High
V01333,Hammond-Lewis,Medium
V01334,Arnold PLC,Medium
V01335,"Kennedy, Rowe and Diaz",Low
V01336,Vance PLC,Medium
V01337,"Vincent, Anderson and Mason",Medium
V01338,Sanders PLC,
V01339,Bates PLC,Medium
V01340,"Martin, Palmer and Griffin",High
V01341,Knight PLC,Medium
V01342,"Brennan, Thomas and Dennis",Low
V01343,Williams-Juarez,Low
V01344,Brown LLC,Low
V01345,Williams and Sons,Medium
V01346,"Velez, Ward and Harrison",Low
V01347,Keith-Williams,Medium
V01348,"Nguyen, Padilla and Boyd",Low
V01349,Davenport-Baker,Low
V01350,"Hudson, Bennett and Gray",Medium
V01351,"Valdez, Houston and Black",Medium
V01352,Kaufman-Walker,High
V01353,Gomez-Parrish,Medium
V01354,Sparks-Eaton,Medium
V01355,Shaw and Sons,Low
V01356,Martin-Jones,Medium
V01357,"Campbell, Hernandez and Moore",High
V01358,"Love, Wilson and Hall",Low
V01359,Cortez-Olson,High
V01360,Mendoza-Garza,Medium
V01361,"Whitaker, Johnson and Williams",High
V01362,"Vargas, Taylor and Hunt",Medium
V01363,"Thomas, Jackson and Nielsen",Low
V01364,"Mullen, Greene and Elliott",Low
V01365,Johns Ltd,Medium
V01366,"Nicholson, Valentine and Robinson",Low
V01367,"Haney, Dillon and Jackson",Medium
V01368,Burke-Norton,High
V01369,Hanson PLC,High
V01370,Jackson-Jennings,Medium
V01371,Carlson-Jones,Medium
V01372,Cruz-Rodriguez,High
V01373,Mills PLC,Medium
V01374,"Barnes, Hernandez and Davis",Medium
V01375,Valenzuela-Greene,Medium
V01376,"Gordon, Wilson and Olson",High
V01377,Winters PLC,Low
V01378,Prince Ltd,Medium
V01379,"Reynolds, Fisher and Golden",Medium
V01380,"Moreno, Perez and Lang",Low
V01381,Bell-Ballard,Low
V01382,"Johnston, Coleman and Scott",Low
V01383,Kent Inc,Medium
V01384,George-Stephens,Low
V01385,Lopez-Fletcher,Medium
V01386,Lane Inc,Medium
V01387,"Smith, Pena and Watts",Medium
V01388,Ortiz-Rodriguez,Low
V01389,Pearson-King,Low
V01390,"Henderson, Diaz and Hill",Low
V01391,"Sanders, Harris and Arnold",High
V01392,"Olson, Wood and Peters",High
V01393,Hinton-Lane,Medium
V01394,"Sanders, Taylor and Shields",High
V01395,Adkins Group,High
V01396,"Avery, Garcia and Romero",Medium
V01397,Owen-Mendez,Low
V01398,"Mann, Martin and Oconnell",Medium
V01399,Brock and Sons,Medium
V01400,Frost-Graham,Medium
V01401,Baker LLC,Low
V01402,Lynch Ltd,Medium
V01403,Arias-Morales,High
V01404,"Meyer, Dawson and Harper",Medium
V01405,Bowman Group,High
V01406,Harris Ltd,High
V01407,"Mitchell, Johnson and Greene",Medium
V01408,"Hale, Gilbert and Craig",Medium
V01409,Allen-Smith,Low
V01410,Miller LLC,Low
V01411,Gomez-Foster,Medium
V01412,"Gonzalez, Smith and Padilla",High
V01413,Dunn Ltd,Medium
V01414,"Herman, Bailey and Richmond",Low
V01415,Perez-Mccarty,Low
V01416,Spears-Andrews,Medium
V01417,Thompson-Hunter,High
V01418,"Jones, Phillips and Arroyo",Medium
V01419,"Frye, Walter and Li",
V01420,"Wright, Ramos and Bennett",Low
V01421,Carrillo-Todd,Low
V01422,Maldonado-Mosley,Low
V01423,Olson LLC,Medium
V01424,Reyes and Sons,High
V01425,"Haynes, Mcbride and Gutierrez",High
V01426,Black-Smith,Medium
V01427,Wright-Davis,
V01428,"Goodman, Peterson and Spencer",High
V01429,Woods LLC,Low
V01430,Shannon LLC,High
V01431,Valentine Ltd,Medium
V01432,Porter and Sons,Medium
V01433,Moss LLC,High
V01434,Perez and Sons,Medium
V01435,"Kelly, Maxwell and Wilson",Low
V01436,Lowe Ltd,High
V01437,Austin-Duran,High
V01438,"Rubio, Charles and Watson",Medium
V01439,Vasquez-Galloway,Low
V01440,"Melton, Henry and Joyce",High
V01441,"Ramirez, Walker and Ray",High
V01442,Fox Group,Medium
V01443,Ayers-Johnson,Medium
V01444,Long-Parks,Medium
V01445,Bryant Inc,High
V01446,"Holmes, Stewart and Smith",High
V01447,"Clark, Carpenter and Nguyen",High
V01448,"Hensley, Lopez and Baker",Low
V01449,Ruiz-Austin,Medium
V01450,White-Coleman,Low
V01451,Haynes-Watson,High
V01452,Ramirez-White,High
V01453,Krause Ltd,Medium
V01454,Olsen Ltd,Medium
V01455,Brock-Peters,Low
V01456,Gonzalez-Marsh,Low
V01457,"Hernandez, Shaffer and Thompson",High
V01458,Taylor-Barry,Low
V01459,"Holmes, Le and Floyd",High
V01460,King-Garrison,Medium
V01461,Ross Ltd,Low
V01462,Brown LLC,Medium
V01463,Combs-Davis,Low
V01464,"Cook, Ward and Castro",High
V01465,Cooper-Jenkins,Medium
V01466,Dillon-Mccarty,Medium
V01467,Ray Ltd,High
V01468,"Ryan, Krause and Mitchell",Medium
V01469,Nunez-Freeman,Low
V01470,"Griffin, Miller and Austin",Medium
V01471,Welch-Thomas,
V01472,Davidson LLC,High
V01473,Welch-Duncan,Low
V01474,Miller LLC,Low
V01475,Edwards Ltd,High
V01476,Page-Jacobs,Medium
V01477,Nelson-Wallace,Medium
V01478,Adkins-Meyer,Medium
V01479,Gutierrez-White,Medium
V01480,Martinez and Sons,High
V01481,"King, Manning and Brady",Low
V01482,Jackson Inc,Medium
V01483,Brown Group,Low
V01484,"Brown, Wise and Warren",Low
V01485,Garcia PLC,Low
V01486,Miller Group,Medium
V01487,Perez-Rojas,Medium
V01488,Sims-Anderson,High
V01489,Johnson Ltd,Low
V01490,Dalton-Nguyen,Medium
V01491,Mcdonald-Pitts,Medium
V01492,Dunn-Taylor,Medium
V01493,"Ryan, Garza and Bryant",Low
V01494,"Fields, Elliott and Mills",Medium
V01495,"Ferguson, Stout and Olson",Medium
V01496,Ballard Group,
V01497,Diaz-Green,Medium
V01498,Smith-Mills,Medium
V01499,Cooper Group,
V01500,"Smith, Weeks and Arroyo",Medium
V01501,Evans-Cannon,High
V01502,Harper-Robles,
V01503,"Brooks, Jenkins and Castro",Medium
V01504,wright-espinoza,High
V01505,"Price, Gray and Baker",Medium
V01506,Garrett-Black,High
V01507,"Aguirre, Cohen and Mitchell",Medium
V01508,"Patel, Adams and Lopez",Low
V01509,White LLC,Medium
V01510,Walsh PLC,Medium
V01511,Nelson-Dean,High
V01512,Flores and Sons,Low
V01513,Booker Inc,High
V01514,Compton LLC,Low
V01515,Martinez-Gonzales,
V01516,Hall and Sons,Low
V01517,Snyder LLC,Medium
V01518,Collins-Lloyd,High
V01519,Ford-Moody,High
V01520,Miller-Christensen,High
V01521,Brown Group,High
V01522,Daniels and Sons,Medium
V01523,Huang LLC,Low
V01524,Clayton-Martinez,High
V01525,"Wright, Wise and Ramos",Medium
V01526,"Vang, Gonzalez and Moss",High
V01527,Boyd and Sons,Low
V01528,Price-Ali,High
V01529,Moore-Chandler,Medium
V01530,"Pineda, Meyer and King",Low
V01531,"Evans, Ward and Williams",Low
V01532,"Robinson, Rodriguez and Chen",Low
V01533,Smith-Bauer,Medium
V01534,"Wilson, Mccormick and Smith",Low
V01535,Perkins Ltd,Low
V01536,Barker-Moore,Low
V01537,Wright Group,Medium
V01538,Parks LLC,Low
V01539,"Brown, Kelly and Moore",High
V01540,"Moody, Martinez and Hall",
V01541,"Kramer, Sherman and Trujillo",Low
V01542,Quinn-Smith,Low
V01543,Howard-Taylor,High
V01544,Washington Group,High
V01545,"Phillips, Terry and Lopez",Medium
V01546,Stephens LLC,High
V01547,"Mcdonald, Dillon and George",High
V01548,"Martin, Schmidt and Cole",Medium
V01549,Weaver-Gibson,High
V01550,"Hunter, Gross and Andrade",Low
V01551,"Vincent, Parsons and Allen",Medium
V01552,"Brown, Coffey and Fuentes",Medium
V01553,Warren Group,High
V01554,"Moore, Campbell and Ortiz",Medium
V01555,Rodriguez-Mills,Low
V01556,Williams and Sons,High
V01557,Russo and Sons,Medium
V01558,Washington Inc,Low
V01559,Duncan Group,High
V01560,"Burns, Hanson and Garza",Medium
V01561,Diaz PLC,Medium
V01562,"Jones, Conrad and Clark",High
V01563,Hebert-Collier,High
V01564,Owen-Brown,Low
V01565,"Paul, Zamora and Short",Medium
V01566,"Brown, Jensen and Rice",High
V01567,"Jones, Torres and Blackburn",Low
V01568,"Davis, Hardy and Schmidt",High
V01569,Lee Ltd,High
V01570,Hudson and Sons,Medium
V01571,"Curry, Perry and Garcia",Medium
V01572,"Ray, Craig and Park",Medium
V01573,Andrade-Jackson,Low
V01574,Pierce PLC,Medium
V01575,Sandoval-Ferguson,Low
V01576,"Ramos, Gomez and Edwards",Medium
V01577,Kirk-Gutierrez,Medium
V01578,"Jordan, Swanson and Franklin",Medium
V01579,"Gardner, Brooks and Pierce",Medium
V01580,"King, Nixon and West",High
V01581,Smith-Johnson,High
V01582,Larson-Holmes,Medium
V01583,Smith-Joyce,Low
V01584,Foley Inc,Medium
V01585,"Short, Ellison and Dixon",Medium
V01586,"Howe, Moore and Johnson",High
V01587,Moore-Baker,High
V01588,"Wright, Scott and Evans",Low
V01589,"Ross, Hardin and Navarro",High
V01590,"Nguyen, Olson and Freeman",Low
V01591,"Warner, Weiss and Davis",Medium
V01592,"Evans, Cross and Johnston",High
V01593,Deleon LLC,Medium
V01594,Hobbs-Hamilton,
V01595,Kane and Sons,High
V01596,"Delgado, Guzman and Smith",High
V01597,"Reyes, Torres and Williams",Medium
V01598,"Cunningham, Murphy and Wolfe",Low
V01599,Williams Ltd,Medium
V01600,Maddox-Mullins,Low
V01601,"Wagner, Walker and Roberts",High
V01602,Hernandez-Rogers,
V01603,Duncan-Williams,High
V01604,Baker-Ross,Low
V01605,Ayala-Anderson,High
V01606,castillo and sons,Medium
V01607,Foster-Duncan,Medium
V01608,"Gilbert, Fitzgerald and Sanchez",Low
V01609,Adams Group,Medium
V01610,Cohen-Johnston,High
V01611,Powers Group,Low
V01612,Bailey-Flores,Low
V01613,"Rios, Carrillo and Jackson",
V01614,Jensen-Branch,Medium
V01615,Hanson-Alexander,Low
V01616,Gonzalez LLC,Low
V01617,Todd Inc,Medium
V01618,Singh and Sons,Low
V01619,"Mcintosh, Melton and Wilkins",Low
V01620,Cooper Inc,Low
V01621,Cole-Johnson,Low
V01622,Singh and Sons,High
V01623,Payne LLC,Medium
V01624,"Webb, Blair and Thomas",Medium
V01625,"Barnett, Bennett and Escobar",Low
V01626,"Williams, Jackson and Campbell",High
V01627,"Williamson, Brown and Pena",Medium
V01628,Jones Ltd,Low
V01629,Alvarado-Durham,High
V01630,Lin-Smith,High
V01631,"Hughes, Whitney and Romero",High
V01632,"Garcia, Stewart and Delacruz",Low
V01633,"Miller, Gonzalez and Rasmussen",Low
V01634,"House, Smith and Wright",Medium
V01635,"Torres, Burns and Garner",Low
V01636,Reed LLC,High
V01637,Garrett-Young,Medium
V01638,"Hill, Brown and Scott",Low
V01639,Zamora-Briggs,Low
V01640,Raymond LLC,Low
V01641,Hernandez Group,Low
V01642,"Taylor, Blair and Meyer",Medium
V01643,"Salazar, Garrett and Perez",Medium
V01644,Berry Group,Low
V01645,Browning-Murphy,Low
V01646,"Anderson, Delgado and Carpenter",Medium
V01647,"Mcbride, Huffman and Parker",Medium
V01648,"Roach, Browning and Jordan",High
V01649,Douglas PLC,High
V01650,Stewart PLC,High
V01651,"Fry, Wilson and Stewart",High
V01652,Acosta LLC,High
V01653,Ali-Turner,Low
V01654,"Peck, Shannon and Mahoney",Low
V01655,Hernandez-Lopez,Medium
V01656,Lopez PLC,Low
V01657,"Adams, Bradley and Hall",Low
V01658,Hall Inc,Low
V01659,Miller-Chan,Medium
V01660,Shaw PLC,Low
V01661,Joseph-Brooks,Medium
V01662,Henry-Taylor,Low
V01663,Perez Group,Low
V01664,schaefer group,High
V01665,Newton and Sons,High
V01666,Jones Group,Low
V01667,"Burns, Nguyen and Ellis",High
V01668,Patterson Inc,Medium
V01669,"Moss, James and Edwards",Low
V01670,"Crosby, Armstrong and Herrera",Medium
V01671,"Liu, Buchanan and Meyer",High
V01672,Bryant-Rich,Medium
V01673,Stone Group,Low
V01674,"Williams, Hughes and Hubbard",High
V01675,Lee Group,Low
V01676,Wilkerson-Ayala,Medium
V01677,Murray-Henderson,High
V01678,"Ellison, Vaughn and Mckee",Medium
V01679,Gallegos-Hayes,High
V01680,"Mason, White and Richards",Low
V01681,"Payne, Long and Morris",Medium
V01682,White PLC,
V01683,"Huang, Khan and Davis",High
V01684,Holt-Meadows,High
V01685,Higgins Inc,High
V01686,Wilson Group,Medium
V01687,"Cox, Mills and Cruz",Medium
V01688,"Salazar, Moore and Pierce",High
V01689,Tate LLC,Medium
V01690,"Savage, Huffman and Martin",Medium
V01691,White Ltd,High
V01692,Barnes LLC,Medium
V01693,"Mack, Griffin and Sims",Low
V01694,Roach and Sons,High
V01695,Dean LLC,
V01696,Ellis Group,High
V01697,"Aguirre, Franklin and Snyder",
V01698,Chapman Group,Medium
V01699,Ortiz-Miller,Medium
V01700,"Smith, Khan and Ramirez",Medium
V01701,"Grant, Bryan and Williams",Low
V01702,Brown LLC,Low
V01703,Thomas Inc,High
V01704,"Lane, Morrison and Rivera",High
V01705,Williams Group,High
V01706,Martin LLC,Medium
V01707,"Guerrero, Graves and Armstrong",Medium
V01708,"Thompson, Gibson and Riley",High
V01709,Davis LLC,Low
V01710,Richardson-Gray,High
V01711,Chang PLC,High
V01712,Carter and Sons,Low
V01713,Neal LLC,Medium
V01714,Rose-Warren,High
V01715,"Clark, Brown and Duncan",Medium
V01716,"Rice, Miller and Ramsey",Medium
V01717,"Peck, Andersen and Mitchell",High
V01718,"Abbott, Green and Andrews",High
V01719,"Gomez, Anderson and Hart",Medium
V01720,"Daniel, Jimenez and Morton",Low
V01721,"Hall, Roberts and Lee",High
V01722,Johnson Ltd,Low
V01723,Mclaughlin and Sons,Medium
V01724,"duarte, gutierrez and cook",High
V01725,"Shaffer, Lewis and Davidson",Medium
V01726,"Campbell, Tyler and Parker",Medium
V01727,"Pierce, Wang and Wilson",High
V01728,Peterson-Ramsey,High
V01729,"Choi, Collier and Lee",Medium
V01730,Nielsen-Mendoza,Medium
V01731,Robles-Brewer,High
V01732,Moore-Murray,Low
V01733,"Huang, Ford and Olsen",Medium
V01734,"Brown, Meyer and Cunningham",Medium
V01735,"Stewart, Herrera and Clark",Medium
V01736,"Rivera, Hendricks and Flynn",Medium
V01737,Montes LLC,Medium
V01738,Morgan Group,High
V01739,"Ferguson, Martin and Obrien",High
V01740,Larson LLC,High
V01741,"Hodge, Mckinney and Nelson",High
V01742,Crawford and Sons,
V01743,Hayes-Sampson,Medium
V01744,Warren and Sons,Medium
V01745,Brooks Inc,High
V01746,Gentry Group,Low
V01747,"Johnson, Webb and Porter",Medium
V01748,Peterson Group,High
V01749,"Russo, Collins and Murphy",Low
V01750,Short PLC,Medium
V01751,"Haney, Harris and Johnson",Medium
V01752,Reeves-Boyd,High
V01753,Collins Inc,Medium
V01754,"Charles, Wiggins and Cook",Low
V01755,Garcia Ltd,High
V01756,"Edwards, Lane and Collins",Medium
V01757,Flores and Sons,Low
V01758,Hill-Flores,Low
V01759,Lambert-Nelson,Medium
V01760,Hill Inc,Low
V01761,"Castro, Garcia and Daniels",Low
V01762,"Flores, Thomas and Bush",Low
V01763,Andrews-Jackson,Low
V01764,Austin-Morgan,Low
V01765,Williams-Johnson,High
V01766,"Williams, Reyes and Miller",Low
V01767,White-Carlson,Medium
V01768,"Soto, Vaughn and Griffin",Low
V01769,Edwards-Roth,High
V01770,"Chang, Lamb and Miller",
V01771,Bradley-Davis,High
V01772,"Mcdonald, Bryant and Cohen",
V01773,"Miranda, Ruiz and Meza",High
V01774,Callahan PLC,High
V01775,Durham-Myers,Low
V01776,"Stark, Rivera and Valencia",Medium
V01777,Chavez-Johnson,Low
V01778,Rodriguez-Mendoza,Medium
V01779,Campbell LLC,High
V01780,"Andrews, Romero and Sullivan",Medium
V01781,"Robles, Nguyen and Banks",High
V01782,Patel-Morales,
V01783,Allen-Sanchez,High
V01784,Dickson Group,High
V01785,Peterson Ltd,Medium
V01786,"Reynolds, Baird and Bradley",Low
V01787,Stephens-Young,Low
V01788,"Caldwell, Stevenson and Joseph",Low
V01789,Wilson-Carlson,Medium
V01790,Peters-Short,Low
V01791,Parker Group,Medium
V01792,George Ltd,Low
V01793,"Wise, Gray and Snyder",Low
V01794,"Brown, Robinson and Taylor",High
V01795,"Berger, Fields and Smith",High
V01796,Guerrero Group,Low
V01797,"Carter, Gilbert and West",Low
V01798,Maldonado LLC,Medium
V01799,Hudson-Gentry,Medium
V01800,Sellers-Zuniga,Medium
V01801,"Haas, Cooper and Davis",Medium
V01802,Carr PLC,Medium
V01803,Abbott-Phelps,Low
V01804,Wood PLC,Medium
V01805,Smith PLC,Low
V01806,Rodriguez-Campbell,
V01807,Young Ltd,Medium
V01808,"Long, Flores and Reyes",Low
V01809,Graham-Clark,High
V01810,Wells and Sons,Medium
V01811,"Cruz, Middleton and Larsen",Medium
V01812,Roberts Ltd,Medium
V01813,Taylor Inc,High
V01814,"Smith, Griffith and Tucker",Medium
V01815,Proctor-Taylor,Medium
V01816,May Group,Medium
V01817,English-Dominguez,Medium
V01818,Hanson-Gibson,Low
V01819,Arnold-Cole,High
V01820,Perez-Coleman,High
V01821,Lane Ltd,Medium
V01822,Joseph LLC,Low
V01823,House-Johnston,
V01824,Good PLC,Medium
V01825,Bush-Wilson,High
V01826,Nixon-Miller,Low
V01827,"Simon, Terrell and Terrell",High
V01828,Marshall-Miller,Medium
V01829,"Davis, Kennedy and Harmon",Medium
V01830,"Miller, Schultz and Yates",Medium
V01831,Austin-Berger,High
V01832,"Osborne, Harrison and Hunt",Medium
V01833,Berry-Rivera,Low
V01834,Yu-Yates,Low
V01835,Jackson-Neal,Medium
V01836,"Curry, Acosta and Elliott",Low
V01837,Soto PLC,
V01838,Berry Ltd,High
V01839,Lamb-Weber,Low
V01840,Washington-Martinez,Medium
V01841,York LLC,
V01842,Anderson-Campbell,Medium
V01843,Smith-Rodriguez,Low
V01844,Kent Ltd,Low
V01845,Hopkins LLC,High
V01846,Green Ltd,Medium
V01847,Washington PLC,Medium
V01848,Cooper Inc,High
V01849,Larson and Sons,High
V01850,Mullins-Gutierrez,High
V01851,Young-Alexander,Low
V01852,"Jackson, Lane and Wilkinson",Medium
V01853,May Inc,Medium
V01854,Jackson Group,Medium
V01855,Turner-Reese,Low
V01856,"Hall, Vega and Price",Low
V01857,Thomas-Berg,Medium
V01858,Roberts Group,Medium
V01859,Gregory-Nixon,Low
V01860,"Blanchard, Davis and Schmidt",Low
V01861,Blanchard-Reynolds,Low
V01862,"Garrison, Rogers and Adams",Medium
V01863,Scott PLC,Low
V01864,Murray-Leonard,High
V01865,Navarro PLC,Low
V01866,Meyer Ltd,
V01867,"Kaiser, Edwards and Smith",Low
V01868,Decker Inc,High
V01869,Davis-Garcia,Low
V01870,Bell-Hardy,Low
V01871,Lee-Johnson,Low
V01872,Brown PLC,Medium
V01873,"Shannon, Robinson and Greene",High
V01874,Erickson Inc,Low
V01875,Gates and Sons,Low
V01876,Douglas-Yoder,Medium
V01877,"Pratt, Lopez and Rodriguez",Low
V01878,King Group,Low
V01879,"Mayer, Fowler and Livingston",Medium
V01880,Hammond-Schwartz,High
V01881,"Carrillo, Morris and Martin",Medium
V01882,Ramirez Inc,High
V01883,Price-Ferrell,Medium
V01884,Sosa-Baker,High
V01885,Jones-Krause,High
V01886,Bishop and Sons,Low
V01887,"Vasquez, Thomas and Mack",Medium
V01888,Mendez Inc,High
V01889,Baldwin-Garcia,High
V01890,Jones Ltd,
V01891,Waters-Smith,Low
V01892,Hernandez-Bowman,High
V01893,Ortega LLC,Medium
V01894,Graves Group,High
V01895,"Smith, Zimmerman and Wise",Medium
V01896,Graham-Anthony,Medium
V01897,Fernandez Inc,High
V01898,Finley-Meyers,Medium
V01899,Martinez-Nichols,Medium
V01900,Cook-Turner,Low
V01901,Chen Ltd,Medium
V01902,Diaz LLC,High
V01903,Randall LLC,High
V01904,"Harris, Spencer and Ponce",High
V01905,"Lee, Dominguez and Mosley",Low
V01906,"Barker, Tucker and Mcclure",Low
V01907,Moss-Taylor,High
V01908,Johnson PLC,High
V01909,Burns Inc,Low
V01910,"Schneider, Porter and Hanna",High
V01911,Levy-Smith,Medium
V01912,Brown-French,Low
V01913,Sullivan and Sons,Medium
V01914,"Contreras, Ellis and Gregory",Low
V01915,"Hernandez, Riley and Buckley",Medium
V01916,Moss Group,Medium
V01917,"Smith, Meadows and Montgomery",Low
V01918,Haynes and Sons,High
V01919,Jackson Inc,Low
V01920,Hoover-Davis,Medium
V01921,"Jackson, Garza and Meyers",High
V01922,Wilson PLC,Low
V01923,"Walker, Brock and Simmons",High
V01924,"Gregory, Nguyen and Daugherty",Low
V01925,"Gardner, Morris and Oconnell",High
V01926,Duran PLC,Low
V01927,Rogers Inc,Medium
V01928,Thomas-Perry,Low
V01929,"Wood, Martin and Sanchez",
V01930,"Williams, Garcia and Boone",Medium
V01931,"Bennett, Moore and Hobbs",Medium
V01932,Smith and Sons,High
V01933,Mann PLC,Low
V01934,Butler-Aguirre,Low
V01935,Schwartz-Harris,High
V01936,"Nelson, Cole and Allen",Low
V01937,Bishop Inc,Low
V01938,"White, Porter and Clements",Medium
V01939,"Serrano, Turner and Barnes",Medium
V01940,"Young, Wilson and Moreno",Low
V01941,Montgomery PLC,Low
V01942,"Robinson, Townsend and Hopkins",Low
V01943,Brown-Rodriguez,Medium
V01944,Jennings Group,Low
V01945,Thompson-Santiago,High
V01946,Brown LLC,
V01947,clark-king,High
V01948,"Trujillo, Chang and Williams",Medium
V01949,"Williams, Medina and Moore",Medium
V01950,Washington Inc,Low
V01951,Jacobson Ltd,Medium
V01952,Watkins-Nguyen,High
V01953,Burgess LLC,Low
V01954,Maxwell LLC,High
V01955,Garcia Ltd,Medium
V01956,Kane-Bennett,Low
V01957,Jones PLC,High
V01958,Brown-Graham,Low
V01959,Reilly Group,High
V01960,Hughes and Sons,High
V01961,Cortez-Chen,
V01962,Harris-Martinez,High
V01963,"Carroll, Ramirez and Rodriguez",High
V01964,Ellis-Jackson,Low
V01965,robinson-phillips,Low
V01966,Clarke Ltd,High
V01967,"Whitehead, Lane and Tran",High
V01968,Miller PLC,Low
V01969,Atkins-Robinson,Medium
V01970,Hood-Ramirez,Low
V01971,"Patterson, Salas and Wright",Low
V01972,Riley-Snow,Low
V01973,"Shah, Mcintyre and Villanueva",Low
V01974,Baird-Williams,Medium
V01975,Quinn-Gordon,Low
V01976,Schmidt-Mendoza,High
V01977,"Nicholson, Chavez and Allen",High
V01978,"Mullins, Steele and Russell",Medium
V01979,Anderson LLC,High
V01980,Holland Inc,High
V01981,castillo llc,High
V01982,Warner PLC,Medium
V01983,"Silva, Bray and Ford",High
V01984,Sawyer Group,Low
V01985,Clarke LLC,High
V01986,"Marshall, Schultz and Dalton",Low
V01987,Cruz Ltd,Medium
V01988,Schmidt-Phillips,Low
V01989,Wolfe-Salazar,Low
V01990,"Norton, French and Miller",High
V01991,Fitzgerald-Brown,Low
V01992,"Cox, Williams and Reyes",Low
V01993,Harvey-Diaz,Medium
V01994,Wong Ltd,High
V01995,Castro and Sons,Medium
V01996,Zavala and Sons,High
V01997,"Wilson, Mendoza and Crosby",Medium
V01998,"Pitts, Warner and Mullins",Medium
V01999,Flores LLC,Medium
V02000,"Frazier, Ramirez and Brown",
V02001,Chavez-Mason,High
V02002,Harrison PLC,Medium
V02003,"Bryan, Lam and Hayes",Low
V02004,Marsh-Dougherty,Medium
V02005,Lopez Group,Medium
V02006,Miller and Sons,Low
V02007,Mullen-Jones,Medium
V02008,Hill Ltd,Low
V02009,Crawford and Sons,Medium
V02010,"Crane, Johnson and Butler",Low
V02011,"Weaver, Anderson and Reed",High
V02012,Rojas-Smith,High
V02013,Brown and Sons,Medium
V02014,"Newman, Jenkins and Cooper",Low
V02015,"Buchanan, Tucker and Wade",Medium
V02016,"Wilkinson, Wallace and Torres",High
V02017,Villanueva LLC,
V02018,Mccormick and Sons,Low
V02019,Watson-Roberts,Low
V02020,Hernandez LLC,Low
V02021,Huber-Montgomery,Medium
V02022,Joseph LLC,Low
V02023,Mcpherson Ltd,Low
V02024,"Conway, Bauer and Martin",Medium
V02025,Williams LLC,Medium
V02026,"Martinez, Green and Lopez",High
V02027,"Mann, Wade and Spence",Low
V02028,Watson PLC,Medium
V02029,Ferguson Inc,Low
V02030,Sullivan Group,Low
V02031,Gould LLC,Low
V02032,Smith Ltd,Low
V02033,"Cantrell, Rivera and Thornton",Low
V02034,Kemp-Montes,Medium
V02035,"Estrada, Marsh and Chandler",High
V02036,Morgan-Rodriguez,Medium
V02037,Mccullough-Taylor,Low
V02038,"Wilson, Johnson and Williamson",Medium
V02039,Griffin Inc,High
V02040,Brown-Davidson,High
V02041,"Fox, Harrington and Wang",Medium
V02042,Johnson PLC,Medium
V02043,Rhodes-Rosario,Medium
V02044,"Foster, Henry and Morrison",Medium
V02045,"Harding, Kerr and Ward",Low
V02046,Baldwin Group,Medium
V02047,Hughes-Smith,Medium
V02048,Bell-Madden,
V02049,"Miller, Luna and Wallace",High
V02050,Lara-Roberts,Low
V02051,"Waller, Coleman and Mosley",Low
V02052,Houston PLC,Medium
V02053,Thomas LLC,Medium
V02054,Mcneil-Fox,Medium
V02055,Jones-Choi,Medium
V02056,Davis-Ortiz,High
V02057,Perry-Peters,Medium
V02058,"Bradley, Melendez and Gonzalez",Low
V02059,Roberts-Henry,Medium
V02060,Davenport-Torres,
V02061,"Singh, Walker and Moody",Medium
V02062,Baker Ltd,High
V02063,"Kennedy, Valdez and Stafford",High
V02064,White-Knox,Medium
V02065,"Sanchez, Wilson and Ramirez",Medium
V02066,George LLC,Low
V02067,"Castillo, Graham and Scott",High
V02068,"Alvarez, Benson and Wilson",High
V02069,"Quinn, Smith and Green",Low
V02070,"Brown, Flores and Johns",Medium
V02071,Howard Inc,Medium
V02072,Ward-Fields,Medium
V02073,Williams-Carter,Low
V02074,"Mayer, Palmer and Miranda",Medium
V02075,Duran PLC,Low
V02076,Stephens LLC,Low
V02077,"Marsh, Nelson and Wolfe",High
V02078,Davis-Carpenter,Low
V02079,Smith PLC,High
V02080,Watson-Washington,Medium
V02081,Mccall-Martin,Medium
V02082,Moore and Sons,High
V02083,Pope PLC,High
V02084,"Norris, Cisneros and Mathis",Low
V02085,"Arnold, Avila and Wilson",Medium
V02086,Moon-Wilson,Medium
V02087,Mclean Group,Medium
V02088,Collins-Cox,High
V02089,Preston-Harper,Medium
V02090,Jackson-Torres,Low
V02091,"Olsen, Walker and Vincent",Medium
V02092,Watts LLC,
V02093,Clark Inc,Medium
V02094,Vazquez-Bowers,
V02095,Smith Group,Medium
V02096,Williams-Rodriguez,Low
V02097,"Palmer, Brown and Wilson",Low
V02098,Williams-Turner,Low
V02099,Webster Inc,Medium
V02100,"harris, santana and lopez",Low
V02101,Johnson-Thomas,Low
V02102,"Mcmahon, Rush and Bailey",High
V02103,Wyatt Ltd,High
V02104,"Allen, Hudson and Garcia",Medium
V02105,"Hines, Rice and Baldwin",Low
V02106,Jackson-Webster,Medium
V02107,beltran inc,
V02108,Knapp Ltd,High
V02109,Richardson-Lawrence,High
V02110,Nunez-Rodriguez,High
V02111,Zavala-Coleman,High
V02112,"Perez, Rodriguez and Rollins",Low
V02113,Owens PLC,
V02114,Simpson LLC,Medium
V02115,"Roberts, Bowen and Miller",High
V02116,Wilson-Campbell,Medium
V02117,"Fitzgerald, Mcdaniel and Randall",High
V02118,Spencer LLC,Medium
V02119,Lopez-Jones,High
V02120,Crosby-Richardson,Medium
V02121,Lutz Group,High
V02122,"Garcia, Kim and Barrett",Medium
V02123,Wilson Group,
V02124,Neal-Madden,Medium
V02125,"Schaefer, Levine and Brown",High
V02126,Morgan PLC,Medium
V02127,Martinez-Massey,Low
V02128,"Porter, Hubbard and Miranda",High
V02129,"Nelson, Clarke and Schneider",High
V02130,Kelly-Estrada,High
V02131,Archer-Dixon,High
V02132,Tate Inc,High
V02133,King Group,High
V02134,Fuller and Sons,Medium
V02135,Garcia Inc,Low
V02136,Jimenez Inc,Low
V02137,Reyes Ltd,Low
V02138,Hernandez-Howell,Medium
V02139,Wolf Ltd,Low
V02140,"Saunders, Sparks and Harris",High
V02141,"Jimenez, Wagner and Daniels",Low
V02142,"Payne, Cisneros and Johnson",Low
V02143,Beard-Wilson,Low
V02144,Edwards-Bennett,Medium
V02145,Johnson-Thompson,High
V02146,"Dalton, Turner and Mccarthy",Medium
V02147,Jordan-Edwards,Medium
V02148,Freeman-Rodriguez,Low
V02149,"Henry, Spencer and Ryan",
V02150,Alvarez-Dickerson,Medium
V02151,"Brown, Baker and Garza",High
V02152,Jensen-Gomez,Medium
V02153,Flores-Johnson,Medium
V02154,Anderson LLC,Medium
V02155,Pacheco-Silva,High
V02156,"Peterson, Davis and Reed",High
V02157,Jenkins-Brown,High
V02158,Wright Ltd,High
V02159,Watkins-Lozano,Medium
V02160,Melton Inc,Medium
V02161,Jackson-Ryan,Low
V02162,Murray Group,Medium
V02163,"Robertson, Fisher and Smith",High
V02164,Chapman-Odom,Medium
V02165,Hudson-Morris,High
V02166,Stokes Inc,Low
V02167,"Leonard, Rogers and Shaw",Low
V02168,"Morgan, Mendez and Cox",High
V02169,Harris-Reid,Low
V02170,Pittman PLC,High
V02171,Mitchell Inc,Low
V02172,Davies-Morales,Low
V02173,Weber Inc,Medium
V02174,"Richard, Davis and Rogers",Low
V02175,Knight PLC,Medium
V02176,Simmons-Reed,High
V02177,Pearson LLC,Low
V02178,"Brock, Reynolds and Fernandez",Low
V02179,Perry LLC,Medium
V02180,"robertson, powers and kelley",Medium
V02181,Burton PLC,Low
V02182,Ray and Sons,High
V02183,"Hayden, Harmon and Mcdonald",Medium
V02184,"Patel, Mendez and Hammond",Medium
V02185,Michael-Barber,Low
V02186,Boyd LLC,High
V02187,Hernandez-Hernandez,
V02188,"Cannon, Richard and Jenkins",High
V02189,Walters Group,High
V02190,Colon-Lucas,Medium
V02191,Mcdaniel-Young,High
V02192,Wilson and Sons,Low
V02193,Sanchez LLC,High
V02194,Washington-Esparza,High
V02195,Lucas-Johnson,Medium
V02196,Nelson Inc,High
V02197,Clarke-Ramirez,High
V02198,"Thompson, Phelps and Stuart",Low
V02199,Casey-Brown,Low
V02200,Edwards LLC,High
V02201,Lester Group,High
V02202,Powers-Blackwell,Low
V02203,Hahn-Ramsey,Medium
V02204,Young PLC,High
V02205,"Mason, Martinez and Beck",Low
V02206,"Herring, Huynh and King",High
V02207,Young Inc,Medium
V02208,Murphy-Silva,High
V02209,Shaffer-Manning,Low
V02210,Robinson-Rodriguez,Low
V02211,Booker Group,High
V02212,King-Lawrence,Medium
V02213,Ferguson-Lyons,Medium
V02214,Stewart Group,Medium
V02215,Vega-Richmond,High
V02216,Cox Ltd,
V02217,Underwood-Smith,Low
V02218,"Johnson, Stevenson and Lindsey",Medium
V02219,Vazquez Ltd,Low
V02220,King Group,High
V02221,Fowler-Haynes,Medium
V02222,"Martinez, Camacho and Mathews",High
V02223,Smith-Yu,Low
V02224,Turner-Mayer,High
V02225,Evans and Sons,Low
V02226,Welch-Suarez,High
V02227,"Sullivan, Johnson and Delacruz",High
V02228,Ruiz-Gutierrez,Medium
V02229,Love-Mcdowell,Medium
V02230,Holloway Ltd,Low
V02231,Hunter-Bell,High
V02232,"Daniel, Kelley and Murphy",Medium
V02233,"Johnson, Williams and May",Low
V02234,"Ramos, Davidson and Smith",Medium
V02235,Fuller LLC,Medium
V02236,"Miller, Moore and Black",Low
V02237,"Hines, Bradford and Jennings",Low
V02238,Hayes-Russo,High
V02239,Green Ltd,
V02240,"Serrano, Marsh and Gonzalez",Medium
V02241,Richardson-Long,High
V02242,Duffy-Wilkerson,Medium
V02243,Smith Inc,High
V02244,"Holland, Sims and Meadows",Low
V02245,Gonzalez-Haynes,Low
V02246,Williams PLC,Medium
V02247,Burke-Hernandez,Medium
V02248,Jackson-Bradley,Medium
V02249,Higgins Group,High
V02250,wilcox-snyder,Medium
V02251,Reeves and Sons,Low
V02252,Roberts-Snyder,Low
V02253,reynolds and sons,High
V02254,"Lewis, Holloway and Acosta",Medium
V02255,Barnes Group,High
V02256,Johnson LLC,Low
V02257,Williamson and Sons,High
V02258,Aguilar-Holland,Low
V02259,Smith and Sons,High
V02260,Mccann-Sanders,High
V02261,Reeves Ltd,High
V02262,Fitzgerald-Scott,High
V02263,Hawkins Inc,Low
V02264,Galvan-Ruiz,High
V02265,Barajas-Crosby,Low
V02266,"Mckinney, Pacheco and Smith",Medium
V02267,"Harvey, Turner and Foster",Medium
V02268,Anderson-Mcclain,High
V02269,Carpenter LLC,High
V02270,Gordon LLC,High
V02271,Anderson-Stewart,Medium
V02272,"Hamilton, Green and Edwards",
V02273,Porter LLC,Medium
V02274,"Ward, Jordan and Orr",Low
V02275,Austin-Juarez,Medium
V02276,Black-Graham,Low
V02277,Stewart Group,Medium
V02278,Peters Ltd,Low
V02279,"Yates, Brown and Hernandez",Low
V02280,White Group,High
V02281,Martin-Mcdonald,Low
V02282,Carney Group,Medium
V02283,Alexander Ltd,Medium
V02284,"Washington, Vasquez and Singleton",High
V02285,Martinez Inc,Low
V02286,Oneill and Sons,High
V02287,Brady LLC,High
V02288,"Macdonald, Willis and Silva",Medium
V02289,Fox PLC,High
V02290,Butler Inc,Medium
V02291,Tate Ltd,Medium
V02292,Clay Inc,Low
V02293,Maldonado-Becker,High
V02294,Brooks-Hickman,Low
V02295,Hood and Sons,Medium
V02296,Miller Ltd,
V02297,"Castillo, Fuller and Adams",High
V02298,"Smith, Booker and Douglas",Low
V02299,Nguyen-Dennis,High
V02300,"Meadows, Robles and Anderson",Low
V02301,Solis LLC,Low
V02302,Yates-Manning,Low
V02303,"Crane, James and Ross",Medium
V02304,Allen Group,Low
V02305,Smith and Sons,Medium
V02306,Price Group,Medium
V02307,Holland-Best,
V02308,Martinez Group,Medium
V02309,Fitzgerald-Dorsey,Medium
V02310,"Munoz, Howard and Davis",Low
V02311,Hunt-Burns,Medium
V02312,Alvarez-Hart,High
V02313,Davis-Henderson,Medium
V02314,Austin-Hamilton,Low
V02315,Davis-Palmer,Low
V02316,Rhodes-Holland,Medium
V02317,"Moore, Simpson and Soto",Low
V02318,"Miller, Mcdonald and Miller",High
V02319,Evans-Joyce,Medium
V02320,"Leach, Skinner and Mills",Medium
V02321,Carroll-Arnold,Medium
V02322,Palmer PLC,High
V02323,Gutierrez-Marshall,Low
V02324,"Carroll, King and Scott",Low
V02325,Mack Inc,Low
V02326,Yang Group,Medium
V02327,Hartman Group,Medium
V02328,Miller Ltd,Low
V02329,Edwards-Ramsey,High
V02330,"Cole, Morton and Peterson",Medium
V02331,Clark Inc,Low
V02332,"Hendrix, Green and Nunez",Low
V02333,Ferguson-Smith,Low
V02334,Smith Ltd,Low
V02335,Stevens-Sullivan,High
V02336,"Church, Guzman and Tucker",Medium
V02337,"Li, Jensen and Vazquez",Medium
V02338,"Leonard, Ballard and Miller",High
V02339,Smith Inc,
V02340,Horton and Sons,Low
V02341,Clark Ltd,Medium
V02342,Santos Group,Medium
V02343,"Garrison, Ryan and Miller",High
V02344,Hernandez-Henderson,Medium
V02345,Martin and Sons,Low
V02346,"Park, Maynard and Ruiz",Low
V02347,Richards-Harris,Low
V02348,"Gallegos, Myers and Cook",Low
V02349,Mccoy Ltd,High
V02350,Petty-Allison,Low
V02351,"Lane, Simon and Duarte",Low
V02352,Freeman Group,Medium
V02353,"Garza, Carr and Gregory",Low
V02354,Hall-Brown,Low
V02355,Henderson LLC,
V02356,"Brown, Orozco and Butler",High
V02357,Wilson-Dean,Low
V02358,"Reed, Terry and Smith",Medium
V02359,Barber-Harrison,Low
V02360,Hall-Robinson,High
V02361,"Morgan, Guzman and Kirby",Medium
V02362,"Mcdonald, Ware and Sharp",High
V02363,Moyer-Whitaker,
V02364,"Delgado, Ward and Kennedy",Low
V02365,howell llc,Low
V02366,"Curry, Estrada and Anderson",High
V02367,Moore Group,High
V02368,Leon Group,Medium
V02369,Young-Hawkins,High
V02370,Howard LLC,High
V02371,Rhodes-Thompson,High
V02372,"Johnson, Brown and Jordan",High
V02373,"Perez, Hoffman and Tucker",High
V02374,Glover-Hammond,Low
V02375,"Adams, Hernandez and Vaughn",Low
V02376,"Munoz, Garcia and Williams",Medium
V02377,Lloyd-Estes,Low
V02378,Villegas PLC,Low
V02379,"Casey, Meza and Colon",High
V02380,Romero and Sons,Medium
V02381,"Wilson, Harris and Ward",Low
V02382,"Carter, Alexander and Hunter",Low
V02383,"Harrell, Moore and Cox",High
V02384,Martinez and Sons,Low
V02385,Montes-Hammond,Low
V02386,Sanchez Group,High
V02387,Mitchell-Jackson,Low
V02388,Watson-Fischer,Low
V02389,Soto-Sanchez,Low
V02390,"Fisher, Perez and Pham",Low
V02391,Hardin-Villanueva,Low
V02392,"Norton, Cox and Johnson",Low
V02393,Carrillo Ltd,Low
V02394,"Acevedo, Miller and Edwards",Medium
V02395,Hamilton Group,High
V02396,Keller Ltd,Medium
V02397,Orr Inc,Medium
V02398,"Whitney, Lloyd and Liu",Medium
V02399,Barnes-Blackwell,High
V02400,"Spencer, Torres and Newton",High
V02401,Smith-Ramirez,High
V02402,"Bishop, Thomas and Powell",Medium
V02403,"Harris, Stephens and Kramer",High
V02404,"Ramos, Reed and Cain",High
V02405,"Sullivan, Gonzalez and Turner",High
V02406,Medina Group,Low
V02407,"Higgins, Hobbs and Meyer",Low
V02408,"Campbell, Davis and Arnold",Medium
V02409,"Peterson, Reid and Johnson",High
V02410,"Vargas, Allen and Schroeder",Low
V02411,"Henderson, Wagner and Dennis",Medium
V02412,Green-Romero,High
V02413,Williams Ltd,High
V02414,West PLC,High
V02415,"Smith, Morgan and Young",Low
V02416,"Zhang, Cunningham and Kline",Low
V02417,"Wade, Richard and Hall",Medium
V02418,Mitchell-Glover,Low
V02419,"Armstrong, Taylor and Gray",Low
V02420,"Wright, Murphy and Aguilar",
V02421,Gibson-Thomas,Low
V02422,Poole-Miller,Medium
V02423,Coleman and Sons,Low
V02424,Lewis-Miller,Low
V02425,"Fox, Chapman and Stone",Low
V02426,Wiggins-Silva,Medium
V02427,"Henderson, Alexander and Galvan",Medium
V02428,Dennis-Butler,High
V02429,Thomas and Sons,Medium
V02430,Dawson-Anderson,High
V02431,"Palmer, Rice and Benson",High
V02432,Kennedy-Francis,Low
V02433,"Wood, Crane and Guzman",High
V02434,Rodriguez-Wood,Medium
V02435,Williams-Hernandez,High
V02436,Torres-Brooks,Medium
V02437,Tucker-Moody,Low
V02438,Bowers Group,High
V02439,Zuniga LLC,Medium
V02440,Lewis-Fuentes,
V02441,Smith-Kelley,High
V02442,Harrell Group,Medium
V02443,Berry-Knight,High
V02444,Harrington-Alvarez,Medium
V02445,"Bass, Anderson and Taylor",Medium
V02446,"Murray, Cole and Cole",Medium
V02447,"Nguyen, Marsh and Beck",Medium
V02448,Hughes-Mccullough,High
V02449,Weaver-Rubio,Medium
V02450,Fitzgerald-Brewer,Low
V02451,Mann PLC,High
V02452,"Hogan, Zimmerman and Hoffman",High
V02453,Schneider Inc,Medium
V02454,Friedman PLC,High
V02455,"Todd, Bernard and Boyd",Low
V02456,Shaw-Smith,Low
V02457,"Mayer, White and Smith",Low
V02458,Sanchez Ltd,Medium
V02459,"Wallace, Roman and Lawson",Low
V02460,Chapman-Henry,Low
V02461,Morgan and Sons,Medium
V02462,Johnson-Rice,High
V02463,Scott-Wilson,Low
V02464,Weaver LLC,High
V02465,White Inc,High
V02466,Parker Group,Low
V02467,"Jackson, Mendez and Nguyen",
V02468,Reeves LLC,High
V02469,Garcia-Thomas,Low
V02470,Scott-David,High
V02471,Williams and Sons,Medium
V02472,"Willis, Vasquez and Goodwin",High
V02473,Avery-Adams,Low
V02474,Marshall-Russell,Medium
V02475,Johnson-Schultz,Medium
V02476,Adams PLC,Low
V02477,"Garcia, Hines and Pearson",Medium
V02478,Torres Group,High
V02479,Miller-Fields,Medium
V02480,Patton and Sons,Low
V02481,Fernandez-Jackson,Medium
V02482,Medina Group,Medium
V02483,"Hayes, Smith and Marshall",Medium
V02484,"Roberts, Stanton and Smith",Low
V02485,Nelson-King,Medium
V02486,"James, Bell and Chen",Medium
V02487,"Pittman, Campbell and Martin",High
V02488,"Hart, Turner and Foster",Low
V02489,Rivas Ltd,Low
V02490,"Lutz, Johns and Clark",Medium
V02491,"Bernard, Flores and Fleming",Low
V02492,Reid-Petty,Medium
V02493,"chavez, sanchez and bird",Medium
V02494,Clark-Haley,Low
V02495,Smith-Holt,Low
V02496,"Nielsen, Lynch and Smith",High
V02497,Chambers Group,Low
V02498,"woodard, warner and farmer",Medium
V02499,"Miller, Mcdowell and Curtis",High
V02500,"Johnson, Collier and Powers",High
V02501,"Martinez, Stanton and Bennett",Medium
V02502,"Howard, Thompson and Tate",Low
V02503,"Terrell, Martinez and Wood",Low
V02504,Wallace and Sons,Medium
V02505,"Smith, Campbell and Morse",High
V02506,Lee-Velasquez,Low
V02507,"Turner, Robbins and Young",High
V02508,Coffey-Johnson,High
V02509,Conway-Mann,High
V02510,Smith Ltd,Medium
V02511,Rodriguez-Ramirez,Low
V02512,"Snyder, Arnold and Keller",Medium
V02513,"Chambers, Morrison and Thompson",Low
V02514,"Anderson, Brown and Green",Medium
V02515,"Foley, Ibarra and Daniel",High
V02516,Lee-Gregory,
V02517,"Byrd, Mendez and Becker",High
V02518,Smith-Simmons,Low
V02519,"Hahn, Williams and Mcmillan",High
V02520,Richard-Russell,Low
V02521,Frazier Group,High
V02522,Ward-Blake,Medium
V02523,"Walker, Ramirez and Fisher",High
V02524,Stewart-Myers,High
V02525,Miller-Armstrong,Medium
V02526,Mooney and Sons,Low
V02527,"Coleman, Jones and Wright",High
V02528,Murphy Inc,High
V02529,"Garrett, Johnson and Reynolds",Medium
V02530,Watkins Ltd,Low
V02531,Pittman-Wright,High
V02532,Allen-Peterson,Medium
V02533,Underwood PLC,
V02534,Harding PLC,Low
V02535,"Gonzales, Davis and Griffin",Low
V02536,Miller Inc,Low
V02537,Bennett Ltd,Medium
V02538,Patton Inc,Low
V02539,Brown-Bishop,High
V02540,jones-byrd,Low
V02541,"Williams, Horn and Morales",High
V02542,"Walton, Hall and Greene",Low
V02543,"hanson, chavez and marshall",High
V02544,Hobbs-Harvey,Low
V02545,Curtis-Lowe,High
V02546,Gibson LLC,Low
V02547,"Lee, Garcia and Larson",Low
V02548,Watkins and Sons,Medium
V02549,"Martinez, Hicks and Kelly",Medium
V02550,Hardy-Wallace,High
V02551,Taylor Inc,Low
V02552,Anderson PLC,Medium
V02553,Palmer-Pearson,Low
V02554,Collins-Mcclure,Medium
V02555,Hernandez LLC,Medium
V02556,"Cooper, Wood and Smith",Low
V02557,"Sandoval, Thomas and Young",Medium
V02558,"Trevino, Henderson and Gonzalez",High
V02559,Davidson and Sons,
V02560,Peterson Ltd,Medium
V02561,Neal-Holden,Low
V02562,"Schwartz, Christian and Knight",
V02563,Jensen-Barnes,Low
V02564,Garcia Inc,High
V02565,Robinson-Smith,High
V02566,Steele Group,High
V02567,"Lewis, Castillo and Tate",Medium
V02568,Aguirre-Bennett,Medium
V02569,Lopez-Fritz,Low
V02570,Smith-Howard,High
V02571,"Wilson, Roberts and Lee",Low
V02572,"Durham, Ward and Hester",Medium
V02573,Gonzalez and Sons,Low
V02574,Mcclure Ltd,Medium
V02575,Morgan PLC,Medium
V02576,White Inc,Medium
V02577,Cameron Inc,
V02578,Decker and Sons,Medium
V02579,Pena-Dyer,Medium
V02580,Boyle-Torres,Low
V02581,Wood LLC,High
V02582,"Jackson, Rose and Lloyd",Low
V02583,"Keith, Johns and Jones",High
V02584,Andrade and Sons,
V02585,Lee Group,Medium
V02586,"Brooks, Greene and Rowland",Medium
V02587,Mccall PLC,Low
V02588,"Lopez, Nichols and Clarke",High
V02589,Wright-Soto,High
V02590,Salas-York,Medium
V02591,"Blackwell, Clark and Miller",Medium
V02592,Gibbs-Mendez,High
V02593,Romero Ltd,High
V02594,"Brooks, Stone and White",
V02595,"Brooks, Neal and Baldwin",Low
V02596,Wells-Perkins,Medium
V02597,"Morse, Silva and Johnson",Low
V02598,Jacobson Group,High
V02599,Foster LLC,Low
V02600,Oneal-Duncan,High
V02601,scott-miller,High
V02602,Phillips PLC,Low
V02603,Hall-Williams,Medium
V02604,"Oliver, Simmons and Mcdonald",Medium
V02605,Richardson-Jimenez,High
V02606,Reyes-White,
V02607,Baker Inc,Low
V02608,Valenzuela-Phillips,High
V02609,"Hunt, Schneider and Hartman",
V02610,Garcia Inc,Low
V02611,Johnson-Gonzalez,Low
V02612,Leonard LLC,High
V02613,Mcgee-Mack,Low
V02614,Lee-Munoz,Medium
V02615,Murillo Ltd,High
V02616,"Daniels, Green and Carrillo",Low
V02617,Short-Logan,High
V02618,Bautista-Underwood,Low
V02619,"Smith, Valdez and Hays",Medium
V02620,Grimes and Sons,High
V02621,Cummings and Sons,Medium
V02622,Hall-Matthews,High
V02623,"Todd, Sharp and Murray",Medium
V02624,Edwards and Sons,Low
V02625,Carrillo-Wolfe,High
V02626,Gonzales PLC,Low
V02627,Brooks PLC,Medium
V02628,Torres Ltd,High
V02629,Porter Ltd,Medium
V02630,Morgan-Barnes,Low
V02631,"Goodwin, Farmer and Vaughn",Low
V02632,Nguyen-Johnson,Medium
V02633,Weeks and Sons,Medium
V02634,Carroll-Lloyd,High
V02635,"Berry, Myers and James",High
V02636,Brown-Hughes,Medium
V02637,Rodriguez-Hudson,Medium
V02638,Fowler-Torres,High
V02639,garcia plc,Medium
V02640,Johnson Ltd,Medium
V02641,"Burns, Lopez and Jones",High
V02642,Campbell-Hall,Medium
V02643,"Warren, Gibson and Wood",Low
V02644,jackson group,Low
V02645,Moore-Rodriguez,High
V02646,"Barnes, Paul and Price",Medium
V02647,Anderson and Sons,Low
V02648,Reynolds-Mckinney,Medium
V02649,Moore-Andrews,Low
V02650,Matthews-Shaw,Medium
V02651,"Stevens, Harris and Ritter",Medium
V02652,Brown-Ross,High
V02653,Fox PLC,High
V02654,Stevens-Johnston,High
V02655,"Davis, Lucas and Ellison",High
V02656,Graves-Dawson,Medium
V02657,Myers-Colon,Low
V02658,Perry and Sons,Medium
V02659,"Quinn, Ellis and Bartlett",
V02660,Hale Inc,Low
V02661,Hale-Williams,Low
V02662,Hill Ltd,Low
V02663,"Carter, Hendricks and Wolfe",
V02664,"Barrera, Kerr and Jenkins",Low
V02665,"Martinez, Wood and Campos",Medium
V02666,"Miranda, Nguyen and Hayes",High
V02667,Clark-Williams,High
V02668,Jones Ltd,Low
V02669,"Brady, James and Reese",Medium
V02670,Sanders Inc,Medium
V02671,Wilson-Stark,Low
V02672,Santiago-Marshall,Low
V02673,Jones-Kelley,Medium
V02674,Reeves Group,Medium
V02675,Ruiz LLC,High
V02676,Jackson Inc,Medium
V02677,"Garcia, Phillips and Nichols",High
V02678,Jackson-Powers,Medium
V02679,Byrd and Sons,High
V02680,Howard-Robinson,Medium
V02681,Stafford PLC,Medium
V02682,Ramos Inc,High
V02683,"Cain, Davidson and Moran",High
V02684,Myers LLC,Low
V02685,Williams-Smith,Medium
V02686,Wang-Mcfarland,Low
V02687,Kerr-Gonzalez,Medium
V02688,Fisher Inc,Low
V02689,Hoover-Frazier,Medium
V02690,Walker Inc,High
V02691,"Jackson, Jackson and Perry",Medium
V02692,Ochoa LLC,High
V02693,"Sims, Weber and Villa",Low
V02694,Mcmillan-Martinez,High
V02695,Rodriguez LLC,Low
V02696,Smith Ltd,High
V02697,Smith-Lewis,Medium
V02698,Jones LLC,Low
V02699,"Hanson, Williams and Mcclure",Medium
V02700,Turner-George,
V02701,Marquez PLC,Medium
V02702,King Inc,Medium
V02703,"Nguyen, Mccoy and Price",High
V02704,"Anderson, Thompson and Gill",Medium
V02705,"Stewart, York and Olson",High
V02706,Smith-Barr,Low
V02707,Reyes-Davidson,
V02708,Gordon Ltd,Medium
V02709,Hall PLC,Medium
V02710,Parker Ltd,Low
V02711,Todd-Harvey,High
V02712,Taylor Group,Low
V02713,Harris-Bennett,High
V02714,"Johnson, Mclean and George",Low
V02715,Stevenson-Murphy,Low
V02716,Stewart-Buchanan,Medium
V02717,Meyer Group,Medium
V02718,"Hess, Christensen and Perez",Medium
V02719,"Rivera, Allen and Ryan",High
V02720,"Mcneil, Solis and Horton",
V02721,Franklin Group,Low
V02722,"Morris, Ramos and Smith",Low
V02723,Jones-Lee,Low
V02724,"Braun, Mays and Martinez",Medium
V02725,Watkins and Sons,High
V02726,Romero Group,
V02727,"Mcdonald, Martin and Gonzalez",Medium
V02728,Thompson-Wright,Low
V02729,Ray-Faulkner,High
V02730,Nelson Group,High
V02731,Tapia LLC,High
V02732,Gray-Ruiz,Low
V02733,Wagner-Moss,Medium
V02734,Weiss Group,Low
V02735,Gill Group,Medium
V02736,Blake LLC,Low
V02737,"Medina, Tran and Thompson",Low
V02738,Ford-Chavez,Low
V02739,Hart-Castillo,Medium
V02740,Taylor-Harrison,High
V02741,Hendricks Inc,Medium
V02742,Hensley Ltd,Medium
V02743,"Brooks, Sullivan and Perry",High
V02744,Waller-Brooks,High
V02745,Parker-Archer,Medium
V02746,Ortiz Inc,Low
V02747,Cruz PLC,Medium
V02748,Lee Group,High
V02749,Wise-Walton,High
V02750,Hicks-Burns,Low
V02751,"Richardson, Brown and Cruz",High
V02752,Fitzgerald-Allen,Low
V02753,Dorsey LLC,Low
V02754,"Mann, Johnson and Wade",Low
V02755,Green Group,High
V02756,"Hernandez, Wright and Lane",Low
V02757,"Skinner, Smith and Wise",Medium
V02758,"Dawson, Cruz and Mccarthy",Medium
V02759,Stone and Sons,High
V02760,Martin-Simmons,High
V02761,"Turner, Ponce and Barrett",High
V02762,Willis-Gross,Low
V02763,"Booth, Rodriguez and Armstrong",Low
V02764,Olsen-Adams,Low
V02765,Conrad Group,Medium
V02766,"Parker, Benitez and Velasquez",Medium
V02767,Davis Ltd,Low
V02768,warren-pena,Low
V02769,"Jordan, Thompson and Lopez",
V02770,Gonzalez and Sons,Medium
V02771,"Fry, Hayes and Olsen",High
V02772,Harris Ltd,Low
V02773,Lamb and Sons,Medium
V02774,Bird-Savage,High
V02775,Sims-Weber,Low
V02776,"Martin, Carter and Gray",Low
V02777,Brown-Johnson,
V02778,Woods Ltd,High
V02779,Smith LLC,Low
V02780,Ortega Inc,Low
V02781,Clark Inc,Low
V02782,Morrison-Hatfield,Low
V02783,Frederick-Kennedy,Medium
V02784,Munoz-Rogers,
V02785,"Wu, Key and Montoya",Low
V02786,Ortega-Gray,Medium
V02787,Hester LLC,Low
V02788,Smith Ltd,Medium
V02789,Hardy-Barron,Low
V02790,Johnson Inc,High
V02791,"Ramirez, Lyons and Briggs",High
V02792,Hayes-Parks,Medium
V02793,Robertson-Keller,Low
V02794,Andersen LLC,Low
V02795,Schultz Inc,High
V02796,"Nguyen, Wallace and Lawson",Medium
V02797,Stevenson-Bauer,Medium
V02798,Patterson-Huynh,Medium
V02799,Hatfield-Vincent,High
V02800,Navarro LLC,High
V02801,"Lee, Thomas and Meyer",Low
V02802,"Glover, Moran and Johnson",High
V02803,robles-turner,Low
V02804,"Davies, Archer and Owens",Medium
V02805,Friedman-Olson,High
V02806,"Allen, Lewis and Mullins",Low
V02807,"Graves, Garcia and Holder",High
V02808,Martin LLC,Medium
V02809,Miranda-Robinson,High
V02810,Wade-Lynn,High
V02811,"Martinez, Taylor and Nichols",Low
V02812,"Vasquez, Pope and Cook",Medium
V02813,Huynh PLC,Medium
V02814,Schneider Group,High
V02815,"Paul, Hardy and Valdez",Low
V02816,"Burch, Kim and Hall",High
V02817,Wilson-Miller,Low
V02818,Peterson PLC,Low
V02819,Garner Inc,Medium
V02820,"Richardson, Castaneda and Finley",
V02821,"Mclaughlin, Collins and Lawrence",Medium
V02822,Boone Group,Low
V02823,Wise-Salinas,Medium
V02824,Meyer PLC,Medium
V02825,"Walker, Foster and Medina",Low
V02826,Stewart-Cabrera,High
V02827,Hood-Porter,High
V02828,Hernandez-Campbell,Low
V02829,"Ortega, Solis and Warner",Low
V02830,"Flores, Shaw and Barker",High
V02831,Shea-Mccarthy,Medium
V02832,Welch-Lewis,Medium
V02833,Padilla-Bennett,Low
V02834,Hernandez-Moran,Medium
V02835,"Michael, Walker and Fitzgerald",High
V02836,Gates Ltd,Medium
V02837,Evans-Briggs,High
V02838,Ritter PLC,Medium
V02839,Rogers-Gregory,Low
V02840,Todd-Myers,High
V02841,"Acosta, Campbell and Leblanc",Low
V02842,"Chase, Long and Anderson",Medium
V02843,"Glenn, Brown and Michael",Low
V02844,Ellis-Martin,Low
V02845,Ramos Group,High
V02846,Merritt-Clark,High
V02847,"Gonzalez, Curtis and Cox",Medium
V02848,"Garcia, Floyd and Garrison",Low
V02849,Clements-Simmons,High
V02850,Howe Inc,Medium
V02851,Mccann-White,Medium
V02852,Wilson PLC,Low
V02853,"Morgan, Hamilton and Hernandez",Medium
V02854,"Powell, Johnson and Allen",Medium
V02855,Turner-Carlson,Medium
V02856,Delgado Group,Low
V02857,"Esparza, Lambert and Davis",Medium
V02858,Hancock-Santos,Medium
V02859,Chen-Wallace,Medium
V02860,Wilson Inc,Medium
V02861,Burns Ltd,High
V02862,"walker, matthews and archer",Low
V02863,Hill-Mcgee,Medium
V02864,"White, Washington and Newman",High
V02865,Evans-Martinez,Medium
V02866,Brown-Stout,High
V02867,"Lopez, Hess and Smith",Medium
V02868,"Roth, Logan and Moreno",
V02869,Stone PLC,High
V02870,"Reeves, Tyler and Martinez",Medium
V02871,Sheppard Inc,Low
V02872,Atkins Ltd,High
V02873,Smith Group,Low
V02874,Martinez-Anderson,
V02875,Delgado Inc,Low
V02876,"Scott, Mullins and Miller",High
V02877,Hunter LLC,High
V02878,"Jackson, Rowland and Barrett",Low
V02879,Turner PLC,Medium
V02880,Hopkins-Wallace,High
V02881,"Henry, Edwards and Bartlett",
V02882,Obrien-Dixon,Medium
V02883,"Garcia, Weiss and Young",Low
V02884,Thomas and Sons,Medium
V02885,Guzman and Sons,Medium
V02886,"Howard, Anderson and Dean",Low
V02887,Pierce LLC,High
V02888,Santos-Martin,High
V02889,Miller-King,Low
V02890,Bentley-Thomas,High
V02891,Jones Ltd,High
V02892,Cowan-Terry,Medium
V02893,Klein PLC,High
V02894,"Holland, Dixon and Martin",Medium
V02895,Stewart Group,Low
V02896,Johnson-Munoz,Low
V02897,Nelson PLC,Low
V02898,Sutton Group,Medium
V02899,Murphy Inc,Low
V02900,Blankenship-Strickland,Low
V02901,Melton and Sons,High
V02902,Smith-Bennett,High
V02903,Gray Inc,Low
V02904,Thompson Ltd,High
V02905,Chapman-Roman,Medium
V02906,Rice Ltd,Low
V02907,"Grimes, Arnold and Lawson",Medium
V02908,Jackson Group,Low
V02909,Reed Ltd,High
V02910,"Faulkner, Schmidt and Wheeler",High
V02911,Woods-Anderson,Medium
V02912,Parks Ltd,Medium
V02913,Sandoval and Sons,Medium
V02914,Bradley-Adams,High
V02915,"Fowler, Wood and Waters",High
V02916,"Franklin, Mann and White",Low
V02917,Lindsey-Shaw,Medium
V02918,Cisneros-Meyer,High
V02919,"Keith, Cervantes and Torres",Low
V02920,Meza Group,Low
V02921,bruce-walters,Low
V02922,Blair Inc,Low
V02923,Johnston Inc,High
V02924,"Mitchell, Noble and Stokes",Low
V02925,Hayden Group,High
V02926,"Romero, Cross and Castillo",High
V02927,"Jennings, Rhodes and Patel",Low
V02928,Sullivan PLC,Medium
V02929,Bartlett Ltd,High
V02930,Klein Ltd,
V02931,"Brady, Sanchez and Stevenson",High
V02932,"Sutton, Williams and West",Medium
V02933,Craig PLC,Low
V02934,Thompson LLC,High
V02935,palmer inc,Medium
V02936,Simpson-Jackson,Low
V02937,Morgan Ltd,Low
V02938,Decker Inc,High
V02939,Evans-Carter,High
V02940,Smith Ltd,Medium
V02941,"Long, Leblanc and Hickman",Low
V02942,"Robertson, Barry and Walls",High
V02943,"Charles, Brown and Smith",Low
V02944,Murphy-Gomez,Medium
V02945,Bailey Ltd,High
V02946,Morales Inc,Medium
V02947,Jordan and Sons,High
V02948,Rice and Sons,
V02949,Martinez-Freeman,High
V02950,Hammond LLC,High
V02951,Ruiz LLC,Medium
V02952,Diaz-Mcclain,Low
V02953,"Cain, Rodriguez and Gonzales",Medium
V02954,Martin-Gomez,Medium
V02955,Smith-Stephenson,Low
V02956,"Gonzalez, Lopez and Williams",Low
V02957,Fisher-Rivera,Low
V02958,Martin and Sons,Medium
V02959,Moyer-Bird,Medium
V02960,Fisher PLC,High
V02961,Marsh-Klein,Medium
V02962,Potter-Deleon,High
V02963,Shaw-Mclean,Medium
V02964,Anderson-Rosario,Medium
V02965,Martinez LLC,Medium
V02966,"Smith, Cohen and Williams",High
V02967,Jordan-Harper,Low
V02968,Hamilton LLC,Medium
V02969,Tucker-Hodges,Low
V02970,Williamson Ltd,Low
V02971,"Lopez, Campbell and Wilson",Medium
V02972,Gamble-Wright,Medium
V02973,Gonzalez-Mccarthy,High
V02974,Haynes PLC,Medium
V02975,"White, Riddle and Garza",Low
V02976,"Hernandez, Martinez and Morales",Low
V02977,Mooney-Hickman,High
V02978,Smith-Gonzalez,High
V02979,James PLC,Medium
V02980,Graves-Baird,High
V02981,Rogers Group,Low
V02982,Hicks Ltd,Medium
V02983,Torres LLC,
V02984,Ramirez-Bell,High
V02985,Wright-Jacobson,High
V02986,Williams Inc,Low
V02987,"Garner, Lewis and Kennedy",Medium
V02988,"Garcia, Lopez and Vaughan",High
V02989,Cook-Rodriguez,Medium
V02990,"Smith, Arnold and Atkins",Medium
V02991,Ward-Patrick,Low
V02992,"Maxwell, Rice and Watson",High
V02993,"Hill, Silva and Miller",High
V02994,Anderson Ltd,Low
V02995,"Martinez, Willis and Barr",Medium
V02996,"Roth, Lee and Griffin",High
V02997,Jones PLC,High
V02998,"Cooper, Swanson and Mayo",High
V02999,ferguson and sons,Medium
V03000,Anderson Group,Low
V03001,"Dawson, Snow and Malone",Low
V03002,"Hester, Jacobson and West",Medium
V03003,"Wilson, Graham and Webb",Medium
V03004,"Velazquez, Gordon and Johnson",Medium
V03005,"Hill, Ponce and Roberts",Medium
V03006,"Brown, Compton and Lee",Low
V03007,Simpson-Patel,Low
V03008,"Mata, Martin and Christensen",High
V03009,Hart-Myers,Medium
V03010,"Nelson, White and Moore",High
V03011,Vargas Inc,High
V03012,"Gibson, Zimmerman and Warren",High
V03013,Phelps-Phillips,Medium
V03014,Arnold-Jackson,
V03015,Ferguson LLC,Low
V03016,Bowman LLC,
V03017,Nelson Inc,Medium
V03018,"Whitney, Mayo and Clark",Medium
V03019,Smith LLC,High
V03020,"Jacobs, Wood and Miller",Low
V03021,"Henson, Baker and Anderson",High
V03022,"Phillips, Galloway and Garrett",Low
V03023,Holloway and Sons,High
V03024,"Sanford, Thompson and Bonilla",Medium
V03025,"Sandoval, Parrish and Crosby",High
V03026,"Rodriguez, Reese and Reyes",Low
V03027,"Scott, Sims and Munoz",Medium
V03028,Montoya and Sons,High
V03029,Adams-Perkins,Low
V03030,Moore-Hall,Medium
V03031,"Hamilton, Hernandez and Mendoza",Medium
V03032,White-Lopez,High
V03033,Lopez Group,Low
V03034,"White, Campbell and Collins",Medium
V03035,Roth Ltd,Low
V03036,"Lopez, Thomas and Simmons",
V03037,Stout-Waller,Medium
V03038,ramsey and sons,Low
V03039,"Christensen, Smith and Garcia",Low
V03040,Smith-Serrano,High
V03041,"michael, anderson and carrillo",Medium
V03042,Thomas-Burton,Medium
V03043,Sparks Inc,High
V03044,Daniels LLC,High
V03045,"Miller, Taylor and Malone",High
V03046,Ochoa-Parker,Low
V03047,Moore-Brown,Medium
V03048,"Adams, Stephens and Smith",Low
V03049,Garcia LLC,High
V03050,Hunt Group,Medium
V03051,Smith and Sons,Medium
V03052,Perez Group,Low
V03053,Gomez LLC,High
V03054,Dorsey Ltd,High
V03055,Mcdaniel-Espinoza,High
V03056,Vasquez Inc,High
V03057,Garcia LLC,High
V03058,Jones-Cook,Medium
V03059,Mclean-Gillespie,Low
V03060,Munoz and Sons,Low
V03061,Moreno-Greene,High
V03062,"Coleman, Barry and Mcdaniel",High
V03063,"Roth, Bailey and Garcia",Low
V03064,Stanley-Cantu,High
V03065,"Lindsey, Mccormick and Hensley",Low
V03066,Strickland and Sons,High
V03067,Hernandez-Griffin,High
V03068,Briggs-Wilson,Medium
V03069,Moyer-Ramirez,Medium
V03070,Morris and Sons,Low
V03071,Saunders LLC,High
V03072,Snyder-Olson,Low
V03073,Guzman-Fields,High
V03074,Pham Ltd,Low
V03075,Reyes PLC,
V03076,Ryan-Vasquez,Medium
V03077,"Underwood, Cruz and Carpenter",High
V03078,Rose-Frank,Medium
V03079,"Robinson, Miller and Ward",Medium
V03080,Mcknight Inc,Medium
V03081,Grant-Rosario,Medium
V03082,Brown LLC,High
V03083,Allison-Delacruz,Medium
V03084,Phillips and Sons,Medium
V03085,"Bonilla, Durham and Sanchez",Medium
V03086,Brown and Sons,Medium
V03087,Hayden Ltd,Medium
V03088,Bennett Inc,Low
V03089,"Hanna, Watson and Miles",Medium
V03090,"Perkins, Woods and Wheeler",High
V03091,Johnson LLC,High
V03092,Miller Inc,Low
V03093,Carroll Group,High
V03094,Cannon Group,Low
V03095,"Taylor, Rose and Rush",Medium
V03096,Jenkins-Rogers,High
V03097,"Dominguez, Mitchell and Moore",High
V03098,"Johnson, Potter and Gordon",High
V03099,sanders group,Medium
V03100,"Vaughan, Gibson and Dawson",Medium
V03101,Ellison-Shaw,Medium
V03102,"Perez, Huynh and Nelson",High
V03103,Boyd and Sons,High
V03104,"Lewis, Montgomery and Robinson",High
V03105,Carson PLC,High
V03106,"Skinner, Velasquez and Mcdonald",Medium
V03107,Delgado-Sullivan,Low
V03108,Martin-Pratt,Medium
V03109,"Coleman, Nelson and Garcia",Low
V03110,Morrison-Bradford,High
V03111,Allen and Sons,High
V03112,"Rodriguez, Lewis and Smith",High
V03113,Lopez-Harris,High
V03114,Allen Inc,High
V03115,"Cunningham, Elliott and Tyler",Low
V03116,Williams Inc,Low
V03117,Smith-Kelly,Medium
V03118,Benjamin-Porter,High
V03119,Walton-Swanson,High
V03120,Park Inc,Low
V03121,Russell-Figueroa,Medium
V03122,Shaw and Sons,High
V03123,Matthews Group,High
V03124,Willis-Christian,High
V03125,Martin-Fleming,
V03126,Mcclure Inc,Medium
V03127,"Hall, Lewis and Maldonado",High
V03128,Mack and Sons,Medium
V03129,"Black, Chandler and Curtis",Low
V03130,West-Anderson,Medium
V03131,Ward-Chase,Low
V03132,Williams-Marquez,High
V03133,"Hughes, Clark and Bishop",Medium
V03134,Rubio PLC,Medium
V03135,"Gamble, Davis and Smith",High
V03136,Payne-Novak,Medium
V03137,Porter Group,High
V03138,Jackson-Phillips,
V03139,Ramirez LLC,Medium
V03140,Davis-White,
V03141,Scott-Kennedy,High
V03142,Hines-Ramos,Low
V03143,Case PLC,High
V03144,Williams-Trevino,High
V03145,Ortiz-Harvey,Low
V03146,"Anderson, Richardson and Kirk",High
V03147,Brooks-Fleming,High
V03148,"Cole, Rich and Esparza",Low
V03149,Oliver Ltd,Low
V03150,Figueroa and Sons,High
V03151,"Nicholson, Smith and Farrell",Medium
V03152,Bennett-Hudson,High
V03153,Walker Group,High
V03154,"Davis, Owens and Day",Medium
V03155,Rodriguez-White,High
V03156,Lowery Group,Low
V03157,Gonzalez-Murphy,Medium
V03158,Peterson-Munoz,Low
V03159,Park Group,Medium
V03160,Ramirez Inc,Medium
V03161,"Moore, Harrison and Bowman",Low
V03162,Carroll-Huerta,Low
V03163,Brown-Stokes,Low
V03164,Irwin-Lewis,High
V03165,Parrish Ltd,High
V03166,Nelson-Reid,High
V03167,Thomas LLC,High
V03168,Miller-Russo,Low
V03169,Savage-Warren,Medium
V03170,"Orozco, White and Brown",High
V03171,Peterson-Mullins,Medium
V03172,Gonzalez Group,Low
V03173,Alvarez-Barker,
V03174,Sheppard Group,Medium
V03175,Gaines-Hudson,High
V03176,Hoffman PLC,High
V03177,Miller Ltd,Low
V03178,"Jensen, Morris and Downs",Low
V03179,"Newton, Doyle and Stewart",Medium
V03180,Mosley and Sons,Medium
V03181,Lin-Wilson,Low
V03182,"Russell, Meyer and Smith",Low
V03183,Harding-Mathews,High
V03184,"Cole, Montes and Davis",Medium
V03185,Reese and Sons,High
V03186,Horton-Schroeder,High
V03187,"Gray, Bailey and Farley",Low
V03188,"Ray, Smith and Cervantes",High
V03189,Turner LLC,Medium
V03190,"Fuentes, Martinez and Porter",Medium
V03191,Gutierrez-Bell,
V03192,"Simmons, Dickson and Rogers",Low
V03193,Ellis LLC,Medium
V03194,Tran and Sons,High
V03195,"Graham, Mitchell and Keller",
V03196,"Kim, Campbell and Oliver",Low
V03197,Cowan Inc,Low
V03198,Banks PLC,Low
V03199,Garcia-Brady,Medium
V03200,"Ho, Garcia and Wallace",Low
V03201,"Shaffer, Contreras and Christian",High
V03202,Walker Group,Low
V03203,"James, Gonzalez and Harrison",Medium
V03204,Bell Group,High
V03205,Odonnell-Newman,Low
V03206,"Foster, Ayers and Casey",
V03207,"Campbell, Hobbs and Baker",Low
V03208,Nunez-Smith,Low
V03209,Johnson-Johnson,Medium
V03210,Randall-Stone,Low
V03211,"Greene, Rogers and Haley",Medium
V03212,Allen-Beltran,Low
V03213,Jensen Group,Medium
V03214,Solis PLC,Low
V03215,Anderson-Fields,Low
V03216,"Thompson, Strong and Holmes",Medium
V03217,Hall-Mckinney,Medium
V03218,Gordon Ltd,High
V03219,"Mueller, Cameron and Burton",Low
V03220,Hood-Moore,High
V03221,Harris-Davis,
V03222,Smith-Carrillo,Low
V03223,johnson ltd,Low
V03224,"Knapp, Miller and Reyes",Medium
V03225,"Gross, Lucero and Walters",Medium
V03226,Lopez-Delgado,High
V03227,Phillips PLC,Medium
V03228,Barber Group,Medium
V03229,Hopkins-Hill,High
V03230,Burton Ltd,Low
V03231,"Camacho, Rodriguez and Ho",High
V03232,Rodriguez LLC,Low
V03233,Kline-Davis,Medium
V03234,Kirk-Durham,High
V03235,Myers Group,Low
V03236,Gutierrez Group,Low
V03237,"Jones, Mcdaniel and Brooks",High
V03238,Schultz-Hayes,High
V03239,White Inc,Medium
V03240,Keller Ltd,High
V03241,"Bond, Wilson and Cooper",Low
V03242,Webb-Mendez,Medium
V03243,"Smith, Boyd and Scott",Medium
V03244,Lee Inc,Low
V03245,"Johnson, Hunt and Hernandez",Low
V03246,Wilson-Robinson,Low
V03247,Taylor-Miller,Low
V03248,"Case, Adams and Olson",Medium
V03249,Bailey PLC,High
V03250,"Phillips, Mcgee and Simpson",Low
V03251,"Potts, Nielsen and Wright",Low
V03252,Mcdaniel Ltd,Low
V03253,Hayden-Garcia,Low
V03254,"Collins, Bauer and Mckay",High
V03255,Hamilton-Griffin,Medium
V03256,"Burgess, Cabrera and Dean",Low
V03257,"Reyes, Gonzalez and Gomez",Medium
V03258,"Weiss, Cole and Preston",Low
V03259,"King, Ortiz and Munoz",High
V03260,"Clements, Moreno and Sanders",Low
V03261,White LLC,Low
V03262,Gibbs-Howard,Medium
V03263,Lewis LLC,High
V03264,Thomas-Edwards,Medium
V03265,Flores Inc,
V03266,"Murphy, Marshall and Pope",Low
V03267,Hoffman Group,High
V03268,Guzman-Rose,High
V03269,Hoffman Ltd,Low
V03270,"Shah, Aguirre and Powers",High
V03271,"Stafford, Fisher and Avila",Medium
V03272,Li-Gonzalez,Medium
V03273,Lang Group,Medium
V03274,Mooney Group,High
V03275,Martinez and Sons,Low
V03276,"Murphy, Reyes and Ray",Low
V03277,Smith-Logan,High
V03278,"Travis, Buck and Mitchell",High
V03279,Johnson-Ferguson,Medium
V03280,"Williams, Newman and Jones",High
V03281,Gallegos Group,Low
V03282,"Turner, Stewart and Reed",High
V03283,Hawkins LLC,Medium
V03284,Salazar-Long,Medium
V03285,"Riggs, Snyder and Davidson",High
V03286,Cameron PLC,Medium
V03287,Johnson Inc,Medium
V03288,Taylor LLC,Low
V03289,"Ramsey, Perez and Miller",Low
V03290,"Barrera, Wood and Leach",High
V03291,Villa Inc,Low
V03292,Ware-Williams,Medium
V03293,Valentine Inc,Medium
V03294,Murphy-Salazar,High
V03295,Nelson-Jackson,Medium
V03296,Silva Inc,High
V03297,Flores and Sons,High
V03298,"Barron, Church and Gutierrez",Medium
V03299,Barnett-Boyd,Medium
V03300,Lane Ltd,Medium
V03301,Bray-Morris,Medium
V03302,"Webb, Davis and Miranda",High
V03303,"Miller, Hansen and Salas",High
V03304,"Holland, Foley and Neal",Medium
V03305,Bonilla Inc,Medium
V03306,Smith and Sons,Medium
V03307,Cardenas-Lopez,High
V03308,Peterson PLC,High
V03309,"Palmer, Edwards and Blackburn",High
V03310,"Gibson, Moore and Wagner",Medium
V03311,Robinson LLC,High
V03312,Hester-Parrish,
V03313,"Harris, Ross and Jones",Medium
V03314,Martin-Parker,High
V03315,"Wong, Thomas and Walter",High
V03316,"Rodriguez, Smith and Murray",High
V03317,Johnson-Stanley,Medium
V03318,Bell-Wilson,Medium
V03319,"Miller, Reynolds and Hernandez",Low
V03320,"Jordan, Cook and Alexander",Low
V03321,Davis-Wong,High
V03322,"Reilly, Lee and Lopez",High
V03323,Wheeler PLC,Low
V03324,"Snyder, Hamilton and Maldonado",
V03325,"Wright, Rodriguez and Wilson",Medium
V03326,Johnston and Sons,Medium
V03327,Patel LLC,Low
V03328,Andrade Ltd,Medium
V03329,"Sullivan, Long and Robinson",Low
V03330,"Adams, Harris and Floyd",Medium
V03331,Walsh-Mccarthy,Low
V03332,Gross-Davis,High
V03333,"Velez, Howell and Stevenson",Low
V03334,"Allen, Edwards and Jones",Low
V03335,Cook Group,Low
V03336,Rivers Ltd,High
V03337,Patterson-Smith,Medium
V03338,Ibarra-Jackson,High
V03339,Wheeler Group,
V03340,"Smith, Marks and Kennedy",Medium
V03341,Fuentes PLC,High
V03342,"Mooney, Conley and Fox",Low
V03343,Fischer Inc,Medium
V03344,Torres Ltd,Medium
V03345,Chavez-Navarro,Medium
V03346,"Scott, Tucker and Diaz",Low
V03347,Carey LLC,Medium
V03348,"Cook, Holmes and Beck",High
V03349,"Washington, Nelson and Stone",High
V03350,"Smith, Irwin and Chase",Medium
V03351,"Mcknight, Howard and Johnson",Medium
V03352,"Figueroa, Mcpherson and Howard",Medium
V03353,"Davis, Knapp and Gray",Medium
V03354,Sheppard Ltd,High
V03355,"Gardner, Gaines and Archer",Low
V03356,"Thompson, Lozano and Bailey",High
V03357,Myers-Butler,Low
V03358,Parker-Williams,High
V03359,"Miles, Flowers and Martinez",High
V03360,Knight-Sparks,High
V03361,Roberts-Montes,Medium
V03362,Ho-Thomas,Low
V03363,"Hernandez, Levy and Hanson",Low
V03364,"Martin, Tucker and Brown",
V03365,Smith-Williams,Low
V03366,Petersen-Martinez,
V03367,Torres-Jordan,High
V03368,"Flowers, Williams and Taylor",High
V03369,Glover-Shaw,Low
V03370,"Moore, Miller and Nelson",Medium
V03371,"Gonzalez, Richards and Miller",Medium
V03372,Johnson LLC,Medium
V03373,Cain Ltd,Low
V03374,Henderson-Rasmussen,Low
V03375,Orozco LLC,Low
V03376,"Collins, Elliott and Shelton",High
V03377,Brock-Taylor,High
V03378,Wright Group,Low
V03379,"Gonzalez, Torres and Evans",Low
V03380,"Murray, White and Patton",High
V03381,Davis-Rose,Low
V03382,"Edwards, Donovan and Marquez",Low
V03383,Gomez-Owens,Medium
V03384,Murray-Gaines,Medium
V03385,Bernard Group,Low
V03386,Campos PLC,Low
V03387,Buchanan-Carpenter,Medium
V03388,Martinez-Daniels,Medium
V03389,"Rich, Brown and Bruce",Low
V03390,Powell Inc,Low
V03391,Aguirre-Golden,High
V03392,Combs-Miller,High
V03393,gallegos-santos,Medium
V03394,Wheeler-Short,High
V03395,"olson, rivera and brown",Low
V03396,"Richards, Dixon and Love",High
V03397,"Harris, Thomas and Yang",Low
V03398,Taylor-Jacobson,Low
V03399,"Phelps, Turner and Collins",Medium
V03400,Shaffer PLC,High
V03401,"Gonzalez, Jones and Hernandez",Medium
V03402,Meyer and Sons,Low
V03403,Garcia Inc,Medium
V03404,"Wallace, Brown and Martinez",
V03405,Webb-White,Low
V03406,Skinner PLC,Medium
V03407,Underwood-Maldonado,Medium
V03408,"Williamson, Reynolds and Fields",Medium
V03409,Thomas Ltd,Medium
V03410,"Allen, Hunt and Lyons",Low
V03411,Alvarez LLC,High
V03412,Contreras-Haley,High
V03413,Richardson-Hill,High
V03414,Wolfe-Rodriguez,Low
V03415,Li-Hernandez,Low
V03416,Bryant-Elliott,High
V03417,Carpenter Inc,
V03418,"Santos, Sandoval and Wallace",Medium
V03419,Estes-Mcdonald,High
V03420,"Ellis, Smith and Moore",Low
V03421,"Foley, Gordon and Bailey",Medium
V03422,"Warren, Palmer and Thompson",High
V03423,Bell Ltd,Low
V03424,"Morgan, Espinoza and Buchanan",Low
V03425,Glover-Barrett,High
V03426,Jones-Franco,Medium
V03427,Bennett-Ruiz,Medium
V03428,"White, Erickson and Hunter",Low
V03429,"Fox, Anderson and Nguyen",Low
V03430,"Bailey, Williamson and Powell",Low
V03431,Johnson Ltd,High
V03432,Hall Ltd,High
V03433,Porter Ltd,Low
V03434,morris-hall,Medium
V03435,"Flynn, Garcia and Gilmore",Medium
V03436,"Stafford, Campos and Fisher",Medium
V03437,Brown LLC,Low
V03438,Johnson Ltd,High
V03439,Alexander LLC,Low
V03440,"Welch, Johnson and Thompson",High
V03441,Hale Group,Medium
V03442,Zhang PLC,High
V03443,"Gonzalez, King and Kim",Medium
V03444,Perez-Harmon,High
V03445,Cervantes-Stokes,Low
V03446,Miller Inc,Medium
V03447,"Moyer, Davis and Johnson",Medium
V03448,Barry LLC,High
V03449,Carroll-Lin,
V03450,Lopez-Blair,Medium
V03451,"May, Crawford and Collier",Low
V03452,"Carey, Mason and Kelly",Medium
V03453,"Castaneda, Solis and Gonzales",Medium
V03454,"Bennett, Jones and Miller",High
V03455,"Evans, Wilson and Hall",Medium
V03456,"Fernandez, Johnson and Nicholson",High
V03457,Nielsen-King,Low
V03458,"Howard, Brennan and Moore",Low
V03459,Jones-Johnston,High
V03460,"Frederick, Porter and Ross",Low
V03461,Gardner Inc,High
V03462,"Ruiz, Lowery and Baker",High
V03463,Johnson Group,High
V03464,Gonzalez-Barron,High
V03465,Taylor PLC,Low
V03466,"Rivera, Todd and Gaines",Low
V03467,Young Inc,Medium
V03468,"Strong, Warner and Cannon",High
V03469,reed inc,Medium
V03470,George-Salazar,Low
V03471,Clay Group,High
V03472,Nelson Inc,Low
V03473,Johnson PLC,Low
V03474,Santos Group,High
V03475,Turner-Horn,Medium
V03476,Smith Inc,
V03477,Ayala and Sons,Medium
V03478,"Franklin, Gray and Sutton",Medium
V03479,Tran Inc,Low
V03480,Cannon-Dominguez,Low
V03481,Miles-Dunn,High
V03482,Kim PLC,High
V03483,Bell-Cooper,Medium
V03484,Allen Inc,Medium
V03485,"Smith, Gutierrez and Goodwin",Low
V03486,"Bradley, Ritter and Smith",Medium
V03487,"Wright, Brown and Brown",Medium
V03488,White-Williams,Low
V03489,Morrison-Zamora,Low
V03490,Anderson-Sanders,Medium
V03491,"Martinez, Jones and Wright",Low
V03492,"Harris, Thornton and Li",Low
V03493,Wallace LLC,
V03494,Deleon-Carter,High
V03495,"Sanchez, Orozco and Flores",Medium
V03496,"Gordon, Brown and Mccullough",High
V03497,"Sampson, Tucker and Miller",Medium
V03498,Skinner PLC,Low
V03499,Torres PLC,Medium
V03500,Martinez Ltd,Medium
V03501,Johnson and Sons,High
V03502,"Alexander, Duran and Benton",Medium
V03503,Porter Inc,Medium
V03504,Ramirez-Cruz,Medium
V03505,Brown PLC,High
V03506,Simpson-Roy,High
V03507,Wallace-Walker,High
V03508,Lopez-Jordan,Low
V03509,Guerrero Inc,High
V03510,"Hines, Pineda and Kent",Medium
V03511,Livingston-Solomon,High
V03512,"Robinson, Johnson and Swanson",High
V03513,"Hamilton, Patterson and Daniel",High
V03514,"Goodwin, Aguirre and Tran",Low
V03515,"Randolph, Mitchell and Ritter",High
V03516,"Ford, Armstrong and Carroll",Medium
V03517,"Green, Horne and Mcdonald",Medium
V03518,Anderson Inc,Medium
V03519,Marsh-Tapia,High
V03520,Lutz PLC,High
V03521,Morgan-Foster,High
V03522,"Hill, Adams and King",Low
V03523,"Patrick, Franklin and Martinez",Medium
V03524,"Guerrero, Huff and Abbott",Low
V03525,Ford-Gonzales,Medium
V03526,Johnson-Howard,Medium
V03527,"Richard, Robinson and Brown",Medium
V03528,Hill PLC,Low
V03529,"Edwards, Brown and White",High
V03530,Green-Simpson,Low
V03531,Mccoy and Sons,Low
V03532,"Douglas, Hall and Pena",High
V03533,Cohen Group,Medium
V03534,"Stewart, Tran and Perez",Medium
V03535,"Braun, Hester and Smith",High
V03536,Fernandez-Williams,Low
V03537,Bailey Inc,High
V03538,"Wallace, Dixon and Young",Medium
V03539,Hudson-Calderon,Medium
V03540,"Perry, May and Liu",High
V03541,Johnson PLC,Low
V03542,Rogers-Russell,Low
V03543,"Brooks, Dunlap and Carter",Low
V03544,Martin Inc,
V03545,Conrad-Buck,Low
V03546,Rodriguez and Sons,Low
V03547,Dixon-Norman,High
V03548,"Logan, Marquez and Case",Low
V03549,Rivas-Johnson,High
V03550,"Hernandez, Farmer and Banks",High
V03551,Benjamin and Sons,Medium
V03552,"Gordon, Andrews and Kelley",Medium
V03553,Ryan-Martinez,Low
V03554,"Yates, Lawson and Hopkins",Medium
V03555,"Alexander, Adams and Huff",
V03556,Bartlett-Murphy,Low
V03557,Hall-Edwards,High
V03558,Steele Group,High
V03559,"Rosario, Ortiz and Miller",Medium
V03560,"Wagner, Melendez and Valdez",High
V03561,"hall, hartman and hall",
V03562,Frost and Sons,Medium
V03563,Craig-Wade,High
V03564,"Green, Mitchell and Edwards",Medium
V03565,Ortiz PLC,Low
V03566,johnston ltd,High
V03567,Yoder Group,Low
V03568,Jackson Group,Low
V03569,Cannon-Dawson,Medium
V03570,Newton-Martinez,Medium
V03571,Bass Inc,Low
V03572,"Jackson, Jones and Robertson",Low
V03573,"Sellers, Strong and Gomez",Medium
V03574,Terry-Allen,Medium
V03575,Wilson-Merritt,
V03576,Vargas-Jensen,High
V03577,"Williams, Rodgers and Kelly",High
V03578,Lozano-Mccoy,Medium
V03579,"Davenport, Roberts and Woods",High
V03580,Quinn Ltd,High
V03581,"Hendricks, Zuniga and Miller",Low
V03582,Watkins LLC,Low
V03583,"Banks, Gray and Gonzales",High
V03584,"Sharp, Ramirez and Mejia",Low
V03585,Evans LLC,Medium
V03586,Elliott PLC,High
V03587,"Romero, Reilly and Mitchell",High
V03588,Flores-White,Medium
V03589,Williams Ltd,Medium
V03590,"Clark, Stone and Andrews",High
V03591,"Edwards, Reed and Martin",Low
V03592,Hill-Gonzales,Medium
V03593,Roberts LLC,Low
V03594,"Molina, Middleton and Estrada",High
V03595,Davis PLC,High
V03596,"Fischer, Johnson and Orr",High
V03597,"Medina, Lee and Freeman",High
V03598,Wood LLC,Medium
V03599,"Simmons, Wallace and Martinez",High
V03600,Phillips-Rodriguez,Medium
V03601,"Calhoun, Wilson and Oneal",High
V03602,Baker-Lin,Low
V03603,Dennis-Wilson,Low
V03604,Lara-Garner,
V03605,Luna LLC,Medium
V03606,Hunter LLC,Low
V03607,Mccoy-Hunt,High
V03608,Mann LLC,
V03609,Hamilton Ltd,Low
V03610,"Stewart, Skinner and Guerrero",Medium
V03611,"Johnson, Walters and Smith",High
V03612,Willis and Sons,Medium
V03613,"Gonzalez, Harrison and Washington",High
V03614,Gross LLC,High
V03615,Gonzalez Inc,
V03616,"Vincent, Curry and Smith",High
V03617,Henry PLC,High
V03618,Mckinney Inc,Medium
V03619,Watts-Austin,High
V03620,"Silva, Little and Washington",Medium
V03621,"Best, Humphrey and Pittman",Low
V03622,Contreras-Henry,Low
V03623,"Myers, Howard and Castillo",High
V03624,Robinson LLC,Low
V03625,Montes-Nguyen,High
V03626,"Coleman, Thompson and Huber",High
V03627,"Wilson, Terry and Bush",Medium
V03628,Larsen-Shields,Medium
V03629,"Jenkins, Young and Carter",Low
V03630,"Lewis, Rosales and Ortiz",High
V03631,"Ingram, Green and Stewart",Low
V03632,Lamb-Coleman,Low
V03633,Gaines-Adams,Low
V03634,"Robinson, Fields and Williams",Medium
V03635,Ortiz-Armstrong,Low
V03636,Herrera Ltd,High
V03637,Gould PLC,Medium
V03638,"Rivera, Jacobs and Smith",Low
V03639,"Smith, Gray and Deleon",Medium
V03640,Barr-Wang,
V03641,"Brown, Williams and Clark",High
V03642,"Gonzalez, Moore and Nichols",High
V03643,"Perez, Solis and Lozano",High
V03644,Gutierrez-Tran,Low
V03645,Case Inc,Low
V03646,Fischer PLC,Low
V03647,Mason Group,Medium
V03648,Moore LLC,Medium
V03649,Hall Ltd,Medium
V03650,Johnson Ltd,High
V03651,Hess Group,Low
V03652,"Morales, Cardenas and Mcdowell",Low
V03653,Jones PLC,High
V03654,"Warner, Oconnor and Smith",High
V03655,"Greer, Jacobs and Hernandez",Medium
V03656,"Chapman, Myers and Decker",
V03657,Glover-Coleman,Medium
V03658,"Johnson, Hill and Harris",High
V03659,Costa-Johnston,High
V03660,Carter-Davis,High
V03661,Hoffman-Webb,Medium
V03662,"Ferguson, Sanchez and Smith",High
V03663,Luna-Bean,Medium
V03664,"Klein, Chavez and Lane",Medium
V03665,Sanders and Sons,Medium
V03666,Wood-Hart,Medium
V03667,"Collins, Thomas and Soto",High
V03668,Davis and Sons,High
V03669,Hancock Group,High
V03670,"Wright, Thomas and Jensen",Low
V03671,Mills-Franco,Low
V03672,Brown Group,Medium
V03673,Jenkins-Yang,High
V03674,Johnson Ltd,Low
V03675,"George, Savage and Adams",Low
V03676,Fischer Group,Low
V03677,"Porter, Chung and Young",Low
V03678,Fletcher-Robertson,Low
V03679,"Haney, Miller and Garcia",Low
V03680,"Jones, Martinez and Smith",High
V03681,"Goodman, Martin and Kim",Medium
V03682,Williams Group,Low
V03683,Jackson-Pratt,Medium
V03684,Taylor-Sawyer,High
V03685,Ross-Phillips,Medium
V03686,Forbes-Cortez,Medium
V03687,"Nelson, Morris and Preston",Low
V03688,"Santos, Thomas and Mills",Low
V03689,Lang Ltd,Low
V03690,Stone-King,
V03691,Clark-Rivera,Low
V03692,"Cortez, Phelps and Taylor",Medium
V03693,"Espinoza, Wells and Stewart",High
V03694,Hernandez Inc,High
V03695,Collins and Sons,Medium
V03696,Benson PLC,Low
V03697,Rivera-Brown,Medium
V03698,Wheeler-Jones,Low
V03699,"hansen, perez and fuller",Low
V03700,Hill Group,Medium
V03701,"Daniel, Richardson and Wang",Medium
V03702,Hoffman-May,Medium
V03703,Jones and Sons,High
V03704,Cross LLC,Low
V03705,Baker Inc,
V03706,Robles PLC,Medium
V03707,"Miranda, Rivera and Ingram",High
V03708,"Jacobs, Levy and Mclaughlin",Medium
V03709,"Barnett, Kennedy and Jackson",Medium
V03710,Hays Inc,Medium
V03711,"Thomas, Martin and Baxter",High
V03712,Miller-Booker,Medium
V03713,Hunt Group,Medium
V03714,Ortega-Murphy,Medium
V03715,"Wolf, Allen and Long",Medium
V03716,Mccarthy-Kelly,Low
V03717,"Stewart, Miller and Jacobs",Low
V03718,Moses Ltd,Low
V03719,Dawson-Larsen,Medium
V03720,"Alexander, Neal and King",Low
V03721,Grant Group,Low
V03722,"Bailey, Johnson and Diaz",Low
V03723,Townsend-Reed,Medium
V03724,Lewis-Castro,
V03725,Reyes and Sons,Low
V03726,"Cowan, Gonzalez and Ward",High
V03727,Smith LLC,High
V03728,Davis-Wood,Low
V03729,Shaw-Smith,Medium
V03730,Johnson-Hill,Medium
V03731,Sanders-Forbes,Low
V03732,"King, Garrett and Maddox",High
V03733,Roy Group,Low
V03734,"Chen, Henry and Wells",High
V03735,"Christensen, Aguirre and Johnson",
V03736,Salazar Ltd,High
V03737,Thornton and Sons,High
V03738,Miller Inc,High
V03739,Ramos Ltd,Medium
V03740,Edwards PLC,Low
V03741,Lucero-Lee,Medium
V03742,"Mclaughlin, Cook and Powers",Medium
V03743,Hurst-Jackson,Low
V03744,"Bowen, Diaz and Smith",Medium
V03745,"Powell, Monroe and Caldwell",High
V03746,Lee PLC,Low
V03747,Daniel Inc,Medium
V03748,Ramos LLC,Low
V03749,"Gonzalez, Wagner and Thompson",Low
V03750,"Wilkinson, Everett and Collins",Medium
V03751,"Bell, Peterson and Carroll",High
V03752,"Miller, Conrad and Davis",Medium
V03753,White Inc,Medium
V03754,Stewart Ltd,High
V03755,Wang Inc,High
V03756,Little Group,High
V03757,Wiley and Sons,Medium
V03758,Hood-May,Medium
V03759,Burgess Ltd,High
V03760,Collins Group,Medium
V03761,"Mitchell, Ramirez and Cunningham",Low
V03762,Perez-Lopez,High
V03763,Thompson LLC,Low
V03764,Wolfe-Baker,
V03765,Kelly-Cox,Low
V03766,"Mills, Gallegos and Mcdaniel",Medium
V03767,Johnson PLC,Low
V03768,Moore-Carroll,Medium
V03769,"Hamilton, Brewer and Fleming",Medium
V03770,Clark-Lyons,Low
V03771,"Arnold, Paul and Adams",High
V03772,"Ayala, Scott and Mcdonald",Medium
V03773,Weeks PLC,High
V03774,"Welch, Alvarez and Mcdonald",High
V03775,Watson-Gray,Medium
V03776,"Valenzuela, Morris and Garcia",Medium
V03777,Booth-Smith,High
V03778,Alvarez-Rogers,Low
V03779,Lopez LLC,Low
V03780,Martin-Payne,High
V03781,Gonzales PLC,Medium
V03782,Watkins-Neal,Low
V03783,"Ross, Flowers and King",Medium
V03784,Burke-Olson,Medium
V03785,Evans-Arellano,Medium
V03786,Hines PLC,Medium
V03787,Fisher LLC,High
V03788,"Morales, Johnson and Hunt",Medium
V03789,Tanner-Sanford,Low
V03790,"Gonzalez, Compton and Walton",Low
V03791,Alvarado Inc,Low
V03792,Parker and Sons,High
V03793,Ellis-Martin,Medium
V03794,Hopkins and Sons,High
V03795,Turner Inc,High
V03796,Young and Sons,Medium
V03797,Davis-Sanchez,Low
V03798,"Peters, Rowe and Smith",Low
V03799,Cooper Group,Low
V03800,"Mcdaniel, Hale and Durham",High
V03801,"Bennett, Ford and Sanchez",Low
V03802,Hughes LLC,Medium
V03803,Ross LLC,Medium
V03804,Weiss-Cross,Medium
V03805,Carlson-Ferguson,High
V03806,Freeman-Yang,Medium
V03807,"Johnson, Blackwell and Thompson",Low
V03808,Wood LLC,High
V03809,"Morrow, Bishop and Walton",Low
V03810,Brewer and Sons,High
V03811,Lopez-Clark,Medium
V03812,Davis-Cruz,High
V03813,Simmons LLC,Medium
V03814,Hughes-Nicholson,
V03815,Green Group,Medium
V03816,Martin Ltd,High
V03817,"Flowers, Marshall and Miller",High
V03818,"Oconnor, Rios and Sullivan",High
V03819,Martin and Sons,Medium
V03820,"Hunter, Parks and Smith",
V03821,"Choi, Morales and Wise",Medium
V03822,Coleman-Harmon,Low
V03823,munoz group,High
V03824,"Watson, Wells and Rogers",High
V03825,"Bonilla, Rodriguez and White",High
V03826,Schmidt-Reyes,Medium
V03827,"Miller, Smith and Vaughan",Medium
V03828,"Lawrence, Gonzalez and Hess",High
V03829,"Brennan, Graham and Marshall",
V03830,Martinez Group,Medium
V03831,Richardson-Small,High
V03832,"Wood, Simmons and Leonard",Medium
V03833,Daniels and Sons,Low
V03834,Kelly-Smith,
V03835,evans-johnson,Medium
V03836,Howard Inc,Low
V03837,"Rodgers, Wright and Miller",Low
V03838,Martinez and Sons,High
V03839,"Snyder, Orozco and Reed",High
V03840,Barker-Sanchez,Low
V03841,"Hoover, Carroll and Williams",Low
V03842,Watson-Thomas,Low
V03843,"Little, Macias and Reyes",Low
V03844,"Miller, Pennington and Curry",Low
V03845,Morales-White,Low
V03846,"Scott, Delgado and Andrade",Medium
V03847,Sanford-Leon,High
V03848,"Green, Turner and Palmer",Low
V03849,Benson Inc,Low
V03850,Berry-Lewis,Low
V03851,Hill-Barker,High
V03852,Hill Ltd,High
V03853,Jacobs and Sons,Low
V03854,"Mitchell, Smith and Clark",Medium
V03855,Sandoval-Hill,
V03856,George-Daugherty,Low
V03857,Davis-Walker,Medium
V03858,"Nguyen, Brown and Roberts",Low
V03859,"Lynch, Murray and Fisher",Low
V03860,"Murphy, Price and Spears",Low
V03861,Cooper LLC,High
V03862,Carson-Hernandez,High
V03863,"Porter, Patel and Jackson",Medium
V03864,scott-johnson,Low
V03865,"Faulkner, Welch and Hoffman",Low
V03866,miller-adkins,Medium
V03867,"Wood, Carter and Stewart",Medium
V03868,"Mcdonald, Moore and Richards",High
V03869,"Bell, Reynolds and Forbes",Low
V03870,Potter LLC,Low
V03871,"Manning, Fritz and Brooks",Low
V03872,"Anderson, Lawson and Atkinson",High
V03873,Foster and Sons,Medium
V03874,Duncan and Sons,Low
V03875,Wang Ltd,Medium
V03876,Pierce-Bell,Medium
V03877,Barnes PLC,High
V03878,Flores-Cox,Low
V03879,Beck Ltd,Medium
V03880,"Gill, Stewart and Nichols",High
V03881,Perez-Powell,Medium
V03882,Mitchell-Middleton,High
V03883,Bradshaw and Sons,High
V03884,Roberts-Patel,Low
V03885,Hines-Douglas,High
V03886,"Solomon, Reyes and Delgado",Low
V03887,Jenkins-Fields,Low
V03888,"Walker, Lynch and Gordon",Medium
V03889,Greene Ltd,Low
V03890,Dougherty-Nguyen,High
V03891,Jackson Ltd,Low
V03892,Cohen-Crane,
V03893,Paul Ltd,High
V03894,Arnold-Boyer,Medium
V03895,Ellis Ltd,High
V03896,Thompson Ltd,Medium
V03897,Morris LLC,High
V03898,Kline and Sons,High
V03899,"Murray, Sanchez and Morrison",Low
V03900,Robles Group,High
V03901,"Davidson, Lara and Massey",High
V03902,Sanchez Ltd,Low
V03903,Smith Inc,
V03904,"Rhodes, Camacho and Cowan",Low
V03905,Jones-Butler,
V03906,Ware-Medina,
V03907,"Frank, Holland and Ferguson",Medium
V03908,Gonzales Ltd,Medium
V03909,Carter Group,Medium
V03910,"Mack, Cox and Moran",Low
V03911,"Soto, Alexander and Cobb",Medium
V03912,Thomas LLC,
V03913,"Molina, Rodriguez and Jackson",Low
V03914,Douglas-Thomas,Medium
V03915,Pope and Sons,Medium
V03916,Davis-May,High
V03917,Ellis Ltd,High
V03918,Goodwin-Sherman,Medium
V03919,Phillips-Wallace,Low
V03920,Lyons-Carroll,High
V03921,"Johnson, Taylor and Boyd",Low
V03922,Walker LLC,High
V03923,"Cox, Carter and Duffy",High
V03924,Bradley LLC,Low
V03925,Marquez-Nunez,High
V03926,Manning Ltd,High
V03927,Thomas LLC,Low
V03928,Scott-Perez,High
V03929,Aguilar and Sons,Low
V03930,"Smith, Diaz and Romero",Medium
V03931,"Sullivan, Montgomery and Jackson",High
V03932,Schneider-Matthews,Low
V03933,"Edwards, Brooks and Grimes",
V03934,Wong-Harrell,Low
V03935,Thompson-Prince,
V03936,Barnett Inc,Low
V03937,Walker-Clark,Medium
V03938,Ramirez Ltd,High
V03939,Santos LLC,Low
V03940,Stevens-Durham,Low
V03941,Larsen PLC,Low
V03942,Figueroa LLC,Low
V03943,"Johnson, Sims and Crane",Low
V03944,"Jones, Tran and Nichols",Low
V03945,"Medina, Miller and Yates",High
V03946,Knight-Wright,Low
V03947,Robles-White,Low
V03948,"Mathews, Perez and Love",Low
V03949,Williams PLC,Medium
V03950,Arnold-Davis,High
V03951,Quinn Inc,Low
V03952,Mills Inc,High
V03953,Perez PLC,Low
V03954,"Woods, Garcia and Keith",Low
V03955,Flores Ltd,Medium
V03956,Gonzalez Inc,High
V03957,Miller-Gonzalez,Medium
V03958,"Lawrence, George and Evans",High
V03959,Perkins Inc,Low
V03960,"Tanner, Waters and Lee",Low
V03961,"Mendez, Bryant and Smith",Medium
V03962,Guzman-Vasquez,Medium
V03963,Murphy Group,Medium
V03964,"Campbell, Brewer and Baker",Medium
V03965,"Wright, Hill and Hoffman",Low
V03966,Garrett-Rodriguez,Low
V03967,Freeman LLC,Low
V03968,"Ruiz, Martin and Jones",High
V03969,Chambers-Davis,Low
V03970,Peterson-Mcdaniel,Low
V03971,Lee Inc,Low
V03972,Lewis PLC,Medium
V03973,Flores-Moreno,Low
V03974,Cohen PLC,Low
V03975,Duncan and Sons,High
V03976,Moore-Miranda,High
V03977,Phelps PLC,Medium
V03978,"moore, frye and zavala",
V03979,"Larson, Butler and Barber",High
V03980,Cantu Group,Low
V03981,Wood-Torres,Low
V03982,"Gomez, Mcgee and Cole",Medium
V03983,Elliott-Farmer,Low
V03984,Gill Group,High
V03985,Schmitt LLC,High
V03986,"Trujillo, Proctor and Wang",Medium
V03987,Cardenas and Sons,High
V03988,Bates LLC,Medium
V03989,Wall-Johnson,Low
V03990,Gibbs-Nguyen,Medium
V03991,"Stevenson, Salinas and Williamson",
V03992,Gates-Rodriguez,High
V03993,Martin Ltd,High
V03994,David-Watkins,High
V03995,Harrington Group,Low
V03996,"Moyer, Mccarthy and Wright",Medium
V03997,"Willis, Brown and Brown",Low
V03998,Hill-Wood,High
V03999,Rodriguez-Taylor,Medium
V04000,"Jones, Rowland and Oconnor",High
V04001,Sawyer PLC,Low
V04002,Andrews-Hoffman,Low
V04003,Sanchez-Armstrong,High
V04004,"Green, Schmidt and Carter",High
V04005,Taylor Inc,High
V04006,"Dawson, Edwards and Castaneda",High
V04007,Burgess-Lewis,High
V04008,Mcdonald-Murray,Low
V04009,Gonzalez-Mata,High
V04010,Scott-Adkins,Medium
V04011,Taylor Ltd,High
V04012,Simmons-Shaffer,Low
V04013,Decker Inc,Low
V04014,"Brooks, Knight and Forbes",Medium
V04015,"Marks, Murphy and Ryan",Medium
V04016,Andrews-Walters,Low
V04017,"Jones, Davis and Grant",Medium
V04018,Schmidt PLC,
V04019,Berry Group,Medium
V04020,"Santos, Lee and Jones",High
V04021,"Jordan, Hill and Hayes",Low
V04022,"Hernandez, Rivera and White",Medium
V04023,"Morgan, Rose and Schwartz",High
V04024,Preston-Morales,Low
V04025,Smith-Clayton,Low
V04026,Smith LLC,Low
V04027,Hernandez-Foley,High
V04028,"Craig, Nguyen and Ellis",Low
V04029,"Gonzalez, Underwood and Schaefer",High
V04030,"Camacho, Hernandez and Mejia",
V04031,Parker Inc,High
V04032,Ferguson Inc,Low
V04033,Fernandez Inc,Low
V04034,Harrell-Hebert,Low
V04035,"Clark, Turner and Coleman",Medium
V04036,Hall-Gillespie,High
V04037,Johnson-Rich,Low
V04038,Martinez-Gould,Low
V04039,Wallace Ltd,Low
V04040,"Clark, Williams and Gonzales",Low
V04041,Harris Group,Medium
V04042,"Olsen, Davis and Thompson",High
V04043,"Ramsey, Martinez and Sherman",Medium
V04044,Shepard Ltd,Low
V04045,"Howard, Cowan and Perry",High
V04046,Galloway PLC,High
V04047,Woods-Hicks,Medium
V04048,Smith-James,Low
V04049,Ross-Mathews,High
V04050,Ward-Collins,Medium
V04051,Hamilton Ltd,Low
V04052,Perez-Haynes,Low
V04053,"Schneider, Price and Ruiz",Medium
V04054,Blair-Merritt,Low
V04055,Taylor and Sons,
V04056,Cunningham and Sons,High
V04057,"Moore, Neal and Farmer",Low
V04058,Carlson and Sons,High
V04059,"Guerrero, Watson and Perry",High
V04060,Barnes and Sons,Medium
V04061,"Sanford, Harmon and Patrick",High
V04062,Diaz Inc,Medium
V04063,Johnson and Sons,High
V04064,Powell-Brooks,Medium
V04065,Howell-Johnson,High
V04066,Rivera Group,Medium
V04067,moss and sons,Medium
V04068,Williams-Bennett,Low
V04069,"Sharp, Jackson and Garcia",
V04070,Prince-Davis,High
V04071,rodriguez group,Medium
V04072,Lucero-Chase,High
V04073,"Alexander, Vincent and Pacheco",Medium
V04074,Collins Group,High
V04075,Anderson-Douglas,Medium
V04076,Krueger-Barnett,High
V04077,Woods Ltd,High
V04078,"Gonzalez, Robinson and Anderson",Low
V04079,Perez Inc,High
V04080,"Davis, Powell and Eaton",Low
V04081,Wright LLC,High
V04082,Blair LLC,Low
V04083,Page-Murray,Medium
V04084,"Meyer, Ray and Stephenson",Medium
V04085,Murphy LLC,Medium
V04086,"Thomas, Doyle and Rosales",Low
V04087,"Bullock, Cruz and Williams",Low
V04088,Petty Inc,Medium
V04089,Walters and Sons,High
V04090,Sanders Inc,High
V04091,"Castillo, Mathews and Lopez",High
V04092,"Sullivan, Haney and Chavez",Low
V04093,Gardner-Wilson,Low
V04094,Rios-Robertson,
V04095,Rogers-Stafford,Medium
V04096,Peterson-Wiggins,Medium
V04097,"Bryant, Davis and Chase",High
V04098,"Baker, Casey and Simmons",
V04099,Oconnell and Sons,Low
V04100,Perez Group,Low
V04101,Martinez Ltd,Low
V04102,Martinez-Bailey,Medium
V04103,Graham-Joyce,High
V04104,Burch PLC,Low
V04105,Sanders PLC,High
V04106,Thomas Ltd,Medium
V04107,Parsons and Sons,High
V04108,"Garner, Fox and Chan",High
V04109,"Heath, Warren and Mcbride",Low
V04110,Ryan-Steele,High
V04111,"Jackson, Moore and Becker",High
V04112,"Walters, Montgomery and Bridges",High
V04113,"Hernandez, Dunlap and Lynch",High
V04114,Ramirez Group,Low
V04115,Price-Boyd,Medium
V04116,English-Mcdonald,Low
V04117,Griffith LLC,High
V04118,jones ltd,High
V04119,"Barnett, Clark and Quinn",High
V04120,"Chung, Brown and Jenkins",Medium
V04121,Castillo and Sons,
V04122,Myers and Sons,Low
V04123,"Barnes, Vargas and Wright",Low
V04124,Jones-Richmond,Medium
V04125,Taylor-Morales,Medium
V04126,"Singh, Blackburn and Hernandez",
V04127,Thomas-Hill,High
V04128,Smith-Wilson,Medium
V04129,Warren-Ingram,High
V04130,"Ruiz, Guerrero and Evans",Medium
V04131,Weaver PLC,Low
V04132,Hernandez-Beard,Medium
V04133,"Peterson, Nelson and Travis",High
V04134,Massey-Scott,Medium
V04135,"Owens, Richards and Walter",Medium
V04136,"Glenn, Freeman and Carter",Medium
V04137,"Garcia, Bright and Morrison",Medium
V04138,"Grimes, Allen and Horn",Medium
V04139,Copeland-Richmond,Low
V04140,Brown-Garcia,Medium
V04141,Kirby-Oconnor,Low
V04142,Bowman-Murphy,Low
V04143,"Huff, Bird and Miller",High
V04144,Marquez Group,Low
V04145,Willis and Sons,High
V04146,"Hamilton, Baker and Osborn",
V04147,"Freeman, Obrien and Cunningham",
V04148,"Stone, Schaefer and Reyes",Medium
V04149,"Rodriguez, Massey and Day",Medium
V04150,Johnston Inc,Low
V04151,ward ltd,Low
V04152,"Mckee, Fisher and Long",Low
V04153,"Williams, Holland and Alexander",High
V04154,Berry-Mills,Medium
V04155,Li-Fuller,Medium
V04156,Caldwell-Johnson,High
V04157,"White, Mccoy and Murphy",High
V04158,Knapp-Pham,High
V04159,"Bryant, Macdonald and Howard",High
V04160,"Cooper, Beltran and Wright",Low
V04161,Bowers-Nguyen,High
V04162,"Ritter, Baker and Leon",Low
V04163,Hansen PLC,High
V04164,"Morris, Morales and Bailey",High
V04165,Kirk Inc,High
V04166,Bell-Medina,High
V04167,Stewart LLC,Low
V04168,Sloan Inc,Low
V04169,"Sullivan, Howell and Fowler",Medium
V04170,Harris-Chase,Low
V04171,Bell-Shaffer,Low
V04172,Fischer-Chung,Medium
V04173,Smith-Lopez,High
V04174,Stout-Graves,High
V04175,"Phillips, Castro and Thompson",Medium
V04176,"Dominguez, Gonzalez and Davis",High
V04177,"Melendez, Alvarado and Phelps",Medium
V04178,Baldwin PLC,Medium
V04179,Sanders-Morse,High
V04180,Kirk Ltd,Medium
V04181,Austin-Arellano,
V04182,Key-Ramos,Medium
V04183,Sanchez and Sons,Medium
V04184,"Haney, Johnson and Walker",Medium
V04185,"Lucero, Sanchez and Perez",High
V04186,"Cain, Thomas and Phillips",High
V04187,Mathews Group,Medium
V04188,Perry-Arnold,High
V04189,"Lee, Lopez and Stone",Medium
V04190,Burton-Oneal,Low
V04191,Francis-Mann,Low
V04192,Lara-Baker,High
V04193,Diaz-Schaefer,High
V04194,Flores LLC,Low
V04195,Rubio and Sons,High
V04196,Heath-Andersen,High
V04197,Pope PLC,High
V04198,Davis PLC,High
V04199,"Alvarez, Edwards and Aguirre",Low
V04200,"Perez, Bailey and Park",Low
V04201,"Nicholson, Walker and Adams",Low
V04202,Stevens Group,High
V04203,Garza-Brown,Medium
V04204,Johnson Group,Medium
V04205,"Santos, Huang and Woods",Low
V04206,"Hernandez, Fleming and Jones",High
V04207,"Hill, King and Mosley",High
V04208,Reeves Group,Medium
V04209,Padilla-Bender,High
V04210,Lewis-Hayes,Medium
V04211,"Terry, Torres and Hall",Medium
V04212,"Shah, Thomas and Ryan",High
V04213,"Matthews, Huffman and Arellano",High
V04214,Joseph LLC,Low
V04215,"Wilson, Madden and Austin",Medium
V04216,"Gutierrez, Martin and Lee",High
V04217,"Ayala, Mayo and Houston",Medium
V04218,Banks Group,Medium
V04219,"Wilson, Davis and Shah",Low
V04220,"Haynes, Jennings and Ballard",High
V04221,Horton-Taylor,High
V04222,White-Collins,High
V04223,Mann LLC,Medium
V04224,Davis-Green,High
V04225,Perez Ltd,Low
V04226,"Miller, Hayes and Davis",Medium
V04227,Smith-Obrien,Low
V04228,"Brown, Brooks and Jackson",Medium
V04229,"Smith, Murphy and Torres",Medium
V04230,"Elliott, Villarreal and Sosa",High
V04231,Fields Group,High
V04232,Nichols LLC,Medium
V04233,Wiggins and Sons,Low
V04234,"Brooks, Thompson and Alexander",Medium
V04235,Romero Group,High
V04236,Howell PLC,
V04237,Aguirre LLC,Medium
V04238,Rodriguez-Vega,High
V04239,"Stone, Mccullough and Jimenez",High
V04240,"Moore, Austin and Rogers",Low
V04241,Mcfarland-Kelley,High
V04242,Bowers-Raymond,
V04243,"Spencer, Morgan and Diaz",Medium
V04244,Horne Group,
V04245,Bauer Inc,Medium
V04246,Brown-Haas,Low
V04247,Cochran-Browning,Medium
V04248,"Webster, Garza and Abbott",High
V04249,Alvarado LLC,Low
V04250,"Hart, Park and Boyd",Low
V04251,"Day, Campbell and Taylor",Medium
V04252,Carter Ltd,Medium
V04253,Powell-Bennett,Low
V04254,Johnson-Garcia,High
V04255,"Webb, Price and Jimenez",High
V04256,Townsend-Hale,Medium
V04257,"Guerra, Lopez and Davis",High
V04258,"Adkins, Duncan and Thompson",High
V04259,Stevenson-Ferguson,High
V04260,Rasmussen Group,Low
V04261,Bell PLC,High
V04262,Colon Ltd,Medium
V04263,Rodgers-Warren,Low
V04264,Hicks Ltd,Low
V04265,"Williams, Lewis and Bryant",Low
V04266,Stafford Ltd,High
V04267,Jones-Harris,Low
V04268,Duncan PLC,Low
V04269,Williams Group,Low
V04270,Mccullough Inc,High
V04271,Smith-Allen,Medium
V04272,Joyce-Benitez,High
V04273,Watson Group,Low
V04274,Moore PLC,Low
V04275,Howell LLC,High
V04276,Becker-Mckinney,Medium
V04277,"Collins, Bentley and Valdez",High
V04278,Ortiz-Smith,Medium
V04279,Bennett-Kirby,High
V04280,Montoya Group,Low
V04281,Greene-Sims,
V04282,Williams-Wang,Medium
V04283,Alvarado and Sons,Low
V04284,Walsh Inc,Low
V04285,Barrera Group,Low
V04286,White LLC,High
V04287,Harding LLC,Low
V04288,"Espinoza, Neal and Mitchell",Low
V04289,Mitchell-Hudson,High
V04290,Juarez Group,High
V04291,Clements PLC,Low
V04292,Gonzalez-Holmes,Low
V04293,Harrison Inc,Medium
V04294,Perez Group,Low
V04295,Miller Ltd,Low
V04296,Allen PLC,
V04297,Kim-Thomas,Medium
V04298,"Hammond, Bates and Gordon",Low
V04299,Mack Ltd,Low
V04300,williams-smith,Medium
V04301,Peterson LLC,Medium
V04302,Bell and Sons,High
V04303,"Brown, James and Arroyo",Low
V04304,"Brown, White and Lee",High
V04305,"Griffith, Johnson and Alexander",High
V04306,Guzman LLC,High
V04307,"Martin, Payne and Stewart",High
V04308,Cohen Group,High
V04309,"Ferguson, Montgomery and Jackson",Low
V04310,Wood-Thomas,Low
V04311,Sutton Inc,Low
V04312,Smith-Brown,Medium
V04313,Mack-Wilson,High
V04314,Gill Inc,Low
V04315,"Gardner, Smith and Holloway",High
V04316,Pineda-Newman,Low
V04317,Jennings-Hughes,Medium
V04318,"Young, Henry and Wright",Low
V04319,"Gibson, Calhoun and Hernandez",Medium
V04320,"Suarez, Walker and Mitchell",Low
V04321,"Thompson, Coffey and Kidd",Medium
V04322,richardson inc,High
V04323,Trujillo-Thomas,Low
V04324,Jenkins-Hobbs,Medium
V04325,Archer and Sons,Medium
V04326,"Gomez, Mcmahon and Fisher",Medium
V04327,Murray-Chavez,Medium
V04328,Ford-Morgan,Medium
V04329,"Ross, Cummings and Harris",Medium
V04330,Marquez PLC,Low
V04331,Gould Ltd,
V04332,"Mueller, Cox and Ford",High
V04333,Brooks-Parker,Low
V04334,Thomas-Rodriguez,
V04335,"Chavez, Conway and Sosa",Medium
V04336,"Jenkins, Gonzalez and Morgan",Medium
V04337,Keller PLC,
V04338,White-Ramos,Low
V04339,"Clark, Bradley and Jackson",Low
V04340,"Becker, Hammond and Davidson",Medium
V04341,"Casey, Gonzalez and Jenkins",Low
V04342,Sanchez-Rodgers,Low
V04343,Stewart-Fitzpatrick,Medium
V04344,"Schmidt, Fuller and Johnson",
V04345,Buchanan Inc,Medium
V04346,Smith Inc,High
V04347,Phelps-Edwards,Medium
V04348,Harris-Hernandez,Low
V04349,Parker Inc,Low
V04350,Hanson-Stewart,Low
V04351,Alvarez-Padilla,Low
V04352,Turner-Lang,Low
V04353,Lester and Sons,High
V04354,Perry PLC,Low
V04355,"Ortiz, Hoffman and Fuller",High
V04356,"Lucero, Vaughn and Mckee",
V04357,Beck and Sons,Medium
V04358,Davis-Williams,High
V04359,Kennedy-Woods,Medium
V04360,Willis LLC,High
V04361,Richards-White,High
V04362,Waller Ltd,Medium
V04363,"Cooper, Morgan and Miller",Medium
V04364,Jones-Taylor,Low
V04365,Byrd-Rangel,Medium
V04366,Haney Ltd,Medium
V04367,Nixon LLC,High
V04368,Dawson-Rush,Low
V04369,Gomez Group,Low
V04370,Howell PLC,Low
V04371,Frey-Diaz,High
V04372,Lee-Ramirez,Low
V04373,"Strong, Johnson and Flores",High
V04374,Williams and Sons,High
V04375,"Parker, Cole and Hamilton",Medium
V04376,Nelson Ltd,Low
V04377,Hopkins-Cook,Low
V04378,Anderson PLC,High
V04379,Navarro Inc,High
V04380,James-Conway,High
V04381,Price-Dominguez,Medium
V04382,Terry-Rogers,High
V04383,"Nash, Mueller and Russell",Medium
V04384,Anderson-Reed,Low
V04385,Tran-Burns,Medium
V04386,Miller-Cole,Low
V04387,"Miller, Wade and Flores",Low
V04388,"Huang, Johnson and Anderson",High
V04389,Sanchez and Sons,Low
V04390,Brown-Armstrong,Medium
V04391,Maxwell Inc,High
V04392,Sharp Ltd,Low
V04393,Berg-Williamson,High
V04394,Aguilar Group,Medium
V04395,"Marks, Hartman and Rodriguez",Medium
V04396,Brown and Sons,Medium
V04397,Hardin Inc,High
V04398,Davis Inc,Low
V04399,Hamilton Ltd,High
V04400,Clark Ltd,Medium
V04401,Hughes Ltd,Low
V04402,"Lee, Roth and Erickson",Low
V04403,Jacobs-Lopez,Low
V04404,Dennis-Vargas,High
V04405,Ramos PLC,Medium
V04406,Miller and Sons,Medium
V04407,Thomas-Weaver,
V04408,Graves Ltd,Medium
V04409,Lopez LLC,High
V04410,Martin Ltd,Low
V04411,"Phillips, Gutierrez and Davidson",High
V04412,Simmons LLC,Medium
V04413,"Allen, Smith and Zamora",Low
V04414,"King, Webster and Brown",Medium
V04415,Snyder Ltd,Low
V04416,Harvey Group,Medium
V04417,Craig Ltd,
V04418,Smith-Garner,Medium
V04419,Flores LLC,Medium
V04420,"Becker, Gregory and Jones",High
V04421,Acosta-Flores,Medium
V04422,Harmon-Castillo,High
V04423,Evans-Burns,High
V04424,"Duarte, Lee and Matthews",High
V04425,Vazquez Group,Medium
V04426,Hobbs-Nguyen,Medium
V04427,Ford-Nolan,Low
V04428,Hernandez-Rojas,High
V04429,Barnes-Johnson,High
V04430,Kramer Group,High
V04431,"Hernandez, Diaz and Hamilton",Medium
V04432,"Whitehead, Hernandez and Shah",High
V04433,Davis Group,High
V04434,Hernandez-Rogers,Low
V04435,Crawford and Sons,Low
V04436,Gallegos-Nash,Low
V04437,Perez-Tucker,Medium
V04438,"Porter, Graham and York",High
V04439,Costa-Brown,Low
V04440,Jones LLC,Low
V04441,"Woods, Roberts and Young",High
V04442,Lara-Butler,Low
V04443,Frye Ltd,Low
V04444,Morgan LLC,
V04445,"Montgomery, Carr and George",High
V04446,"Campbell, Hardy and Roman",Medium
V04447,Wood Group,Medium
V04448,Smith LLC,Medium
V04449,Sanchez-Blackburn,Medium
V04450,"Hall, Wiggins and Edwards",Medium
V04451,Buchanan-Peters,High
V04452,"Leon, Hale and Winters",Low
V04453,Harrington-Armstrong,Medium
V04454,Erickson PLC,Medium
V04455,Li and Sons,Medium
V04456,elliott-zamora,Low
V04457,Dixon-Davis,Low
V04458,Hanson Inc,Medium
V04459,"Henry, Morrison and Macdonald",Medium
V04460,"Adams, Cole and Waters",Medium
V04461,Joseph-Cox,
V04462,Wells and Sons,High
V04463,"Smith, Kelly and Oliver",High
V04464,"Thomas, Nelson and Flores",Low
V04465,Jacobs-Herrera,Low
V04466,"Lopez, Bradshaw and Jacobs",Medium
V04467,Quinn-Moss,Low
V04468,Mills PLC,Medium
V04469,Wright-Bennett,Medium
V04470,"Cardenas, Smith and Green",Low
V04471,Phillips Inc,High
V04472,"Schneider, Fisher and Richardson",High
V04473,Griffin Group,Medium
V04474,"Moore, Wallace and Edwards",
V04475,Bryant-Gonzalez,Medium
V04476,"Chavez, Martin and Anderson",Medium
V04477,Martinez LLC,High
V04478,"Woods, Thomas and Decker",
V04479,Pierce-Fuller,Medium
V04480,"Nguyen, Thompson and Austin",Medium
V04481,Schneider LLC,Low
V04482,"Avila, Williams and Hunt",Medium
V04483,"Love, Anderson and Brown",High
V04484,Taylor Inc,Medium
V04485,"Martin, Reeves and Davis",Low
V04486,Compton-Morgan,Medium
V04487,Cooper-Jones,High
V04488,Gardner-Warren,Medium
V04489,"Clarke, Neal and Kelley",Low
V04490,Olsen Group,Low
V04491,Wilson LLC,Low
V04492,Allen Ltd,Medium
V04493,"Grant, Williams and Cameron",Medium
V04494,Mendoza Inc,
V04495,Blake and Sons,High
V04496,Mason LLC,Medium
V04497,Avila-Santiago,Medium
V04498,Dixon LLC,Medium
V04499,Johnson-Espinoza,Medium
V04500,Pierce-Williams,High
V04501,"Johnson, Perez and Henry",High
V04502,Miles-Perkins,Low
V04503,Hicks-Calderon,Low
V04504,Lewis-Herrera,High
V04505,"Garner, Campbell and Hawkins",High
V04506,"Price, Davenport and Webster",High
V04507,Cook-Murphy,Medium
V04508,Long-Santos,Low
V04509,Johnson-Morrison,Medium
V04510,"Powers, Carrillo and Harris",High
V04511,Williams Inc,High
V04512,"Fitzpatrick, Harris and Wolf",High
V04513,"Burgess, Whitaker and Craig",High
V04514,"Meyers, Ward and Brown",Low
V04515,"Hall, Zamora and Bridges",Low
V04516,Dixon LLC,Low
V04517,Robinson and Sons,High
V04518,Clark-Arroyo,Low
V04519,Cortez-Ellis,Low
V04520,Guzman-Martin,Low
V04521,Castillo-Carlson,Medium
V04522,"mathews, wright and jensen",High
V04523,Farrell PLC,Medium
V04524,Vincent LLC,Medium
V04525,Turner Group,Medium
V04526,"Carroll, Moore and Brown",High
V04527,Brewer Group,Medium
V04528,"Walter, Jones and Butler",Low
V04529,Evans Inc,High
V04530,turner llc,High
V04531,Conrad-Clay,
V04532,Martinez Ltd,Medium
V04533,"Farley, Mcguire and Beard",Low
V04534,Thompson-Rodriguez,Medium
V04535,"Young, Kane and Riley",Medium
V04536,"Nelson, Johnson and Hart",Medium
V04537,Simon and Sons,High
V04538,Brown Ltd,
V04539,Johnson-Jimenez,Low
V04540,Gutierrez-Dudley,High
V04541,"Merritt, Douglas and Chung",Medium
V04542,Mckinney-Higgins,Medium
V04543,Pham Inc,Medium
V04544,"Nelson, Wiggins and Young",Low
V04545,Patrick-Forbes,High
V04546,Russo Group,Medium
V04547,"Crane, Freeman and Hall",High
V04548,"Williams, Cox and George",Low
V04549,Hoover-Stephens,
V04550,Hopkins-Watson,Low
V04551,"Fernandez, Flores and Fowler",Medium
V04552,Thompson-Morales,
V04553,Lucero-Saunders,High
V04554,Olsen Group,Medium
V04555,"Daniels, Ward and Reynolds",Medium
V04556,"King, Taylor and Middleton",High
V04557,"Owens, Molina and Hensley",High
V04558,Preston LLC,Medium
V04559,"Hull, Mcgrath and Thomas",Low
V04560,Fernandez-Collier,High
V04561,Rosales PLC,Medium
V04562,Rowland and Sons,High
V04563,"Sanders, Colon and Gilmore",Low
V04564,"Stephens, Stone and Johnston",Medium
V04565,Michael-Ortega,Medium
V04566,Singh Ltd,Low
V04567,"French, Burns and Nguyen",High
V04568,Kelley-Foster,Low
V04569,"Weiss, Robinson and Bell",Medium
V04570,Watts-Travis,Low
V04571,Bowman Group,Low
V04572,Flowers and Sons,High
V04573,"Smith, Leon and Wagner",Low
V04574,Simpson Inc,Low
V04575,"Clements, Allen and Sullivan",Low
V04576,Weaver Inc,High
V04577,Johnson Inc,Low
V04578,Martinez-Lopez,High
V04579,"Jones, King and Tapia",Low
V04580,Duffy-Stanley,High
V04581,Wolfe LLC,High
V04582,Hughes-Clark,High
V04583,Harvey-Gillespie,Medium
V04584,"Mendez, Williams and Henry",
V04585,porter llc,High
V04586,Scott Group,Medium
V04587,Mullins-Carrillo,High
V04588,Barker-Oliver,High
V04589,Avery-Cohen,High
V04590,James Group,Medium
V04591,Wells PLC,Medium
V04592,Miller Ltd,High
V04593,"Welch, Davis and James",Medium
V04594,Allen-Riggs,Low
V04595,Morris PLC,Low
V04596,"Bond, Robinson and Jenkins",High
V04597,Sutton PLC,Low
V04598,"Norman, Walls and Wallace",Medium
V04599,"White, Hill and Cunningham",Medium
V04600,"Valdez, Williams and Richards",Medium
V04601,"Black, Thompson and Hayes",Low
V04602,Williams PLC,High
V04603,Simmons-Mcdaniel,High
V04604,Gonzalez Group,Medium
V04605,Smith Ltd,Medium
V04606,"Whitehead, Barton and Williams",Medium
V04607,Walker Ltd,High
V04608,"Bruce, Perez and Wallace",Medium
V04609,"Gould, Wilson and Martin",Low
V04610,Yang PLC,
V04611,"Johnson, Crawford and Bauer",
V04612,Smith-Warren,
V04613,"Richardson, Stephens and Barnes",Low
V04614,Ramirez PLC,Medium
V04615,"henderson, brown and baker",High
V04616,"Howard, Morales and Calhoun",Medium
V04617,Martinez and Sons,Low
V04618,Hudson Ltd,Medium
V04619,Griffin PLC,Medium
V04620,grant-woods,High
V04621,"Lopez, Gutierrez and Castro",High
V04622,Harris LLC,High
V04623,Francis Group,Low
V04624,Watson PLC,Low
V04625,Rodriguez Ltd,Medium
V04626,Richards-Smith,Medium
V04627,Flores and Sons,Medium
V04628,Solis-Lopez,Low
V04629,Mendoza-Lewis,Medium
V04630,Hughes Ltd,High
V04631,"Weaver, Lara and Thomas",Low
V04632,Hodge and Sons,Low
V04633,woods inc,Medium
V04634,"Martin, Sims and Gutierrez",Low
V04635,"Ward, Perez and Baker",Low
V04636,Goodwin Inc,Low
V04637,Norman-Johnson,Low
V04638,"Barber, Brooks and Cole",High
V04639,Goodman and Sons,Medium
V04640,Mendez-Tyler,Medium
V04641,Lucas-Campos,Medium
V04642,Allen PLC,Medium
V04643,Crawford-Jones,Low
V04644,"Johnson, Jones and Miller",
V04645,Mejia Inc,Medium
V04646,Ramirez-Campbell,High
V04647,"Roman, Stark and Turner",High
V04648,"Jacobs, Calhoun and Wyatt",
V04649,Dixon-Hughes,Medium
V04650,"Lawrence, Castro and Fleming",
V04651,"Guerrero, Berry and Harrison",Low
V04652,Holt LLC,Medium
V04653,"Black, Welch and King",Medium
V04654,Villa-Baxter,High
V04655,"Palmer, Edwards and Bullock",Low
V04656,Knight LLC,
V04657,Lee-Rogers,High
V04658,"Jenkins, Baker and Coleman",Medium
V04659,"lopez, austin and buchanan",High
V04660,"Phillips, Mcdaniel and Ward",Low
V04661,"Tran, Harris and Ford",High
V04662,"Thompson, Hardy and Walter",Medium
V04663,"Wright, George and Schultz",Medium
V04664,White-Holland,Low
V04665,Brooks-Myers,Medium
V04666,"Nelson, Carroll and Medina",Medium
V04667,Scott Inc,High
V04668,Martinez-Bennett,Low
V04669,"riggs, smith and lopez",High
V04670,Reilly-Gibson,Low
V04671,"Silva, Hill and Bradley",Low
V04672,Baker Group,Low
V04673,"Holden, Larson and Alvarez",High
V04674,Edwards-Taylor,Low
V04675,Ward Inc,High
V04676,Boone LLC,High
V04677,Dunn LLC,Low
V04678,Bowers Ltd,Medium
V04679,"Henderson, Williams and Keller",High
V04680,Smith LLC,Low
V04681,"Ball, Mitchell and Allen",High
V04682,Montgomery PLC,Low
V04683,Reilly-Gomez,Low
V04684,Hernandez PLC,High
V04685,"Stewart, Robinson and Shaffer",High
V04686,Harris-Jensen,Low
V04687,Davis Ltd,Low
V04688,"Irwin, Nelson and Tucker",Low
V04689,Sanchez Group,High
V04690,Allen PLC,Low
V04691,Mcclain and Sons,Low
V04692,Rodriguez-Allen,High
V04693,Graham-Valencia,Low
V04694,Griffin-Hall,High
V04695,Ortiz Group,High
V04696,Hernandez-Beasley,
V04697,"Christensen, Johnson and Hubbard",Medium
V04698,Macias Group,Low
V04699,Clarke-Warren,Low
V04700,Smith-Romero,High
V04701,Massey-Obrien,High
V04702,Thomas-Jones,Medium
V04703,"Vega, Jackson and Powell",Medium
V04704,Edwards Group,Medium
V04705,Wright-Roberts,High
V04706,Gray Group,
V04707,Parks PLC,Medium
V04708,Brewer Inc,Medium
V04709,Marquez-Johnson,Low
V04710,"Reed, James and Henry",Low
V04711,"Griffin, Coleman and Kim",High
V04712,Perez-Richardson,Medium
V04713,mendoza-jackson,Low
V04714,"Newman, George and Patrick",Medium
V04715,Werner LLC,Medium
V04716,Hodges Inc,Medium
V04717,"Moon, Davis and Dominguez",Low
V04718,Wright PLC,Medium
V04719,Chavez-Carter,Medium
V04720,Ramirez-Moon,Medium
V04721,Ortiz and Sons,High
V04722,"Jones, Wiggins and Oliver",Medium
V04723,"Pena, Mueller and Mckay",Low
V04724,"Thompson, Kelley and Mcmahon",Medium
V04725,Young and Sons,Low
V04726,"Marquez, Jones and Garcia",High
V04727,Ferguson Group,Medium
V04728,"Hodges, Cummings and Hernandez",High
V04729,Sanchez Inc,High
V04730,Foley-Miranda,High
V04731,"Li, Mason and Jacobson",High
V04732,Taylor-Williams,Low
V04733,Bradford and Sons,Low
V04734,"Flowers, Berry and Ramirez",Medium
V04735,Gibson Ltd,High
V04736,Reeves and Sons,Low
V04737,"Obrien, Williams and Mcgrath",High
V04738,Smith Group,High
V04739,"Lindsey, Byrd and Foster",High
V04740,"Barber, Oneal and Owens",High
V04741,"Harding, Gomez and Jacobs",Medium
V04742,"Monroe, Sullivan and King",High
V04743,Jackson-Hodge,Low
V04744,Ballard and Sons,High
V04745,Greene LLC,Medium
V04746,Wilson-Strong,Low
V04747,Bennett-Brooks,Low
V04748,freeman-christensen,High
V04749,Graham Ltd,High
V04750,Cole PLC,Medium
V04751,"Taylor, Leon and Sanders",Medium
V04752,Smith and Sons,Medium
V04753,King-Ross,
V04754,"Marshall, Khan and Ford",Low
V04755,Moyer-Sanchez,Medium
V04756,Prince Inc,Low
V04757,Brooks-Bell,Low
V04758,Eaton-Wiggins,Low
V04759,George LLC,Low
V04760,"Arnold, Williams and Jarvis",Low
V04761,Jones-Rivera,High
V04762,Weeks-Martin,Medium
V04763,Thomas Ltd,Low
V04764,"Nelson, Johnson and Robinson",Low
V04765,"Watson, West and Cook",Low
V04766,"Stevens, Howell and Mitchell",High
V04767,Solis PLC,Medium
V04768,Stephenson Group,Low
V04769,Gallagher-Johnson,High
V04770,"Chandler, Knight and Jones",Medium
V04771,Fitzpatrick Group,Medium
V04772,Guerrero-Gonzales,Medium
V04773,"Reid, Thomas and Gill",
V04774,Davis Group,High
V04775,Foster-Williams,Low
V04776,Smith-Anderson,Low
V04777,Hudson-Butler,
V04778,Simmons PLC,High
V04779,Mooney-Clark,Medium
V04780,Martin Inc,
V04781,Acosta-Buchanan,Low
V04782,Mcdonald and Sons,Medium
V04783,"Snyder, Miller and Stevens",Low
V04784,Jensen-Krause,High
V04785,Sosa-Scott,
V04786,"Kelley, Valenzuela and Harmon",Low
V04787,"Ortega, Rose and Contreras",High
V04788,"Lawrence, Fleming and Drake",Low
V04789,Perez Inc,Low
V04790,Webb-Murphy,Low
V04791,"Turner, Kaufman and Esparza",Medium
V04792,Crane LLC,Low
V04793,Rodriguez-Hernandez,Medium
V04794,Richard and Sons,Low
V04795,Marshall and Sons,Low
V04796,terry plc,
V04797,Gutierrez-Ross,Low
V04798,"Rivera, Miller and Martin",High
V04799,Fry-Bates,High
V04800,Howe-Brown,High
V04801,Briggs-Moore,Medium
V04802,Good-Cook,Low
V04803,Wilson-Young,High
V04804,Reilly-Sanders,High
V04805,Sullivan and Sons,Medium
V04806,Sanchez-Ballard,High
V04807,Moore-Murphy,Low
V04808,Castaneda-Garcia,Medium
V04809,Hogan Inc,Low
V04810,Fernandez Group,Low
V04811,Michael Ltd,Low
V04812,"Hernandez, Williams and Ruiz",Medium
V04813,anderson llc,Low
V04814,"Jennings, Serrano and Howard",Low
V04815,"Miller, Martin and Collins",High
V04816,Williams PLC,Low
V04817,Mcneil PLC,High
V04818,Underwood and Sons,High
V04819,Prince Group,Medium
V04820,Adams LLC,Low
V04821,"Copeland, Jones and Salazar",Low
V04822,Brown PLC,Low
V04823,Moore-Parsons,Low
V04824,"davis, obrien and barker",Medium
V04825,Long LLC,High
V04826,"Martin, Kennedy and Chavez",High
V04827,"Torres, Valdez and Briggs",Low
V04828,Roman-Young,Low
V04829,Wade-Clark,
V04830,Hernandez-Moore,Low
V04831,Brown Inc,Medium
V04832,Rodriguez Group,High
V04833,Hernandez Inc,Medium
V04834,Townsend-Watts,Low
V04835,"Allen, Olson and Ortiz",Low
V04836,"Barnett, Powers and Daniel",Low
V04837,Pineda-Clark,Low
V04838,Douglas-Diaz,Medium
V04839,Lee-Jones,High
V04840,Randall LLC,High
V04841,Lopez-Jimenez,Low
V04842,"Levy, Bowers and Huffman",Medium
V04843,Anderson-Murphy,Low
V04844,"Henderson, Edwards and Sexton",Low
V04845,"Parrish, White and Booth",Medium
V04846,Best Group,High
V04847,Tucker LLC,
V04848,Williams and Sons,Medium
V04849,Hunt Group,Medium
V04850,Solomon-Le,Medium
V04851,Johnson-Smith,Medium
V04852,Dawson-Mcbride,Medium
V04853,Rogers-Garcia,Medium
V04854,"Harris, Hernandez and Becker",Low
V04855,"Manning, Hill and Myers",
V04856,"Chaney, Salazar and Salazar",High
V04857,Carrillo-Simon,Medium
V04858,Gibson Ltd,Low
V04859,"Payne, Ryan and Campos",
V04860,Mitchell Inc,
V04861,Lawrence-Hanna,Low
V04862,Wells Group,Medium
V04863,Sloan-Lynch,High
V04864,Leblanc PLC,High
V04865,Cole LLC,High
V04866,"Phelps, Montoya and Barnett",Medium
V04867,"King, Baker and Schmidt",High
V04868,Walker Group,Medium
V04869,Sanders Group,High
V04870,Benjamin LLC,Medium
V04871,"Olsen, Payne and Butler",Medium
V04872,"Oneill, Oconnor and Wang",Low
V04873,Mack-Alvarado,Low
V04874,Zhang-Lewis,High
V04875,"Tran, Chan and Wyatt",Low
V04876,Castro-Murphy,High
V04877,"Douglas, Smith and Jordan",Low
V04878,Lucas-Potts,Medium
V04879,Garcia Ltd,Low
V04880,"Scott, Sandoval and Powers",Medium
V04881,martin-simmons,
V04882,"Martin, Davis and Huynh",Medium
V04883,Cuevas-Holt,Low
V04884,"Jones, Mcgrath and Marks",Low
V04885,Mckay Inc,Low
V04886,Sanford-Wilson,Medium
V04887,Morgan-Mason,Low
V04888,"Marshall, Martinez and Contreras",Low
V04889,Floyd-Kelly,High
V04890,Gomez Group,High
V04891,Gardner LLC,High
V04892,"Smith, Sloan and Brock",Low
V04893,Gay and Sons,Low
V04894,Peterson PLC,Low
V04895,"Nichols, Mendoza and Middleton",Low
V04896,"Bell, Peterson and Price",Medium
V04897,Garcia-Hunt,Low
V04898,Lewis-Lee,High
V04899,"Webb, Willis and Terry",High
V04900,"Perez, Sandoval and Durham",High
V04901,Grant-Ellis,Medium
V04902,Day-Gonzalez,High
V04903,Johnson and Sons,Medium
V04904,Duncan Inc,Low
V04905,"Peck, Wong and Perry",Low
V04906,Montes Group,Low
V04907,Anderson Inc,Medium
V04908,"Meyer, Miranda and Watkins",High
V04909,Snyder-Ferrell,Low
V04910,"juarez, wilson and cochran",High
V04911,"Stewart, Collins and Short",Low
V04912,williams-rodriguez,Low
V04913,Ortega-Murillo,Low
V04914,"Green, Gray and Hernandez",Low
V04915,Atkinson-Zavala,Medium
V04916,"Cox, Jimenez and Rodgers",Medium
V04917,Johnson-Zavala,Medium
V04918,Lopez-Davis,Medium
V04919,Velazquez PLC,Low
V04920,"York, Cox and Davis",Medium
V04921,Tate-Flores,High
V04922,White and Sons,Low
V04923,"Mcbride, Hall and Hill",Low
V04924,"Fischer, Durham and Miller",High
V04925,"Dunn, Ray and Vaughn",Low
V04926,Escobar-Barrett,Medium
V04927,Woodard Inc,Medium
V04928,Ellison-Fisher,Medium
V04929,"Cook, Figueroa and Taylor",Medium
V04930,Rush PLC,High
V04931,Rodriguez Group,High
V04932,Harrison LLC,Low
V04933,Weaver-Baker,Medium
V04934,"Ayers, Jacobson and Wright",High
V04935,Jackson-Wong,Medium
V04936,"Haynes, Garcia and Burnett",Low
V04937,Robinson-Erickson,Low
V04938,Rojas Ltd,Low
V04939,"Allen, Russell and Maldonado",High
V04940,Ray-Blair,Medium
V04941,Vasquez and Sons,Medium
V04942,Jordan PLC,High
V04943,"Price, Bryan and Carter",High
V04944,Sullivan PLC,Medium
V04945,Bartlett-Roberts,Medium
V04946,Jensen Inc,Low
V04947,"Fisher, Wong and Jimenez",Low
V04948,Sullivan and Sons,High
V04949,"King, Anderson and Lopez",Low
V04950,"Carpenter, Coffey and Wright",High
V04951,"Williams, Bolton and Mcgee",Medium
V04952,"Jones, Foster and Sanford",Medium
V04953,Chung-Andrews,Low
V04954,"Clark, Rodriguez and Horton",Low
V04955,Rodriguez-Clark,High
V04956,Thomas Ltd,Low
V04957,Melton LLC,High
V04958,Gray-Stone,High
V04959,Ramos-Harris,Medium
V04960,"Thomas, Price and Lopez",Medium
V04961,"Hodge, Bates and Burns",High
V04962,Kim-King,Medium
V04963,Ford-Brown,Low
V04964,Goodman PLC,Low
V04965,Harris-Rodriguez,Medium
V04966,Taylor-Ramirez,Medium
V04967,Hammond-Kennedy,Low
V04968,"Brown, Gibson and Turner",High
V04969,Cole Ltd,High
V04970,Franco-Stuart,Medium
V04971,Martin-Walker,High
V04972,Smith and Sons,Low
V04973,"Tucker, Robinson and Fry",Low
V04974,"May, Thomas and Adams",High
V04975,Boyd-Vaughn,Low
V04976,Atkins-Black,Low
V04977,Francis-Smith,High
V04978,"Krueger, Rodriguez and Roach",High
V04979,Pacheco-Todd,Medium
V04980,"Velazquez, Foley and Andrews",High
V04981,"Weeks, Burton and Madden",Medium
V04982,Hernandez Inc,
V04983,Mack-Carrillo,High
V04984,Bradley-Smith,Medium
V04985,Lopez Ltd,High
V04986,Le-Coleman,High
V04987,"Ballard, Willis and Fuller",High
V04988,"Wilkinson, Guzman and Elliott",High
V04989,James PLC,Low
V04990,Zamora LLC,Low
V04991,Hodge LLC,Medium
V04992,Blake-Patel,High
V04993,Perez-Bernard,Medium
V04994,Norris Inc,Low
V04995,"Huang, Hall and Delacruz",Medium
V04996,Mcdonald PLC,High
V04997,"Jones, Becker and Daugherty",High
V04998,Higgins-Walker,Low
V04999,Robinson Inc,Low
V05000,Scott PLC,
